review_id,employee_id,review_period,score,notes
PR00001,E0001,2023-S2,4.43,"Kinerja sangat baik, konsisten melebihi ekspektasi"
PR00002,E0001,2024-S1,4.02,Stabil dan dapat diandalkan
PR00003,E0001,2024-S2,4.17,Stabil dan dapat diandalkan
PR00004,E0001,2025-S1,4.1,Perlu sedikit peningkatan di komunikasi tim
PR00005,E0001,2025-S2,4.27,Perlu sedikit peningkatan di komunikasi tim
PR00006,E0001,2026-S1,4.3,"Kinerja sangat baik, konsisten melebihi ekspektasi"
PR00007,E0002,2023-S2,2.99,Perlu peningkatan konsistensi
PR00008,E0002,2024-S1,2.56,"Kinerja cukup, ada ruang perbaikan"
PR00009,E0002,2024-S2,2.67,"Kinerja cukup, ada ruang perbaikan"
PR00010,E0002,2025-S1,2.75,"Kinerja cukup, ada ruang perbaikan"
PR00011,E0002,2025-S2,2.49,Beberapa keluhan terkait kedisiplinan
PR00012,E0002,2026-S1,2.49,Perlu evaluasi lebih lanjut
PR00013,E0003,2023-S2,3.66,Stabil dan dapat diandalkan
PR00014,E0003,2024-S1,3.32,"Kinerja cukup, ada ruang perbaikan"
PR00015,E0003,2024-S2,3.53,Stabil dan dapat diandalkan
PR00016,E0003,2025-S1,3.28,"Kinerja cukup, ada ruang perbaikan"
PR00017,E0003,2025-S2,3.25,Beberapa target belum tercapai
PR00018,E0003,2026-S1,3.7,Stabil dan dapat diandalkan
PR00019,E0004,2023-S2,2.92,"Kinerja cukup, ada ruang perbaikan"
PR00020,E0004,2024-S1,2.97,Beberapa target belum tercapai
PR00021,E0004,2024-S2,2.96,"Kinerja cukup, ada ruang perbaikan"
PR00022,E0004,2025-S1,3.24,Perlu peningkatan konsistensi
PR00023,E0004,2025-S2,2.91,Perlu peningkatan konsistensi
PR00024,E0004,2026-S1,3.12,Perlu peningkatan konsistensi
PR00025,E0005,2023-S2,4.76,"Sangat diandalkan tim, guest feedback positif"
PR00026,E0005,2024-S1,4.24,"Kinerja baik, memenuhi target"
PR00027,E0005,2024-S2,4.57,"Inisiatif tinggi, layak dipertimbangkan untuk promosi"
PR00028,E0005,2025-S1,4.4,"Inisiatif tinggi, layak dipertimbangkan untuk promosi"
PR00029,E0005,2025-S2,4.66,"Sangat diandalkan tim, guest feedback positif"
PR00030,E0005,2026-S1,4.69,"Inisiatif tinggi, layak dipertimbangkan untuk promosi"
PR00031,E0006,2023-S2,3.26,"Kinerja cukup, ada ruang perbaikan"
PR00032,E0006,2024-S1,3.31,Beberapa target belum tercapai
PR00033,E0006,2024-S2,3.37,"Kinerja cukup, ada ruang perbaikan"
PR00034,E0006,2025-S1,3.4,Beberapa target belum tercapai
PR00035,E0006,2025-S2,3.5,Perlu sedikit peningkatan di komunikasi tim
PR00036,E0006,2026-S1,2.81,"Kinerja cukup, ada ruang perbaikan"
PR00037,E0007,2025-S2,2.56,Perlu peningkatan konsistensi
PR00038,E0007,2026-S1,2.55,Beberapa target belum tercapai
PR00039,E0008,2024-S1,3.64,"Kinerja baik, memenuhi target"
PR00040,E0008,2024-S2,3.66,"Kinerja baik, memenuhi target"
PR00041,E0008,2025-S1,3.93,Stabil dan dapat diandalkan
PR00042,E0008,2025-S2,3.82,Stabil dan dapat diandalkan
PR00043,E0008,2026-S1,3.99,Perlu sedikit peningkatan di komunikasi tim
PR00044,E0009,2023-S2,3.24,"Kinerja cukup, ada ruang perbaikan"
PR00045,E0009,2024-S1,2.85,"Kinerja cukup, ada ruang perbaikan"
PR00046,E0009,2024-S2,3.13,Beberapa target belum tercapai
PR00047,E0010,2026-S1,3.62,Perlu sedikit peningkatan di komunikasi tim
PR00048,E0011,2023-S2,3.95,Perlu sedikit peningkatan di komunikasi tim
PR00049,E0011,2024-S1,4.07,"Kinerja baik, memenuhi target"
PR00050,E0011,2024-S2,3.89,Stabil dan dapat diandalkan
PR00051,E0011,2025-S1,4.37,"Inisiatif tinggi, layak dipertimbangkan untuk promosi"
PR00052,E0011,2025-S2,4.3,"Sangat diandalkan tim, guest feedback positif"
PR00053,E0011,2026-S1,4.19,"Kinerja baik, memenuhi target"
PR00054,E0012,2023-S2,3.55,"Kinerja baik, memenuhi target"
PR00055,E0012,2024-S1,3.6,Stabil dan dapat diandalkan
PR00056,E0012,2024-S2,3.34,"Kinerja cukup, ada ruang perbaikan"
PR00057,E0012,2025-S1,3.44,Perlu peningkatan konsistensi
PR00058,E0012,2025-S2,3.49,Beberapa target belum tercapai
PR00059,E0012,2026-S1,3.31,"Kinerja cukup, ada ruang perbaikan"
PR00060,E0013,2024-S1,3.32,"Kinerja cukup, ada ruang perbaikan"
PR00061,E0013,2024-S2,3.11,"Kinerja cukup, ada ruang perbaikan"
PR00062,E0013,2025-S1,3.14,"Kinerja cukup, ada ruang perbaikan"
PR00063,E0013,2025-S2,3.31,"Kinerja cukup, ada ruang perbaikan"
PR00064,E0013,2026-S1,3.16,Beberapa target belum tercapai
PR00065,E0014,2023-S2,3.98,Stabil dan dapat diandalkan
PR00066,E0014,2024-S1,3.98,"Kinerja baik, memenuhi target"
PR00067,E0014,2024-S2,3.77,"Kinerja baik, memenuhi target"
PR00068,E0014,2025-S1,3.99,Perlu sedikit peningkatan di komunikasi tim
PR00069,E0014,2025-S2,4.23,"Kinerja baik, memenuhi target"
PR00070,E0014,2026-S1,3.98,"Kinerja baik, memenuhi target"
PR00071,E0015,2026-S1,4.63,"Sangat diandalkan tim, guest feedback positif"
PR00072,E0016,2023-S2,3.37,Perlu peningkatan konsistensi
PR00073,E0016,2024-S1,3.59,Perlu sedikit peningkatan di komunikasi tim
PR00074,E0016,2024-S2,3.57,"Kinerja baik, memenuhi target"
PR00075,E0016,2025-S1,3.13,Beberapa target belum tercapai
PR00076,E0016,2025-S2,3.29,"Kinerja cukup, ada ruang perbaikan"
PR00077,E0016,2026-S1,3.21,Beberapa target belum tercapai
PR00078,E0017,2023-S2,2.98,Perlu peningkatan konsistensi
PR00079,E0017,2024-S1,3.23,Beberapa target belum tercapai
PR00080,E0017,2024-S2,3.09,"Kinerja cukup, ada ruang perbaikan"
PR00081,E0017,2025-S1,3.11,Beberapa target belum tercapai
PR00082,E0017,2025-S2,3.52,Perlu sedikit peningkatan di komunikasi tim
PR00083,E0017,2026-S1,3.44,Beberapa target belum tercapai
PR00084,E0018,2023-S2,3.79,"Kinerja baik, memenuhi target"
PR00085,E0018,2024-S1,3.49,"Kinerja cukup, ada ruang perbaikan"
PR00086,E0018,2024-S2,3.47,Perlu peningkatan konsistensi
PR00087,E0018,2025-S1,3.43,"Kinerja cukup, ada ruang perbaikan"
PR00088,E0018,2025-S2,3.78,Stabil dan dapat diandalkan
PR00089,E0018,2026-S1,3.48,Perlu peningkatan konsistensi
PR00090,E0019,2023-S2,3.25,"Kinerja cukup, ada ruang perbaikan"
PR00091,E0019,2024-S1,2.97,Beberapa target belum tercapai
PR00092,E0019,2024-S2,3.13,Beberapa target belum tercapai
PR00093,E0019,2025-S1,3.2,Perlu peningkatan konsistensi
PR00094,E0019,2025-S2,2.93,"Kinerja cukup, ada ruang perbaikan"
PR00095,E0019,2026-S1,3.18,Beberapa target belum tercapai
PR00096,E0020,2023-S2,3.47,"Kinerja cukup, ada ruang perbaikan"
PR00097,E0020,2024-S1,3.24,Beberapa target belum tercapai
PR00098,E0020,2024-S2,3.53,Perlu sedikit peningkatan di komunikasi tim
PR00099,E0020,2025-S1,3.21,Beberapa target belum tercapai
PR00100,E0020,2025-S2,3.59,Perlu sedikit peningkatan di komunikasi tim
PR00101,E0020,2026-S1,3.34,Beberapa target belum tercapai
PR00102,E0021,2025-S2,2.94,Beberapa target belum tercapai
PR00103,E0021,2026-S1,2.61,Perlu peningkatan konsistensi
PR00104,E0022,2023-S2,3.62,Perlu sedikit peningkatan di komunikasi tim
PR00105,E0022,2024-S1,3.31,"Kinerja cukup, ada ruang perbaikan"
PR00106,E0022,2024-S2,3.32,"Kinerja cukup, ada ruang perbaikan"
PR00107,E0022,2025-S1,3.42,"Kinerja cukup, ada ruang perbaikan"
PR00108,E0022,2025-S2,3.43,"Kinerja cukup, ada ruang perbaikan"
PR00109,E0022,2026-S1,3.51,Perlu sedikit peningkatan di komunikasi tim
PR00110,E0023,2023-S2,4.31,"Sangat diandalkan tim, guest feedback positif"
PR00111,E0023,2024-S1,3.97,Perlu sedikit peningkatan di komunikasi tim
PR00112,E0023,2024-S2,4.09,Perlu sedikit peningkatan di komunikasi tim
PR00113,E0023,2025-S1,4.08,Stabil dan dapat diandalkan
PR00114,E0023,2025-S2,3.96,Stabil dan dapat diandalkan
PR00115,E0023,2026-S1,3.87,Stabil dan dapat diandalkan
PR00116,E0024,2023-S2,3.43,Perlu peningkatan konsistensi
PR00117,E0024,2024-S1,3.27,"Kinerja cukup, ada ruang perbaikan"
PR00118,E0024,2024-S2,2.99,Beberapa target belum tercapai
PR00119,E0024,2025-S1,3.28,"Kinerja cukup, ada ruang perbaikan"
PR00120,E0024,2025-S2,3.09,Beberapa target belum tercapai
PR00121,E0024,2026-S1,2.93,"Kinerja cukup, ada ruang perbaikan"
PR00122,E0025,2026-S1,3.59,"Kinerja baik, memenuhi target"
PR00123,E0026,2023-S2,3.68,Stabil dan dapat diandalkan
PR00124,E0026,2024-S1,3.85,Perlu sedikit peningkatan di komunikasi tim
PR00125,E0026,2024-S2,3.37,Beberapa target belum tercapai
PR00126,E0026,2025-S1,3.59,"Kinerja baik, memenuhi target"
PR00127,E0026,2025-S2,3.95,Stabil dan dapat diandalkan
PR00128,E0026,2026-S1,3.75,Perlu sedikit peningkatan di komunikasi tim
PR00129,E0027,2023-S2,3.72,"Kinerja baik, memenuhi target"
PR00130,E0027,2024-S1,3.91,Stabil dan dapat diandalkan
PR00131,E0027,2024-S2,4.18,Perlu sedikit peningkatan di komunikasi tim
PR00132,E0027,2025-S1,4.22,"Kinerja baik, memenuhi target"
PR00133,E0027,2025-S2,4.13,"Kinerja baik, memenuhi target"
PR00134,E0027,2026-S1,3.95,"Kinerja baik, memenuhi target"
PR00135,E0028,2023-S2,2.95,Perlu peningkatan konsistensi
PR00136,E0028,2024-S1,3.17,Beberapa target belum tercapai
PR00137,E0028,2024-S2,3.46,Beberapa target belum tercapai
PR00138,E0028,2025-S1,3.04,"Kinerja cukup, ada ruang perbaikan"
PR00139,E0028,2025-S2,3.16,"Kinerja cukup, ada ruang perbaikan"
PR00140,E0028,2026-S1,3.02,"Kinerja cukup, ada ruang perbaikan"
PR00141,E0029,2025-S1,3.41,"Kinerja cukup, ada ruang perbaikan"
PR00142,E0029,2025-S2,3.42,Beberapa target belum tercapai
PR00143,E0029,2026-S1,3.76,Perlu sedikit peningkatan di komunikasi tim
PR00144,E0031,2023-S2,4.12,Perlu sedikit peningkatan di komunikasi tim
PR00145,E0031,2024-S1,4.13,Stabil dan dapat diandalkan
PR00146,E0032,2023-S2,3.36,"Kinerja cukup, ada ruang perbaikan"
PR00147,E0032,2024-S1,3.34,Beberapa target belum tercapai
PR00148,E0032,2024-S2,3.38,Perlu peningkatan konsistensi
PR00149,E0032,2025-S1,3.23,"Kinerja cukup, ada ruang perbaikan"
PR00150,E0032,2025-S2,3.06,Perlu peningkatan konsistensi
PR00151,E0032,2026-S1,3.39,Beberapa target belum tercapai
PR00152,E0033,2023-S2,3.56,"Kinerja baik, memenuhi target"
PR00153,E0033,2024-S1,3.69,Stabil dan dapat diandalkan
PR00154,E0033,2024-S2,3.84,Stabil dan dapat diandalkan
PR00155,E0033,2025-S1,3.7,Stabil dan dapat diandalkan
PR00156,E0033,2025-S2,3.8,"Kinerja baik, memenuhi target"
PR00157,E0033,2026-S1,4.05,"Kinerja baik, memenuhi target"
PR00158,E0034,2023-S2,4.09,Perlu sedikit peningkatan di komunikasi tim
PR00159,E0034,2024-S1,3.55,"Kinerja baik, memenuhi target"
PR00160,E0034,2024-S2,3.85,Perlu sedikit peningkatan di komunikasi tim
PR00161,E0034,2025-S1,3.54,Stabil dan dapat diandalkan
PR00162,E0034,2025-S2,3.51,Perlu sedikit peningkatan di komunikasi tim
PR00163,E0034,2026-S1,3.27,"Kinerja cukup, ada ruang perbaikan"
PR00164,E0035,2024-S2,4.02,Stabil dan dapat diandalkan
PR00165,E0035,2025-S1,3.89,Perlu sedikit peningkatan di komunikasi tim
PR00166,E0035,2025-S2,3.63,Stabil dan dapat diandalkan
PR00167,E0035,2026-S1,3.67,"Kinerja baik, memenuhi target"
PR00168,E0036,2023-S2,3.88,"Kinerja baik, memenuhi target"
PR00169,E0036,2024-S1,3.88,"Kinerja baik, memenuhi target"
PR00170,E0036,2024-S2,4.02,Perlu sedikit peningkatan di komunikasi tim
PR00171,E0036,2025-S1,3.67,Stabil dan dapat diandalkan
PR00172,E0036,2025-S2,3.92,Stabil dan dapat diandalkan
PR00173,E0036,2026-S1,4.01,"Kinerja baik, memenuhi target"
PR00174,E0037,2023-S2,3.27,Perlu peningkatan konsistensi
PR00175,E0037,2024-S1,3.09,"Kinerja cukup, ada ruang perbaikan"
PR00176,E0037,2024-S2,3.27,Beberapa target belum tercapai
PR00177,E0037,2025-S1,3.17,Perlu peningkatan konsistensi
PR00178,E0037,2025-S2,3.48,Perlu peningkatan konsistensi
PR00179,E0037,2026-S1,3.34,Beberapa target belum tercapai
PR00180,E0038,2024-S2,2.19,Perlu evaluasi lebih lanjut
PR00181,E0038,2025-S1,2.44,Beberapa keluhan terkait kedisiplinan
PR00182,E0038,2025-S2,2.65,Beberapa target belum tercapai
PR00183,E0038,2026-S1,2.51,"Kinerja cukup, ada ruang perbaikan"
PR00184,E0039,2025-S2,3.38,Perlu peningkatan konsistensi
PR00185,E0039,2026-S1,3.29,Perlu peningkatan konsistensi
PR00186,E0040,2024-S1,4.5,"Inisiatif tinggi, layak dipertimbangkan untuk promosi"
PR00187,E0040,2024-S2,4.26,"Kinerja baik, memenuhi target"
PR00188,E0040,2025-S1,4.4,"Inisiatif tinggi, layak dipertimbangkan untuk promosi"
PR00189,E0040,2025-S2,4.1,Stabil dan dapat diandalkan
PR00190,E0040,2026-S1,4.27,"Kinerja baik, memenuhi target"
PR00191,E0041,2023-S2,3.53,Perlu sedikit peningkatan di komunikasi tim
PR00192,E0041,2024-S1,3.56,Perlu sedikit peningkatan di komunikasi tim
PR00193,E0041,2024-S2,3.24,Perlu peningkatan konsistensi
PR00194,E0041,2025-S1,3.61,Stabil dan dapat diandalkan
PR00195,E0041,2025-S2,3.29,"Kinerja cukup, ada ruang perbaikan"
PR00196,E0041,2026-S1,3.58,"Kinerja baik, memenuhi target"
PR00197,E0042,2023-S2,2.9,Perlu peningkatan konsistensi
PR00198,E0042,2024-S1,3.06,Beberapa target belum tercapai
PR00199,E0042,2024-S2,2.99,Beberapa target belum tercapai
PR00200,E0042,2025-S1,2.81,Beberapa target belum tercapai
PR00201,E0042,2025-S2,2.59,"Kinerja cukup, ada ruang perbaikan"
PR00202,E0042,2026-S1,2.55,Perlu peningkatan konsistensi
PR00203,E0043,2024-S1,4.47,"Kinerja sangat baik, konsisten melebihi ekspektasi"
PR00204,E0043,2024-S2,4.31,"Sangat diandalkan tim, guest feedback positif"
PR00205,E0043,2025-S1,3.51,"Kinerja baik, memenuhi target"
PR00206,E0044,2023-S2,4.23,"Kinerja baik, memenuhi target"
PR00207,E0044,2024-S1,4.02,Stabil dan dapat diandalkan
PR00208,E0044,2024-S2,4.73,"Sangat diandalkan tim, guest feedback positif"
PR00209,E0044,2025-S1,4.41,"Kinerja sangat baik, konsisten melebihi ekspektasi"
PR00210,E0044,2025-S2,4.58,"Inisiatif tinggi, layak dipertimbangkan untuk promosi"
PR00211,E0044,2026-S1,4.22,"Kinerja baik, memenuhi target"
PR00212,E0046,2023-S2,2.58,Beberapa target belum tercapai
PR00213,E0046,2024-S1,2.8,Beberapa target belum tercapai
PR00214,E0046,2024-S2,2.44,Perlu evaluasi lebih lanjut
PR00215,E0046,2025-S1,2.71,Perlu peningkatan konsistensi
PR00216,E0046,2025-S2,2.86,"Kinerja cukup, ada ruang perbaikan"
PR00217,E0046,2026-S1,2.81,Beberapa target belum tercapai
PR00218,E0047,2023-S2,3.62,"Kinerja baik, memenuhi target"
PR00219,E0047,2024-S1,3.49,"Kinerja cukup, ada ruang perbaikan"
PR00220,E0047,2024-S2,3.53,"Kinerja baik, memenuhi target"
PR00221,E0047,2025-S1,3.32,"Kinerja cukup, ada ruang perbaikan"
PR00222,E0047,2025-S2,3.42,Beberapa target belum tercapai
PR00223,E0047,2026-S1,3.71,"Kinerja baik, memenuhi target"
PR00224,E0048,2023-S2,4.16,Perlu sedikit peningkatan di komunikasi tim
PR00225,E0048,2024-S1,3.48,Beberapa target belum tercapai
PR00226,E0048,2024-S2,3.62,Perlu sedikit peningkatan di komunikasi tim
PR00227,E0048,2025-S1,3.8,Stabil dan dapat diandalkan
PR00228,E0048,2025-S2,3.82,Stabil dan dapat diandalkan
PR00229,E0048,2026-S1,3.71,"Kinerja baik, memenuhi target"
PR00230,E0049,2024-S2,2.57,"Kinerja cukup, ada ruang perbaikan"
PR00231,E0049,2025-S1,2.68,Beberapa target belum tercapai
PR00232,E0049,2025-S2,2.89,Beberapa target belum tercapai
PR00233,E0049,2026-S1,2.82,"Kinerja cukup, ada ruang perbaikan"
PR00234,E0050,2025-S2,3.88,Stabil dan dapat diandalkan
PR00235,E0050,2026-S1,3.02,Perlu peningkatan konsistensi
PR00236,E0051,2023-S2,3.3,Beberapa target belum tercapai
PR00237,E0051,2024-S1,3.48,Beberapa target belum tercapai
PR00238,E0051,2024-S2,3.65,Stabil dan dapat diandalkan
PR00239,E0051,2025-S1,3.38,"Kinerja cukup, ada ruang perbaikan"
PR00240,E0051,2025-S2,3.71,"Kinerja baik, memenuhi target"
PR00241,E0051,2026-S1,3.75,"Kinerja baik, memenuhi target"
PR00242,E0052,2023-S2,3.87,"Kinerja baik, memenuhi target"
PR00243,E0052,2024-S1,3.91,Stabil dan dapat diandalkan
PR00244,E0052,2024-S2,3.86,Stabil dan dapat diandalkan
PR00245,E0052,2025-S1,3.87,Stabil dan dapat diandalkan
PR00246,E0052,2025-S2,3.71,Stabil dan dapat diandalkan
PR00247,E0052,2026-S1,3.78,Stabil dan dapat diandalkan
PR00248,E0053,2023-S2,2.74,Perlu peningkatan konsistensi
PR00249,E0053,2024-S1,2.84,"Kinerja cukup, ada ruang perbaikan"
PR00250,E0053,2024-S2,2.77,"Kinerja cukup, ada ruang perbaikan"
PR00251,E0053,2025-S1,3.21,"Kinerja cukup, ada ruang perbaikan"
PR00252,E0053,2025-S2,3.01,"Kinerja cukup, ada ruang perbaikan"
PR00253,E0053,2026-S1,2.96,Perlu peningkatan konsistensi
PR00254,E0055,2023-S2,1.97,"Kinerja di bawah standar, perlu coaching intensif"
PR00255,E0055,2024-S1,1.98,Beberapa keluhan terkait kedisiplinan
PR00256,E0055,2024-S2,1.79,Perlu evaluasi lebih lanjut
PR00257,E0055,2025-S1,2.04,Beberapa keluhan terkait kedisiplinan
PR00258,E0055,2025-S2,1.79,Beberapa keluhan terkait kedisiplinan
PR00259,E0056,2023-S2,4.43,"Sangat diandalkan tim, guest feedback positif"
PR00260,E0056,2024-S1,4.87,"Inisiatif tinggi, layak dipertimbangkan untuk promosi"
PR00261,E0056,2024-S2,5.0,"Sangat diandalkan tim, guest feedback positif"
PR00262,E0056,2025-S1,4.58,"Sangat diandalkan tim, guest feedback positif"
PR00263,E0056,2025-S2,4.34,"Sangat diandalkan tim, guest feedback positif"
PR00264,E0056,2026-S1,4.47,"Kinerja sangat baik, konsisten melebihi ekspektasi"
PR00265,E0057,2024-S1,3.43,Beberapa target belum tercapai
PR00266,E0057,2024-S2,3.46,"Kinerja cukup, ada ruang perbaikan"
PR00267,E0057,2025-S1,3.13,Perlu peningkatan konsistensi
PR00268,E0058,2023-S2,4.15,"Kinerja baik, memenuhi target"
PR00269,E0058,2024-S1,3.58,Stabil dan dapat diandalkan
PR00270,E0058,2024-S2,3.8,"Kinerja baik, memenuhi target"
PR00271,E0058,2025-S1,3.87,Stabil dan dapat diandalkan
PR00272,E0058,2025-S2,4.02,Stabil dan dapat diandalkan
PR00273,E0058,2026-S1,4.11,Perlu sedikit peningkatan di komunikasi tim
PR00274,E0059,2023-S2,4.32,"Sangat diandalkan tim, guest feedback positif"
PR00275,E0059,2024-S1,4.4,"Sangat diandalkan tim, guest feedback positif"
PR00276,E0059,2024-S2,4.49,"Kinerja sangat baik, konsisten melebihi ekspektasi"
PR00277,E0059,2025-S1,4.87,"Kinerja sangat baik, konsisten melebihi ekspektasi"
PR00278,E0059,2025-S2,4.76,"Kinerja sangat baik, konsisten melebihi ekspektasi"
PR00279,E0059,2026-S1,4.39,"Inisiatif tinggi, layak dipertimbangkan untuk promosi"
PR00280,E0060,2023-S2,3.26,Perlu peningkatan konsistensi
PR00281,E0060,2024-S1,3.41,Perlu peningkatan konsistensi
PR00282,E0060,2024-S2,3.45,"Kinerja cukup, ada ruang perbaikan"
PR00283,E0060,2025-S1,3.24,"Kinerja cukup, ada ruang perbaikan"
PR00284,E0060,2025-S2,3.67,"Kinerja baik, memenuhi target"
PR00285,E0060,2026-S1,3.64,Stabil dan dapat diandalkan
PR00286,E0061,2025-S1,4.44,"Inisiatif tinggi, layak dipertimbangkan untuk promosi"
PR00287,E0061,2025-S2,4.37,"Inisiatif tinggi, layak dipertimbangkan untuk promosi"
PR00288,E0062,2023-S2,4.08,"Kinerja baik, memenuhi target"
PR00289,E0062,2024-S1,3.7,"Kinerja baik, memenuhi target"
PR00290,E0062,2024-S2,3.78,Perlu sedikit peningkatan di komunikasi tim
PR00291,E0062,2025-S1,3.75,"Kinerja baik, memenuhi target"
PR00292,E0062,2025-S2,3.56,Stabil dan dapat diandalkan
PR00293,E0062,2026-S1,3.7,"Kinerja baik, memenuhi target"
PR00294,E0063,2023-S2,3.32,"Kinerja cukup, ada ruang perbaikan"
PR00295,E0063,2024-S1,3.25,Perlu peningkatan konsistensi
PR00296,E0063,2024-S2,3.27,Beberapa target belum tercapai
PR00297,E0063,2025-S1,3.56,Perlu sedikit peningkatan di komunikasi tim
PR00298,E0063,2025-S2,3.4,Perlu peningkatan konsistensi
PR00299,E0063,2026-S1,3.07,Perlu peningkatan konsistensi
PR00300,E0064,2023-S2,3.81,"Kinerja baik, memenuhi target"
PR00301,E0064,2024-S1,3.71,Perlu sedikit peningkatan di komunikasi tim
PR00302,E0064,2024-S2,4.16,"Kinerja baik, memenuhi target"
PR00303,E0064,2025-S1,3.65,"Kinerja baik, memenuhi target"
PR00304,E0064,2025-S2,3.64,Stabil dan dapat diandalkan
PR00305,E0064,2026-S1,3.81,"Kinerja baik, memenuhi target"
PR00306,E0065,2023-S2,2.9,Beberapa target belum tercapai
PR00307,E0065,2024-S1,2.84,Perlu peningkatan konsistensi
PR00308,E0065,2024-S2,2.79,Perlu peningkatan konsistensi
PR00309,E0067,2023-S2,4.13,Stabil dan dapat diandalkan
PR00310,E0067,2024-S1,4.3,"Sangat diandalkan tim, guest feedback positif"
PR00311,E0067,2024-S2,4.06,Stabil dan dapat diandalkan
PR00312,E0067,2025-S1,4.07,Perlu sedikit peningkatan di komunikasi tim
PR00313,E0067,2025-S2,4.3,"Inisiatif tinggi, layak dipertimbangkan untuk promosi"
PR00314,E0067,2026-S1,4.19,Stabil dan dapat diandalkan
PR00315,E0068,2024-S2,3.77,Stabil dan dapat diandalkan
PR00316,E0068,2025-S1,3.48,"Kinerja cukup, ada ruang perbaikan"
PR00317,E0068,2025-S2,3.52,Stabil dan dapat diandalkan
PR00318,E0068,2026-S1,3.47,"Kinerja cukup, ada ruang perbaikan"
PR00319,E0069,2023-S2,3.14,Perlu peningkatan konsistensi
PR00320,E0069,2024-S1,3.59,Perlu sedikit peningkatan di komunikasi tim
PR00321,E0069,2024-S2,3.42,"Kinerja cukup, ada ruang perbaikan"
PR00322,E0069,2025-S1,3.4,"Kinerja cukup, ada ruang perbaikan"
PR00323,E0069,2025-S2,3.27,Beberapa target belum tercapai
PR00324,E0069,2026-S1,3.58,"Kinerja baik, memenuhi target"
PR00325,E0070,2023-S2,4.1,"Kinerja baik, memenuhi target"
PR00326,E0070,2024-S1,4.54,"Sangat diandalkan tim, guest feedback positif"
PR00327,E0070,2024-S2,4.5,"Inisiatif tinggi, layak dipertimbangkan untuk promosi"
PR00328,E0071,2023-S2,3.59,"Kinerja baik, memenuhi target"
PR00329,E0071,2024-S1,3.62,Stabil dan dapat diandalkan
PR00330,E0071,2024-S2,3.21,"Kinerja cukup, ada ruang perbaikan"
PR00331,E0071,2025-S1,3.17,"Kinerja cukup, ada ruang perbaikan"
PR00332,E0071,2025-S2,3.45,Perlu peningkatan konsistensi
PR00333,E0071,2026-S1,3.27,"Kinerja cukup, ada ruang perbaikan"
PR00334,E0072,2023-S2,2.37,"Kinerja di bawah standar, perlu coaching intensif"
PR00335,E0072,2024-S1,2.41,Beberapa keluhan terkait kedisiplinan
PR00336,E0072,2024-S2,2.43,"Kinerja di bawah standar, perlu coaching intensif"
PR00337,E0072,2025-S1,2.54,Perlu peningkatan konsistensi
PR00338,E0072,2025-S2,2.86,Beberapa target belum tercapai
PR00339,E0072,2026-S1,2.63,Beberapa target belum tercapai
PR00340,E0073,2023-S2,4.55,"Kinerja sangat baik, konsisten melebihi ekspektasi"
PR00341,E0073,2024-S1,4.44,"Kinerja sangat baik, konsisten melebihi ekspektasi"
PR00342,E0073,2024-S2,4.52,"Inisiatif tinggi, layak dipertimbangkan untuk promosi"
PR00343,E0073,2025-S1,4.44,"Inisiatif tinggi, layak dipertimbangkan untuk promosi"
PR00344,E0073,2025-S2,4.49,"Kinerja sangat baik, konsisten melebihi ekspektasi"
PR00345,E0073,2026-S1,4.47,"Sangat diandalkan tim, guest feedback positif"
PR00346,E0074,2024-S1,3.2,Perlu peningkatan konsistensi
PR00347,E0074,2024-S2,3.18,"Kinerja cukup, ada ruang perbaikan"
PR00348,E0074,2025-S1,3.3,Perlu peningkatan konsistensi
PR00349,E0074,2025-S2,3.3,"Kinerja cukup, ada ruang perbaikan"
PR00350,E0074,2026-S1,3.33,Perlu peningkatan konsistensi
PR00351,E0075,2023-S2,4.72,"Sangat diandalkan tim, guest feedback positif"
PR00352,E0075,2024-S1,4.88,"Kinerja sangat baik, konsisten melebihi ekspektasi"
PR00353,E0075,2024-S2,4.55,"Inisiatif tinggi, layak dipertimbangkan untuk promosi"
PR00354,E0075,2025-S1,4.34,"Sangat diandalkan tim, guest feedback positif"
PR00355,E0075,2025-S2,4.53,"Kinerja sangat baik, konsisten melebihi ekspektasi"
PR00356,E0075,2026-S1,4.46,"Inisiatif tinggi, layak dipertimbangkan untuk promosi"
PR00357,E0076,2024-S1,4.51,"Inisiatif tinggi, layak dipertimbangkan untuk promosi"
PR00358,E0076,2024-S2,4.01,Stabil dan dapat diandalkan
PR00359,E0076,2025-S1,4.42,"Inisiatif tinggi, layak dipertimbangkan untuk promosi"
PR00360,E0076,2025-S2,4.43,"Kinerja sangat baik, konsisten melebihi ekspektasi"
PR00361,E0076,2026-S1,4.5,"Sangat diandalkan tim, guest feedback positif"
PR00362,E0077,2023-S2,3.76,"Kinerja baik, memenuhi target"
PR00363,E0077,2024-S1,4.23,"Kinerja baik, memenuhi target"
PR00364,E0077,2024-S2,4.2,Stabil dan dapat diandalkan
PR00365,E0077,2025-S1,4.09,Perlu sedikit peningkatan di komunikasi tim
PR00366,E0077,2025-S2,4.29,Perlu sedikit peningkatan di komunikasi tim
PR00367,E0077,2026-S1,4.02,"Kinerja baik, memenuhi target"
PR00368,E0078,2023-S2,3.14,Beberapa target belum tercapai
PR00369,E0078,2024-S1,2.93,Beberapa target belum tercapai
PR00370,E0078,2024-S2,3.09,Beberapa target belum tercapai
PR00371,E0078,2025-S1,3.26,Perlu peningkatan konsistensi
PR00372,E0078,2025-S2,3.06,Perlu peningkatan konsistensi
PR00373,E0078,2026-S1,2.86,Beberapa target belum tercapai
PR00374,E0079,2023-S2,3.7,"Kinerja baik, memenuhi target"
PR00375,E0079,2024-S1,3.72,Stabil dan dapat diandalkan
PR00376,E0079,2024-S2,3.82,Perlu sedikit peningkatan di komunikasi tim
PR00377,E0079,2025-S1,4.02,Stabil dan dapat diandalkan
PR00378,E0079,2025-S2,3.72,Stabil dan dapat diandalkan
PR00379,E0079,2026-S1,3.55,Perlu sedikit peningkatan di komunikasi tim
PR00380,E0080,2023-S2,3.44,Beberapa target belum tercapai
PR00381,E0080,2024-S1,3.61,"Kinerja baik, memenuhi target"
PR00382,E0080,2024-S2,3.87,Perlu sedikit peningkatan di komunikasi tim
PR00383,E0080,2025-S1,3.57,Stabil dan dapat diandalkan
PR00384,E0080,2025-S2,3.36,Beberapa target belum tercapai
PR00385,E0080,2026-S1,3.98,Stabil dan dapat diandalkan
PR00386,E0082,2023-S2,4.21,"Kinerja baik, memenuhi target"
PR00387,E0082,2024-S1,4.72,"Inisiatif tinggi, layak dipertimbangkan untuk promosi"
PR00388,E0082,2024-S2,4.25,"Kinerja baik, memenuhi target"
PR00389,E0082,2025-S1,4.56,"Kinerja sangat baik, konsisten melebihi ekspektasi"
PR00390,E0082,2025-S2,4.82,"Sangat diandalkan tim, guest feedback positif"
PR00391,E0082,2026-S1,4.56,"Kinerja sangat baik, konsisten melebihi ekspektasi"
PR00392,E0083,2023-S2,3.61,Perlu sedikit peningkatan di komunikasi tim
PR00393,E0083,2024-S1,3.07,Perlu peningkatan konsistensi
PR00394,E0083,2024-S2,3.54,"Kinerja baik, memenuhi target"
PR00395,E0083,2025-S1,3.37,"Kinerja cukup, ada ruang perbaikan"
PR00396,E0083,2025-S2,3.41,Perlu peningkatan konsistensi
PR00397,E0083,2026-S1,3.55,"Kinerja baik, memenuhi target"
PR00398,E0084,2023-S2,3.85,Perlu sedikit peningkatan di komunikasi tim
PR00399,E0084,2024-S1,3.63,"Kinerja baik, memenuhi target"
PR00400,E0084,2024-S2,3.75,Perlu sedikit peningkatan di komunikasi tim
PR00401,E0084,2025-S1,3.47,Perlu peningkatan konsistensi
PR00402,E0084,2025-S2,3.66,Stabil dan dapat diandalkan
PR00403,E0084,2026-S1,3.92,Stabil dan dapat diandalkan
PR00404,E0085,2023-S2,3.39,Beberapa target belum tercapai
PR00405,E0085,2024-S1,3.03,Perlu peningkatan konsistensi
PR00406,E0085,2024-S2,3.58,"Kinerja baik, memenuhi target"
PR00407,E0085,2025-S1,3.55,"Kinerja baik, memenuhi target"
PR00408,E0085,2025-S2,3.18,Perlu peningkatan konsistensi
PR00409,E0085,2026-S1,3.38,Beberapa target belum tercapai
PR00410,E0086,2023-S2,3.77,Perlu sedikit peningkatan di komunikasi tim
PR00411,E0086,2024-S1,4.03,Perlu sedikit peningkatan di komunikasi tim
PR00412,E0086,2024-S2,4.05,Stabil dan dapat diandalkan
PR00413,E0086,2025-S1,3.83,Perlu sedikit peningkatan di komunikasi tim
PR00414,E0086,2025-S2,3.98,Stabil dan dapat diandalkan
PR00415,E0086,2026-S1,4.05,Stabil dan dapat diandalkan
PR00416,E0087,2024-S1,2.93,Beberapa target belum tercapai
PR00417,E0087,2024-S2,2.9,Perlu peningkatan konsistensi
PR00418,E0087,2025-S1,2.92,Perlu peningkatan konsistensi
PR00419,E0087,2025-S2,3.16,"Kinerja cukup, ada ruang perbaikan"
PR00420,E0087,2026-S1,2.66,"Kinerja cukup, ada ruang perbaikan"
PR00421,E0088,2023-S2,3.79,Stabil dan dapat diandalkan
PR00422,E0088,2024-S1,3.79,Perlu sedikit peningkatan di komunikasi tim
PR00423,E0088,2024-S2,3.8,Stabil dan dapat diandalkan
PR00424,E0088,2025-S1,4.07,Perlu sedikit peningkatan di komunikasi tim
PR00425,E0088,2025-S2,4.11,"Kinerja baik, memenuhi target"
PR00426,E0088,2026-S1,3.89,Stabil dan dapat diandalkan
PR00427,E0089,2023-S2,3.16,"Kinerja cukup, ada ruang perbaikan"
PR00428,E0089,2024-S1,3.44,Beberapa target belum tercapai
PR00429,E0089,2024-S2,3.26,Perlu peningkatan konsistensi
PR00430,E0090,2023-S2,3.45,Perlu peningkatan konsistensi
PR00431,E0090,2024-S1,3.63,"Kinerja baik, memenuhi target"
PR00432,E0090,2024-S2,3.74,Stabil dan dapat diandalkan
PR00433,E0090,2025-S1,3.17,"Kinerja cukup, ada ruang perbaikan"
PR00434,E0090,2025-S2,3.19,"Kinerja cukup, ada ruang perbaikan"
PR00435,E0090,2026-S1,3.44,Beberapa target belum tercapai
PR00436,E0091,2024-S1,3.36,Perlu peningkatan konsistensi
PR00437,E0091,2024-S2,3.13,Beberapa target belum tercapai
PR00438,E0091,2025-S1,3.21,"Kinerja cukup, ada ruang perbaikan"
PR00439,E0091,2025-S2,3.36,Perlu peningkatan konsistensi
PR00440,E0091,2026-S1,3.52,Perlu sedikit peningkatan di komunikasi tim
PR00441,E0092,2023-S2,3.64,"Kinerja baik, memenuhi target"
PR00442,E0092,2024-S1,3.58,Stabil dan dapat diandalkan
PR00443,E0092,2024-S2,3.71,Stabil dan dapat diandalkan
PR00444,E0092,2025-S1,3.48,Perlu peningkatan konsistensi
PR00445,E0092,2025-S2,3.69,"Kinerja baik, memenuhi target"
PR00446,E0092,2026-S1,3.46,Beberapa target belum tercapai
PR00447,E0093,2023-S2,3.77,Stabil dan dapat diandalkan
PR00448,E0093,2024-S1,3.64,Stabil dan dapat diandalkan
PR00449,E0093,2024-S2,3.51,Perlu sedikit peningkatan di komunikasi tim
PR00450,E0093,2025-S1,3.24,Beberapa target belum tercapai
PR00451,E0093,2025-S2,3.54,Perlu sedikit peningkatan di komunikasi tim
PR00452,E0093,2026-S1,3.56,Perlu sedikit peningkatan di komunikasi tim
PR00453,E0094,2023-S2,4.24,Perlu sedikit peningkatan di komunikasi tim
PR00454,E0094,2024-S1,4.22,Perlu sedikit peningkatan di komunikasi tim
PR00455,E0094,2024-S2,4.07,Stabil dan dapat diandalkan
PR00456,E0094,2025-S1,3.78,Perlu sedikit peningkatan di komunikasi tim
PR00457,E0094,2025-S2,3.81,Perlu sedikit peningkatan di komunikasi tim
PR00458,E0094,2026-S1,3.96,Stabil dan dapat diandalkan
PR00459,E0095,2023-S2,2.79,"Kinerja cukup, ada ruang perbaikan"
PR00460,E0095,2024-S1,2.48,Perlu evaluasi lebih lanjut
PR00461,E0096,2024-S1,2.65,"Kinerja cukup, ada ruang perbaikan"
PR00462,E0096,2024-S2,2.79,Beberapa target belum tercapai
PR00463,E0096,2025-S1,2.43,Perlu evaluasi lebih lanjut
PR00464,E0096,2025-S2,2.53,Beberapa target belum tercapai
PR00465,E0096,2026-S1,2.85,Perlu peningkatan konsistensi
PR00466,E0097,2023-S2,3.43,Perlu peningkatan konsistensi
PR00467,E0097,2024-S1,3.7,"Kinerja baik, memenuhi target"
PR00468,E0097,2024-S2,3.73,Perlu sedikit peningkatan di komunikasi tim
PR00469,E0097,2025-S1,3.37,Beberapa target belum tercapai
PR00470,E0097,2025-S2,3.59,Perlu sedikit peningkatan di komunikasi tim
PR00471,E0097,2026-S1,3.5,Stabil dan dapat diandalkan
PR00472,E0098,2023-S2,2.68,Beberapa target belum tercapai
PR00473,E0098,2024-S1,2.73,Beberapa target belum tercapai
PR00474,E0098,2024-S2,2.64,"Kinerja cukup, ada ruang perbaikan"
PR00475,E0098,2025-S1,2.96,"Kinerja cukup, ada ruang perbaikan"
PR00476,E0098,2025-S2,2.67,Perlu peningkatan konsistensi
PR00477,E0098,2026-S1,3.12,Perlu peningkatan konsistensi
PR00478,E0099,2024-S1,4.45,"Inisiatif tinggi, layak dipertimbangkan untuk promosi"
PR00479,E0099,2024-S2,4.63,"Inisiatif tinggi, layak dipertimbangkan untuk promosi"
PR00480,E0099,2025-S1,4.52,"Sangat diandalkan tim, guest feedback positif"
PR00481,E0099,2025-S2,4.4,"Sangat diandalkan tim, guest feedback positif"
PR00482,E0099,2026-S1,4.74,"Sangat diandalkan tim, guest feedback positif"
PR00483,E0100,2023-S2,3.37,Beberapa target belum tercapai
PR00484,E0100,2024-S1,2.87,Beberapa target belum tercapai
PR00485,E0100,2024-S2,3.16,Perlu peningkatan konsistensi
PR00486,E0100,2025-S1,3.14,Perlu peningkatan konsistensi
PR00487,E0100,2025-S2,2.75,Beberapa target belum tercapai
PR00488,E0100,2026-S1,3.09,"Kinerja cukup, ada ruang perbaikan"
PR00489,E0101,2023-S2,3.74,Perlu sedikit peningkatan di komunikasi tim
PR00490,E0101,2024-S1,3.87,"Kinerja baik, memenuhi target"
PR00491,E0101,2024-S2,3.82,Stabil dan dapat diandalkan
PR00492,E0101,2025-S1,4.02,Perlu sedikit peningkatan di komunikasi tim
PR00493,E0101,2025-S2,3.38,Beberapa target belum tercapai
PR00494,E0101,2026-S1,3.79,Stabil dan dapat diandalkan
PR00495,E0102,2023-S2,4.88,"Inisiatif tinggi, layak dipertimbangkan untuk promosi"
PR00496,E0102,2024-S1,4.86,"Inisiatif tinggi, layak dipertimbangkan untuk promosi"
PR00497,E0102,2024-S2,4.95,"Inisiatif tinggi, layak dipertimbangkan untuk promosi"
PR00498,E0102,2025-S1,4.87,"Kinerja sangat baik, konsisten melebihi ekspektasi"
PR00499,E0102,2025-S2,4.66,"Kinerja sangat baik, konsisten melebihi ekspektasi"
PR00500,E0102,2026-S1,4.76,"Inisiatif tinggi, layak dipertimbangkan untuk promosi"
PR00501,E0103,2023-S2,3.81,"Kinerja baik, memenuhi target"
PR00502,E0103,2024-S1,4.44,"Inisiatif tinggi, layak dipertimbangkan untuk promosi"
PR00503,E0103,2024-S2,4.09,Perlu sedikit peningkatan di komunikasi tim
PR00504,E0103,2025-S1,4.18,Perlu sedikit peningkatan di komunikasi tim
PR00505,E0103,2025-S2,4.2,Perlu sedikit peningkatan di komunikasi tim
PR00506,E0103,2026-S1,4.22,"Kinerja baik, memenuhi target"
PR00507,E0104,2023-S2,4.66,"Sangat diandalkan tim, guest feedback positif"
PR00508,E0104,2024-S1,4.57,"Sangat diandalkan tim, guest feedback positif"
PR00509,E0104,2024-S2,4.49,"Inisiatif tinggi, layak dipertimbangkan untuk promosi"
PR00510,E0104,2025-S1,4.53,"Kinerja sangat baik, konsisten melebihi ekspektasi"
PR00511,E0104,2025-S2,4.15,Stabil dan dapat diandalkan
PR00512,E0104,2026-S1,4.48,"Kinerja sangat baik, konsisten melebihi ekspektasi"
PR00513,E0105,2024-S2,3.33,Perlu peningkatan konsistensi
PR00514,E0105,2025-S1,3.03,"Kinerja cukup, ada ruang perbaikan"
PR00515,E0105,2025-S2,3.25,Beberapa target belum tercapai
PR00516,E0105,2026-S1,3.59,"Kinerja baik, memenuhi target"
PR00517,E0106,2023-S2,3.8,Perlu sedikit peningkatan di komunikasi tim
PR00518,E0106,2024-S1,3.86,Stabil dan dapat diandalkan
PR00519,E0106,2024-S2,3.76,"Kinerja baik, memenuhi target"
PR00520,E0106,2025-S1,3.75,Perlu sedikit peningkatan di komunikasi tim
PR00521,E0106,2025-S2,3.84,"Kinerja baik, memenuhi target"
PR00522,E0106,2026-S1,3.58,"Kinerja baik, memenuhi target"
PR00523,E0107,2023-S2,3.66,Stabil dan dapat diandalkan
PR00524,E0107,2024-S1,3.6,"Kinerja baik, memenuhi target"
PR00525,E0107,2024-S2,3.9,Perlu sedikit peningkatan di komunikasi tim
PR00526,E0107,2025-S1,3.5,Perlu sedikit peningkatan di komunikasi tim
PR00527,E0107,2025-S2,3.53,"Kinerja baik, memenuhi target"
PR00528,E0107,2026-S1,3.77,Stabil dan dapat diandalkan
PR00529,E0108,2023-S2,3.91,Perlu sedikit peningkatan di komunikasi tim
PR00530,E0108,2024-S1,4.15,"Kinerja baik, memenuhi target"
PR00531,E0108,2024-S2,4.06,Perlu sedikit peningkatan di komunikasi tim
PR00532,E0108,2025-S1,4.18,Perlu sedikit peningkatan di komunikasi tim
PR00533,E0108,2025-S2,3.73,"Kinerja baik, memenuhi target"
PR00534,E0108,2026-S1,3.6,Perlu sedikit peningkatan di komunikasi tim
PR00535,E0110,2023-S2,3.61,"Kinerja baik, memenuhi target"
PR00536,E0110,2024-S1,3.73,Stabil dan dapat diandalkan
PR00537,E0110,2024-S2,3.38,"Kinerja cukup, ada ruang perbaikan"
PR00538,E0110,2025-S1,3.91,"Kinerja baik, memenuhi target"
PR00539,E0110,2025-S2,3.64,Perlu sedikit peningkatan di komunikasi tim
PR00540,E0110,2026-S1,3.37,"Kinerja cukup, ada ruang perbaikan"
PR00541,E0111,2023-S2,3.93,Stabil dan dapat diandalkan
PR00542,E0111,2024-S1,3.85,Stabil dan dapat diandalkan
PR00543,E0111,2024-S2,4.05,Stabil dan dapat diandalkan
PR00544,E0111,2025-S1,4.14,Perlu sedikit peningkatan di komunikasi tim
PR00545,E0111,2025-S2,3.72,"Kinerja baik, memenuhi target"
PR00546,E0111,2026-S1,4.09,Stabil dan dapat diandalkan
PR00547,E0112,2023-S2,2.63,Beberapa target belum tercapai
PR00548,E0112,2024-S1,3.18,Beberapa target belum tercapai
PR00549,E0112,2024-S2,2.99,"Kinerja cukup, ada ruang perbaikan"
PR00550,E0112,2025-S1,2.64,Beberapa target belum tercapai
PR00551,E0112,2025-S2,3.15,"Kinerja cukup, ada ruang perbaikan"
PR00552,E0112,2026-S1,3.02,"Kinerja cukup, ada ruang perbaikan"
PR00553,E0113,2024-S1,3.18,Perlu peningkatan konsistensi
PR00554,E0113,2024-S2,3.18,Perlu peningkatan konsistensi
PR00555,E0113,2025-S1,3.13,"Kinerja cukup, ada ruang perbaikan"
PR00556,E0113,2025-S2,3.26,Perlu peningkatan konsistensi
PR00557,E0113,2026-S1,3.29,"Kinerja cukup, ada ruang perbaikan"
PR00558,E0114,2023-S2,3.61,"Kinerja baik, memenuhi target"
PR00559,E0114,2024-S1,3.88,"Kinerja baik, memenuhi target"
PR00560,E0114,2024-S2,3.76,"Kinerja baik, memenuhi target"
PR00561,E0114,2025-S1,3.97,Stabil dan dapat diandalkan
PR00562,E0114,2025-S2,3.6,"Kinerja baik, memenuhi target"
PR00563,E0114,2026-S1,3.82,"Kinerja baik, memenuhi target"
PR00564,E0115,2023-S2,3.48,Beberapa target belum tercapai
PR00565,E0115,2024-S1,3.75,Stabil dan dapat diandalkan
PR00566,E0115,2024-S2,3.74,Perlu sedikit peningkatan di komunikasi tim
PR00567,E0115,2025-S1,3.72,"Kinerja baik, memenuhi target"
PR00568,E0115,2025-S2,3.76,Stabil dan dapat diandalkan
PR00569,E0115,2026-S1,3.93,"Kinerja baik, memenuhi target"
PR00570,E0116,2023-S2,3.44,Beberapa target belum tercapai
PR00571,E0116,2024-S1,3.12,Perlu peningkatan konsistensi
PR00572,E0116,2024-S2,3.04,Beberapa target belum tercapai
PR00573,E0116,2025-S1,3.21,Beberapa target belum tercapai
PR00574,E0116,2025-S2,3.03,Beberapa target belum tercapai
PR00575,E0116,2026-S1,3.11,"Kinerja cukup, ada ruang perbaikan"
PR00576,E0117,2023-S2,2.59,Beberapa target belum tercapai
PR00577,E0117,2024-S1,2.72,Beberapa target belum tercapai
PR00578,E0117,2024-S2,2.61,Perlu peningkatan konsistensi
PR00579,E0117,2025-S1,2.8,Beberapa target belum tercapai
PR00580,E0117,2025-S2,2.9,Perlu peningkatan konsistensi
PR00581,E0117,2026-S1,2.68,Beberapa target belum tercapai
PR00582,E0118,2023-S2,3.2,Perlu peningkatan konsistensi
PR00583,E0118,2024-S1,2.91,Beberapa target belum tercapai
PR00584,E0118,2024-S2,3.02,Perlu peningkatan konsistensi
PR00585,E0118,2025-S1,2.95,Perlu peningkatan konsistensi
PR00586,E0118,2025-S2,3.08,Beberapa target belum tercapai
PR00587,E0118,2026-S1,3.1,"Kinerja cukup, ada ruang perbaikan"
PR00588,E0119,2023-S2,3.12,"Kinerja cukup, ada ruang perbaikan"
PR00589,E0119,2024-S1,3.01,Beberapa target belum tercapai
PR00590,E0119,2024-S2,3.19,"Kinerja cukup, ada ruang perbaikan"
PR00591,E0119,2025-S1,3.13,Beberapa target belum tercapai
PR00592,E0119,2025-S2,3.13,Beberapa target belum tercapai
PR00593,E0119,2026-S1,3.08,"Kinerja cukup, ada ruang perbaikan"
PR00594,E0120,2025-S1,3.67,Stabil dan dapat diandalkan
PR00595,E0120,2025-S2,3.51,"Kinerja baik, memenuhi target"
PR00596,E0120,2026-S1,3.17,Perlu peningkatan konsistensi
PR00597,E0121,2023-S2,2.9,"Kinerja cukup, ada ruang perbaikan"
PR00598,E0121,2024-S1,2.96,Perlu peningkatan konsistensi
PR00599,E0121,2024-S2,2.75,Beberapa target belum tercapai
PR00600,E0121,2025-S1,2.99,"Kinerja cukup, ada ruang perbaikan"
PR00601,E0121,2025-S2,2.87,Perlu peningkatan konsistensi
PR00602,E0121,2026-S1,2.93,Perlu peningkatan konsistensi
PR00603,E0122,2024-S1,2.41,Perlu evaluasi lebih lanjut
PR00604,E0122,2024-S2,1.91,Perlu evaluasi lebih lanjut
PR00605,E0122,2025-S1,2.64,"Kinerja cukup, ada ruang perbaikan"
PR00606,E0122,2025-S2,2.37,"Kinerja di bawah standar, perlu coaching intensif"
PR00607,E0122,2026-S1,2.25,Beberapa keluhan terkait kedisiplinan
PR00608,E0123,2023-S2,3.63,Perlu sedikit peningkatan di komunikasi tim
PR00609,E0123,2024-S1,3.68,Perlu sedikit peningkatan di komunikasi tim
PR00610,E0123,2024-S2,3.61,Perlu sedikit peningkatan di komunikasi tim
PR00611,E0123,2025-S1,3.24,Beberapa target belum tercapai
PR00612,E0123,2025-S2,3.53,Stabil dan dapat diandalkan
PR00613,E0123,2026-S1,3.64,"Kinerja baik, memenuhi target"
PR00614,E0124,2024-S1,4.22,"Kinerja baik, memenuhi target"
PR00615,E0124,2024-S2,4.41,"Inisiatif tinggi, layak dipertimbangkan untuk promosi"
PR00616,E0124,2025-S1,4.21,"Kinerja baik, memenuhi target"
PR00617,E0124,2025-S2,4.22,"Kinerja baik, memenuhi target"
PR00618,E0124,2026-S1,4.51,"Kinerja sangat baik, konsisten melebihi ekspektasi"
PR00619,E0125,2023-S2,4.16,Perlu sedikit peningkatan di komunikasi tim
PR00620,E0125,2024-S1,3.81,Perlu sedikit peningkatan di komunikasi tim
PR00621,E0125,2024-S2,4.33,"Kinerja sangat baik, konsisten melebihi ekspektasi"
PR00622,E0125,2025-S1,4.08,"Kinerja baik, memenuhi target"
PR00623,E0125,2025-S2,4.15,Stabil dan dapat diandalkan
PR00624,E0125,2026-S1,4.32,"Inisiatif tinggi, layak dipertimbangkan untuk promosi"
PR00625,E0126,2023-S2,3.43,Perlu peningkatan konsistensi
PR00626,E0126,2024-S1,3.6,Stabil dan dapat diandalkan
PR00627,E0126,2024-S2,3.4,Perlu peningkatan konsistensi
PR00628,E0126,2025-S1,4.01,Stabil dan dapat diandalkan
PR00629,E0126,2025-S2,3.61,Perlu sedikit peningkatan di komunikasi tim
PR00630,E0126,2026-S1,3.97,"Kinerja baik, memenuhi target"
PR00631,E0127,2023-S2,2.36,Beberapa keluhan terkait kedisiplinan
PR00632,E0127,2024-S1,2.54,Beberapa target belum tercapai
PR00633,E0127,2024-S2,2.43,Beberapa keluhan terkait kedisiplinan
PR00634,E0127,2025-S1,2.59,"Kinerja cukup, ada ruang perbaikan"
PR00635,E0127,2025-S2,2.43,Perlu evaluasi lebih lanjut
PR00636,E0127,2026-S1,2.72,"Kinerja cukup, ada ruang perbaikan"
PR00637,E0128,2023-S2,2.97,"Kinerja cukup, ada ruang perbaikan"
PR00638,E0128,2024-S1,3.04,Perlu peningkatan konsistensi
PR00639,E0128,2024-S2,3.1,Perlu peningkatan konsistensi
PR00640,E0128,2025-S1,3.09,Perlu peningkatan konsistensi
PR00641,E0128,2025-S2,2.98,"Kinerja cukup, ada ruang perbaikan"
PR00642,E0128,2026-S1,2.88,Perlu peningkatan konsistensi
PR00643,E0129,2023-S2,2.94,Beberapa target belum tercapai
PR00644,E0129,2024-S1,3.35,Perlu peningkatan konsistensi
PR00645,E0129,2024-S2,2.95,Beberapa target belum tercapai
PR00646,E0129,2025-S1,3.33,Beberapa target belum tercapai
PR00647,E0129,2025-S2,3.25,"Kinerja cukup, ada ruang perbaikan"
PR00648,E0129,2026-S1,3.25,Beberapa target belum tercapai
PR00649,E0130,2023-S2,3.12,Beberapa target belum tercapai
PR00650,E0130,2024-S1,3.15,Perlu peningkatan konsistensi
PR00651,E0130,2024-S2,3.35,Beberapa target belum tercapai
PR00652,E0130,2025-S1,2.96,"Kinerja cukup, ada ruang perbaikan"
PR00653,E0130,2025-S2,3.23,Beberapa target belum tercapai
PR00654,E0130,2026-S1,3.33,Beberapa target belum tercapai
PR00655,E0131,2023-S2,2.21,"Kinerja di bawah standar, perlu coaching intensif"
PR00656,E0131,2024-S1,2.19,Beberapa keluhan terkait kedisiplinan
PR00657,E0131,2024-S2,2.26,Perlu evaluasi lebih lanjut
PR00658,E0131,2025-S1,2.28,Beberapa keluhan terkait kedisiplinan
PR00659,E0131,2025-S2,2.29,Beberapa keluhan terkait kedisiplinan
PR00660,E0131,2026-S1,2.21,Beberapa keluhan terkait kedisiplinan
PR00661,E0132,2023-S2,3.15,Beberapa target belum tercapai
PR00662,E0132,2024-S1,3.14,Perlu peningkatan konsistensi
PR00663,E0132,2024-S2,3.0,Beberapa target belum tercapai
PR00664,E0132,2025-S1,3.27,"Kinerja cukup, ada ruang perbaikan"
PR00665,E0132,2025-S2,3.37,"Kinerja cukup, ada ruang perbaikan"
PR00666,E0132,2026-S1,3.21,Beberapa target belum tercapai
PR00667,E0133,2024-S1,3.46,Beberapa target belum tercapai
PR00668,E0133,2024-S2,3.49,"Kinerja cukup, ada ruang perbaikan"
PR00669,E0133,2025-S1,3.35,Beberapa target belum tercapai
PR00670,E0133,2025-S2,3.4,Perlu peningkatan konsistensi
PR00671,E0133,2026-S1,4.14,"Kinerja baik, memenuhi target"
PR00672,E0134,2023-S2,3.79,Perlu sedikit peningkatan di komunikasi tim
PR00673,E0134,2024-S1,3.74,Stabil dan dapat diandalkan
PR00674,E0134,2024-S2,3.97,"Kinerja baik, memenuhi target"
PR00675,E0134,2025-S1,3.4,Beberapa target belum tercapai
PR00676,E0134,2025-S2,3.56,"Kinerja baik, memenuhi target"
PR00677,E0134,2026-S1,3.68,Stabil dan dapat diandalkan
PR00678,E0135,2023-S2,3.22,Beberapa target belum tercapai
PR00679,E0135,2024-S1,3.3,Perlu peningkatan konsistensi
PR00680,E0135,2024-S2,3.3,Perlu peningkatan konsistensi
PR00681,E0135,2025-S1,3.58,Stabil dan dapat diandalkan
PR00682,E0135,2025-S2,3.21,"Kinerja cukup, ada ruang perbaikan"
PR00683,E0135,2026-S1,3.54,Stabil dan dapat diandalkan
PR00684,E0136,2023-S2,4.15,Perlu sedikit peningkatan di komunikasi tim
PR00685,E0136,2024-S1,4.12,Perlu sedikit peningkatan di komunikasi tim
PR00686,E0136,2024-S2,4.04,Perlu sedikit peningkatan di komunikasi tim
PR00687,E0136,2025-S1,4.09,Perlu sedikit peningkatan di komunikasi tim
PR00688,E0136,2025-S2,4.01,Stabil dan dapat diandalkan
PR00689,E0136,2026-S1,3.68,"Kinerja baik, memenuhi target"
PR00690,E0137,2023-S2,4.05,Perlu sedikit peningkatan di komunikasi tim
PR00691,E0137,2024-S1,3.92,Stabil dan dapat diandalkan
PR00692,E0137,2024-S2,4.23,"Kinerja baik, memenuhi target"
PR00693,E0137,2025-S1,4.18,Perlu sedikit peningkatan di komunikasi tim
PR00694,E0137,2025-S2,3.92,Perlu sedikit peningkatan di komunikasi tim
PR00695,E0137,2026-S1,4.07,Perlu sedikit peningkatan di komunikasi tim
PR00696,E0138,2025-S2,4.41,"Sangat diandalkan tim, guest feedback positif"
PR00697,E0138,2026-S1,4.17,Perlu sedikit peningkatan di komunikasi tim
PR00698,E0139,2023-S2,3.04,Perlu peningkatan konsistensi
PR00699,E0139,2024-S1,3.36,Beberapa target belum tercapai
PR00700,E0139,2024-S2,3.13,Perlu peningkatan konsistensi
PR00701,E0139,2025-S1,3.0,"Kinerja cukup, ada ruang perbaikan"
PR00702,E0139,2025-S2,3.24,Perlu peningkatan konsistensi
PR00703,E0139,2026-S1,3.07,Perlu peningkatan konsistensi
PR00704,E0141,2023-S2,3.89,"Kinerja baik, memenuhi target"
PR00705,E0141,2024-S1,3.9,Stabil dan dapat diandalkan
PR00706,E0141,2024-S2,4.03,Perlu sedikit peningkatan di komunikasi tim
PR00707,E0141,2025-S1,4.0,Stabil dan dapat diandalkan
PR00708,E0141,2025-S2,3.74,"Kinerja baik, memenuhi target"
PR00709,E0141,2026-S1,3.84,"Kinerja baik, memenuhi target"
PR00710,E0142,2023-S2,4.35,"Sangat diandalkan tim, guest feedback positif"
PR00711,E0142,2024-S1,4.11,"Kinerja baik, memenuhi target"
PR00712,E0142,2024-S2,3.98,Stabil dan dapat diandalkan
PR00713,E0142,2025-S1,4.01,"Kinerja baik, memenuhi target"
PR00714,E0142,2025-S2,4.04,Perlu sedikit peningkatan di komunikasi tim
PR00715,E0142,2026-S1,4.0,"Kinerja baik, memenuhi target"
PR00716,E0143,2023-S2,3.22,Perlu peningkatan konsistensi
PR00717,E0143,2024-S1,3.22,"Kinerja cukup, ada ruang perbaikan"
PR00718,E0143,2024-S2,3.18,Beberapa target belum tercapai
PR00719,E0143,2025-S1,3.3,Perlu peningkatan konsistensi
PR00720,E0143,2025-S2,3.17,"Kinerja cukup, ada ruang perbaikan"
PR00721,E0143,2026-S1,3.23,Beberapa target belum tercapai
PR00722,E0144,2023-S2,3.91,Perlu sedikit peningkatan di komunikasi tim
PR00723,E0144,2024-S1,3.94,"Kinerja baik, memenuhi target"
PR00724,E0144,2024-S2,4.17,Stabil dan dapat diandalkan
PR00725,E0144,2025-S1,3.86,Stabil dan dapat diandalkan
PR00726,E0144,2025-S2,3.94,Perlu sedikit peningkatan di komunikasi tim
PR00727,E0144,2026-S1,3.91,Perlu sedikit peningkatan di komunikasi tim
PR00728,E0145,2023-S2,3.98,"Kinerja baik, memenuhi target"
PR00729,E0145,2024-S1,4.05,Perlu sedikit peningkatan di komunikasi tim
PR00730,E0145,2024-S2,4.33,"Sangat diandalkan tim, guest feedback positif"
PR00731,E0145,2025-S1,4.42,"Kinerja sangat baik, konsisten melebihi ekspektasi"
PR00732,E0145,2025-S2,4.28,Stabil dan dapat diandalkan
PR00733,E0145,2026-S1,4.41,"Inisiatif tinggi, layak dipertimbangkan untuk promosi"
PR00734,E0146,2023-S2,2.62,"Kinerja cukup, ada ruang perbaikan"
PR00735,E0146,2024-S1,2.91,Perlu peningkatan konsistensi
PR00736,E0146,2024-S2,2.98,Perlu peningkatan konsistensi
PR00737,E0146,2025-S1,2.95,Beberapa target belum tercapai
PR00738,E0146,2025-S2,2.98,"Kinerja cukup, ada ruang perbaikan"
PR00739,E0146,2026-S1,2.83,Beberapa target belum tercapai
PR00740,E0147,2023-S2,2.97,"Kinerja cukup, ada ruang perbaikan"
PR00741,E0147,2024-S1,2.84,Beberapa target belum tercapai
PR00742,E0147,2024-S2,2.79,Perlu peningkatan konsistensi
PR00743,E0147,2025-S1,3.11,"Kinerja cukup, ada ruang perbaikan"
PR00744,E0147,2025-S2,2.88,Beberapa target belum tercapai
PR00745,E0147,2026-S1,2.79,"Kinerja cukup, ada ruang perbaikan"
PR00746,E0149,2023-S2,3.85,Perlu sedikit peningkatan di komunikasi tim
PR00747,E0149,2024-S1,3.96,"Kinerja baik, memenuhi target"
PR00748,E0149,2024-S2,4.2,Stabil dan dapat diandalkan
PR00749,E0149,2025-S1,3.94,Stabil dan dapat diandalkan
PR00750,E0149,2025-S2,3.51,Stabil dan dapat diandalkan
PR00751,E0149,2026-S1,3.64,Stabil dan dapat diandalkan
PR00752,E0150,2023-S2,3.86,Stabil dan dapat diandalkan
PR00753,E0150,2024-S1,3.23,Beberapa target belum tercapai
PR00754,E0150,2024-S2,3.75,Perlu sedikit peningkatan di komunikasi tim
PR00755,E0150,2025-S1,3.88,"Kinerja baik, memenuhi target"
PR00756,E0150,2025-S2,3.75,"Kinerja baik, memenuhi target"
PR00757,E0150,2026-S1,3.61,Stabil dan dapat diandalkan
PR00758,E0151,2023-S2,3.11,"Kinerja cukup, ada ruang perbaikan"
PR00759,E0151,2024-S1,3.56,Stabil dan dapat diandalkan
PR00760,E0151,2024-S2,3.59,Stabil dan dapat diandalkan
PR00761,E0151,2025-S1,3.55,Perlu sedikit peningkatan di komunikasi tim
PR00762,E0151,2025-S2,3.17,Perlu peningkatan konsistensi
PR00763,E0151,2026-S1,3.62,Stabil dan dapat diandalkan
PR00764,E0152,2023-S2,3.97,Stabil dan dapat diandalkan
PR00765,E0152,2024-S1,3.95,Stabil dan dapat diandalkan
PR00766,E0152,2024-S2,3.69,Stabil dan dapat diandalkan
PR00767,E0152,2025-S1,3.96,Stabil dan dapat diandalkan
PR00768,E0152,2025-S2,3.65,"Kinerja baik, memenuhi target"
PR00769,E0152,2026-S1,3.54,Stabil dan dapat diandalkan
PR00770,E0153,2023-S2,3.81,Perlu sedikit peningkatan di komunikasi tim
PR00771,E0153,2024-S1,3.76,Stabil dan dapat diandalkan
PR00772,E0153,2024-S2,3.79,Stabil dan dapat diandalkan
PR00773,E0153,2025-S1,3.92,Perlu sedikit peningkatan di komunikasi tim
PR00774,E0153,2025-S2,4.24,"Kinerja baik, memenuhi target"
PR00775,E0153,2026-S1,3.92,Stabil dan dapat diandalkan
PR00776,E0154,2023-S2,4.8,"Inisiatif tinggi, layak dipertimbangkan untuk promosi"
PR00777,E0154,2024-S1,4.84,"Sangat diandalkan tim, guest feedback positif"
PR00778,E0154,2024-S2,4.84,"Kinerja sangat baik, konsisten melebihi ekspektasi"
PR00779,E0154,2025-S1,4.62,"Sangat diandalkan tim, guest feedback positif"
PR00780,E0154,2025-S2,4.56,"Inisiatif tinggi, layak dipertimbangkan untuk promosi"
PR00781,E0154,2026-S1,4.94,"Sangat diandalkan tim, guest feedback positif"
PR00782,E0155,2024-S1,3.38,Beberapa target belum tercapai
PR00783,E0155,2024-S2,3.24,Beberapa target belum tercapai
PR00784,E0155,2025-S1,3.39,Beberapa target belum tercapai
PR00785,E0155,2025-S2,3.24,"Kinerja cukup, ada ruang perbaikan"
PR00786,E0155,2026-S1,3.5,Stabil dan dapat diandalkan
PR00787,E0156,2023-S2,3.35,"Kinerja cukup, ada ruang perbaikan"
PR00788,E0156,2024-S1,3.24,"Kinerja cukup, ada ruang perbaikan"
PR00789,E0156,2024-S2,2.79,Beberapa target belum tercapai
PR00790,E0156,2025-S1,3.06,Beberapa target belum tercapai
PR00791,E0156,2025-S2,3.02,"Kinerja cukup, ada ruang perbaikan"
PR00792,E0156,2026-S1,3.1,Beberapa target belum tercapai
PR00793,E0158,2023-S2,3.12,"Kinerja cukup, ada ruang perbaikan"
PR00794,E0159,2023-S2,3.4,Perlu peningkatan konsistensi
PR00795,E0159,2024-S1,3.34,Beberapa target belum tercapai
PR00796,E0159,2024-S2,3.5,Stabil dan dapat diandalkan
PR00797,E0159,2025-S1,3.63,Perlu sedikit peningkatan di komunikasi tim
PR00798,E0159,2025-S2,3.52,Perlu sedikit peningkatan di komunikasi tim
PR00799,E0159,2026-S1,3.58,"Kinerja baik, memenuhi target"
PR00800,E0160,2023-S2,4.12,"Kinerja baik, memenuhi target"
PR00801,E0160,2024-S1,4.06,"Kinerja baik, memenuhi target"
PR00802,E0160,2024-S2,4.27,Stabil dan dapat diandalkan
PR00803,E0160,2025-S1,3.96,Perlu sedikit peningkatan di komunikasi tim
PR00804,E0160,2025-S2,3.97,Stabil dan dapat diandalkan
PR00805,E0160,2026-S1,4.11,Perlu sedikit peningkatan di komunikasi tim
PR00806,E0161,2023-S2,2.96,Perlu peningkatan konsistensi
PR00807,E0161,2024-S1,2.74,Beberapa target belum tercapai
PR00808,E0161,2024-S2,3.2,"Kinerja cukup, ada ruang perbaikan"
PR00809,E0161,2025-S1,2.87,Perlu peningkatan konsistensi
PR00810,E0161,2025-S2,3.22,"Kinerja cukup, ada ruang perbaikan"
PR00811,E0161,2026-S1,2.63,Beberapa target belum tercapai
PR00812,E0162,2023-S2,3.21,Beberapa target belum tercapai
PR00813,E0162,2024-S1,3.33,Beberapa target belum tercapai
PR00814,E0162,2024-S2,3.38,"Kinerja cukup, ada ruang perbaikan"
PR00815,E0162,2025-S1,3.29,"Kinerja cukup, ada ruang perbaikan"
PR00816,E0162,2025-S2,2.91,Perlu peningkatan konsistensi
PR00817,E0162,2026-S1,3.01,Beberapa target belum tercapai
PR00818,E0163,2023-S2,3.48,"Kinerja cukup, ada ruang perbaikan"
PR00819,E0163,2024-S1,3.07,Perlu peningkatan konsistensi
PR00820,E0163,2024-S2,3.07,"Kinerja cukup, ada ruang perbaikan"
PR00821,E0163,2025-S1,3.19,Perlu peningkatan konsistensi
PR00822,E0163,2025-S2,3.19,"Kinerja cukup, ada ruang perbaikan"
PR00823,E0163,2026-S1,3.04,Beberapa target belum tercapai
PR00824,E0164,2023-S2,3.43,"Kinerja cukup, ada ruang perbaikan"
PR00825,E0164,2024-S1,3.67,Stabil dan dapat diandalkan
PR00826,E0164,2024-S2,3.39,Perlu peningkatan konsistensi
PR00827,E0164,2025-S1,3.28,Perlu peningkatan konsistensi
PR00828,E0164,2025-S2,3.42,Perlu peningkatan konsistensi
PR00829,E0164,2026-S1,3.47,Beberapa target belum tercapai
PR00830,E0165,2023-S2,2.53,Beberapa target belum tercapai
PR00831,E0165,2024-S1,2.42,Beberapa keluhan terkait kedisiplinan
PR00832,E0165,2024-S2,2.43,Perlu evaluasi lebih lanjut
PR00833,E0165,2025-S1,2.36,Perlu evaluasi lebih lanjut
PR00834,E0166,2023-S2,3.15,Perlu peningkatan konsistensi
PR00835,E0166,2024-S1,3.3,Perlu peningkatan konsistensi
PR00836,E0166,2024-S2,3.17,Perlu peningkatan konsistensi
PR00837,E0166,2025-S1,3.15,"Kinerja cukup, ada ruang perbaikan"
PR00838,E0166,2025-S2,3.19,"Kinerja cukup, ada ruang perbaikan"
PR00839,E0166,2026-S1,3.0,Beberapa target belum tercapai
PR00840,E0167,2023-S2,3.67,"Kinerja baik, memenuhi target"
PR00841,E0167,2024-S1,3.58,Stabil dan dapat diandalkan
PR00842,E0167,2024-S2,3.57,Perlu sedikit peningkatan di komunikasi tim
PR00843,E0167,2025-S1,3.7,Perlu sedikit peningkatan di komunikasi tim
PR00844,E0167,2025-S2,3.52,Perlu sedikit peningkatan di komunikasi tim
PR00845,E0167,2026-S1,3.51,Perlu sedikit peningkatan di komunikasi tim
PR00846,E0168,2023-S2,3.58,"Kinerja baik, memenuhi target"
PR00847,E0168,2024-S1,3.99,Stabil dan dapat diandalkan
PR00848,E0168,2024-S2,3.98,Perlu sedikit peningkatan di komunikasi tim
PR00849,E0168,2025-S1,3.83,"Kinerja baik, memenuhi target"
PR00850,E0168,2025-S2,3.45,Perlu peningkatan konsistensi
PR00851,E0168,2026-S1,3.79,Stabil dan dapat diandalkan
PR00852,E0169,2023-S2,3.85,"Kinerja baik, memenuhi target"
PR00853,E0169,2024-S1,4.06,"Kinerja baik, memenuhi target"
PR00854,E0169,2024-S2,4.2,Stabil dan dapat diandalkan
PR00855,E0169,2025-S1,4.17,"Kinerja baik, memenuhi target"
PR00856,E0169,2025-S2,4.05,Stabil dan dapat diandalkan
PR00857,E0169,2026-S1,4.28,"Kinerja baik, memenuhi target"
PR00858,E0170,2025-S2,4.23,Perlu sedikit peningkatan di komunikasi tim
PR00859,E0170,2026-S1,4.04,"Kinerja baik, memenuhi target"
PR00860,E0171,2023-S2,4.17,Perlu sedikit peningkatan di komunikasi tim
PR00861,E0171,2024-S1,4.18,"Kinerja baik, memenuhi target"
PR00862,E0171,2024-S2,3.93,Stabil dan dapat diandalkan
PR00863,E0171,2025-S1,4.2,Perlu sedikit peningkatan di komunikasi tim
PR00864,E0171,2025-S2,4.38,"Inisiatif tinggi, layak dipertimbangkan untuk promosi"
PR00865,E0171,2026-S1,4.19,Stabil dan dapat diandalkan
PR00866,E0172,2023-S2,3.73,Stabil dan dapat diandalkan
PR00867,E0172,2024-S1,3.75,"Kinerja baik, memenuhi target"
PR00868,E0172,2024-S2,3.69,Perlu sedikit peningkatan di komunikasi tim
PR00869,E0172,2025-S1,3.59,"Kinerja baik, memenuhi target"
PR00870,E0172,2025-S2,3.88,"Kinerja baik, memenuhi target"
PR00871,E0172,2026-S1,3.72,Perlu sedikit peningkatan di komunikasi tim
PR00872,E0173,2023-S2,3.27,Beberapa target belum tercapai
PR00873,E0173,2024-S1,3.44,Beberapa target belum tercapai
PR00874,E0173,2024-S2,3.43,Perlu peningkatan konsistensi
PR00875,E0173,2025-S1,3.2,Beberapa target belum tercapai
PR00876,E0173,2025-S2,3.27,"Kinerja cukup, ada ruang perbaikan"
PR00877,E0173,2026-S1,3.61,Perlu sedikit peningkatan di komunikasi tim
PR00878,E0174,2024-S1,3.86,Stabil dan dapat diandalkan
PR00879,E0174,2024-S2,4.15,Perlu sedikit peningkatan di komunikasi tim
PR00880,E0174,2025-S1,3.8,Perlu sedikit peningkatan di komunikasi tim
PR00881,E0174,2025-S2,4.23,Stabil dan dapat diandalkan
PR00882,E0174,2026-S1,4.62,"Sangat diandalkan tim, guest feedback positif"
PR00883,E0175,2023-S2,3.14,Beberapa target belum tercapai
PR00884,E0175,2024-S1,3.14,Beberapa target belum tercapai
PR00885,E0175,2024-S2,3.24,Perlu peningkatan konsistensi
PR00886,E0175,2025-S1,2.99,Beberapa target belum tercapai
PR00887,E0175,2025-S2,3.11,Beberapa target belum tercapai
PR00888,E0175,2026-S1,3.42,"Kinerja cukup, ada ruang perbaikan"
PR00889,E0176,2023-S2,3.42,"Kinerja cukup, ada ruang perbaikan"
PR00890,E0176,2024-S1,3.11,Perlu peningkatan konsistensi
PR00891,E0176,2024-S2,3.43,Beberapa target belum tercapai
PR00892,E0176,2025-S1,3.55,Stabil dan dapat diandalkan
PR00893,E0176,2025-S2,3.29,Perlu peningkatan konsistensi
PR00894,E0176,2026-S1,3.38,Perlu peningkatan konsistensi
PR00895,E0177,2024-S1,3.87,Stabil dan dapat diandalkan
PR00896,E0177,2024-S2,3.86,"Kinerja baik, memenuhi target"
PR00897,E0177,2025-S1,3.85,"Kinerja baik, memenuhi target"
PR00898,E0177,2025-S2,4.17,"Kinerja baik, memenuhi target"
PR00899,E0177,2026-S1,4.36,"Inisiatif tinggi, layak dipertimbangkan untuk promosi"
PR00900,E0178,2023-S2,3.21,Beberapa target belum tercapai
PR00901,E0178,2024-S1,3.21,Beberapa target belum tercapai
PR00902,E0178,2024-S2,3.03,Perlu peningkatan konsistensi
PR00903,E0178,2025-S1,2.92,Beberapa target belum tercapai
PR00904,E0178,2025-S2,3.5,"Kinerja baik, memenuhi target"
PR00905,E0178,2026-S1,3.34,"Kinerja cukup, ada ruang perbaikan"
PR00906,E0179,2023-S2,3.44,Beberapa target belum tercapai
PR00907,E0179,2024-S1,3.39,"Kinerja cukup, ada ruang perbaikan"
PR00908,E0179,2024-S2,3.39,Beberapa target belum tercapai
PR00909,E0179,2025-S1,3.46,"Kinerja cukup, ada ruang perbaikan"
PR00910,E0179,2025-S2,3.24,"Kinerja cukup, ada ruang perbaikan"
PR00911,E0179,2026-S1,2.91,Beberapa target belum tercapai
PR00912,E0180,2023-S2,3.11,Perlu peningkatan konsistensi
PR00913,E0180,2024-S1,3.18,"Kinerja cukup, ada ruang perbaikan"
PR00914,E0180,2024-S2,3.02,Beberapa target belum tercapai
PR00915,E0180,2025-S1,3.44,Perlu peningkatan konsistensi
PR00916,E0180,2025-S2,3.23,Perlu peningkatan konsistensi
PR00917,E0180,2026-S1,2.65,Beberapa target belum tercapai
PR00918,E0181,2023-S2,4.58,"Kinerja sangat baik, konsisten melebihi ekspektasi"
PR00919,E0181,2024-S1,4.28,Perlu sedikit peningkatan di komunikasi tim
PR00920,E0181,2024-S2,4.21,Stabil dan dapat diandalkan
PR00921,E0181,2025-S1,4.49,"Inisiatif tinggi, layak dipertimbangkan untuk promosi"
PR00922,E0181,2025-S2,4.17,"Kinerja baik, memenuhi target"
PR00923,E0181,2026-S1,4.41,"Inisiatif tinggi, layak dipertimbangkan untuk promosi"
PR00924,E0182,2026-S1,3.24,"Kinerja cukup, ada ruang perbaikan"
PR00925,E0183,2023-S2,3.41,"Kinerja cukup, ada ruang perbaikan"
PR00926,E0183,2024-S1,3.35,Beberapa target belum tercapai
PR00927,E0183,2024-S2,3.59,Stabil dan dapat diandalkan
PR00928,E0183,2025-S1,3.51,Stabil dan dapat diandalkan
PR00929,E0183,2025-S2,3.51,"Kinerja baik, memenuhi target"
PR00930,E0183,2026-S1,3.48,Perlu peningkatan konsistensi
PR00931,E0184,2023-S2,3.51,Stabil dan dapat diandalkan
PR00932,E0184,2024-S1,3.27,Beberapa target belum tercapai
PR00933,E0184,2024-S2,3.17,Beberapa target belum tercapai
PR00934,E0184,2025-S1,3.2,Beberapa target belum tercapai
PR00935,E0184,2025-S2,2.73,"Kinerja cukup, ada ruang perbaikan"
PR00936,E0184,2026-S1,3.01,"Kinerja cukup, ada ruang perbaikan"
PR00937,E0185,2023-S2,3.3,"Kinerja cukup, ada ruang perbaikan"
PR00938,E0185,2024-S1,3.1,Beberapa target belum tercapai
PR00939,E0185,2024-S2,3.38,Perlu peningkatan konsistensi
PR00940,E0185,2025-S1,3.42,Perlu peningkatan konsistensi
PR00941,E0185,2025-S2,3.28,Beberapa target belum tercapai
PR00942,E0185,2026-S1,3.18,"Kinerja cukup, ada ruang perbaikan"
PR00943,E0186,2023-S2,4.44,"Inisiatif tinggi, layak dipertimbangkan untuk promosi"
PR00944,E0186,2024-S1,4.09,Perlu sedikit peningkatan di komunikasi tim
PR00945,E0186,2024-S2,4.04,Perlu sedikit peningkatan di komunikasi tim
PR00946,E0186,2025-S1,3.95,Perlu sedikit peningkatan di komunikasi tim
PR00947,E0186,2025-S2,4.12,Perlu sedikit peningkatan di komunikasi tim
PR00948,E0186,2026-S1,4.13,Stabil dan dapat diandalkan
PR00949,E0187,2023-S2,4.13,Stabil dan dapat diandalkan
PR00950,E0187,2024-S1,4.38,"Sangat diandalkan tim, guest feedback positif"
PR00951,E0187,2024-S2,3.93,Stabil dan dapat diandalkan
PR00952,E0187,2025-S1,3.87,"Kinerja baik, memenuhi target"
PR00953,E0187,2025-S2,4.42,"Kinerja sangat baik, konsisten melebihi ekspektasi"
PR00954,E0187,2026-S1,4.1,"Kinerja baik, memenuhi target"
PR00955,E0188,2025-S1,3.88,Perlu sedikit peningkatan di komunikasi tim
PR00956,E0188,2025-S2,3.7,Stabil dan dapat diandalkan
PR00957,E0188,2026-S1,3.84,Perlu sedikit peningkatan di komunikasi tim
PR00958,E0189,2023-S2,3.11,Perlu peningkatan konsistensi
PR00959,E0189,2024-S1,3.23,Beberapa target belum tercapai
PR00960,E0189,2024-S2,3.41,"Kinerja cukup, ada ruang perbaikan"
PR00961,E0189,2025-S1,3.37,Beberapa target belum tercapai
PR00962,E0189,2025-S2,3.18,Perlu peningkatan konsistensi
PR00963,E0189,2026-S1,3.1,"Kinerja cukup, ada ruang perbaikan"
PR00964,E0191,2023-S2,3.2,"Kinerja cukup, ada ruang perbaikan"
PR00965,E0191,2024-S1,3.41,Beberapa target belum tercapai
PR00966,E0191,2024-S2,3.1,Perlu peningkatan konsistensi
PR00967,E0191,2025-S1,3.23,Beberapa target belum tercapai
PR00968,E0191,2025-S2,3.46,Beberapa target belum tercapai
PR00969,E0191,2026-S1,2.87,"Kinerja cukup, ada ruang perbaikan"
PR00970,E0192,2026-S1,3.17,"Kinerja cukup, ada ruang perbaikan"
PR00971,E0193,2024-S2,3.06,Perlu peningkatan konsistensi
PR00972,E0193,2025-S1,3.09,Beberapa target belum tercapai
PR00973,E0193,2025-S2,3.33,Beberapa target belum tercapai
PR00974,E0193,2026-S1,3.02,"Kinerja cukup, ada ruang perbaikan"
PR00975,E0194,2023-S2,4.22,"Kinerja baik, memenuhi target"
PR00976,E0194,2024-S1,4.04,Perlu sedikit peningkatan di komunikasi tim
PR00977,E0194,2024-S2,4.13,Perlu sedikit peningkatan di komunikasi tim
PR00978,E0194,2025-S1,4.39,"Sangat diandalkan tim, guest feedback positif"
PR00979,E0194,2025-S2,4.44,"Inisiatif tinggi, layak dipertimbangkan untuk promosi"
PR00980,E0194,2026-S1,4.28,Stabil dan dapat diandalkan
PR00981,E0195,2023-S2,3.32,Perlu peningkatan konsistensi
PR00982,E0195,2024-S1,3.45,Perlu peningkatan konsistensi
PR00983,E0195,2024-S2,3.29,"Kinerja cukup, ada ruang perbaikan"
PR00984,E0195,2025-S1,3.18,"Kinerja cukup, ada ruang perbaikan"
PR00985,E0195,2025-S2,3.27,"Kinerja cukup, ada ruang perbaikan"
PR00986,E0195,2026-S1,3.79,Perlu sedikit peningkatan di komunikasi tim
PR00987,E0196,2023-S2,3.29,Perlu peningkatan konsistensi
PR00988,E0196,2024-S1,3.2,Beberapa target belum tercapai
PR00989,E0197,2023-S2,4.11,Stabil dan dapat diandalkan
PR00990,E0197,2024-S1,3.95,Perlu sedikit peningkatan di komunikasi tim
PR00991,E0197,2024-S2,4.46,"Kinerja sangat baik, konsisten melebihi ekspektasi"
PR00992,E0197,2025-S1,4.14,Stabil dan dapat diandalkan
PR00993,E0197,2025-S2,3.86,Perlu sedikit peningkatan di komunikasi tim
PR00994,E0197,2026-S1,4.09,Stabil dan dapat diandalkan
PR00995,E0198,2024-S1,4.39,"Kinerja sangat baik, konsisten melebihi ekspektasi"
PR00996,E0199,2023-S2,4.27,Stabil dan dapat diandalkan
PR00997,E0199,2024-S1,4.51,"Sangat diandalkan tim, guest feedback positif"
PR00998,E0199,2024-S2,4.13,Perlu sedikit peningkatan di komunikasi tim
PR00999,E0199,2025-S1,4.14,Stabil dan dapat diandalkan
PR01000,E0199,2025-S2,4.54,"Sangat diandalkan tim, guest feedback positif"
PR01001,E0199,2026-S1,4.43,"Inisiatif tinggi, layak dipertimbangkan untuk promosi"
PR01002,E0200,2023-S2,3.53,"Kinerja baik, memenuhi target"
PR01003,E0200,2024-S1,3.31,"Kinerja cukup, ada ruang perbaikan"
PR01004,E0200,2024-S2,3.16,"Kinerja cukup, ada ruang perbaikan"
PR01005,E0200,2025-S1,3.3,Perlu peningkatan konsistensi
PR01006,E0200,2025-S2,3.28,Perlu peningkatan konsistensi
PR01007,E0200,2026-S1,3.42,Perlu peningkatan konsistensi
PR01008,E0201,2023-S2,2.84,Beberapa target belum tercapai
PR01009,E0201,2024-S1,2.29,Perlu evaluasi lebih lanjut
PR01010,E0201,2024-S2,2.85,"Kinerja cukup, ada ruang perbaikan"
PR01011,E0201,2025-S1,2.86,Beberapa target belum tercapai
PR01012,E0201,2025-S2,2.81,Perlu peningkatan konsistensi
PR01013,E0201,2026-S1,2.76,"Kinerja cukup, ada ruang perbaikan"
PR01014,E0202,2024-S1,4.28,Stabil dan dapat diandalkan
PR01015,E0202,2024-S2,4.34,"Sangat diandalkan tim, guest feedback positif"
PR01016,E0202,2025-S1,3.9,Perlu sedikit peningkatan di komunikasi tim
PR01017,E0202,2025-S2,3.85,Stabil dan dapat diandalkan
PR01018,E0202,2026-S1,4.23,Stabil dan dapat diandalkan
PR01019,E0203,2023-S2,3.53,"Kinerja baik, memenuhi target"
PR01020,E0203,2024-S1,4.0,"Kinerja baik, memenuhi target"
PR01021,E0203,2024-S2,3.93,Stabil dan dapat diandalkan
PR01022,E0203,2025-S1,4.05,Stabil dan dapat diandalkan
PR01023,E0203,2025-S2,3.69,Perlu sedikit peningkatan di komunikasi tim
PR01024,E0203,2026-S1,4.23,Perlu sedikit peningkatan di komunikasi tim
PR01025,E0204,2023-S2,4.72,"Inisiatif tinggi, layak dipertimbangkan untuk promosi"
PR01026,E0204,2024-S1,4.17,"Kinerja baik, memenuhi target"
PR01027,E0204,2024-S2,4.59,"Inisiatif tinggi, layak dipertimbangkan untuk promosi"
PR01028,E0204,2025-S1,4.57,"Kinerja sangat baik, konsisten melebihi ekspektasi"
PR01029,E0204,2025-S2,4.88,"Sangat diandalkan tim, guest feedback positif"
PR01030,E0204,2026-S1,4.78,"Kinerja sangat baik, konsisten melebihi ekspektasi"
PR01031,E0205,2024-S1,4.22,Stabil dan dapat diandalkan
PR01032,E0205,2024-S2,4.37,"Kinerja sangat baik, konsisten melebihi ekspektasi"
PR01033,E0205,2025-S1,4.61,"Inisiatif tinggi, layak dipertimbangkan untuk promosi"
PR01034,E0205,2025-S2,4.65,"Inisiatif tinggi, layak dipertimbangkan untuk promosi"
PR01035,E0205,2026-S1,4.32,"Sangat diandalkan tim, guest feedback positif"
PR01036,E0207,2023-S2,4.04,Stabil dan dapat diandalkan
PR01037,E0207,2024-S1,4.34,"Inisiatif tinggi, layak dipertimbangkan untuk promosi"
PR01038,E0207,2024-S2,4.52,"Inisiatif tinggi, layak dipertimbangkan untuk promosi"
PR01039,E0207,2025-S1,4.61,"Sangat diandalkan tim, guest feedback positif"
PR01040,E0207,2025-S2,4.16,"Kinerja baik, memenuhi target"
PR01041,E0207,2026-S1,4.26,Perlu sedikit peningkatan di komunikasi tim
PR01042,E0208,2023-S2,4.11,"Kinerja baik, memenuhi target"
PR01043,E0208,2024-S1,3.26,Beberapa target belum tercapai
PR01044,E0209,2023-S2,3.72,Perlu sedikit peningkatan di komunikasi tim
PR01045,E0209,2024-S1,3.61,Perlu sedikit peningkatan di komunikasi tim
PR01046,E0209,2024-S2,3.41,"Kinerja cukup, ada ruang perbaikan"
PR01047,E0209,2025-S1,3.5,"Kinerja baik, memenuhi target"
PR01048,E0210,2023-S2,4.55,"Sangat diandalkan tim, guest feedback positif"
PR01049,E0210,2024-S1,4.39,"Inisiatif tinggi, layak dipertimbangkan untuk promosi"
PR01050,E0210,2024-S2,4.54,"Sangat diandalkan tim, guest feedback positif"
PR01051,E0210,2025-S1,4.28,"Kinerja baik, memenuhi target"
PR01052,E0210,2025-S2,4.78,"Sangat diandalkan tim, guest feedback positif"
PR01053,E0210,2026-S1,4.55,"Inisiatif tinggi, layak dipertimbangkan untuk promosi"
PR01054,E0211,2025-S2,3.75,Stabil dan dapat diandalkan
PR01055,E0211,2026-S1,4.03,Perlu sedikit peningkatan di komunikasi tim
PR01056,E0212,2023-S2,2.97,"Kinerja cukup, ada ruang perbaikan"
PR01057,E0212,2024-S1,2.69,Beberapa target belum tercapai
PR01058,E0212,2024-S2,3.18,"Kinerja cukup, ada ruang perbaikan"
PR01059,E0212,2025-S1,3.01,"Kinerja cukup, ada ruang perbaikan"
PR01060,E0212,2025-S2,2.86,Beberapa target belum tercapai
PR01061,E0212,2026-S1,2.91,Perlu peningkatan konsistensi
PR01062,E0213,2023-S2,3.75,Perlu sedikit peningkatan di komunikasi tim
PR01063,E0213,2024-S1,3.49,Beberapa target belum tercapai
PR01064,E0213,2024-S2,3.51,"Kinerja baik, memenuhi target"
PR01065,E0213,2025-S1,3.85,"Kinerja baik, memenuhi target"
PR01066,E0213,2025-S2,3.39,"Kinerja cukup, ada ruang perbaikan"
PR01067,E0213,2026-S1,3.86,Perlu sedikit peningkatan di komunikasi tim
PR01068,E0214,2023-S2,3.85,Perlu sedikit peningkatan di komunikasi tim
PR01069,E0214,2024-S1,3.92,Perlu sedikit peningkatan di komunikasi tim
PR01070,E0214,2024-S2,4.22,Stabil dan dapat diandalkan
PR01071,E0214,2025-S1,3.76,Perlu sedikit peningkatan di komunikasi tim
PR01072,E0214,2025-S2,3.7,Perlu sedikit peningkatan di komunikasi tim
PR01073,E0214,2026-S1,3.91,Perlu sedikit peningkatan di komunikasi tim
PR01074,E0215,2023-S2,3.69,"Kinerja baik, memenuhi target"
PR01075,E0215,2024-S1,4.18,Stabil dan dapat diandalkan
PR01076,E0215,2024-S2,4.06,Perlu sedikit peningkatan di komunikasi tim
PR01077,E0215,2025-S1,3.88,Perlu sedikit peningkatan di komunikasi tim
PR01078,E0215,2025-S2,4.09,Stabil dan dapat diandalkan
PR01079,E0215,2026-S1,4.14,Perlu sedikit peningkatan di komunikasi tim
PR01080,E0216,2023-S2,3.92,"Kinerja baik, memenuhi target"
PR01081,E0217,2023-S2,3.53,Stabil dan dapat diandalkan
PR01082,E0217,2024-S1,3.62,Stabil dan dapat diandalkan
PR01083,E0217,2024-S2,2.86,Beberapa target belum tercapai
PR01084,E0218,2023-S2,2.38,Beberapa keluhan terkait kedisiplinan
PR01085,E0218,2024-S1,2.16,"Kinerja di bawah standar, perlu coaching intensif"
PR01086,E0218,2024-S2,2.11,"Kinerja di bawah standar, perlu coaching intensif"
PR01087,E0218,2025-S1,2.22,Beberapa keluhan terkait kedisiplinan
PR01088,E0218,2025-S2,2.25,"Kinerja di bawah standar, perlu coaching intensif"
PR01089,E0218,2026-S1,2.29,Perlu evaluasi lebih lanjut
PR01090,E0219,2023-S2,3.04,"Kinerja cukup, ada ruang perbaikan"
PR01091,E0219,2024-S1,3.33,Beberapa target belum tercapai
PR01092,E0219,2024-S2,3.11,"Kinerja cukup, ada ruang perbaikan"
PR01093,E0219,2025-S1,3.42,"Kinerja cukup, ada ruang perbaikan"
PR01094,E0219,2025-S2,3.16,Perlu peningkatan konsistensi
PR01095,E0219,2026-S1,3.46,Beberapa target belum tercapai
PR01096,E0220,2023-S2,2.8,"Kinerja cukup, ada ruang perbaikan"
PR01097,E0220,2024-S1,2.99,Beberapa target belum tercapai
PR01098,E0220,2024-S2,3.06,Beberapa target belum tercapai
PR01099,E0220,2025-S1,3.11,Beberapa target belum tercapai
PR01100,E0220,2025-S2,3.22,Perlu peningkatan konsistensi
PR01101,E0220,2026-S1,3.08,"Kinerja cukup, ada ruang perbaikan"
PR01102,E0221,2023-S2,4.12,"Kinerja baik, memenuhi target"
PR01103,E0221,2024-S1,4.2,Stabil dan dapat diandalkan
PR01104,E0221,2024-S2,4.21,Perlu sedikit peningkatan di komunikasi tim
PR01105,E0221,2025-S1,3.97,Perlu sedikit peningkatan di komunikasi tim
PR01106,E0222,2025-S1,4.23,Stabil dan dapat diandalkan
PR01107,E0222,2025-S2,4.57,"Inisiatif tinggi, layak dipertimbangkan untuk promosi"
PR01108,E0222,2026-S1,4.63,"Sangat diandalkan tim, guest feedback positif"
PR01109,E0223,2023-S2,4.0,Perlu sedikit peningkatan di komunikasi tim
PR01110,E0223,2024-S1,3.46,Beberapa target belum tercapai
PR01111,E0223,2024-S2,3.4,Perlu peningkatan konsistensi
PR01112,E0223,2025-S1,3.28,Perlu peningkatan konsistensi
PR01113,E0223,2025-S2,3.13,Beberapa target belum tercapai
PR01114,E0223,2026-S1,3.2,Perlu peningkatan konsistensi
PR01115,E0224,2023-S2,3.06,Perlu peningkatan konsistensi
PR01116,E0224,2024-S1,2.65,Perlu peningkatan konsistensi
PR01117,E0224,2024-S2,2.93,Perlu peningkatan konsistensi
PR01118,E0224,2025-S1,2.95,"Kinerja cukup, ada ruang perbaikan"
PR01119,E0224,2025-S2,3.16,Beberapa target belum tercapai
PR01120,E0224,2026-S1,2.87,Perlu peningkatan konsistensi
PR01121,E0225,2023-S2,3.58,Stabil dan dapat diandalkan
PR01122,E0225,2024-S1,3.33,Beberapa target belum tercapai
PR01123,E0225,2024-S2,3.43,"Kinerja cukup, ada ruang perbaikan"
PR01124,E0225,2025-S1,3.55,Perlu sedikit peningkatan di komunikasi tim
PR01125,E0225,2025-S2,3.3,"Kinerja cukup, ada ruang perbaikan"
PR01126,E0225,2026-S1,3.48,"Kinerja cukup, ada ruang perbaikan"
PR01127,E0226,2023-S2,2.34,Perlu evaluasi lebih lanjut
PR01128,E0226,2024-S1,2.42,Beberapa keluhan terkait kedisiplinan
PR01129,E0226,2024-S2,2.6,Beberapa target belum tercapai
PR01130,E0226,2025-S1,2.72,"Kinerja cukup, ada ruang perbaikan"
PR01131,E0226,2025-S2,2.73,Beberapa target belum tercapai
PR01132,E0226,2026-S1,2.49,"Kinerja di bawah standar, perlu coaching intensif"
PR01133,E0228,2023-S2,3.55,"Kinerja baik, memenuhi target"
PR01134,E0228,2024-S1,3.72,Stabil dan dapat diandalkan
PR01135,E0228,2024-S2,3.61,"Kinerja baik, memenuhi target"
PR01136,E0228,2025-S1,3.41,Perlu peningkatan konsistensi
PR01137,E0228,2025-S2,3.28,"Kinerja cukup, ada ruang perbaikan"
PR01138,E0228,2026-S1,3.37,Beberapa target belum tercapai
PR01139,E0229,2023-S2,3.93,Perlu sedikit peningkatan di komunikasi tim
PR01140,E0229,2024-S1,3.53,"Kinerja baik, memenuhi target"
PR01141,E0229,2024-S2,3.91,"Kinerja baik, memenuhi target"
PR01142,E0229,2025-S1,3.52,Stabil dan dapat diandalkan
PR01143,E0229,2025-S2,3.74,Perlu sedikit peningkatan di komunikasi tim
PR01144,E0229,2026-S1,3.95,Perlu sedikit peningkatan di komunikasi tim
PR01145,E0230,2023-S2,3.09,Perlu peningkatan konsistensi
PR01146,E0230,2024-S1,2.97,"Kinerja cukup, ada ruang perbaikan"
PR01147,E0230,2024-S2,2.86,Perlu peningkatan konsistensi
PR01148,E0230,2025-S1,3.09,"Kinerja cukup, ada ruang perbaikan"
PR01149,E0230,2025-S2,3.09,Beberapa target belum tercapai
PR01150,E0230,2026-S1,3.26,"Kinerja cukup, ada ruang perbaikan"
PR01151,E0231,2023-S2,3.51,"Kinerja baik, memenuhi target"
PR01152,E0231,2024-S1,3.41,Perlu peningkatan konsistensi
PR01153,E0231,2024-S2,3.55,Perlu sedikit peningkatan di komunikasi tim
PR01154,E0231,2025-S1,3.27,Perlu peningkatan konsistensi
PR01155,E0231,2025-S2,3.02,"Kinerja cukup, ada ruang perbaikan"
PR01156,E0231,2026-S1,3.44,Perlu peningkatan konsistensi
PR01157,E0232,2023-S2,3.1,"Kinerja cukup, ada ruang perbaikan"
PR01158,E0232,2024-S1,2.36,Perlu evaluasi lebih lanjut
PR01159,E0232,2024-S2,2.73,"Kinerja cukup, ada ruang perbaikan"
PR01160,E0232,2025-S1,2.6,Beberapa target belum tercapai
PR01161,E0233,2023-S2,3.38,Beberapa target belum tercapai
PR01162,E0233,2024-S1,3.44,"Kinerja cukup, ada ruang perbaikan"
PR01163,E0233,2024-S2,3.33,Beberapa target belum tercapai
PR01164,E0233,2025-S1,3.45,Perlu peningkatan konsistensi
PR01165,E0233,2025-S2,3.83,Stabil dan dapat diandalkan
PR01166,E0233,2026-S1,3.53,Perlu sedikit peningkatan di komunikasi tim
PR01167,E0234,2023-S2,3.62,Stabil dan dapat diandalkan
PR01168,E0234,2024-S1,3.51,"Kinerja baik, memenuhi target"
PR01169,E0234,2024-S2,3.32,"Kinerja cukup, ada ruang perbaikan"
PR01170,E0234,2025-S1,3.58,Perlu sedikit peningkatan di komunikasi tim
PR01171,E0234,2025-S2,3.63,Stabil dan dapat diandalkan
PR01172,E0234,2026-S1,3.27,Beberapa target belum tercapai
PR01173,E0235,2023-S2,4.86,"Sangat diandalkan tim, guest feedback positif"
PR01174,E0235,2024-S1,4.61,"Kinerja sangat baik, konsisten melebihi ekspektasi"
PR01175,E0235,2024-S2,5.0,"Kinerja sangat baik, konsisten melebihi ekspektasi"
PR01176,E0235,2025-S1,4.81,"Sangat diandalkan tim, guest feedback positif"
PR01177,E0235,2025-S2,4.85,"Kinerja sangat baik, konsisten melebihi ekspektasi"
PR01178,E0235,2026-S1,4.67,"Sangat diandalkan tim, guest feedback positif"
PR01179,E0236,2023-S2,3.84,Perlu sedikit peningkatan di komunikasi tim
PR01180,E0236,2024-S1,3.72,"Kinerja baik, memenuhi target"
PR01181,E0236,2024-S2,3.56,Perlu sedikit peningkatan di komunikasi tim
PR01182,E0236,2025-S1,3.61,"Kinerja baik, memenuhi target"
PR01183,E0236,2025-S2,3.72,"Kinerja baik, memenuhi target"
PR01184,E0236,2026-S1,3.73,"Kinerja baik, memenuhi target"
PR01185,E0237,2024-S2,4.36,"Sangat diandalkan tim, guest feedback positif"
PR01186,E0237,2025-S1,4.74,"Sangat diandalkan tim, guest feedback positif"
PR01187,E0237,2025-S2,4.48,"Inisiatif tinggi, layak dipertimbangkan untuk promosi"
PR01188,E0237,2026-S1,4.52,"Sangat diandalkan tim, guest feedback positif"
PR01189,E0238,2023-S2,3.44,"Kinerja cukup, ada ruang perbaikan"
PR01190,E0238,2024-S1,3.54,Perlu sedikit peningkatan di komunikasi tim
PR01191,E0238,2024-S2,3.29,Beberapa target belum tercapai
PR01192,E0238,2025-S1,3.17,Perlu peningkatan konsistensi
PR01193,E0238,2025-S2,3.2,Perlu peningkatan konsistensi
PR01194,E0238,2026-S1,2.92,"Kinerja cukup, ada ruang perbaikan"
PR01195,E0239,2023-S2,3.2,Perlu peningkatan konsistensi
PR01196,E0239,2024-S1,2.7,Perlu peningkatan konsistensi
PR01197,E0239,2024-S2,2.85,Perlu peningkatan konsistensi
PR01198,E0239,2025-S1,3.23,"Kinerja cukup, ada ruang perbaikan"
PR01199,E0239,2025-S2,2.89,Beberapa target belum tercapai
PR01200,E0239,2026-S1,2.86,Perlu peningkatan konsistensi
PR01201,E0241,2024-S1,3.72,Stabil dan dapat diandalkan
PR01202,E0241,2024-S2,3.14,"Kinerja cukup, ada ruang perbaikan"
PR01203,E0242,2023-S2,3.58,"Kinerja baik, memenuhi target"
PR01204,E0242,2024-S1,3.77,Perlu sedikit peningkatan di komunikasi tim
PR01205,E0242,2024-S2,3.6,"Kinerja baik, memenuhi target"
PR01206,E0242,2025-S1,3.96,Stabil dan dapat diandalkan
PR01207,E0242,2025-S2,3.98,Stabil dan dapat diandalkan
PR01208,E0242,2026-S1,3.75,"Kinerja baik, memenuhi target"
PR01209,E0243,2023-S2,4.1,Stabil dan dapat diandalkan
PR01210,E0243,2024-S1,4.14,Perlu sedikit peningkatan di komunikasi tim
PR01211,E0243,2024-S2,4.09,Perlu sedikit peningkatan di komunikasi tim
PR01212,E0243,2025-S1,4.23,Stabil dan dapat diandalkan
PR01213,E0243,2025-S2,4.27,Stabil dan dapat diandalkan
PR01214,E0243,2026-S1,4.07,Perlu sedikit peningkatan di komunikasi tim
PR01215,E0244,2023-S2,3.94,Perlu sedikit peningkatan di komunikasi tim
PR01216,E0244,2024-S1,3.95,Stabil dan dapat diandalkan
PR01217,E0244,2024-S2,4.05,"Kinerja baik, memenuhi target"
PR01218,E0244,2025-S1,4.33,"Kinerja sangat baik, konsisten melebihi ekspektasi"
PR01219,E0244,2025-S2,4.02,"Kinerja baik, memenuhi target"
PR01220,E0244,2026-S1,3.93,Perlu sedikit peningkatan di komunikasi tim
PR01221,E0245,2024-S1,4.54,"Kinerja sangat baik, konsisten melebihi ekspektasi"
PR01222,E0245,2024-S2,4.36,"Kinerja sangat baik, konsisten melebihi ekspektasi"
PR01223,E0245,2025-S1,4.34,"Inisiatif tinggi, layak dipertimbangkan untuk promosi"
PR01224,E0245,2025-S2,4.25,Stabil dan dapat diandalkan
PR01225,E0245,2026-S1,4.4,"Inisiatif tinggi, layak dipertimbangkan untuk promosi"
PR01226,E0246,2023-S2,2.77,"Kinerja cukup, ada ruang perbaikan"
PR01227,E0246,2024-S1,2.6,Beberapa target belum tercapai
PR01228,E0246,2024-S2,2.21,Perlu evaluasi lebih lanjut
PR01229,E0246,2025-S1,2.55,"Kinerja cukup, ada ruang perbaikan"
PR01230,E0246,2025-S2,2.44,Beberapa keluhan terkait kedisiplinan
PR01231,E0246,2026-S1,2.39,Beberapa keluhan terkait kedisiplinan
PR01232,E0247,2023-S2,3.15,Beberapa target belum tercapai
PR01233,E0247,2024-S1,3.31,Perlu peningkatan konsistensi
PR01234,E0247,2024-S2,2.92,"Kinerja cukup, ada ruang perbaikan"
PR01235,E0247,2025-S1,3.57,Stabil dan dapat diandalkan
PR01236,E0247,2025-S2,3.34,Beberapa target belum tercapai
PR01237,E0247,2026-S1,3.45,Beberapa target belum tercapai
PR01238,E0248,2024-S1,3.64,Perlu sedikit peningkatan di komunikasi tim
PR01239,E0248,2024-S2,3.81,"Kinerja baik, memenuhi target"
PR01240,E0248,2025-S1,3.79,Perlu sedikit peningkatan di komunikasi tim
PR01241,E0248,2025-S2,3.89,Stabil dan dapat diandalkan
PR01242,E0248,2026-S1,3.74,Perlu sedikit peningkatan di komunikasi tim
PR01243,E0249,2023-S2,3.57,"Kinerja baik, memenuhi target"
PR01244,E0249,2024-S1,3.79,"Kinerja baik, memenuhi target"
PR01245,E0249,2024-S2,3.83,Perlu sedikit peningkatan di komunikasi tim
PR01246,E0249,2025-S1,3.71,Stabil dan dapat diandalkan
PR01247,E0249,2025-S2,3.97,Stabil dan dapat diandalkan
PR01248,E0249,2026-S1,3.37,Beberapa target belum tercapai
PR01249,E0250,2023-S2,3.45,Perlu peningkatan konsistensi
PR01250,E0250,2024-S1,3.52,Stabil dan dapat diandalkan
PR01251,E0250,2024-S2,3.78,"Kinerja baik, memenuhi target"
PR01252,E0250,2025-S1,3.5,"Kinerja baik, memenuhi target"
PR01253,E0250,2025-S2,3.56,Perlu sedikit peningkatan di komunikasi tim
PR01254,E0250,2026-S1,3.86,"Kinerja baik, memenuhi target"
PR01255,E0251,2023-S2,3.88,"Kinerja baik, memenuhi target"
PR01256,E0251,2024-S1,4.28,Stabil dan dapat diandalkan
PR01257,E0251,2024-S2,4.2,Stabil dan dapat diandalkan
PR01258,E0251,2025-S1,4.24,Perlu sedikit peningkatan di komunikasi tim
PR01259,E0251,2025-S2,3.97,Stabil dan dapat diandalkan
PR01260,E0251,2026-S1,4.21,"Kinerja baik, memenuhi target"
PR01261,E0252,2023-S2,4.8,"Inisiatif tinggi, layak dipertimbangkan untuk promosi"
PR01262,E0252,2024-S1,4.87,"Inisiatif tinggi, layak dipertimbangkan untuk promosi"
PR01263,E0252,2024-S2,4.69,"Inisiatif tinggi, layak dipertimbangkan untuk promosi"
PR01264,E0252,2025-S1,5.0,"Inisiatif tinggi, layak dipertimbangkan untuk promosi"
PR01265,E0252,2025-S2,4.56,"Kinerja sangat baik, konsisten melebihi ekspektasi"
PR01266,E0252,2026-S1,4.69,"Sangat diandalkan tim, guest feedback positif"
PR01267,E0253,2023-S2,2.91,Perlu peningkatan konsistensi
PR01268,E0253,2024-S1,3.26,Perlu peningkatan konsistensi
PR01269,E0253,2024-S2,2.86,Beberapa target belum tercapai
PR01270,E0253,2025-S1,3.04,Beberapa target belum tercapai
PR01271,E0253,2025-S2,3.07,Beberapa target belum tercapai
PR01272,E0253,2026-S1,3.1,Beberapa target belum tercapai
PR01273,E0254,2023-S2,4.66,"Sangat diandalkan tim, guest feedback positif"
PR01274,E0254,2024-S1,4.63,"Inisiatif tinggi, layak dipertimbangkan untuk promosi"
PR01275,E0254,2024-S2,4.38,"Inisiatif tinggi, layak dipertimbangkan untuk promosi"
PR01276,E0254,2025-S1,4.53,"Inisiatif tinggi, layak dipertimbangkan untuk promosi"
PR01277,E0254,2025-S2,4.22,Stabil dan dapat diandalkan
PR01278,E0254,2026-S1,4.41,"Sangat diandalkan tim, guest feedback positif"
PR01279,E0255,2023-S2,3.71,Stabil dan dapat diandalkan
PR01280,E0255,2024-S1,3.87,Perlu sedikit peningkatan di komunikasi tim
PR01281,E0255,2024-S2,3.82,Stabil dan dapat diandalkan
PR01282,E0255,2025-S1,3.65,Perlu sedikit peningkatan di komunikasi tim
PR01283,E0255,2025-S2,3.67,Stabil dan dapat diandalkan
PR01284,E0255,2026-S1,3.73,"Kinerja baik, memenuhi target"
PR01285,E0256,2023-S2,3.94,Stabil dan dapat diandalkan
PR01286,E0256,2024-S1,3.72,Stabil dan dapat diandalkan
PR01287,E0256,2024-S2,3.77,Perlu sedikit peningkatan di komunikasi tim
PR01288,E0256,2025-S1,4.02,Stabil dan dapat diandalkan
PR01289,E0256,2025-S2,3.82,Stabil dan dapat diandalkan
PR01290,E0256,2026-S1,3.93,Perlu sedikit peningkatan di komunikasi tim
PR01291,E0257,2023-S2,3.55,Stabil dan dapat diandalkan
PR01292,E0257,2024-S1,3.82,"Kinerja baik, memenuhi target"
PR01293,E0257,2024-S2,3.54,Perlu sedikit peningkatan di komunikasi tim
PR01294,E0258,2024-S2,3.6,"Kinerja baik, memenuhi target"
PR01295,E0258,2025-S1,3.54,Stabil dan dapat diandalkan
PR01296,E0258,2025-S2,3.48,Beberapa target belum tercapai
PR01297,E0258,2026-S1,3.61,Stabil dan dapat diandalkan
PR01298,E0259,2023-S2,3.16,Perlu peningkatan konsistensi
PR01299,E0259,2024-S1,3.4,"Kinerja cukup, ada ruang perbaikan"
PR01300,E0259,2024-S2,3.5,Perlu sedikit peningkatan di komunikasi tim
PR01301,E0259,2025-S1,3.46,"Kinerja cukup, ada ruang perbaikan"
PR01302,E0259,2025-S2,3.66,"Kinerja baik, memenuhi target"
PR01303,E0259,2026-S1,3.64,Perlu sedikit peningkatan di komunikasi tim
PR01304,E0260,2023-S2,3.29,"Kinerja cukup, ada ruang perbaikan"
PR01305,E0260,2024-S1,2.91,Beberapa target belum tercapai
PR01306,E0261,2023-S2,2.38,Beberapa keluhan terkait kedisiplinan
PR01307,E0261,2024-S1,2.28,Perlu evaluasi lebih lanjut
PR01308,E0261,2024-S2,2.31,Perlu evaluasi lebih lanjut
PR01309,E0262,2023-S2,3.9,Stabil dan dapat diandalkan
PR01310,E0262,2024-S1,3.82,Stabil dan dapat diandalkan
PR01311,E0262,2024-S2,3.75,Stabil dan dapat diandalkan
PR01312,E0262,2025-S1,4.23,Stabil dan dapat diandalkan
PR01313,E0262,2025-S2,4.05,Perlu sedikit peningkatan di komunikasi tim
PR01314,E0262,2026-S1,3.81,Perlu sedikit peningkatan di komunikasi tim
PR01315,E0263,2023-S2,4.19,Perlu sedikit peningkatan di komunikasi tim
PR01316,E0263,2024-S1,4.18,Stabil dan dapat diandalkan
PR01317,E0263,2024-S2,3.76,"Kinerja baik, memenuhi target"
PR01318,E0263,2025-S1,3.87,Perlu sedikit peningkatan di komunikasi tim
PR01319,E0263,2025-S2,4.04,Stabil dan dapat diandalkan
PR01320,E0263,2026-S1,4.21,"Kinerja baik, memenuhi target"
PR01321,E0264,2023-S2,4.05,Stabil dan dapat diandalkan
PR01322,E0264,2024-S1,3.53,"Kinerja baik, memenuhi target"
PR01323,E0264,2024-S2,4.12,"Kinerja baik, memenuhi target"
PR01324,E0264,2025-S1,3.98,"Kinerja baik, memenuhi target"
PR01325,E0264,2025-S2,4.13,Stabil dan dapat diandalkan
PR01326,E0264,2026-S1,4.1,"Kinerja baik, memenuhi target"
PR01327,E0265,2023-S2,4.16,"Kinerja baik, memenuhi target"
PR01328,E0265,2024-S1,3.91,Perlu sedikit peningkatan di komunikasi tim
PR01329,E0265,2024-S2,3.79,Perlu sedikit peningkatan di komunikasi tim
PR01330,E0265,2025-S1,4.03,"Kinerja baik, memenuhi target"
PR01331,E0265,2025-S2,4.08,"Kinerja baik, memenuhi target"
PR01332,E0265,2026-S1,4.04,Stabil dan dapat diandalkan
PR01333,E0266,2023-S2,4.84,"Sangat diandalkan tim, guest feedback positif"
PR01334,E0266,2024-S1,4.89,"Kinerja sangat baik, konsisten melebihi ekspektasi"
PR01335,E0266,2024-S2,5.0,"Kinerja sangat baik, konsisten melebihi ekspektasi"
PR01336,E0266,2025-S1,4.96,"Sangat diandalkan tim, guest feedback positif"
PR01337,E0266,2025-S2,4.97,"Kinerja sangat baik, konsisten melebihi ekspektasi"
PR01338,E0266,2026-S1,4.77,"Sangat diandalkan tim, guest feedback positif"
PR01339,E0267,2023-S2,3.33,Beberapa target belum tercapai
PR01340,E0267,2024-S1,3.09,Beberapa target belum tercapai
PR01341,E0267,2024-S2,3.4,Beberapa target belum tercapai
PR01342,E0267,2025-S1,3.28,Beberapa target belum tercapai
PR01343,E0267,2025-S2,3.51,"Kinerja baik, memenuhi target"
PR01344,E0267,2026-S1,3.43,"Kinerja cukup, ada ruang perbaikan"
PR01345,E0268,2023-S2,3.63,Perlu sedikit peningkatan di komunikasi tim
PR01346,E0268,2024-S1,3.63,"Kinerja baik, memenuhi target"
PR01347,E0268,2024-S2,3.47,Perlu peningkatan konsistensi
PR01348,E0268,2025-S1,3.68,"Kinerja baik, memenuhi target"
PR01349,E0268,2025-S2,3.5,Perlu sedikit peningkatan di komunikasi tim
PR01350,E0268,2026-S1,3.59,Perlu sedikit peningkatan di komunikasi tim
PR01351,E0269,2023-S2,3.18,"Kinerja cukup, ada ruang perbaikan"
PR01352,E0270,2023-S2,3.99,Stabil dan dapat diandalkan
PR01353,E0270,2024-S1,4.25,Perlu sedikit peningkatan di komunikasi tim
PR01354,E0270,2024-S2,3.99,Stabil dan dapat diandalkan
PR01355,E0270,2025-S1,3.98,Perlu sedikit peningkatan di komunikasi tim
PR01356,E0270,2025-S2,3.81,"Kinerja baik, memenuhi target"
PR01357,E0270,2026-S1,3.95,Stabil dan dapat diandalkan
PR01358,E0271,2023-S2,3.17,Perlu peningkatan konsistensi
PR01359,E0271,2024-S1,3.44,Perlu peningkatan konsistensi
PR01360,E0271,2024-S2,3.6,Stabil dan dapat diandalkan
PR01361,E0271,2025-S1,3.53,Perlu sedikit peningkatan di komunikasi tim
PR01362,E0271,2025-S2,3.07,Perlu peningkatan konsistensi
PR01363,E0271,2026-S1,3.39,Beberapa target belum tercapai
PR01364,E0272,2023-S2,3.53,"Kinerja baik, memenuhi target"
PR01365,E0272,2024-S1,3.13,"Kinerja cukup, ada ruang perbaikan"
PR01366,E0272,2024-S2,3.47,Beberapa target belum tercapai
PR01367,E0272,2025-S1,2.98,"Kinerja cukup, ada ruang perbaikan"
PR01368,E0273,2023-S2,4.21,Perlu sedikit peningkatan di komunikasi tim
PR01369,E0273,2024-S1,4.43,"Inisiatif tinggi, layak dipertimbangkan untuk promosi"
PR01370,E0273,2024-S2,4.31,"Inisiatif tinggi, layak dipertimbangkan untuk promosi"
PR01371,E0273,2025-S1,3.98,Stabil dan dapat diandalkan
PR01372,E0273,2025-S2,4.41,"Sangat diandalkan tim, guest feedback positif"
PR01373,E0273,2026-S1,4.09,Stabil dan dapat diandalkan
PR01374,E0274,2023-S2,3.59,"Kinerja baik, memenuhi target"
PR01375,E0274,2024-S1,4.16,Perlu sedikit peningkatan di komunikasi tim
PR01376,E0274,2024-S2,3.98,Perlu sedikit peningkatan di komunikasi tim
PR01377,E0274,2025-S1,3.94,Stabil dan dapat diandalkan
PR01378,E0274,2025-S2,3.76,Stabil dan dapat diandalkan
PR01379,E0274,2026-S1,3.69,Stabil dan dapat diandalkan
PR01380,E0275,2023-S2,2.86,"Kinerja cukup, ada ruang perbaikan"
PR01381,E0275,2024-S1,2.83,"Kinerja cukup, ada ruang perbaikan"
PR01382,E0275,2024-S2,2.74,Perlu peningkatan konsistensi
PR01383,E0275,2025-S1,3.02,Perlu peningkatan konsistensi
PR01384,E0275,2025-S2,3.03,Beberapa target belum tercapai
PR01385,E0275,2026-S1,2.5,"Kinerja cukup, ada ruang perbaikan"
PR01386,E0276,2023-S2,3.82,"Kinerja baik, memenuhi target"
PR01387,E0276,2024-S1,3.79,Stabil dan dapat diandalkan
PR01388,E0276,2024-S2,3.05,"Kinerja cukup, ada ruang perbaikan"
PR01389,E0278,2023-S2,4.16,"Kinerja baik, memenuhi target"
PR01390,E0278,2024-S1,4.52,"Sangat diandalkan tim, guest feedback positif"
PR01391,E0278,2024-S2,4.35,"Inisiatif tinggi, layak dipertimbangkan untuk promosi"
PR01392,E0278,2025-S1,4.05,Stabil dan dapat diandalkan
PR01393,E0278,2025-S2,4.22,Stabil dan dapat diandalkan
PR01394,E0278,2026-S1,4.28,Perlu sedikit peningkatan di komunikasi tim
PR01395,E0279,2024-S1,3.6,Perlu sedikit peningkatan di komunikasi tim
PR01396,E0279,2024-S2,3.69,Perlu sedikit peningkatan di komunikasi tim
PR01397,E0279,2025-S1,3.42,"Kinerja cukup, ada ruang perbaikan"
PR01398,E0279,2025-S2,3.4,Perlu peningkatan konsistensi
PR01399,E0279,2026-S1,3.77,"Kinerja baik, memenuhi target"
PR01400,E0280,2023-S2,2.41,"Kinerja di bawah standar, perlu coaching intensif"
PR01401,E0280,2024-S1,2.14,"Kinerja di bawah standar, perlu coaching intensif"
PR01402,E0280,2024-S2,2.54,"Kinerja cukup, ada ruang perbaikan"
PR01403,E0280,2025-S1,2.48,Perlu evaluasi lebih lanjut
PR01404,E0280,2025-S2,2.55,Perlu peningkatan konsistensi
PR01405,E0280,2026-S1,2.36,Beberapa keluhan terkait kedisiplinan
PR01406,E0281,2023-S2,2.97,"Kinerja cukup, ada ruang perbaikan"
PR01407,E0281,2024-S1,2.79,Perlu peningkatan konsistensi
PR01408,E0281,2024-S2,2.85,Perlu peningkatan konsistensi
PR01409,E0282,2023-S2,3.02,Beberapa target belum tercapai
PR01410,E0282,2024-S1,3.09,Perlu peningkatan konsistensi
PR01411,E0282,2024-S2,2.52,Beberapa target belum tercapai
PR01412,E0283,2023-S2,3.45,Beberapa target belum tercapai
PR01413,E0283,2024-S1,3.65,Perlu sedikit peningkatan di komunikasi tim
PR01414,E0283,2024-S2,3.1,Perlu peningkatan konsistensi
PR01415,E0283,2025-S1,3.28,Beberapa target belum tercapai
PR01416,E0283,2025-S2,3.41,"Kinerja cukup, ada ruang perbaikan"
PR01417,E0284,2023-S2,3.27,Beberapa target belum tercapai
PR01418,E0284,2024-S1,3.14,Perlu peningkatan konsistensi
PR01419,E0284,2024-S2,3.39,Perlu peningkatan konsistensi
PR01420,E0284,2025-S1,2.93,Beberapa target belum tercapai
PR01421,E0284,2025-S2,3.07,"Kinerja cukup, ada ruang perbaikan"
PR01422,E0284,2026-S1,3.05,"Kinerja cukup, ada ruang perbaikan"
PR01423,E0285,2023-S2,3.64,Stabil dan dapat diandalkan
PR01424,E0285,2024-S1,3.48,Perlu peningkatan konsistensi
PR01425,E0285,2024-S2,3.61,Perlu sedikit peningkatan di komunikasi tim
PR01426,E0285,2025-S1,3.75,Stabil dan dapat diandalkan
PR01427,E0285,2025-S2,3.48,Beberapa target belum tercapai
PR01428,E0285,2026-S1,3.93,"Kinerja baik, memenuhi target"
PR01429,E0286,2024-S1,3.54,Stabil dan dapat diandalkan
PR01430,E0286,2024-S2,3.29,Perlu peningkatan konsistensi
PR01431,E0286,2025-S1,2.91,"Kinerja cukup, ada ruang perbaikan"
PR01432,E0286,2025-S2,3.56,"Kinerja baik, memenuhi target"
PR01433,E0286,2026-S1,3.6,Perlu sedikit peningkatan di komunikasi tim
PR01434,E0287,2023-S2,4.24,Perlu sedikit peningkatan di komunikasi tim
PR01435,E0287,2024-S1,4.07,"Kinerja baik, memenuhi target"
PR01436,E0287,2024-S2,3.97,Stabil dan dapat diandalkan
PR01437,E0287,2025-S1,3.98,Stabil dan dapat diandalkan
PR01438,E0287,2025-S2,4.26,Stabil dan dapat diandalkan
PR01439,E0287,2026-S1,3.98,Perlu sedikit peningkatan di komunikasi tim
PR01440,E0288,2023-S2,4.13,"Kinerja baik, memenuhi target"
PR01441,E0288,2024-S1,3.86,Stabil dan dapat diandalkan
PR01442,E0288,2024-S2,3.96,Stabil dan dapat diandalkan
PR01443,E0288,2025-S1,3.92,"Kinerja baik, memenuhi target"
PR01444,E0288,2025-S2,3.76,Stabil dan dapat diandalkan
PR01445,E0288,2026-S1,4.25,Stabil dan dapat diandalkan
PR01446,E0289,2025-S1,3.55,Perlu sedikit peningkatan di komunikasi tim
PR01447,E0289,2025-S2,3.27,Beberapa target belum tercapai
PR01448,E0289,2026-S1,3.44,Beberapa target belum tercapai
PR01449,E0290,2023-S2,3.67,Perlu sedikit peningkatan di komunikasi tim
PR01450,E0290,2024-S1,3.71,"Kinerja baik, memenuhi target"
PR01451,E0290,2024-S2,3.49,"Kinerja cukup, ada ruang perbaikan"
PR01452,E0290,2025-S1,3.85,"Kinerja baik, memenuhi target"
PR01453,E0290,2025-S2,3.17,"Kinerja cukup, ada ruang perbaikan"
PR01454,E0290,2026-S1,3.8,"Kinerja baik, memenuhi target"
PR01455,E0291,2023-S2,3.99,Perlu sedikit peningkatan di komunikasi tim
PR01456,E0291,2024-S1,3.65,"Kinerja baik, memenuhi target"
PR01457,E0291,2024-S2,4.11,Perlu sedikit peningkatan di komunikasi tim
PR01458,E0291,2025-S1,3.56,"Kinerja baik, memenuhi target"
PR01459,E0291,2025-S2,3.44,"Kinerja cukup, ada ruang perbaikan"
PR01460,E0291,2026-S1,3.69,"Kinerja baik, memenuhi target"
PR01461,E0292,2023-S2,3.73,Perlu sedikit peningkatan di komunikasi tim
PR01462,E0292,2024-S1,3.68,Stabil dan dapat diandalkan
PR01463,E0292,2024-S2,3.3,Beberapa target belum tercapai
PR01464,E0292,2025-S1,3.65,"Kinerja baik, memenuhi target"
PR01465,E0292,2025-S2,3.45,"Kinerja cukup, ada ruang perbaikan"
PR01466,E0292,2026-S1,3.6,Perlu sedikit peningkatan di komunikasi tim
PR01467,E0293,2023-S2,3.83,Stabil dan dapat diandalkan
PR01468,E0293,2024-S1,3.75,"Kinerja baik, memenuhi target"
PR01469,E0293,2024-S2,4.04,"Kinerja baik, memenuhi target"
PR01470,E0293,2025-S1,3.96,Stabil dan dapat diandalkan
PR01471,E0293,2025-S2,4.0,"Kinerja baik, memenuhi target"
PR01472,E0293,2026-S1,3.76,"Kinerja baik, memenuhi target"
PR01473,E0294,2023-S2,2.78,Beberapa target belum tercapai
PR01474,E0294,2024-S1,2.91,Perlu peningkatan konsistensi
PR01475,E0294,2024-S2,3.0,Beberapa target belum tercapai
PR01476,E0294,2025-S1,2.92,"Kinerja cukup, ada ruang perbaikan"
PR01477,E0294,2025-S2,2.78,Beberapa target belum tercapai
PR01478,E0294,2026-S1,3.04,Beberapa target belum tercapai
PR01479,E0295,2023-S2,2.95,"Kinerja cukup, ada ruang perbaikan"
PR01480,E0295,2024-S1,2.93,Beberapa target belum tercapai
PR01481,E0295,2024-S2,2.95,Beberapa target belum tercapai
PR01482,E0295,2025-S1,3.06,"Kinerja cukup, ada ruang perbaikan"
PR01483,E0295,2025-S2,2.88,Beberapa target belum tercapai
PR01484,E0295,2026-S1,2.78,"Kinerja cukup, ada ruang perbaikan"
PR01485,E0296,2023-S2,3.68,"Kinerja baik, memenuhi target"
PR01486,E0296,2024-S1,3.78,"Kinerja baik, memenuhi target"
PR01487,E0296,2024-S2,3.87,"Kinerja baik, memenuhi target"
PR01488,E0296,2025-S1,3.59,Stabil dan dapat diandalkan
PR01489,E0296,2025-S2,3.42,Perlu peningkatan konsistensi
PR01490,E0297,2023-S2,4.05,Stabil dan dapat diandalkan
PR01491,E0297,2024-S1,3.76,"Kinerja baik, memenuhi target"
PR01492,E0297,2024-S2,3.56,"Kinerja baik, memenuhi target"
PR01493,E0297,2025-S1,3.67,"Kinerja baik, memenuhi target"
PR01494,E0297,2025-S2,3.65,"Kinerja baik, memenuhi target"
PR01495,E0297,2026-S1,4.11,"Kinerja baik, memenuhi target"
PR01496,E0298,2023-S2,3.73,"Kinerja baik, memenuhi target"
PR01497,E0298,2024-S1,3.93,"Kinerja baik, memenuhi target"
PR01498,E0298,2024-S2,3.63,"Kinerja baik, memenuhi target"
PR01499,E0298,2025-S1,3.79,"Kinerja baik, memenuhi target"
PR01500,E0298,2025-S2,3.8,Stabil dan dapat diandalkan
PR01501,E0298,2026-S1,3.61,Perlu sedikit peningkatan di komunikasi tim
PR01502,E0299,2023-S2,3.69,"Kinerja baik, memenuhi target"
PR01503,E0299,2024-S1,3.77,Stabil dan dapat diandalkan
PR01504,E0299,2024-S2,3.66,Perlu sedikit peningkatan di komunikasi tim
PR01505,E0299,2025-S1,4.03,"Kinerja baik, memenuhi target"
PR01506,E0299,2025-S2,3.51,Perlu sedikit peningkatan di komunikasi tim
PR01507,E0299,2026-S1,3.8,Stabil dan dapat diandalkan
PR01508,E0301,2023-S2,3.7,Stabil dan dapat diandalkan
PR01509,E0301,2024-S1,3.52,"Kinerja baik, memenuhi target"
PR01510,E0301,2024-S2,3.46,Perlu peningkatan konsistensi
PR01511,E0301,2025-S1,3.67,"Kinerja baik, memenuhi target"
PR01512,E0301,2025-S2,3.53,"Kinerja baik, memenuhi target"
PR01513,E0301,2026-S1,3.56,"Kinerja baik, memenuhi target"
PR01514,E0302,2023-S2,2.32,"Kinerja di bawah standar, perlu coaching intensif"
PR01515,E0302,2024-S1,2.42,Beberapa keluhan terkait kedisiplinan
PR01516,E0302,2024-S2,2.44,Perlu evaluasi lebih lanjut
PR01517,E0302,2025-S1,2.41,Beberapa keluhan terkait kedisiplinan
PR01518,E0302,2025-S2,2.34,"Kinerja di bawah standar, perlu coaching intensif"
PR01519,E0302,2026-S1,2.43,"Kinerja di bawah standar, perlu coaching intensif"
PR01520,E0303,2023-S2,2.8,"Kinerja cukup, ada ruang perbaikan"
PR01521,E0303,2024-S1,2.56,Perlu peningkatan konsistensi
PR01522,E0303,2024-S2,2.79,Perlu peningkatan konsistensi
PR01523,E0303,2025-S1,2.77,Perlu peningkatan konsistensi
PR01524,E0303,2025-S2,2.87,Perlu peningkatan konsistensi
PR01525,E0303,2026-S1,2.5,"Kinerja cukup, ada ruang perbaikan"
PR01526,E0304,2023-S2,4.53,"Sangat diandalkan tim, guest feedback positif"
PR01527,E0304,2024-S1,4.64,"Sangat diandalkan tim, guest feedback positif"
PR01528,E0304,2024-S2,4.42,"Kinerja sangat baik, konsisten melebihi ekspektasi"
PR01529,E0304,2025-S1,4.36,"Inisiatif tinggi, layak dipertimbangkan untuk promosi"
PR01530,E0304,2025-S2,4.27,"Kinerja baik, memenuhi target"
PR01531,E0304,2026-S1,4.5,"Inisiatif tinggi, layak dipertimbangkan untuk promosi"
PR01532,E0305,2023-S2,2.96,Perlu peningkatan konsistensi
PR01533,E0305,2024-S1,3.22,Perlu peningkatan konsistensi
PR01534,E0305,2024-S2,3.02,"Kinerja cukup, ada ruang perbaikan"
PR01535,E0305,2025-S1,2.85,Perlu peningkatan konsistensi
PR01536,E0305,2025-S2,3.03,Perlu peningkatan konsistensi
PR01537,E0305,2026-S1,3.33,Beberapa target belum tercapai
PR01538,E0307,2023-S2,5.0,"Kinerja sangat baik, konsisten melebihi ekspektasi"
PR01539,E0307,2024-S1,4.96,"Inisiatif tinggi, layak dipertimbangkan untuk promosi"
PR01540,E0307,2024-S2,4.71,"Inisiatif tinggi, layak dipertimbangkan untuk promosi"
PR01541,E0307,2025-S1,4.71,"Sangat diandalkan tim, guest feedback positif"
PR01542,E0307,2025-S2,4.85,"Inisiatif tinggi, layak dipertimbangkan untuk promosi"
PR01543,E0307,2026-S1,4.87,"Kinerja sangat baik, konsisten melebihi ekspektasi"
PR01544,E0308,2023-S2,3.73,"Kinerja baik, memenuhi target"
PR01545,E0308,2024-S1,3.85,"Kinerja baik, memenuhi target"
PR01546,E0308,2024-S2,3.99,Stabil dan dapat diandalkan
PR01547,E0308,2025-S1,3.79,Perlu sedikit peningkatan di komunikasi tim
PR01548,E0308,2025-S2,3.81,"Kinerja baik, memenuhi target"
PR01549,E0308,2026-S1,3.96,Stabil dan dapat diandalkan
PR01550,E0309,2023-S2,3.28,"Kinerja cukup, ada ruang perbaikan"
PR01551,E0309,2024-S1,3.42,"Kinerja cukup, ada ruang perbaikan"
PR01552,E0309,2024-S2,3.39,Perlu peningkatan konsistensi
PR01553,E0309,2025-S1,3.47,Beberapa target belum tercapai
PR01554,E0309,2025-S2,3.29,Beberapa target belum tercapai
PR01555,E0309,2026-S1,3.37,Beberapa target belum tercapai
PR01556,E0310,2023-S2,2.73,"Kinerja cukup, ada ruang perbaikan"
PR01557,E0310,2024-S1,2.49,Beberapa keluhan terkait kedisiplinan
PR01558,E0310,2024-S2,2.74,"Kinerja cukup, ada ruang perbaikan"
PR01559,E0310,2025-S1,2.11,Beberapa keluhan terkait kedisiplinan
PR01560,E0310,2025-S2,2.58,"Kinerja cukup, ada ruang perbaikan"
PR01561,E0310,2026-S1,2.37,Beberapa keluhan terkait kedisiplinan
PR01562,E0311,2023-S2,3.78,Perlu sedikit peningkatan di komunikasi tim
PR01563,E0311,2024-S1,3.66,Stabil dan dapat diandalkan
PR01564,E0311,2024-S2,4.05,Stabil dan dapat diandalkan
PR01565,E0311,2025-S1,3.52,Stabil dan dapat diandalkan
PR01566,E0312,2023-S2,3.92,"Kinerja baik, memenuhi target"
PR01567,E0312,2024-S1,4.2,Stabil dan dapat diandalkan
PR01568,E0312,2024-S2,3.96,"Kinerja baik, memenuhi target"
PR01569,E0312,2025-S1,4.1,"Kinerja baik, memenuhi target"
PR01570,E0312,2025-S2,4.31,"Kinerja sangat baik, konsisten melebihi ekspektasi"
PR01571,E0312,2026-S1,3.85,Stabil dan dapat diandalkan
PR01572,E0313,2023-S2,3.62,Stabil dan dapat diandalkan
PR01573,E0313,2024-S1,3.57,"Kinerja baik, memenuhi target"
PR01574,E0313,2024-S2,3.54,"Kinerja baik, memenuhi target"
PR01575,E0313,2025-S1,3.44,Perlu peningkatan konsistensi
PR01576,E0313,2025-S2,3.65,Stabil dan dapat diandalkan
PR01577,E0313,2026-S1,3.7,Perlu sedikit peningkatan di komunikasi tim
PR01578,E0314,2023-S2,3.38,Beberapa target belum tercapai
PR01579,E0314,2024-S1,3.62,Perlu sedikit peningkatan di komunikasi tim
PR01580,E0314,2024-S2,3.34,Perlu peningkatan konsistensi
PR01581,E0314,2025-S1,3.35,Beberapa target belum tercapai
PR01582,E0314,2025-S2,3.27,Perlu peningkatan konsistensi
PR01583,E0314,2026-S1,3.55,"Kinerja baik, memenuhi target"
PR01584,E0315,2023-S2,3.91,Stabil dan dapat diandalkan
PR01585,E0315,2024-S1,4.21,Stabil dan dapat diandalkan
PR01586,E0315,2024-S2,3.73,Stabil dan dapat diandalkan
PR01587,E0315,2025-S1,4.0,"Kinerja baik, memenuhi target"
PR01588,E0315,2025-S2,4.01,Perlu sedikit peningkatan di komunikasi tim
PR01589,E0315,2026-S1,3.84,Perlu sedikit peningkatan di komunikasi tim
PR01590,E0316,2023-S2,3.84,Stabil dan dapat diandalkan
PR01591,E0316,2024-S1,3.55,"Kinerja baik, memenuhi target"
PR01592,E0316,2024-S2,3.79,"Kinerja baik, memenuhi target"
PR01593,E0316,2025-S1,3.53,"Kinerja baik, memenuhi target"
PR01594,E0317,2023-S2,3.22,Beberapa target belum tercapai
PR01595,E0317,2024-S1,3.08,"Kinerja cukup, ada ruang perbaikan"
PR01596,E0317,2024-S2,3.51,"Kinerja baik, memenuhi target"
PR01597,E0317,2025-S1,3.1,Perlu peningkatan konsistensi
PR01598,E0317,2025-S2,3.57,Perlu sedikit peningkatan di komunikasi tim
PR01599,E0317,2026-S1,3.18,"Kinerja cukup, ada ruang perbaikan"
PR01600,E0318,2023-S2,3.04,Beberapa target belum tercapai
PR01601,E0318,2024-S1,3.33,Beberapa target belum tercapai
PR01602,E0318,2024-S2,3.24,Beberapa target belum tercapai
PR01603,E0318,2025-S1,3.09,"Kinerja cukup, ada ruang perbaikan"
PR01604,E0318,2025-S2,3.13,"Kinerja cukup, ada ruang perbaikan"
PR01605,E0318,2026-S1,3.05,Perlu peningkatan konsistensi
PR01606,E0319,2023-S2,3.51,Perlu sedikit peningkatan di komunikasi tim
PR01607,E0319,2024-S1,3.31,"Kinerja cukup, ada ruang perbaikan"
PR01608,E0319,2024-S2,3.72,Perlu sedikit peningkatan di komunikasi tim
PR01609,E0319,2025-S1,3.43,Beberapa target belum tercapai
PR01610,E0319,2025-S2,3.41,"Kinerja cukup, ada ruang perbaikan"
PR01611,E0319,2026-S1,3.64,Stabil dan dapat diandalkan
PR01612,E0320,2023-S2,2.76,"Kinerja cukup, ada ruang perbaikan"
PR01613,E0320,2024-S1,2.58,Perlu peningkatan konsistensi
PR01614,E0320,2024-S2,2.54,Beberapa target belum tercapai
PR01615,E0320,2025-S1,2.46,Perlu evaluasi lebih lanjut
PR01616,E0321,2025-S1,4.15,Perlu sedikit peningkatan di komunikasi tim
PR01617,E0321,2025-S2,3.98,"Kinerja baik, memenuhi target"
PR01618,E0321,2026-S1,3.69,Stabil dan dapat diandalkan
PR01619,E0322,2023-S2,4.16,Stabil dan dapat diandalkan
PR01620,E0322,2024-S1,4.46,"Sangat diandalkan tim, guest feedback positif"
PR01621,E0322,2024-S2,4.1,"Kinerja baik, memenuhi target"
PR01622,E0322,2025-S1,3.94,"Kinerja baik, memenuhi target"
PR01623,E0322,2025-S2,4.36,"Sangat diandalkan tim, guest feedback positif"
PR01624,E0322,2026-S1,4.42,"Inisiatif tinggi, layak dipertimbangkan untuk promosi"
PR01625,E0323,2023-S2,3.7,Perlu sedikit peningkatan di komunikasi tim
PR01626,E0323,2024-S1,3.27,Beberapa target belum tercapai
PR01627,E0323,2024-S2,3.78,Perlu sedikit peningkatan di komunikasi tim
PR01628,E0323,2025-S1,3.56,Perlu sedikit peningkatan di komunikasi tim
PR01629,E0323,2025-S2,3.28,"Kinerja cukup, ada ruang perbaikan"
PR01630,E0323,2026-S1,3.41,Perlu peningkatan konsistensi
PR01631,E0324,2025-S2,4.31,"Inisiatif tinggi, layak dipertimbangkan untuk promosi"
PR01632,E0324,2026-S1,4.48,"Kinerja sangat baik, konsisten melebihi ekspektasi"
PR01633,E0325,2023-S2,3.94,Stabil dan dapat diandalkan
PR01634,E0325,2024-S1,3.81,"Kinerja baik, memenuhi target"
PR01635,E0325,2024-S2,4.15,Stabil dan dapat diandalkan
PR01636,E0325,2025-S1,3.88,Perlu sedikit peningkatan di komunikasi tim
PR01637,E0325,2025-S2,3.87,"Kinerja baik, memenuhi target"
PR01638,E0325,2026-S1,4.15,Perlu sedikit peningkatan di komunikasi tim
PR01639,E0326,2023-S2,4.04,Stabil dan dapat diandalkan
PR01640,E0326,2024-S1,3.82,Stabil dan dapat diandalkan
PR01641,E0326,2024-S2,4.2,"Kinerja baik, memenuhi target"
PR01642,E0326,2025-S1,4.1,"Kinerja baik, memenuhi target"
PR01643,E0326,2025-S2,3.85,"Kinerja baik, memenuhi target"
PR01644,E0326,2026-S1,3.87,Stabil dan dapat diandalkan
PR01645,E0327,2025-S1,4.89,"Sangat diandalkan tim, guest feedback positif"
PR01646,E0327,2025-S2,5.0,"Inisiatif tinggi, layak dipertimbangkan untuk promosi"
PR01647,E0327,2026-S1,4.67,"Inisiatif tinggi, layak dipertimbangkan untuk promosi"
PR01648,E0328,2023-S2,4.1,"Kinerja baik, memenuhi target"
PR01649,E0328,2024-S1,3.9,Stabil dan dapat diandalkan
PR01650,E0328,2024-S2,3.9,Perlu sedikit peningkatan di komunikasi tim
PR01651,E0328,2025-S1,3.99,Perlu sedikit peningkatan di komunikasi tim
PR01652,E0328,2025-S2,3.85,"Kinerja baik, memenuhi target"
PR01653,E0328,2026-S1,3.76,Stabil dan dapat diandalkan
PR01654,E0329,2023-S2,3.84,Stabil dan dapat diandalkan
PR01655,E0329,2024-S1,3.41,"Kinerja cukup, ada ruang perbaikan"
PR01656,E0329,2024-S2,3.67,"Kinerja baik, memenuhi target"
PR01657,E0329,2025-S1,3.81,Stabil dan dapat diandalkan
PR01658,E0329,2025-S2,3.78,Perlu sedikit peningkatan di komunikasi tim
PR01659,E0329,2026-S1,3.54,Perlu sedikit peningkatan di komunikasi tim
PR01660,E0330,2023-S2,2.65,Beberapa target belum tercapai
PR01661,E0330,2024-S1,2.6,"Kinerja cukup, ada ruang perbaikan"
PR01662,E0330,2024-S2,2.85,"Kinerja cukup, ada ruang perbaikan"
PR01663,E0330,2025-S1,2.73,Beberapa target belum tercapai
PR01664,E0330,2025-S2,2.59,Perlu peningkatan konsistensi
PR01665,E0330,2026-S1,3.12,Perlu peningkatan konsistensi
PR01666,E0331,2023-S2,4.07,Perlu sedikit peningkatan di komunikasi tim
PR01667,E0331,2024-S1,4.01,Perlu sedikit peningkatan di komunikasi tim
PR01668,E0331,2024-S2,3.78,Stabil dan dapat diandalkan
PR01669,E0331,2025-S1,4.03,"Kinerja baik, memenuhi target"
PR01670,E0331,2025-S2,4.16,Perlu sedikit peningkatan di komunikasi tim
PR01671,E0331,2026-S1,4.18,Perlu sedikit peningkatan di komunikasi tim
PR01672,E0332,2023-S2,3.47,Beberapa target belum tercapai
PR01673,E0332,2024-S1,3.22,"Kinerja cukup, ada ruang perbaikan"
PR01674,E0332,2024-S2,3.45,Beberapa target belum tercapai
PR01675,E0332,2025-S1,3.34,"Kinerja cukup, ada ruang perbaikan"
PR01676,E0332,2025-S2,3.47,"Kinerja cukup, ada ruang perbaikan"
PR01677,E0332,2026-S1,3.65,Stabil dan dapat diandalkan
PR01678,E0333,2024-S1,3.56,"Kinerja baik, memenuhi target"
PR01679,E0333,2024-S2,3.86,"Kinerja baik, memenuhi target"
PR01680,E0333,2025-S1,3.82,"Kinerja baik, memenuhi target"
PR01681,E0333,2025-S2,3.47,Perlu peningkatan konsistensi
PR01682,E0333,2026-S1,3.51,Perlu sedikit peningkatan di komunikasi tim
PR01683,E0334,2025-S2,2.81,"Kinerja cukup, ada ruang perbaikan"
PR01684,E0334,2026-S1,2.91,Perlu peningkatan konsistensi
PR01685,E0335,2023-S2,4.19,Perlu sedikit peningkatan di komunikasi tim
PR01686,E0335,2024-S1,4.39,"Sangat diandalkan tim, guest feedback positif"
PR01687,E0335,2024-S2,4.11,Stabil dan dapat diandalkan
PR01688,E0335,2025-S1,4.32,"Inisiatif tinggi, layak dipertimbangkan untuk promosi"
PR01689,E0335,2025-S2,4.19,Stabil dan dapat diandalkan
PR01690,E0335,2026-S1,4.39,"Kinerja sangat baik, konsisten melebihi ekspektasi"
PR01691,E0336,2023-S2,4.03,Stabil dan dapat diandalkan
PR01692,E0336,2024-S1,3.71,Perlu sedikit peningkatan di komunikasi tim
PR01693,E0336,2024-S2,3.81,Stabil dan dapat diandalkan
PR01694,E0336,2025-S1,4.03,Stabil dan dapat diandalkan
PR01695,E0336,2025-S2,3.63,"Kinerja baik, memenuhi target"
PR01696,E0336,2026-S1,3.76,Perlu sedikit peningkatan di komunikasi tim
PR01697,E0337,2023-S2,2.92,"Kinerja cukup, ada ruang perbaikan"
PR01698,E0337,2024-S1,2.93,Perlu peningkatan konsistensi
PR01699,E0337,2024-S2,3.13,"Kinerja cukup, ada ruang perbaikan"
PR01700,E0337,2025-S1,3.07,Perlu peningkatan konsistensi
PR01701,E0337,2025-S2,3.38,Beberapa target belum tercapai
PR01702,E0337,2026-S1,2.96,Perlu peningkatan konsistensi
PR01703,E0338,2023-S2,4.16,"Kinerja baik, memenuhi target"
PR01704,E0338,2024-S1,3.76,"Kinerja baik, memenuhi target"
PR01705,E0338,2024-S2,3.64,Perlu sedikit peningkatan di komunikasi tim
PR01706,E0338,2025-S1,3.98,Stabil dan dapat diandalkan
PR01707,E0338,2025-S2,3.62,Perlu sedikit peningkatan di komunikasi tim
PR01708,E0338,2026-S1,3.75,"Kinerja baik, memenuhi target"
PR01709,E0339,2024-S1,2.99,Beberapa target belum tercapai
PR01710,E0339,2024-S2,3.4,"Kinerja cukup, ada ruang perbaikan"
PR01711,E0339,2025-S1,3.16,Beberapa target belum tercapai
PR01712,E0339,2025-S2,3.26,"Kinerja cukup, ada ruang perbaikan"
PR01713,E0339,2026-S1,3.05,"Kinerja cukup, ada ruang perbaikan"
PR01714,E0340,2024-S1,2.88,Beberapa target belum tercapai
PR01715,E0340,2024-S2,2.86,Beberapa target belum tercapai
PR01716,E0340,2025-S1,2.84,"Kinerja cukup, ada ruang perbaikan"
PR01717,E0340,2025-S2,2.61,"Kinerja cukup, ada ruang perbaikan"
PR01718,E0340,2026-S1,2.85,"Kinerja cukup, ada ruang perbaikan"
PR01719,E0341,2023-S2,3.48,Beberapa target belum tercapai
PR01720,E0341,2024-S1,3.58,"Kinerja baik, memenuhi target"
PR01721,E0341,2024-S2,3.47,Perlu peningkatan konsistensi
PR01722,E0341,2025-S1,3.59,Stabil dan dapat diandalkan
PR01723,E0341,2025-S2,3.48,"Kinerja cukup, ada ruang perbaikan"
PR01724,E0341,2026-S1,3.58,Stabil dan dapat diandalkan
PR01725,E0342,2025-S1,3.54,"Kinerja baik, memenuhi target"
PR01726,E0342,2025-S2,3.86,Stabil dan dapat diandalkan
PR01727,E0342,2026-S1,3.58,Stabil dan dapat diandalkan
PR01728,E0343,2023-S2,4.13,Perlu sedikit peningkatan di komunikasi tim
PR01729,E0343,2024-S1,4.01,Perlu sedikit peningkatan di komunikasi tim
PR01730,E0343,2024-S2,4.45,"Inisiatif tinggi, layak dipertimbangkan untuk promosi"
PR01731,E0343,2025-S1,4.25,Stabil dan dapat diandalkan
PR01732,E0343,2025-S2,4.16,Stabil dan dapat diandalkan
PR01733,E0343,2026-S1,3.92,"Kinerja baik, memenuhi target"
PR01734,E0344,2023-S2,3.43,"Kinerja cukup, ada ruang perbaikan"
PR01735,E0344,2024-S1,3.35,Perlu peningkatan konsistensi
PR01736,E0344,2024-S2,3.43,Beberapa target belum tercapai
PR01737,E0344,2025-S1,3.38,Beberapa target belum tercapai
PR01738,E0344,2025-S2,3.17,Beberapa target belum tercapai
PR01739,E0344,2026-S1,3.2,Beberapa target belum tercapai
PR01740,E0345,2025-S1,4.12,Stabil dan dapat diandalkan
PR01741,E0345,2025-S2,3.82,Stabil dan dapat diandalkan
PR01742,E0345,2026-S1,4.18,Stabil dan dapat diandalkan
PR01743,E0347,2023-S2,3.75,Stabil dan dapat diandalkan
PR01744,E0347,2024-S1,3.27,Beberapa target belum tercapai
PR01745,E0347,2024-S2,3.41,Beberapa target belum tercapai
PR01746,E0347,2025-S1,3.74,"Kinerja baik, memenuhi target"
PR01747,E0347,2025-S2,3.69,Perlu sedikit peningkatan di komunikasi tim
PR01748,E0347,2026-S1,3.52,Perlu sedikit peningkatan di komunikasi tim
PR01749,E0348,2023-S2,4.2,Perlu sedikit peningkatan di komunikasi tim
PR01750,E0348,2024-S1,4.35,"Kinerja sangat baik, konsisten melebihi ekspektasi"
PR01751,E0348,2024-S2,4.73,"Kinerja sangat baik, konsisten melebihi ekspektasi"
PR01752,E0348,2025-S1,4.36,"Kinerja sangat baik, konsisten melebihi ekspektasi"
PR01753,E0348,2025-S2,4.35,"Kinerja sangat baik, konsisten melebihi ekspektasi"
PR01754,E0348,2026-S1,4.4,"Inisiatif tinggi, layak dipertimbangkan untuk promosi"
PR01755,E0349,2023-S2,3.92,Perlu sedikit peningkatan di komunikasi tim
PR01756,E0349,2024-S1,3.76,"Kinerja baik, memenuhi target"
PR01757,E0349,2024-S2,3.57,"Kinerja baik, memenuhi target"
PR01758,E0349,2025-S1,3.78,Stabil dan dapat diandalkan
PR01759,E0349,2025-S2,3.64,"Kinerja baik, memenuhi target"
PR01760,E0349,2026-S1,3.58,Perlu sedikit peningkatan di komunikasi tim
PR01761,E0350,2023-S2,3.98,Stabil dan dapat diandalkan
PR01762,E0350,2024-S1,3.64,"Kinerja baik, memenuhi target"
PR01763,E0350,2024-S2,3.89,Stabil dan dapat diandalkan
PR01764,E0351,2024-S1,2.88,"Kinerja cukup, ada ruang perbaikan"
PR01765,E0351,2024-S2,2.99,Beberapa target belum tercapai
PR01766,E0351,2025-S1,3.15,Beberapa target belum tercapai
PR01767,E0351,2025-S2,3.16,"Kinerja cukup, ada ruang perbaikan"
PR01768,E0351,2026-S1,3.25,Beberapa target belum tercapai
PR01769,E0352,2024-S1,3.0,Perlu peningkatan konsistensi
PR01770,E0352,2024-S2,3.07,Beberapa target belum tercapai
PR01771,E0352,2025-S1,3.16,Beberapa target belum tercapai
PR01772,E0352,2025-S2,3.23,Perlu peningkatan konsistensi
PR01773,E0352,2026-S1,3.09,"Kinerja cukup, ada ruang perbaikan"
PR01774,E0353,2023-S2,3.63,"Kinerja baik, memenuhi target"
PR01775,E0353,2024-S1,3.59,Perlu sedikit peningkatan di komunikasi tim
PR01776,E0353,2024-S2,3.57,"Kinerja baik, memenuhi target"
PR01777,E0353,2025-S1,3.29,"Kinerja cukup, ada ruang perbaikan"
PR01778,E0353,2025-S2,3.58,Perlu sedikit peningkatan di komunikasi tim
PR01779,E0353,2026-S1,3.51,"Kinerja baik, memenuhi target"
PR01780,E0354,2023-S2,3.73,Stabil dan dapat diandalkan
PR01781,E0354,2024-S1,3.64,Stabil dan dapat diandalkan
PR01782,E0354,2024-S2,3.59,Perlu sedikit peningkatan di komunikasi tim
PR01783,E0354,2025-S1,4.02,Stabil dan dapat diandalkan
PR01784,E0354,2025-S2,3.51,Perlu sedikit peningkatan di komunikasi tim
PR01785,E0355,2023-S2,3.18,"Kinerja cukup, ada ruang perbaikan"
PR01786,E0355,2024-S1,2.96,"Kinerja cukup, ada ruang perbaikan"
PR01787,E0355,2024-S2,3.45,Perlu peningkatan konsistensi
PR01788,E0355,2025-S1,2.96,Beberapa target belum tercapai
PR01789,E0355,2025-S2,3.04,Perlu peningkatan konsistensi
PR01790,E0355,2026-S1,2.85,Perlu peningkatan konsistensi
PR01791,E0356,2023-S2,4.27,"Kinerja baik, memenuhi target"
PR01792,E0356,2024-S1,4.25,Perlu sedikit peningkatan di komunikasi tim
PR01793,E0356,2024-S2,4.46,"Sangat diandalkan tim, guest feedback positif"
PR01794,E0356,2025-S1,4.24,"Kinerja baik, memenuhi target"
PR01795,E0356,2025-S2,4.49,"Kinerja sangat baik, konsisten melebihi ekspektasi"
PR01796,E0356,2026-S1,4.12,Perlu sedikit peningkatan di komunikasi tim
PR01797,E0357,2023-S2,3.15,Perlu peningkatan konsistensi
PR01798,E0357,2024-S1,3.45,"Kinerja cukup, ada ruang perbaikan"
PR01799,E0357,2024-S2,3.33,Perlu peningkatan konsistensi
PR01800,E0357,2025-S1,3.5,"Kinerja baik, memenuhi target"
PR01801,E0357,2025-S2,3.12,Perlu peningkatan konsistensi
PR01802,E0357,2026-S1,3.16,"Kinerja cukup, ada ruang perbaikan"
PR01803,E0358,2023-S2,2.93,"Kinerja cukup, ada ruang perbaikan"
PR01804,E0358,2024-S1,3.15,"Kinerja cukup, ada ruang perbaikan"
PR01805,E0358,2024-S2,3.18,"Kinerja cukup, ada ruang perbaikan"
PR01806,E0358,2025-S1,2.94,"Kinerja cukup, ada ruang perbaikan"
PR01807,E0358,2025-S2,3.18,Perlu peningkatan konsistensi
PR01808,E0358,2026-S1,3.36,"Kinerja cukup, ada ruang perbaikan"
PR01809,E0359,2025-S2,3.54,Stabil dan dapat diandalkan
PR01810,E0359,2026-S1,3.68,Perlu sedikit peningkatan di komunikasi tim
PR01811,E0360,2023-S2,3.77,"Kinerja baik, memenuhi target"
PR01812,E0360,2024-S1,3.79,Stabil dan dapat diandalkan
PR01813,E0360,2024-S2,3.55,"Kinerja baik, memenuhi target"
PR01814,E0360,2025-S1,3.98,"Kinerja baik, memenuhi target"
PR01815,E0360,2025-S2,3.85,"Kinerja baik, memenuhi target"
PR01816,E0360,2026-S1,3.87,Stabil dan dapat diandalkan
PR01817,E0361,2025-S1,3.11,"Kinerja cukup, ada ruang perbaikan"
PR01818,E0361,2025-S2,2.89,"Kinerja cukup, ada ruang perbaikan"
PR01819,E0361,2026-S1,2.73,Beberapa target belum tercapai
PR01820,E0362,2023-S2,4.19,Perlu sedikit peningkatan di komunikasi tim
PR01821,E0362,2024-S1,4.41,"Sangat diandalkan tim, guest feedback positif"
PR01822,E0362,2024-S2,4.27,"Kinerja baik, memenuhi target"
PR01823,E0362,2025-S1,4.3,"Kinerja sangat baik, konsisten melebihi ekspektasi"
PR01824,E0362,2025-S2,3.97,Perlu sedikit peningkatan di komunikasi tim
PR01825,E0362,2026-S1,4.39,"Kinerja sangat baik, konsisten melebihi ekspektasi"
PR01826,E0363,2023-S2,3.21,Perlu peningkatan konsistensi
PR01827,E0363,2024-S1,3.06,Beberapa target belum tercapai
PR01828,E0363,2024-S2,3.28,"Kinerja cukup, ada ruang perbaikan"
PR01829,E0363,2025-S1,3.07,"Kinerja cukup, ada ruang perbaikan"
PR01830,E0363,2025-S2,3.38,Beberapa target belum tercapai
PR01831,E0363,2026-S1,3.29,"Kinerja cukup, ada ruang perbaikan"
PR01832,E0364,2023-S2,3.67,"Kinerja baik, memenuhi target"
PR01833,E0364,2024-S1,4.01,Perlu sedikit peningkatan di komunikasi tim
PR01834,E0364,2024-S2,3.43,Perlu peningkatan konsistensi
PR01835,E0364,2025-S1,3.78,Stabil dan dapat diandalkan
PR01836,E0364,2025-S2,3.64,"Kinerja baik, memenuhi target"
PR01837,E0364,2026-S1,3.75,"Kinerja baik, memenuhi target"
PR01838,E0365,2024-S1,4.0,Perlu sedikit peningkatan di komunikasi tim
PR01839,E0365,2024-S2,4.04,Perlu sedikit peningkatan di komunikasi tim
PR01840,E0365,2025-S1,3.88,Perlu sedikit peningkatan di komunikasi tim
PR01841,E0365,2025-S2,4.55,"Sangat diandalkan tim, guest feedback positif"
PR01842,E0365,2026-S1,3.92,Stabil dan dapat diandalkan
PR01843,E0368,2024-S1,3.93,Perlu sedikit peningkatan di komunikasi tim
PR01844,E0368,2024-S2,3.61,Stabil dan dapat diandalkan
PR01845,E0368,2025-S1,4.08,"Kinerja baik, memenuhi target"
PR01846,E0368,2025-S2,3.82,"Kinerja baik, memenuhi target"
PR01847,E0368,2026-S1,3.74,Stabil dan dapat diandalkan
PR01848,E0369,2024-S2,4.51,"Sangat diandalkan tim, guest feedback positif"
PR01849,E0369,2025-S1,3.91,"Kinerja baik, memenuhi target"
PR01850,E0369,2025-S2,4.05,Stabil dan dapat diandalkan
PR01851,E0369,2026-S1,4.0,Stabil dan dapat diandalkan
PR01852,E0370,2023-S2,3.9,Perlu sedikit peningkatan di komunikasi tim
PR01853,E0370,2024-S1,4.02,Perlu sedikit peningkatan di komunikasi tim
PR01854,E0370,2024-S2,3.89,Stabil dan dapat diandalkan
PR01855,E0370,2025-S1,3.99,Perlu sedikit peningkatan di komunikasi tim
PR01856,E0370,2025-S2,3.63,"Kinerja baik, memenuhi target"
PR01857,E0371,2023-S2,3.7,Stabil dan dapat diandalkan
PR01858,E0371,2024-S1,3.76,"Kinerja baik, memenuhi target"
PR01859,E0371,2024-S2,3.7,Stabil dan dapat diandalkan
PR01860,E0371,2025-S1,3.8,"Kinerja baik, memenuhi target"
PR01861,E0371,2025-S2,3.46,Beberapa target belum tercapai
PR01862,E0371,2026-S1,3.77,"Kinerja baik, memenuhi target"
PR01863,E0372,2024-S2,2.78,Perlu peningkatan konsistensi
PR01864,E0372,2025-S1,2.55,"Kinerja cukup, ada ruang perbaikan"
PR01865,E0372,2025-S2,2.51,"Kinerja cukup, ada ruang perbaikan"
PR01866,E0372,2026-S1,2.75,Perlu peningkatan konsistensi
PR01867,E0373,2025-S2,4.24,Stabil dan dapat diandalkan
PR01868,E0373,2026-S1,4.42,"Sangat diandalkan tim, guest feedback positif"
PR01869,E0374,2023-S2,3.49,"Kinerja cukup, ada ruang perbaikan"
PR01870,E0374,2024-S1,3.74,Perlu sedikit peningkatan di komunikasi tim
PR01871,E0374,2024-S2,3.63,Perlu sedikit peningkatan di komunikasi tim
PR01872,E0374,2025-S1,3.72,Stabil dan dapat diandalkan
PR01873,E0374,2025-S2,3.46,Perlu peningkatan konsistensi
PR01874,E0374,2026-S1,3.86,Stabil dan dapat diandalkan
PR01875,E0375,2023-S2,3.18,"Kinerja cukup, ada ruang perbaikan"
PR01876,E0375,2024-S1,3.24,Perlu peningkatan konsistensi
PR01877,E0375,2024-S2,3.28,"Kinerja cukup, ada ruang perbaikan"
PR01878,E0376,2023-S2,3.72,Stabil dan dapat diandalkan
PR01879,E0376,2024-S1,3.42,Beberapa target belum tercapai
PR01880,E0376,2024-S2,3.3,Beberapa target belum tercapai
PR01881,E0376,2025-S1,3.6,Stabil dan dapat diandalkan
PR01882,E0376,2025-S2,3.66,"Kinerja baik, memenuhi target"
PR01883,E0376,2026-S1,3.4,Perlu peningkatan konsistensi
PR01884,E0377,2025-S1,3.73,Perlu sedikit peningkatan di komunikasi tim
PR01885,E0377,2025-S2,3.51,"Kinerja baik, memenuhi target"
PR01886,E0377,2026-S1,3.71,"Kinerja baik, memenuhi target"
PR01887,E0378,2023-S2,3.43,"Kinerja cukup, ada ruang perbaikan"
PR01888,E0378,2024-S1,3.32,Perlu peningkatan konsistensi
PR01889,E0378,2024-S2,3.45,"Kinerja cukup, ada ruang perbaikan"
PR01890,E0378,2025-S1,3.45,Beberapa target belum tercapai
PR01891,E0378,2025-S2,3.25,Perlu peningkatan konsistensi
PR01892,E0378,2026-S1,3.25,"Kinerja cukup, ada ruang perbaikan"
PR01893,E0379,2023-S2,4.13,Stabil dan dapat diandalkan
PR01894,E0379,2024-S1,4.47,"Inisiatif tinggi, layak dipertimbangkan untuk promosi"
PR01895,E0379,2024-S2,4.5,"Sangat diandalkan tim, guest feedback positif"
PR01896,E0379,2025-S1,4.58,"Kinerja sangat baik, konsisten melebihi ekspektasi"
PR01897,E0379,2025-S2,4.2,Stabil dan dapat diandalkan
PR01898,E0379,2026-S1,4.16,Stabil dan dapat diandalkan
PR01899,E0380,2023-S2,2.37,"Kinerja di bawah standar, perlu coaching intensif"
PR01900,E0380,2024-S1,2.57,Perlu peningkatan konsistensi
PR01901,E0380,2024-S2,2.75,Beberapa target belum tercapai
PR01902,E0380,2025-S1,2.65,Perlu peningkatan konsistensi
PR01903,E0380,2025-S2,2.43,Beberapa keluhan terkait kedisiplinan
PR01904,E0380,2026-S1,2.45,Perlu evaluasi lebih lanjut
PR01905,E0381,2023-S2,3.62,Perlu sedikit peningkatan di komunikasi tim
PR01906,E0381,2024-S1,3.74,"Kinerja baik, memenuhi target"
PR01907,E0381,2024-S2,3.95,Perlu sedikit peningkatan di komunikasi tim
PR01908,E0381,2025-S1,3.83,Perlu sedikit peningkatan di komunikasi tim
PR01909,E0381,2025-S2,3.88,Stabil dan dapat diandalkan
PR01910,E0381,2026-S1,3.63,Perlu sedikit peningkatan di komunikasi tim
PR01911,E0382,2023-S2,3.46,Beberapa target belum tercapai
PR01912,E0382,2024-S1,3.42,Perlu peningkatan konsistensi
PR01913,E0382,2024-S2,3.73,"Kinerja baik, memenuhi target"
PR01914,E0382,2025-S1,3.49,Perlu peningkatan konsistensi
PR01915,E0382,2025-S2,3.5,Perlu sedikit peningkatan di komunikasi tim
PR01916,E0382,2026-S1,3.54,Perlu sedikit peningkatan di komunikasi tim
PR01917,E0383,2023-S2,4.54,"Sangat diandalkan tim, guest feedback positif"
PR01918,E0383,2024-S1,4.17,"Kinerja baik, memenuhi target"
PR01919,E0383,2024-S2,4.53,"Kinerja sangat baik, konsisten melebihi ekspektasi"
PR01920,E0383,2025-S1,3.87,Stabil dan dapat diandalkan
PR01921,E0383,2025-S2,4.04,Perlu sedikit peningkatan di komunikasi tim
PR01922,E0383,2026-S1,4.08,Perlu sedikit peningkatan di komunikasi tim
PR01923,E0384,2024-S2,4.31,"Inisiatif tinggi, layak dipertimbangkan untuk promosi"
PR01924,E0384,2025-S1,4.29,Perlu sedikit peningkatan di komunikasi tim
PR01925,E0384,2025-S2,3.93,Stabil dan dapat diandalkan
PR01926,E0384,2026-S1,3.89,Stabil dan dapat diandalkan
PR01927,E0385,2023-S2,3.16,"Kinerja cukup, ada ruang perbaikan"
PR01928,E0385,2024-S1,3.51,"Kinerja baik, memenuhi target"
PR01929,E0385,2024-S2,3.26,"Kinerja cukup, ada ruang perbaikan"
PR01930,E0385,2025-S1,3.55,Stabil dan dapat diandalkan
PR01931,E0385,2025-S2,3.3,"Kinerja cukup, ada ruang perbaikan"
PR01932,E0385,2026-S1,3.32,Perlu peningkatan konsistensi
PR01933,E0386,2026-S1,2.63,Beberapa target belum tercapai
PR01934,E0387,2023-S2,4.19,Stabil dan dapat diandalkan
PR01935,E0387,2024-S1,4.27,Stabil dan dapat diandalkan
PR01936,E0387,2024-S2,4.3,"Sangat diandalkan tim, guest feedback positif"
PR01937,E0387,2025-S1,4.24,Perlu sedikit peningkatan di komunikasi tim
PR01938,E0387,2025-S2,4.01,"Kinerja baik, memenuhi target"
PR01939,E0387,2026-S1,4.18,"Kinerja baik, memenuhi target"
PR01940,E0388,2023-S2,4.14,Stabil dan dapat diandalkan
PR01941,E0388,2024-S1,4.18,Perlu sedikit peningkatan di komunikasi tim
PR01942,E0388,2024-S2,4.12,Perlu sedikit peningkatan di komunikasi tim
PR01943,E0388,2025-S1,3.99,Perlu sedikit peningkatan di komunikasi tim
PR01944,E0388,2025-S2,4.38,"Kinerja sangat baik, konsisten melebihi ekspektasi"
PR01945,E0388,2026-S1,4.55,"Kinerja sangat baik, konsisten melebihi ekspektasi"
PR01946,E0389,2023-S2,3.56,Perlu sedikit peningkatan di komunikasi tim
PR01947,E0389,2024-S1,3.24,Beberapa target belum tercapai
PR01948,E0389,2024-S2,3.25,Beberapa target belum tercapai
PR01949,E0389,2025-S1,2.98,Perlu peningkatan konsistensi
PR01950,E0389,2025-S2,3.36,Perlu peningkatan konsistensi
PR01951,E0389,2026-S1,3.44,"Kinerja cukup, ada ruang perbaikan"
PR01952,E0390,2023-S2,2.59,Perlu peningkatan konsistensi
PR01953,E0390,2024-S1,2.53,Perlu peningkatan konsistensi
PR01954,E0390,2024-S2,2.37,Perlu evaluasi lebih lanjut
PR01955,E0390,2025-S1,2.76,Beberapa target belum tercapai
PR01956,E0390,2025-S2,2.57,"Kinerja cukup, ada ruang perbaikan"
PR01957,E0390,2026-S1,2.56,Perlu peningkatan konsistensi
PR01958,E0391,2023-S2,3.62,Stabil dan dapat diandalkan
PR01959,E0391,2024-S1,3.42,"Kinerja cukup, ada ruang perbaikan"
PR01960,E0391,2024-S2,3.27,Perlu peningkatan konsistensi
PR01961,E0391,2025-S1,3.05,Beberapa target belum tercapai
PR01962,E0391,2025-S2,3.07,Perlu peningkatan konsistensi
PR01963,E0393,2023-S2,2.73,Perlu peningkatan konsistensi
PR01964,E0393,2024-S1,2.84,"Kinerja cukup, ada ruang perbaikan"
PR01965,E0393,2024-S2,2.63,Beberapa target belum tercapai
PR01966,E0393,2025-S1,1.87,Perlu evaluasi lebih lanjut
PR01967,E0393,2025-S2,2.29,"Kinerja di bawah standar, perlu coaching intensif"
PR01968,E0393,2026-S1,2.34,Perlu evaluasi lebih lanjut
PR01969,E0394,2023-S2,3.38,"Kinerja cukup, ada ruang perbaikan"
PR01970,E0394,2024-S1,3.35,"Kinerja cukup, ada ruang perbaikan"
PR01971,E0394,2024-S2,3.38,Perlu peningkatan konsistensi
PR01972,E0394,2025-S1,3.69,"Kinerja baik, memenuhi target"
PR01973,E0394,2025-S2,3.6,Perlu sedikit peningkatan di komunikasi tim
PR01974,E0394,2026-S1,3.63,Stabil dan dapat diandalkan
PR01975,E0395,2024-S1,4.28,Stabil dan dapat diandalkan
PR01976,E0395,2024-S2,4.32,"Kinerja sangat baik, konsisten melebihi ekspektasi"
PR01977,E0395,2025-S1,3.94,Stabil dan dapat diandalkan
PR01978,E0395,2025-S2,4.33,"Inisiatif tinggi, layak dipertimbangkan untuk promosi"
PR01979,E0395,2026-S1,3.78,Perlu sedikit peningkatan di komunikasi tim
PR01980,E0396,2024-S2,3.95,"Kinerja baik, memenuhi target"
PR01981,E0396,2025-S1,4.15,Perlu sedikit peningkatan di komunikasi tim
PR01982,E0396,2025-S2,4.1,"Kinerja baik, memenuhi target"
PR01983,E0396,2026-S1,3.65,"Kinerja baik, memenuhi target"
PR01984,E0397,2023-S2,3.11,"Kinerja cukup, ada ruang perbaikan"
PR01985,E0398,2024-S1,4.53,"Sangat diandalkan tim, guest feedback positif"
PR01986,E0398,2024-S2,4.19,Perlu sedikit peningkatan di komunikasi tim
PR01987,E0398,2025-S1,4.37,"Kinerja sangat baik, konsisten melebihi ekspektasi"
PR01988,E0398,2025-S2,4.66,"Sangat diandalkan tim, guest feedback positif"
PR01989,E0398,2026-S1,4.02,Stabil dan dapat diandalkan
PR01990,E0400,2023-S2,3.43,Beberapa target belum tercapai
PR01991,E0400,2024-S1,3.42,Beberapa target belum tercapai
PR01992,E0400,2024-S2,3.29,Beberapa target belum tercapai
PR01993,E0400,2025-S1,3.41,Perlu peningkatan konsistensi
PR01994,E0400,2025-S2,3.75,Stabil dan dapat diandalkan
PR01995,E0400,2026-S1,3.54,Perlu sedikit peningkatan di komunikasi tim
PR01996,E0401,2025-S1,3.55,"Kinerja baik, memenuhi target"
PR01997,E0401,2025-S2,3.51,Perlu sedikit peningkatan di komunikasi tim
PR01998,E0401,2026-S1,3.02,Beberapa target belum tercapai
PR01999,E0402,2023-S2,4.25,Perlu sedikit peningkatan di komunikasi tim
PR02000,E0402,2024-S1,4.31,"Sangat diandalkan tim, guest feedback positif"
PR02001,E0402,2024-S2,4.02,"Kinerja baik, memenuhi target"
PR02002,E0402,2025-S1,3.98,"Kinerja baik, memenuhi target"
PR02003,E0402,2025-S2,3.82,Stabil dan dapat diandalkan
PR02004,E0402,2026-S1,4.16,Stabil dan dapat diandalkan
PR02005,E0403,2023-S2,3.67,Perlu sedikit peningkatan di komunikasi tim
PR02006,E0403,2024-S1,3.83,Stabil dan dapat diandalkan
PR02007,E0403,2024-S2,4.05,"Kinerja baik, memenuhi target"
PR02008,E0403,2025-S1,3.98,Stabil dan dapat diandalkan
PR02009,E0403,2025-S2,3.93,Perlu sedikit peningkatan di komunikasi tim
PR02010,E0403,2026-S1,3.83,Perlu sedikit peningkatan di komunikasi tim
PR02011,E0404,2024-S1,4.22,"Kinerja baik, memenuhi target"
PR02012,E0404,2024-S2,4.18,Stabil dan dapat diandalkan
PR02013,E0404,2025-S1,4.13,Perlu sedikit peningkatan di komunikasi tim
PR02014,E0404,2025-S2,3.87,Stabil dan dapat diandalkan
PR02015,E0404,2026-S1,3.93,"Kinerja baik, memenuhi target"
PR02016,E0405,2023-S2,3.94,"Kinerja baik, memenuhi target"
PR02017,E0405,2024-S1,4.37,"Inisiatif tinggi, layak dipertimbangkan untuk promosi"
PR02018,E0405,2024-S2,4.09,"Kinerja baik, memenuhi target"
PR02019,E0405,2025-S1,4.46,"Kinerja sangat baik, konsisten melebihi ekspektasi"
PR02020,E0405,2025-S2,4.16,Stabil dan dapat diandalkan
PR02021,E0405,2026-S1,4.21,"Kinerja baik, memenuhi target"
PR02022,E0406,2023-S2,2.69,Beberapa target belum tercapai
PR02023,E0407,2023-S2,2.31,"Kinerja di bawah standar, perlu coaching intensif"
PR02024,E0407,2024-S1,2.52,Perlu peningkatan konsistensi
PR02025,E0407,2024-S2,2.42,Beberapa keluhan terkait kedisiplinan
PR02026,E0407,2025-S1,2.68,Perlu peningkatan konsistensi
PR02027,E0407,2025-S2,2.47,"Kinerja di bawah standar, perlu coaching intensif"
PR02028,E0407,2026-S1,2.88,Perlu peningkatan konsistensi
PR02029,E0408,2023-S2,2.8,"Kinerja cukup, ada ruang perbaikan"
PR02030,E0408,2024-S1,3.23,"Kinerja cukup, ada ruang perbaikan"
PR02031,E0408,2024-S2,3.24,Beberapa target belum tercapai
PR02032,E0408,2025-S1,3.36,"Kinerja cukup, ada ruang perbaikan"
PR02033,E0408,2025-S2,3.33,"Kinerja cukup, ada ruang perbaikan"
PR02034,E0408,2026-S1,3.36,Beberapa target belum tercapai
PR02035,E0409,2023-S2,3.44,"Kinerja cukup, ada ruang perbaikan"
PR02036,E0409,2024-S1,3.38,Beberapa target belum tercapai
PR02037,E0409,2024-S2,3.46,Perlu peningkatan konsistensi
PR02038,E0409,2025-S1,3.42,Perlu peningkatan konsistensi
PR02039,E0409,2025-S2,3.69,"Kinerja baik, memenuhi target"
PR02040,E0409,2026-S1,3.23,"Kinerja cukup, ada ruang perbaikan"
PR02041,E0410,2023-S2,3.34,Perlu peningkatan konsistensi
PR02042,E0410,2024-S1,3.43,Beberapa target belum tercapai
PR02043,E0410,2024-S2,3.12,Perlu peningkatan konsistensi
PR02044,E0410,2025-S1,3.4,Perlu peningkatan konsistensi
PR02045,E0410,2025-S2,3.46,Perlu peningkatan konsistensi
PR02046,E0410,2026-S1,3.31,"Kinerja cukup, ada ruang perbaikan"
PR02047,E0411,2023-S2,4.13,Stabil dan dapat diandalkan
PR02048,E0411,2024-S1,4.19,Perlu sedikit peningkatan di komunikasi tim
PR02049,E0411,2024-S2,4.06,Perlu sedikit peningkatan di komunikasi tim
PR02050,E0411,2025-S1,4.0,Perlu sedikit peningkatan di komunikasi tim
PR02051,E0411,2025-S2,4.11,"Kinerja baik, memenuhi target"
PR02052,E0412,2023-S2,4.5,"Sangat diandalkan tim, guest feedback positif"
PR02053,E0412,2024-S1,4.14,Perlu sedikit peningkatan di komunikasi tim
PR02054,E0412,2024-S2,4.3,"Sangat diandalkan tim, guest feedback positif"
PR02055,E0412,2025-S1,4.36,"Inisiatif tinggi, layak dipertimbangkan untuk promosi"
PR02056,E0412,2025-S2,4.19,Perlu sedikit peningkatan di komunikasi tim
PR02057,E0412,2026-S1,4.24,Stabil dan dapat diandalkan
PR02058,E0413,2024-S1,2.97,Perlu peningkatan konsistensi
PR02059,E0413,2024-S2,3.17,"Kinerja cukup, ada ruang perbaikan"
PR02060,E0413,2025-S1,2.98,Perlu peningkatan konsistensi
PR02061,E0413,2025-S2,3.3,Beberapa target belum tercapai
PR02062,E0413,2026-S1,3.25,"Kinerja cukup, ada ruang perbaikan"
PR02063,E0414,2023-S2,3.26,Perlu peningkatan konsistensi
PR02064,E0414,2024-S1,3.26,"Kinerja cukup, ada ruang perbaikan"
PR02065,E0414,2024-S2,3.32,"Kinerja cukup, ada ruang perbaikan"
PR02066,E0414,2025-S1,3.48,Perlu peningkatan konsistensi
PR02067,E0414,2025-S2,3.44,"Kinerja cukup, ada ruang perbaikan"
PR02068,E0414,2026-S1,3.66,"Kinerja baik, memenuhi target"
PR02069,E0415,2023-S2,4.25,Stabil dan dapat diandalkan
PR02070,E0415,2024-S1,4.45,"Kinerja sangat baik, konsisten melebihi ekspektasi"
PR02071,E0415,2024-S2,4.26,"Kinerja baik, memenuhi target"
PR02072,E0415,2025-S1,4.45,"Sangat diandalkan tim, guest feedback positif"
PR02073,E0415,2025-S2,4.56,"Sangat diandalkan tim, guest feedback positif"
PR02074,E0415,2026-S1,3.93,Perlu sedikit peningkatan di komunikasi tim
PR02075,E0416,2023-S2,3.4,"Kinerja cukup, ada ruang perbaikan"
PR02076,E0416,2024-S1,3.06,"Kinerja cukup, ada ruang perbaikan"
PR02077,E0416,2024-S2,3.27,"Kinerja cukup, ada ruang perbaikan"
PR02078,E0416,2025-S1,3.35,"Kinerja cukup, ada ruang perbaikan"
PR02079,E0416,2025-S2,3.38,Beberapa target belum tercapai
PR02080,E0416,2026-S1,3.49,Beberapa target belum tercapai
PR02081,E0417,2023-S2,3.84,Stabil dan dapat diandalkan
PR02082,E0417,2024-S1,4.28,Perlu sedikit peningkatan di komunikasi tim
PR02083,E0417,2024-S2,4.14,Stabil dan dapat diandalkan
PR02084,E0417,2025-S1,4.03,Perlu sedikit peningkatan di komunikasi tim
PR02085,E0417,2025-S2,4.21,"Kinerja baik, memenuhi target"
PR02086,E0417,2026-S1,4.23,"Kinerja baik, memenuhi target"
PR02087,E0418,2023-S2,3.79,"Kinerja baik, memenuhi target"
PR02088,E0418,2024-S1,3.48,"Kinerja cukup, ada ruang perbaikan"
PR02089,E0418,2024-S2,3.59,Perlu sedikit peningkatan di komunikasi tim
PR02090,E0419,2023-S2,3.41,"Kinerja cukup, ada ruang perbaikan"
PR02091,E0419,2024-S1,3.75,Perlu sedikit peningkatan di komunikasi tim
PR02092,E0419,2024-S2,3.81,Stabil dan dapat diandalkan
PR02093,E0419,2025-S1,3.53,Perlu sedikit peningkatan di komunikasi tim
PR02094,E0419,2025-S2,3.8,Stabil dan dapat diandalkan
PR02095,E0419,2026-S1,3.57,"Kinerja baik, memenuhi target"
PR02096,E0420,2024-S1,3.17,"Kinerja cukup, ada ruang perbaikan"
PR02097,E0420,2024-S2,3.08,Perlu peningkatan konsistensi
PR02098,E0420,2025-S1,2.85,Perlu peningkatan konsistensi
PR02099,E0420,2025-S2,3.01,"Kinerja cukup, ada ruang perbaikan"
PR02100,E0420,2026-S1,2.92,Perlu peningkatan konsistensi
PR02101,E0422,2023-S2,3.85,Perlu sedikit peningkatan di komunikasi tim
PR02102,E0422,2024-S1,4.07,Perlu sedikit peningkatan di komunikasi tim
PR02103,E0422,2024-S2,3.64,Perlu sedikit peningkatan di komunikasi tim
PR02104,E0422,2025-S1,3.69,Stabil dan dapat diandalkan
PR02105,E0422,2025-S2,3.79,"Kinerja baik, memenuhi target"
PR02106,E0422,2026-S1,3.9,Perlu sedikit peningkatan di komunikasi tim
PR02107,E0423,2024-S1,3.81,Perlu sedikit peningkatan di komunikasi tim
PR02108,E0423,2024-S2,4.22,Stabil dan dapat diandalkan
PR02109,E0423,2025-S1,3.88,Stabil dan dapat diandalkan
PR02110,E0423,2025-S2,4.2,"Kinerja baik, memenuhi target"
PR02111,E0423,2026-S1,4.27,Stabil dan dapat diandalkan
PR02112,E0424,2023-S2,3.45,Perlu peningkatan konsistensi
PR02113,E0424,2024-S1,3.62,"Kinerja baik, memenuhi target"
PR02114,E0424,2024-S2,3.53,Perlu sedikit peningkatan di komunikasi tim
PR02115,E0424,2025-S1,3.55,"Kinerja baik, memenuhi target"
PR02116,E0424,2025-S2,3.55,"Kinerja baik, memenuhi target"
PR02117,E0424,2026-S1,3.05,Beberapa target belum tercapai
PR02118,E0425,2023-S2,4.03,Stabil dan dapat diandalkan
PR02119,E0425,2024-S1,3.95,"Kinerja baik, memenuhi target"
PR02120,E0425,2024-S2,3.83,Perlu sedikit peningkatan di komunikasi tim
PR02121,E0425,2025-S1,3.98,Perlu sedikit peningkatan di komunikasi tim
PR02122,E0425,2025-S2,3.48,"Kinerja cukup, ada ruang perbaikan"
PR02123,E0425,2026-S1,3.87,"Kinerja baik, memenuhi target"
PR02124,E0426,2023-S2,4.63,"Sangat diandalkan tim, guest feedback positif"
PR02125,E0426,2024-S1,4.51,"Inisiatif tinggi, layak dipertimbangkan untuk promosi"
PR02126,E0426,2024-S2,4.59,"Inisiatif tinggi, layak dipertimbangkan untuk promosi"
PR02127,E0426,2025-S1,4.71,"Kinerja sangat baik, konsisten melebihi ekspektasi"
PR02128,E0426,2025-S2,4.38,"Inisiatif tinggi, layak dipertimbangkan untuk promosi"
PR02129,E0426,2026-S1,4.45,"Kinerja sangat baik, konsisten melebihi ekspektasi"
PR02130,E0427,2026-S1,3.35,"Kinerja cukup, ada ruang perbaikan"
PR02131,E0428,2023-S2,4.47,"Inisiatif tinggi, layak dipertimbangkan untuk promosi"
PR02132,E0428,2024-S1,4.09,Stabil dan dapat diandalkan
PR02133,E0428,2024-S2,4.46,"Kinerja sangat baik, konsisten melebihi ekspektasi"
PR02134,E0428,2025-S1,4.19,"Kinerja baik, memenuhi target"
PR02135,E0428,2025-S2,4.14,Perlu sedikit peningkatan di komunikasi tim
PR02136,E0428,2026-S1,4.25,"Kinerja baik, memenuhi target"
PR02137,E0429,2023-S2,3.09,Beberapa target belum tercapai
PR02138,E0429,2024-S1,3.09,Perlu peningkatan konsistensi
PR02139,E0429,2024-S2,3.31,Perlu peningkatan konsistensi
PR02140,E0429,2025-S1,2.89,Perlu peningkatan konsistensi
PR02141,E0429,2025-S2,2.86,Beberapa target belum tercapai
PR02142,E0429,2026-S1,3.08,Beberapa target belum tercapai
PR02143,E0431,2023-S2,3.93,Stabil dan dapat diandalkan
PR02144,E0431,2024-S1,4.05,"Kinerja baik, memenuhi target"
PR02145,E0431,2024-S2,4.0,Stabil dan dapat diandalkan
PR02146,E0431,2025-S1,4.25,Perlu sedikit peningkatan di komunikasi tim
PR02147,E0431,2025-S2,4.03,"Kinerja baik, memenuhi target"
PR02148,E0431,2026-S1,3.9,"Kinerja baik, memenuhi target"
PR02149,E0432,2023-S2,3.52,"Kinerja baik, memenuhi target"
PR02150,E0432,2024-S1,3.7,Perlu sedikit peningkatan di komunikasi tim
PR02151,E0432,2024-S2,3.49,Perlu peningkatan konsistensi
PR02152,E0432,2025-S1,3.51,"Kinerja baik, memenuhi target"
PR02153,E0432,2025-S2,3.56,"Kinerja baik, memenuhi target"
PR02154,E0432,2026-S1,3.73,Stabil dan dapat diandalkan
PR02155,E0433,2023-S2,3.44,Perlu peningkatan konsistensi
PR02156,E0433,2024-S1,3.53,Stabil dan dapat diandalkan
PR02157,E0433,2024-S2,3.44,"Kinerja cukup, ada ruang perbaikan"
PR02158,E0433,2025-S1,3.43,Beberapa target belum tercapai
PR02159,E0433,2025-S2,3.58,Stabil dan dapat diandalkan
PR02160,E0433,2026-S1,3.64,"Kinerja baik, memenuhi target"
PR02161,E0435,2023-S2,3.48,Perlu peningkatan konsistensi
PR02162,E0435,2024-S1,3.7,"Kinerja baik, memenuhi target"
PR02163,E0435,2024-S2,3.62,Stabil dan dapat diandalkan
PR02164,E0435,2025-S1,3.73,Stabil dan dapat diandalkan
PR02165,E0435,2025-S2,2.89,Perlu peningkatan konsistensi
PR02166,E0436,2023-S2,4.29,"Kinerja baik, memenuhi target"
PR02167,E0436,2024-S1,4.18,Perlu sedikit peningkatan di komunikasi tim
PR02168,E0436,2024-S2,4.14,"Kinerja baik, memenuhi target"
PR02169,E0436,2025-S1,4.13,Stabil dan dapat diandalkan
PR02170,E0436,2025-S2,3.67,"Kinerja baik, memenuhi target"
PR02171,E0436,2026-S1,4.23,Stabil dan dapat diandalkan
PR02172,E0437,2023-S2,3.1,"Kinerja cukup, ada ruang perbaikan"
PR02173,E0437,2024-S1,3.39,"Kinerja cukup, ada ruang perbaikan"
PR02174,E0437,2024-S2,3.25,"Kinerja cukup, ada ruang perbaikan"
PR02175,E0437,2025-S1,3.0,Perlu peningkatan konsistensi
PR02176,E0437,2025-S2,3.21,Perlu peningkatan konsistensi
PR02177,E0437,2026-S1,3.21,"Kinerja cukup, ada ruang perbaikan"
PR02178,E0438,2023-S2,3.12,"Kinerja cukup, ada ruang perbaikan"
PR02179,E0438,2024-S1,3.59,Stabil dan dapat diandalkan
PR02180,E0438,2024-S2,3.39,Beberapa target belum tercapai
PR02181,E0438,2025-S1,3.37,Beberapa target belum tercapai
PR02182,E0438,2025-S2,3.29,Perlu peningkatan konsistensi
PR02183,E0438,2026-S1,3.65,Perlu sedikit peningkatan di komunikasi tim
PR02184,E0439,2024-S1,3.03,Beberapa target belum tercapai
PR02185,E0439,2024-S2,2.97,Beberapa target belum tercapai
PR02186,E0439,2025-S1,3.15,Beberapa target belum tercapai
PR02187,E0439,2025-S2,3.58,Stabil dan dapat diandalkan
PR02188,E0439,2026-S1,3.57,"Kinerja baik, memenuhi target"
PR02189,E0440,2023-S2,3.35,Beberapa target belum tercapai
PR02190,E0440,2024-S1,3.74,Perlu sedikit peningkatan di komunikasi tim
PR02191,E0440,2024-S2,3.55,"Kinerja baik, memenuhi target"
PR02192,E0440,2025-S1,2.97,Perlu peningkatan konsistensi
PR02193,E0441,2024-S2,3.93,Stabil dan dapat diandalkan
PR02194,E0441,2025-S1,4.07,Stabil dan dapat diandalkan
PR02195,E0441,2025-S2,3.89,"Kinerja baik, memenuhi target"
PR02196,E0441,2026-S1,3.71,Perlu sedikit peningkatan di komunikasi tim
PR02197,E0442,2024-S1,3.54,"Kinerja baik, memenuhi target"
PR02198,E0442,2024-S2,3.28,"Kinerja cukup, ada ruang perbaikan"
PR02199,E0442,2025-S1,3.09,Perlu peningkatan konsistensi
PR02200,E0442,2025-S2,3.37,Perlu peningkatan konsistensi
PR02201,E0442,2026-S1,3.43,Beberapa target belum tercapai
PR02202,E0443,2023-S2,4.22,Stabil dan dapat diandalkan
PR02203,E0444,2023-S2,3.18,Beberapa target belum tercapai
PR02204,E0444,2024-S1,3.44,Beberapa target belum tercapai
PR02205,E0444,2024-S2,3.58,"Kinerja baik, memenuhi target"
PR02206,E0444,2025-S1,3.58,Perlu sedikit peningkatan di komunikasi tim
PR02207,E0444,2025-S2,3.63,Perlu sedikit peningkatan di komunikasi tim
PR02208,E0444,2026-S1,3.42,Beberapa target belum tercapai
PR02209,E0445,2024-S1,4.43,"Kinerja sangat baik, konsisten melebihi ekspektasi"
PR02210,E0445,2024-S2,4.75,"Inisiatif tinggi, layak dipertimbangkan untuk promosi"
PR02211,E0445,2025-S1,4.65,"Inisiatif tinggi, layak dipertimbangkan untuk promosi"
PR02212,E0445,2025-S2,4.46,"Inisiatif tinggi, layak dipertimbangkan untuk promosi"
PR02213,E0445,2026-S1,4.05,Stabil dan dapat diandalkan
PR02214,E0446,2023-S2,3.76,"Kinerja baik, memenuhi target"
PR02215,E0446,2024-S1,3.75,"Kinerja baik, memenuhi target"
PR02216,E0446,2024-S2,3.57,Perlu sedikit peningkatan di komunikasi tim
PR02217,E0446,2025-S1,3.5,Perlu sedikit peningkatan di komunikasi tim
PR02218,E0446,2025-S2,3.3,Beberapa target belum tercapai
PR02219,E0446,2026-S1,3.45,Perlu peningkatan konsistensi
PR02220,E0447,2023-S2,2.74,Perlu peningkatan konsistensi
PR02221,E0447,2024-S1,2.69,"Kinerja cukup, ada ruang perbaikan"
PR02222,E0447,2024-S2,2.53,Beberapa target belum tercapai
PR02223,E0447,2025-S1,2.68,Perlu peningkatan konsistensi
PR02224,E0447,2025-S2,3.23,Perlu peningkatan konsistensi
PR02225,E0447,2026-S1,2.52,Beberapa target belum tercapai
PR02226,E0448,2024-S1,3.15,"Kinerja cukup, ada ruang perbaikan"
PR02227,E0448,2024-S2,3.22,Perlu peningkatan konsistensi
PR02228,E0448,2025-S1,3.33,"Kinerja cukup, ada ruang perbaikan"
PR02229,E0448,2025-S2,3.16,"Kinerja cukup, ada ruang perbaikan"
PR02230,E0448,2026-S1,3.01,Perlu peningkatan konsistensi
PR02231,E0449,2023-S2,3.41,Perlu peningkatan konsistensi
PR02232,E0449,2024-S1,3.02,"Kinerja cukup, ada ruang perbaikan"
PR02233,E0449,2024-S2,3.57,"Kinerja baik, memenuhi target"
PR02234,E0449,2025-S1,3.09,Beberapa target belum tercapai
PR02235,E0449,2025-S2,3.41,Beberapa target belum tercapai
PR02236,E0449,2026-S1,3.07,"Kinerja cukup, ada ruang perbaikan"
PR02237,E0450,2023-S2,3.09,"Kinerja cukup, ada ruang perbaikan"
PR02238,E0450,2024-S1,2.88,Perlu peningkatan konsistensi
PR02239,E0450,2024-S2,3.33,Beberapa target belum tercapai
PR02240,E0450,2025-S1,3.03,Beberapa target belum tercapai
PR02241,E0450,2025-S2,3.38,"Kinerja cukup, ada ruang perbaikan"
PR02242,E0450,2026-S1,3.27,Perlu peningkatan konsistensi
PR02243,E0451,2023-S2,3.29,"Kinerja cukup, ada ruang perbaikan"
PR02244,E0451,2024-S1,3.76,"Kinerja baik, memenuhi target"
PR02245,E0451,2024-S2,3.72,"Kinerja baik, memenuhi target"
PR02246,E0451,2025-S1,3.76,Stabil dan dapat diandalkan
PR02247,E0451,2025-S2,3.82,Perlu sedikit peningkatan di komunikasi tim
PR02248,E0451,2026-S1,3.87,Perlu sedikit peningkatan di komunikasi tim
PR02249,E0452,2023-S2,4.03,Stabil dan dapat diandalkan
PR02250,E0452,2024-S1,4.02,Perlu sedikit peningkatan di komunikasi tim
PR02251,E0452,2024-S2,3.79,"Kinerja baik, memenuhi target"
PR02252,E0452,2025-S1,3.81,"Kinerja baik, memenuhi target"
PR02253,E0452,2025-S2,3.84,"Kinerja baik, memenuhi target"
PR02254,E0452,2026-S1,4.25,"Kinerja baik, memenuhi target"
PR02255,E0453,2023-S2,3.93,"Kinerja baik, memenuhi target"
PR02256,E0453,2024-S1,3.67,"Kinerja baik, memenuhi target"
PR02257,E0453,2024-S2,4.06,Perlu sedikit peningkatan di komunikasi tim
PR02258,E0453,2025-S1,3.75,Stabil dan dapat diandalkan
PR02259,E0453,2025-S2,3.78,Perlu sedikit peningkatan di komunikasi tim
PR02260,E0453,2026-S1,3.93,Stabil dan dapat diandalkan
PR02261,E0454,2023-S2,3.14,Beberapa target belum tercapai
PR02262,E0454,2024-S1,3.45,Perlu peningkatan konsistensi
PR02263,E0454,2024-S2,3.47,Beberapa target belum tercapai
PR02264,E0454,2025-S1,3.46,"Kinerja cukup, ada ruang perbaikan"
PR02265,E0454,2025-S2,3.12,"Kinerja cukup, ada ruang perbaikan"
PR02266,E0454,2026-S1,3.4,"Kinerja cukup, ada ruang perbaikan"
PR02267,E0455,2023-S2,3.14,Perlu peningkatan konsistensi
PR02268,E0455,2024-S1,3.11,Perlu peningkatan konsistensi
PR02269,E0455,2024-S2,2.85,Beberapa target belum tercapai
PR02270,E0455,2025-S1,3.05,Beberapa target belum tercapai
PR02271,E0455,2025-S2,2.98,Beberapa target belum tercapai
PR02272,E0455,2026-S1,3.01,Perlu peningkatan konsistensi
PR02273,E0456,2023-S2,2.54,Perlu peningkatan konsistensi
PR02274,E0456,2024-S1,2.68,Perlu peningkatan konsistensi
PR02275,E0456,2024-S2,2.3,Perlu evaluasi lebih lanjut
PR02276,E0456,2025-S1,2.75,Beberapa target belum tercapai
PR02277,E0456,2025-S2,2.5,Beberapa target belum tercapai
PR02278,E0456,2026-S1,2.23,Beberapa keluhan terkait kedisiplinan
PR02279,E0457,2023-S2,3.59,Perlu sedikit peningkatan di komunikasi tim
PR02280,E0457,2024-S1,3.59,"Kinerja baik, memenuhi target"
PR02281,E0457,2024-S2,3.5,Perlu sedikit peningkatan di komunikasi tim
PR02282,E0457,2025-S1,3.65,"Kinerja baik, memenuhi target"
PR02283,E0457,2025-S2,3.7,"Kinerja baik, memenuhi target"
PR02284,E0457,2026-S1,3.85,Stabil dan dapat diandalkan
PR02285,E0458,2023-S2,4.76,"Sangat diandalkan tim, guest feedback positif"
PR02286,E0458,2024-S1,4.66,"Kinerja sangat baik, konsisten melebihi ekspektasi"
PR02287,E0458,2024-S2,4.98,"Sangat diandalkan tim, guest feedback positif"
PR02288,E0458,2025-S1,4.74,"Sangat diandalkan tim, guest feedback positif"
PR02289,E0458,2025-S2,4.52,"Inisiatif tinggi, layak dipertimbangkan untuk promosi"
PR02290,E0459,2023-S2,3.59,Perlu sedikit peningkatan di komunikasi tim
PR02291,E0459,2024-S1,3.47,Perlu peningkatan konsistensi
PR02292,E0459,2024-S2,3.87,Stabil dan dapat diandalkan
PR02293,E0459,2025-S1,3.45,Perlu peningkatan konsistensi
PR02294,E0459,2025-S2,4.03,Stabil dan dapat diandalkan
PR02295,E0459,2026-S1,4.01,Perlu sedikit peningkatan di komunikasi tim
PR02296,E0460,2023-S2,3.13,Perlu peningkatan konsistensi
PR02297,E0460,2024-S1,3.18,"Kinerja cukup, ada ruang perbaikan"
PR02298,E0460,2024-S2,3.19,Perlu peningkatan konsistensi
PR02299,E0460,2025-S1,3.12,Perlu peningkatan konsistensi
PR02300,E0460,2025-S2,2.86,Beberapa target belum tercapai
PR02301,E0461,2023-S2,4.3,"Sangat diandalkan tim, guest feedback positif"
PR02302,E0461,2024-S1,4.4,"Sangat diandalkan tim, guest feedback positif"
PR02303,E0461,2024-S2,4.35,"Kinerja sangat baik, konsisten melebihi ekspektasi"
PR02304,E0461,2025-S1,4.4,"Sangat diandalkan tim, guest feedback positif"
PR02305,E0461,2025-S2,4.64,"Sangat diandalkan tim, guest feedback positif"
PR02306,E0461,2026-S1,4.28,Stabil dan dapat diandalkan
PR02307,E0462,2023-S2,3.71,Stabil dan dapat diandalkan
PR02308,E0462,2024-S1,3.55,Stabil dan dapat diandalkan
PR02309,E0462,2024-S2,3.79,Stabil dan dapat diandalkan
PR02310,E0462,2025-S1,3.83,"Kinerja baik, memenuhi target"
PR02311,E0462,2025-S2,3.56,Stabil dan dapat diandalkan
PR02312,E0462,2026-S1,3.61,"Kinerja baik, memenuhi target"
PR02313,E0463,2023-S2,4.21,"Kinerja baik, memenuhi target"
PR02314,E0463,2024-S1,4.27,Stabil dan dapat diandalkan
PR02315,E0463,2024-S2,3.87,"Kinerja baik, memenuhi target"
PR02316,E0463,2025-S1,4.11,"Kinerja baik, memenuhi target"
PR02317,E0463,2025-S2,4.14,Stabil dan dapat diandalkan
PR02318,E0463,2026-S1,4.16,"Kinerja baik, memenuhi target"
PR02319,E0464,2023-S2,2.87,Beberapa target belum tercapai
PR02320,E0464,2024-S1,2.88,Beberapa target belum tercapai
PR02321,E0464,2024-S2,3.21,Beberapa target belum tercapai
PR02322,E0464,2025-S1,2.84,Perlu peningkatan konsistensi
PR02323,E0464,2025-S2,3.15,Perlu peningkatan konsistensi
PR02324,E0464,2026-S1,3.41,Perlu peningkatan konsistensi
PR02325,E0466,2023-S2,3.01,Perlu peningkatan konsistensi
PR02326,E0466,2024-S1,3.25,Perlu peningkatan konsistensi
PR02327,E0466,2024-S2,2.87,Perlu peningkatan konsistensi
PR02328,E0466,2025-S1,2.8,Beberapa target belum tercapai
PR02329,E0466,2025-S2,3.21,"Kinerja cukup, ada ruang perbaikan"
PR02330,E0466,2026-S1,2.99,Perlu peningkatan konsistensi
PR02331,E0467,2023-S2,4.22,Perlu sedikit peningkatan di komunikasi tim
PR02332,E0467,2024-S1,4.08,Perlu sedikit peningkatan di komunikasi tim
PR02333,E0467,2024-S2,4.23,"Kinerja baik, memenuhi target"
PR02334,E0467,2025-S1,4.31,"Sangat diandalkan tim, guest feedback positif"
PR02335,E0467,2025-S2,3.95,Stabil dan dapat diandalkan
PR02336,E0467,2026-S1,4.02,"Kinerja baik, memenuhi target"
PR02337,E0468,2023-S2,3.67,"Kinerja baik, memenuhi target"
PR02338,E0468,2024-S1,3.77,"Kinerja baik, memenuhi target"
PR02339,E0468,2024-S2,3.8,Stabil dan dapat diandalkan
PR02340,E0468,2025-S1,3.46,Perlu peningkatan konsistensi
PR02341,E0468,2025-S2,3.89,"Kinerja baik, memenuhi target"
PR02342,E0468,2026-S1,3.86,Stabil dan dapat diandalkan
PR02343,E0469,2024-S2,3.22,"Kinerja cukup, ada ruang perbaikan"
PR02344,E0469,2025-S1,3.36,"Kinerja cukup, ada ruang perbaikan"
PR02345,E0469,2025-S2,3.54,"Kinerja baik, memenuhi target"
PR02346,E0469,2026-S1,3.75,"Kinerja baik, memenuhi target"
PR02347,E0470,2023-S2,2.9,Perlu peningkatan konsistensi
PR02348,E0470,2024-S1,3.05,Perlu peningkatan konsistensi
PR02349,E0470,2024-S2,3.11,"Kinerja cukup, ada ruang perbaikan"
PR02350,E0470,2025-S1,2.79,Perlu peningkatan konsistensi
PR02351,E0470,2025-S2,2.85,Beberapa target belum tercapai
PR02352,E0470,2026-S1,2.66,Beberapa target belum tercapai
PR02353,E0471,2023-S2,2.78,Perlu peningkatan konsistensi
PR02354,E0471,2024-S1,2.98,Perlu peningkatan konsistensi
PR02355,E0471,2024-S2,2.62,"Kinerja cukup, ada ruang perbaikan"
PR02356,E0471,2025-S1,3.02,Perlu peningkatan konsistensi
PR02357,E0471,2025-S2,2.8,Beberapa target belum tercapai
PR02358,E0472,2023-S2,3.51,Stabil dan dapat diandalkan
PR02359,E0472,2024-S1,3.37,Beberapa target belum tercapai
PR02360,E0472,2024-S2,3.41,Perlu peningkatan konsistensi
PR02361,E0472,2025-S1,3.42,"Kinerja cukup, ada ruang perbaikan"
PR02362,E0472,2025-S2,3.96,"Kinerja baik, memenuhi target"
PR02363,E0472,2026-S1,3.3,Beberapa target belum tercapai
PR02364,E0473,2023-S2,3.77,Stabil dan dapat diandalkan
PR02365,E0473,2024-S1,3.47,Perlu peningkatan konsistensi
PR02366,E0473,2024-S2,3.66,Perlu sedikit peningkatan di komunikasi tim
PR02367,E0473,2025-S1,3.98,Stabil dan dapat diandalkan
PR02368,E0473,2025-S2,3.55,Stabil dan dapat diandalkan
PR02369,E0473,2026-S1,3.67,Perlu sedikit peningkatan di komunikasi tim
PR02370,E0474,2023-S2,3.51,"Kinerja baik, memenuhi target"
PR02371,E0474,2024-S1,3.4,Perlu peningkatan konsistensi
PR02372,E0475,2023-S2,2.75,Beberapa target belum tercapai
PR02373,E0475,2024-S1,2.62,"Kinerja cukup, ada ruang perbaikan"
PR02374,E0475,2024-S2,3.0,Perlu peningkatan konsistensi
PR02375,E0475,2025-S1,3.04,Beberapa target belum tercapai
PR02376,E0475,2025-S2,2.72,Beberapa target belum tercapai
PR02377,E0475,2026-S1,2.8,Perlu peningkatan konsistensi
PR02378,E0476,2026-S1,3.73,"Kinerja baik, memenuhi target"
PR02379,E0477,2024-S1,4.43,"Kinerja sangat baik, konsisten melebihi ekspektasi"
PR02380,E0477,2024-S2,4.89,"Kinerja sangat baik, konsisten melebihi ekspektasi"
PR02381,E0477,2025-S1,4.27,Stabil dan dapat diandalkan
PR02382,E0477,2025-S2,4.57,"Inisiatif tinggi, layak dipertimbangkan untuk promosi"
PR02383,E0477,2026-S1,4.38,"Inisiatif tinggi, layak dipertimbangkan untuk promosi"
PR02384,E0478,2025-S1,3.2,Perlu peningkatan konsistensi
PR02385,E0478,2025-S2,3.54,"Kinerja baik, memenuhi target"
PR02386,E0478,2026-S1,3.8,Perlu sedikit peningkatan di komunikasi tim
PR02387,E0479,2025-S2,3.2,Beberapa target belum tercapai
PR02388,E0479,2026-S1,3.21,Beberapa target belum tercapai
PR02389,E0480,2023-S2,3.47,Perlu peningkatan konsistensi
PR02390,E0480,2024-S1,3.37,"Kinerja cukup, ada ruang perbaikan"
PR02391,E0480,2024-S2,3.39,Perlu peningkatan konsistensi
PR02392,E0480,2025-S1,3.43,Perlu peningkatan konsistensi
PR02393,E0480,2025-S2,3.52,Stabil dan dapat diandalkan
PR02394,E0480,2026-S1,3.94,Perlu sedikit peningkatan di komunikasi tim
PR02395,E0481,2023-S2,2.73,Beberapa target belum tercapai
PR02396,E0481,2024-S1,3.06,Perlu peningkatan konsistensi
PR02397,E0481,2024-S2,3.16,Beberapa target belum tercapai
PR02398,E0481,2025-S1,2.92,Perlu peningkatan konsistensi
PR02399,E0481,2025-S2,3.25,Beberapa target belum tercapai
PR02400,E0481,2026-S1,3.27,Perlu peningkatan konsistensi
PR02401,E0482,2023-S2,3.15,"Kinerja cukup, ada ruang perbaikan"
PR02402,E0482,2024-S1,3.2,Beberapa target belum tercapai
PR02403,E0482,2024-S2,3.12,Perlu peningkatan konsistensi
PR02404,E0482,2025-S1,3.45,Perlu peningkatan konsistensi
PR02405,E0482,2025-S2,3.65,Perlu sedikit peningkatan di komunikasi tim
PR02406,E0482,2026-S1,3.06,Perlu peningkatan konsistensi
PR02407,E0483,2023-S2,3.52,Stabil dan dapat diandalkan
PR02408,E0483,2024-S1,3.51,Perlu sedikit peningkatan di komunikasi tim
PR02409,E0483,2024-S2,3.63,Perlu sedikit peningkatan di komunikasi tim
PR02410,E0483,2025-S1,3.92,Stabil dan dapat diandalkan
PR02411,E0483,2025-S2,3.52,Stabil dan dapat diandalkan
PR02412,E0483,2026-S1,3.72,Stabil dan dapat diandalkan
PR02413,E0484,2024-S1,3.48,Beberapa target belum tercapai
PR02414,E0484,2024-S2,2.8,"Kinerja cukup, ada ruang perbaikan"
PR02415,E0485,2023-S2,3.84,Perlu sedikit peningkatan di komunikasi tim
PR02416,E0485,2024-S1,3.95,Perlu sedikit peningkatan di komunikasi tim
PR02417,E0485,2024-S2,3.7,"Kinerja baik, memenuhi target"
PR02418,E0485,2025-S1,3.69,Perlu sedikit peningkatan di komunikasi tim
PR02419,E0485,2025-S2,3.6,Perlu sedikit peningkatan di komunikasi tim
PR02420,E0485,2026-S1,4.07,Stabil dan dapat diandalkan
PR02421,E0486,2024-S1,4.36,"Kinerja sangat baik, konsisten melebihi ekspektasi"
PR02422,E0486,2024-S2,3.95,Stabil dan dapat diandalkan
PR02423,E0486,2025-S1,4.18,Stabil dan dapat diandalkan
PR02424,E0486,2025-S2,4.19,"Kinerja baik, memenuhi target"
PR02425,E0486,2026-S1,4.21,Perlu sedikit peningkatan di komunikasi tim
PR02426,E0487,2023-S2,4.09,Stabil dan dapat diandalkan
PR02427,E0487,2024-S1,4.13,"Kinerja baik, memenuhi target"
PR02428,E0487,2024-S2,3.77,Perlu sedikit peningkatan di komunikasi tim
PR02429,E0487,2025-S1,4.14,"Kinerja baik, memenuhi target"
PR02430,E0487,2025-S2,3.87,Perlu sedikit peningkatan di komunikasi tim
PR02431,E0487,2026-S1,3.97,Perlu sedikit peningkatan di komunikasi tim
PR02432,E0488,2023-S2,3.74,Stabil dan dapat diandalkan
PR02433,E0488,2024-S1,4.07,Perlu sedikit peningkatan di komunikasi tim
PR02434,E0488,2024-S2,4.1,"Kinerja baik, memenuhi target"
PR02435,E0488,2025-S1,4.15,"Kinerja baik, memenuhi target"
PR02436,E0488,2025-S2,4.02,Perlu sedikit peningkatan di komunikasi tim
PR02437,E0488,2026-S1,3.97,Stabil dan dapat diandalkan
PR02438,E0489,2023-S2,3.6,Stabil dan dapat diandalkan
PR02439,E0489,2024-S1,3.45,Beberapa target belum tercapai
PR02440,E0489,2024-S2,3.4,Beberapa target belum tercapai
PR02441,E0489,2025-S1,3.25,"Kinerja cukup, ada ruang perbaikan"
PR02442,E0489,2025-S2,3.15,Perlu peningkatan konsistensi
PR02443,E0489,2026-S1,3.46,Beberapa target belum tercapai
PR02444,E0490,2023-S2,3.92,"Kinerja baik, memenuhi target"
PR02445,E0490,2024-S1,4.14,"Kinerja baik, memenuhi target"
PR02446,E0490,2024-S2,4.01,Perlu sedikit peningkatan di komunikasi tim
PR02447,E0490,2025-S1,3.95,Stabil dan dapat diandalkan
PR02448,E0490,2025-S2,4.25,Perlu sedikit peningkatan di komunikasi tim
PR02449,E0490,2026-S1,3.84,Stabil dan dapat diandalkan
PR02450,E0491,2023-S2,4.76,"Sangat diandalkan tim, guest feedback positif"
PR02451,E0491,2024-S1,4.43,"Sangat diandalkan tim, guest feedback positif"
PR02452,E0491,2024-S2,4.97,"Inisiatif tinggi, layak dipertimbangkan untuk promosi"
PR02453,E0491,2025-S1,4.6,"Kinerja sangat baik, konsisten melebihi ekspektasi"
PR02454,E0491,2025-S2,4.71,"Sangat diandalkan tim, guest feedback positif"
PR02455,E0491,2026-S1,4.52,"Inisiatif tinggi, layak dipertimbangkan untuk promosi"
PR02456,E0492,2023-S2,4.02,"Kinerja baik, memenuhi target"
PR02457,E0492,2024-S1,3.88,Stabil dan dapat diandalkan
PR02458,E0492,2024-S2,4.26,Perlu sedikit peningkatan di komunikasi tim
PR02459,E0492,2025-S1,4.0,"Kinerja baik, memenuhi target"
PR02460,E0492,2025-S2,4.06,"Kinerja baik, memenuhi target"
PR02461,E0492,2026-S1,3.83,Perlu sedikit peningkatan di komunikasi tim
PR02462,E0493,2023-S2,3.44,"Kinerja cukup, ada ruang perbaikan"
PR02463,E0493,2024-S1,3.32,Beberapa target belum tercapai
PR02464,E0493,2024-S2,3.27,Perlu peningkatan konsistensi
PR02465,E0493,2025-S1,3.39,"Kinerja cukup, ada ruang perbaikan"
PR02466,E0493,2025-S2,3.58,Perlu sedikit peningkatan di komunikasi tim
PR02467,E0493,2026-S1,3.75,Perlu sedikit peningkatan di komunikasi tim
PR02468,E0494,2026-S1,3.21,"Kinerja cukup, ada ruang perbaikan"
PR02469,E0495,2023-S2,3.65,"Kinerja baik, memenuhi target"
PR02470,E0495,2024-S1,3.56,"Kinerja baik, memenuhi target"
PR02471,E0495,2024-S2,3.53,"Kinerja baik, memenuhi target"
PR02472,E0495,2025-S1,4.04,"Kinerja baik, memenuhi target"
PR02473,E0495,2025-S2,3.59,Perlu sedikit peningkatan di komunikasi tim
PR02474,E0495,2026-S1,3.82,Perlu sedikit peningkatan di komunikasi tim
PR02475,E0496,2023-S2,4.98,"Sangat diandalkan tim, guest feedback positif"
PR02476,E0496,2024-S1,5.0,"Kinerja sangat baik, konsisten melebihi ekspektasi"
PR02477,E0496,2024-S2,4.8,"Inisiatif tinggi, layak dipertimbangkan untuk promosi"
PR02478,E0496,2025-S1,4.82,"Inisiatif tinggi, layak dipertimbangkan untuk promosi"
PR02479,E0496,2025-S2,4.84,"Kinerja sangat baik, konsisten melebihi ekspektasi"
PR02480,E0497,2023-S2,3.68,"Kinerja baik, memenuhi target"
PR02481,E0497,2024-S1,3.76,"Kinerja baik, memenuhi target"
PR02482,E0497,2024-S2,3.97,Stabil dan dapat diandalkan
PR02483,E0497,2025-S1,3.94,Stabil dan dapat diandalkan
PR02484,E0497,2025-S2,4.09,Perlu sedikit peningkatan di komunikasi tim
PR02485,E0497,2026-S1,3.59,"Kinerja baik, memenuhi target"
PR02486,E0498,2023-S2,3.07,Perlu peningkatan konsistensi
PR02487,E0498,2024-S1,3.16,Perlu peningkatan konsistensi
PR02488,E0498,2024-S2,3.27,"Kinerja cukup, ada ruang perbaikan"
PR02489,E0498,2025-S1,2.92,"Kinerja cukup, ada ruang perbaikan"
PR02490,E0498,2025-S2,3.22,"Kinerja cukup, ada ruang perbaikan"
PR02491,E0498,2026-S1,2.71,Beberapa target belum tercapai
PR02492,E0499,2023-S2,3.4,"Kinerja cukup, ada ruang perbaikan"
PR02493,E0499,2024-S1,3.27,Beberapa target belum tercapai
PR02494,E0499,2024-S2,3.5,Perlu sedikit peningkatan di komunikasi tim
PR02495,E0499,2025-S1,3.37,"Kinerja cukup, ada ruang perbaikan"
PR02496,E0499,2025-S2,3.43,"Kinerja cukup, ada ruang perbaikan"
PR02497,E0499,2026-S1,3.72,"Kinerja baik, memenuhi target"
PR02498,E0500,2024-S1,3.58,Perlu sedikit peningkatan di komunikasi tim
PR02499,E0500,2024-S2,3.64,Perlu sedikit peningkatan di komunikasi tim
PR02500,E0500,2025-S1,3.75,Stabil dan dapat diandalkan
PR02501,E0500,2025-S2,3.84,Perlu sedikit peningkatan di komunikasi tim
PR02502,E0500,2026-S1,3.57,Perlu sedikit peningkatan di komunikasi tim
PR02503,E0501,2023-S2,3.66,"Kinerja baik, memenuhi target"
PR02504,E0501,2024-S1,3.59,Perlu sedikit peningkatan di komunikasi tim
PR02505,E0501,2024-S2,3.51,Perlu sedikit peningkatan di komunikasi tim
PR02506,E0501,2025-S1,3.7,Perlu sedikit peningkatan di komunikasi tim
PR02507,E0501,2025-S2,3.87,Stabil dan dapat diandalkan
PR02508,E0501,2026-S1,3.74,Stabil dan dapat diandalkan
PR02509,E0502,2024-S1,4.01,"Kinerja baik, memenuhi target"
PR02510,E0502,2024-S2,4.24,"Kinerja baik, memenuhi target"
PR02511,E0502,2025-S1,3.72,"Kinerja baik, memenuhi target"
PR02512,E0502,2025-S2,3.84,"Kinerja baik, memenuhi target"
PR02513,E0502,2026-S1,3.88,"Kinerja baik, memenuhi target"
PR02514,E0503,2023-S2,4.56,"Sangat diandalkan tim, guest feedback positif"
PR02515,E0503,2024-S1,4.68,"Inisiatif tinggi, layak dipertimbangkan untuk promosi"
PR02516,E0503,2024-S2,4.36,"Inisiatif tinggi, layak dipertimbangkan untuk promosi"
PR02517,E0503,2025-S1,4.23,"Kinerja baik, memenuhi target"
PR02518,E0503,2025-S2,4.05,Perlu sedikit peningkatan di komunikasi tim
PR02519,E0503,2026-S1,4.55,"Inisiatif tinggi, layak dipertimbangkan untuk promosi"
PR02520,E0504,2023-S2,2.99,"Kinerja cukup, ada ruang perbaikan"
PR02521,E0504,2024-S1,2.89,Beberapa target belum tercapai
PR02522,E0504,2024-S2,3.16,"Kinerja cukup, ada ruang perbaikan"
PR02523,E0504,2025-S1,2.93,"Kinerja cukup, ada ruang perbaikan"
PR02524,E0504,2025-S2,3.14,Beberapa target belum tercapai
PR02525,E0504,2026-S1,2.9,Perlu peningkatan konsistensi
PR02526,E0505,2023-S2,3.01,Perlu peningkatan konsistensi
PR02527,E0505,2024-S1,3.11,"Kinerja cukup, ada ruang perbaikan"
PR02528,E0505,2024-S2,3.51,"Kinerja baik, memenuhi target"
PR02529,E0505,2025-S1,3.41,Beberapa target belum tercapai
PR02530,E0505,2025-S2,3.22,Perlu peningkatan konsistensi
PR02531,E0505,2026-S1,3.23,Beberapa target belum tercapai
PR02532,E0506,2023-S2,3.47,"Kinerja cukup, ada ruang perbaikan"
PR02533,E0506,2024-S1,3.85,"Kinerja baik, memenuhi target"
PR02534,E0506,2024-S2,3.73,Perlu sedikit peningkatan di komunikasi tim
PR02535,E0507,2023-S2,4.32,"Kinerja sangat baik, konsisten melebihi ekspektasi"
PR02536,E0507,2024-S1,4.93,"Sangat diandalkan tim, guest feedback positif"
PR02537,E0507,2024-S2,4.44,"Inisiatif tinggi, layak dipertimbangkan untuk promosi"
PR02538,E0507,2025-S1,4.48,"Inisiatif tinggi, layak dipertimbangkan untuk promosi"
PR02539,E0507,2025-S2,4.32,"Sangat diandalkan tim, guest feedback positif"
PR02540,E0507,2026-S1,4.34,"Sangat diandalkan tim, guest feedback positif"
PR02541,E0508,2023-S2,3.42,"Kinerja cukup, ada ruang perbaikan"
PR02542,E0509,2023-S2,4.01,Stabil dan dapat diandalkan
PR02543,E0509,2024-S1,3.61,Stabil dan dapat diandalkan
PR02544,E0509,2024-S2,4.02,Perlu sedikit peningkatan di komunikasi tim
PR02545,E0509,2025-S1,3.71,Perlu sedikit peningkatan di komunikasi tim
PR02546,E0509,2025-S2,3.6,"Kinerja baik, memenuhi target"
PR02547,E0509,2026-S1,3.83,Perlu sedikit peningkatan di komunikasi tim
PR02548,E0511,2026-S1,3.06,Perlu peningkatan konsistensi
PR02549,E0512,2023-S2,2.24,"Kinerja di bawah standar, perlu coaching intensif"
PR02550,E0512,2024-S1,2.08,"Kinerja di bawah standar, perlu coaching intensif"
PR02551,E0512,2024-S2,2.06,"Kinerja di bawah standar, perlu coaching intensif"
PR02552,E0512,2025-S1,2.36,"Kinerja di bawah standar, perlu coaching intensif"
PR02553,E0512,2025-S2,2.38,Beberapa keluhan terkait kedisiplinan
PR02554,E0512,2026-S1,2.08,Perlu evaluasi lebih lanjut
PR02555,E0513,2023-S2,2.85,"Kinerja cukup, ada ruang perbaikan"
PR02556,E0513,2024-S1,3.21,Beberapa target belum tercapai
PR02557,E0513,2024-S2,2.89,Perlu peningkatan konsistensi
PR02558,E0514,2024-S1,3.28,Perlu peningkatan konsistensi
PR02559,E0514,2024-S2,3.37,"Kinerja cukup, ada ruang perbaikan"
PR02560,E0514,2025-S1,3.5,Perlu sedikit peningkatan di komunikasi tim
PR02561,E0514,2025-S2,3.52,"Kinerja baik, memenuhi target"
PR02562,E0514,2026-S1,3.56,Stabil dan dapat diandalkan
PR02563,E0515,2023-S2,2.97,"Kinerja cukup, ada ruang perbaikan"
PR02564,E0515,2024-S1,3.22,"Kinerja cukup, ada ruang perbaikan"
PR02565,E0515,2024-S2,3.07,"Kinerja cukup, ada ruang perbaikan"
PR02566,E0515,2025-S1,3.01,Beberapa target belum tercapai
PR02567,E0515,2025-S2,2.95,Perlu peningkatan konsistensi
PR02568,E0515,2026-S1,3.12,Beberapa target belum tercapai
PR02569,E0516,2024-S1,3.2,Perlu peningkatan konsistensi
PR02570,E0516,2024-S2,3.1,Perlu peningkatan konsistensi
PR02571,E0516,2025-S1,3.52,Perlu sedikit peningkatan di komunikasi tim
PR02572,E0516,2025-S2,3.45,Perlu peningkatan konsistensi
PR02573,E0516,2026-S1,3.09,"Kinerja cukup, ada ruang perbaikan"
PR02574,E0517,2026-S1,3.51,Perlu sedikit peningkatan di komunikasi tim
PR02575,E0518,2023-S2,4.13,"Kinerja baik, memenuhi target"
PR02576,E0518,2024-S1,4.05,Perlu sedikit peningkatan di komunikasi tim
PR02577,E0518,2024-S2,3.74,"Kinerja baik, memenuhi target"
PR02578,E0518,2025-S1,3.7,Perlu sedikit peningkatan di komunikasi tim
PR02579,E0518,2025-S2,4.04,Perlu sedikit peningkatan di komunikasi tim
PR02580,E0518,2026-S1,4.12,Stabil dan dapat diandalkan
PR02581,E0519,2025-S2,2.77,"Kinerja cukup, ada ruang perbaikan"
PR02582,E0519,2026-S1,2.93,"Kinerja cukup, ada ruang perbaikan"
PR02583,E0520,2023-S2,3.8,Perlu sedikit peningkatan di komunikasi tim
PR02584,E0520,2024-S1,3.66,Stabil dan dapat diandalkan
PR02585,E0520,2024-S2,3.55,"Kinerja baik, memenuhi target"
PR02586,E0520,2025-S1,3.76,Stabil dan dapat diandalkan
PR02587,E0520,2025-S2,3.7,"Kinerja baik, memenuhi target"
PR02588,E0520,2026-S1,3.77,Stabil dan dapat diandalkan
PR02589,E0521,2024-S1,4.57,"Kinerja sangat baik, konsisten melebihi ekspektasi"
PR02590,E0521,2024-S2,4.62,"Sangat diandalkan tim, guest feedback positif"
PR02591,E0522,2024-S1,4.08,"Kinerja baik, memenuhi target"
PR02592,E0522,2024-S2,3.87,"Kinerja baik, memenuhi target"
PR02593,E0522,2025-S1,3.65,"Kinerja baik, memenuhi target"
PR02594,E0522,2025-S2,3.87,"Kinerja baik, memenuhi target"
PR02595,E0522,2026-S1,4.03,Stabil dan dapat diandalkan
PR02596,E0523,2023-S2,3.75,Perlu sedikit peningkatan di komunikasi tim
PR02597,E0523,2024-S1,4.08,Stabil dan dapat diandalkan
PR02598,E0523,2024-S2,3.82,Perlu sedikit peningkatan di komunikasi tim
PR02599,E0523,2025-S1,3.69,Stabil dan dapat diandalkan
PR02600,E0523,2025-S2,4.09,Perlu sedikit peningkatan di komunikasi tim
PR02601,E0523,2026-S1,4.02,"Kinerja baik, memenuhi target"
PR02602,E0524,2023-S2,3.92,Perlu sedikit peningkatan di komunikasi tim
PR02603,E0524,2024-S1,3.79,Stabil dan dapat diandalkan
PR02604,E0524,2024-S2,3.76,Perlu sedikit peningkatan di komunikasi tim
PR02605,E0524,2025-S1,3.69,"Kinerja baik, memenuhi target"
PR02606,E0524,2025-S2,3.49,"Kinerja cukup, ada ruang perbaikan"
PR02607,E0524,2026-S1,3.86,Stabil dan dapat diandalkan
PR02608,E0525,2023-S2,3.31,Perlu peningkatan konsistensi
PR02609,E0525,2024-S1,3.58,Perlu sedikit peningkatan di komunikasi tim
PR02610,E0525,2024-S2,2.82,"Kinerja cukup, ada ruang perbaikan"
PR02611,E0525,2025-S1,2.94,Beberapa target belum tercapai
PR02612,E0525,2025-S2,3.5,Perlu sedikit peningkatan di komunikasi tim
PR02613,E0525,2026-S1,2.97,Perlu peningkatan konsistensi
PR02614,E0526,2024-S2,2.99,Perlu peningkatan konsistensi
PR02615,E0526,2025-S1,3.24,Perlu peningkatan konsistensi
PR02616,E0526,2025-S2,3.4,"Kinerja cukup, ada ruang perbaikan"
PR02617,E0526,2026-S1,2.86,Beberapa target belum tercapai
PR02618,E0527,2023-S2,4.45,"Sangat diandalkan tim, guest feedback positif"
PR02619,E0527,2024-S1,4.34,"Inisiatif tinggi, layak dipertimbangkan untuk promosi"
PR02620,E0527,2024-S2,4.66,"Inisiatif tinggi, layak dipertimbangkan untuk promosi"
PR02621,E0527,2025-S1,4.8,"Kinerja sangat baik, konsisten melebihi ekspektasi"
PR02622,E0527,2025-S2,4.29,"Kinerja baik, memenuhi target"
PR02623,E0527,2026-S1,4.9,"Kinerja sangat baik, konsisten melebihi ekspektasi"
PR02624,E0528,2023-S2,3.62,"Kinerja baik, memenuhi target"
PR02625,E0528,2024-S1,3.79,Perlu sedikit peningkatan di komunikasi tim
PR02626,E0528,2024-S2,3.81,"Kinerja baik, memenuhi target"
PR02627,E0528,2025-S1,3.58,Perlu sedikit peningkatan di komunikasi tim
PR02628,E0528,2025-S2,3.88,"Kinerja baik, memenuhi target"
PR02629,E0528,2026-S1,3.76,Stabil dan dapat diandalkan
PR02630,E0529,2023-S2,3.79,Stabil dan dapat diandalkan
PR02631,E0529,2024-S1,4.03,"Kinerja baik, memenuhi target"
PR02632,E0529,2024-S2,3.73,Perlu sedikit peningkatan di komunikasi tim
PR02633,E0529,2025-S1,3.88,Stabil dan dapat diandalkan
PR02634,E0529,2025-S2,3.46,Perlu peningkatan konsistensi
PR02635,E0529,2026-S1,3.61,Perlu sedikit peningkatan di komunikasi tim
PR02636,E0530,2023-S2,3.61,Stabil dan dapat diandalkan
PR02637,E0530,2024-S1,3.71,Stabil dan dapat diandalkan
PR02638,E0530,2024-S2,3.52,Stabil dan dapat diandalkan
PR02639,E0530,2025-S1,3.91,Perlu sedikit peningkatan di komunikasi tim
PR02640,E0530,2025-S2,3.59,"Kinerja baik, memenuhi target"
PR02641,E0530,2026-S1,3.66,Perlu sedikit peningkatan di komunikasi tim
PR02642,E0531,2024-S2,3.67,Stabil dan dapat diandalkan
PR02643,E0531,2025-S1,3.85,"Kinerja baik, memenuhi target"
PR02644,E0531,2025-S2,3.87,Stabil dan dapat diandalkan
PR02645,E0531,2026-S1,3.82,"Kinerja baik, memenuhi target"
PR02646,E0532,2023-S2,4.41,"Kinerja sangat baik, konsisten melebihi ekspektasi"
PR02647,E0532,2024-S1,4.44,"Sangat diandalkan tim, guest feedback positif"
PR02648,E0532,2024-S2,4.42,"Kinerja sangat baik, konsisten melebihi ekspektasi"
PR02649,E0532,2025-S1,4.22,"Kinerja baik, memenuhi target"
PR02650,E0532,2025-S2,4.38,"Kinerja sangat baik, konsisten melebihi ekspektasi"
PR02651,E0532,2026-S1,4.62,"Kinerja sangat baik, konsisten melebihi ekspektasi"
PR02652,E0533,2024-S1,3.64,Stabil dan dapat diandalkan
PR02653,E0533,2024-S2,3.63,"Kinerja baik, memenuhi target"
PR02654,E0533,2025-S1,3.65,Stabil dan dapat diandalkan
PR02655,E0533,2025-S2,3.67,Stabil dan dapat diandalkan
PR02656,E0533,2026-S1,3.62,Perlu sedikit peningkatan di komunikasi tim
PR02657,E0534,2023-S2,2.88,Beberapa target belum tercapai
PR02658,E0534,2024-S1,3.13,"Kinerja cukup, ada ruang perbaikan"
PR02659,E0534,2024-S2,3.14,Beberapa target belum tercapai
PR02660,E0534,2025-S1,3.15,Perlu peningkatan konsistensi
PR02661,E0534,2025-S2,3.07,"Kinerja cukup, ada ruang perbaikan"
PR02662,E0534,2026-S1,3.05,Beberapa target belum tercapai
PR02663,E0535,2023-S2,2.55,"Kinerja cukup, ada ruang perbaikan"
PR02664,E0535,2024-S1,2.67,Beberapa target belum tercapai
PR02665,E0535,2024-S2,2.47,Beberapa keluhan terkait kedisiplinan
PR02666,E0535,2025-S1,2.19,Beberapa keluhan terkait kedisiplinan
PR02667,E0535,2025-S2,2.65,Beberapa target belum tercapai
PR02668,E0535,2026-S1,2.67,"Kinerja cukup, ada ruang perbaikan"
PR02669,E0536,2023-S2,3.55,"Kinerja baik, memenuhi target"
PR02670,E0536,2024-S1,3.51,Perlu sedikit peningkatan di komunikasi tim
PR02671,E0536,2024-S2,3.92,Perlu sedikit peningkatan di komunikasi tim
PR02672,E0536,2025-S1,4.04,Perlu sedikit peningkatan di komunikasi tim
PR02673,E0536,2025-S2,3.94,Perlu sedikit peningkatan di komunikasi tim
PR02674,E0536,2026-S1,4.02,Perlu sedikit peningkatan di komunikasi tim
PR02675,E0537,2023-S2,3.2,"Kinerja cukup, ada ruang perbaikan"
PR02676,E0537,2024-S1,3.09,Perlu peningkatan konsistensi
PR02677,E0537,2024-S2,3.03,"Kinerja cukup, ada ruang perbaikan"
PR02678,E0537,2025-S1,3.18,Perlu peningkatan konsistensi
PR02679,E0537,2025-S2,3.22,"Kinerja cukup, ada ruang perbaikan"
PR02680,E0537,2026-S1,2.92,"Kinerja cukup, ada ruang perbaikan"
PR02681,E0538,2023-S2,2.87,Perlu peningkatan konsistensi
PR02682,E0538,2024-S1,2.68,Perlu peningkatan konsistensi
PR02683,E0538,2024-S2,3.01,Perlu peningkatan konsistensi
PR02684,E0538,2025-S1,2.96,Beberapa target belum tercapai
PR02685,E0538,2025-S2,2.98,"Kinerja cukup, ada ruang perbaikan"
PR02686,E0538,2026-S1,2.69,Beberapa target belum tercapai
PR02687,E0539,2023-S2,3.55,Stabil dan dapat diandalkan
PR02688,E0539,2024-S1,3.65,"Kinerja baik, memenuhi target"
PR02689,E0539,2024-S2,3.3,"Kinerja cukup, ada ruang perbaikan"
PR02690,E0539,2025-S1,3.84,Perlu sedikit peningkatan di komunikasi tim
PR02691,E0539,2025-S2,3.75,"Kinerja baik, memenuhi target"
PR02692,E0539,2026-S1,3.51,Perlu sedikit peningkatan di komunikasi tim
PR02693,E0540,2024-S1,3.85,"Kinerja baik, memenuhi target"
PR02694,E0540,2024-S2,4.27,"Kinerja baik, memenuhi target"
PR02695,E0540,2025-S1,4.12,Perlu sedikit peningkatan di komunikasi tim
PR02696,E0540,2025-S2,4.45,"Inisiatif tinggi, layak dipertimbangkan untuk promosi"
PR02697,E0540,2026-S1,4.18,Stabil dan dapat diandalkan
PR02698,E0541,2023-S2,3.74,Perlu sedikit peningkatan di komunikasi tim
PR02699,E0541,2024-S1,3.88,"Kinerja baik, memenuhi target"
PR02700,E0541,2024-S2,4.0,Stabil dan dapat diandalkan
PR02701,E0541,2025-S1,4.09,Stabil dan dapat diandalkan
PR02702,E0541,2025-S2,3.8,Stabil dan dapat diandalkan
PR02703,E0541,2026-S1,4.03,Perlu sedikit peningkatan di komunikasi tim
PR02704,E0542,2024-S1,4.14,Stabil dan dapat diandalkan
PR02705,E0542,2024-S2,3.96,Stabil dan dapat diandalkan
PR02706,E0542,2025-S1,3.86,Perlu sedikit peningkatan di komunikasi tim
PR02707,E0542,2025-S2,4.02,Perlu sedikit peningkatan di komunikasi tim
PR02708,E0542,2026-S1,3.84,"Kinerja baik, memenuhi target"
PR02709,E0543,2023-S2,2.18,Beberapa keluhan terkait kedisiplinan
PR02710,E0543,2024-S1,2.47,"Kinerja di bawah standar, perlu coaching intensif"
PR02711,E0543,2024-S2,2.0,"Kinerja di bawah standar, perlu coaching intensif"
PR02712,E0543,2025-S1,2.03,Beberapa keluhan terkait kedisiplinan
PR02713,E0543,2025-S2,2.32,"Kinerja di bawah standar, perlu coaching intensif"
PR02714,E0543,2026-S1,2.34,Beberapa keluhan terkait kedisiplinan
PR02715,E0544,2023-S2,3.9,"Kinerja baik, memenuhi target"
PR02716,E0544,2024-S1,3.96,Stabil dan dapat diandalkan
PR02717,E0544,2024-S2,3.76,Perlu sedikit peningkatan di komunikasi tim
PR02718,E0544,2025-S1,3.85,Perlu sedikit peningkatan di komunikasi tim
PR02719,E0544,2025-S2,3.73,Perlu sedikit peningkatan di komunikasi tim
PR02720,E0544,2026-S1,3.89,"Kinerja baik, memenuhi target"
PR02721,E0545,2026-S1,4.27,Stabil dan dapat diandalkan
PR02722,E0546,2023-S2,3.41,Beberapa target belum tercapai
PR02723,E0546,2024-S1,3.47,Perlu peningkatan konsistensi
PR02724,E0546,2024-S2,3.84,Stabil dan dapat diandalkan
PR02725,E0546,2025-S1,3.62,Stabil dan dapat diandalkan
PR02726,E0546,2025-S2,3.69,Stabil dan dapat diandalkan
PR02727,E0546,2026-S1,3.53,"Kinerja baik, memenuhi target"
PR02728,E0547,2023-S2,3.55,Stabil dan dapat diandalkan
PR02729,E0547,2024-S1,3.33,Beberapa target belum tercapai
PR02730,E0547,2024-S2,3.51,"Kinerja baik, memenuhi target"
PR02731,E0547,2025-S1,3.61,Perlu sedikit peningkatan di komunikasi tim
PR02732,E0547,2025-S2,3.55,Perlu sedikit peningkatan di komunikasi tim
PR02733,E0547,2026-S1,3.51,Perlu sedikit peningkatan di komunikasi tim
PR02734,E0549,2023-S2,4.72,"Inisiatif tinggi, layak dipertimbangkan untuk promosi"
PR02735,E0549,2024-S1,4.52,"Kinerja sangat baik, konsisten melebihi ekspektasi"
PR02736,E0549,2024-S2,4.28,Stabil dan dapat diandalkan
PR02737,E0549,2025-S1,4.84,"Sangat diandalkan tim, guest feedback positif"
PR02738,E0549,2025-S2,4.34,"Kinerja sangat baik, konsisten melebihi ekspektasi"
PR02739,E0549,2026-S1,4.24,Perlu sedikit peningkatan di komunikasi tim
PR02740,E0550,2023-S2,2.99,Perlu peningkatan konsistensi
PR02741,E0550,2024-S1,3.04,"Kinerja cukup, ada ruang perbaikan"
PR02742,E0550,2024-S2,3.13,Perlu peningkatan konsistensi
PR02743,E0550,2025-S1,3.34,Beberapa target belum tercapai
PR02744,E0550,2025-S2,3.11,"Kinerja cukup, ada ruang perbaikan"
PR02745,E0550,2026-S1,2.95,Perlu peningkatan konsistensi
PR02746,E0551,2023-S2,4.36,"Inisiatif tinggi, layak dipertimbangkan untuk promosi"
PR02747,E0551,2024-S1,4.11,"Kinerja baik, memenuhi target"
PR02748,E0551,2024-S2,4.19,"Kinerja baik, memenuhi target"
PR02749,E0551,2025-S1,4.29,Stabil dan dapat diandalkan
PR02750,E0551,2025-S2,4.09,"Kinerja baik, memenuhi target"
PR02751,E0551,2026-S1,4.27,"Kinerja baik, memenuhi target"
PR02752,E0552,2023-S2,3.62,Perlu sedikit peningkatan di komunikasi tim
PR02753,E0552,2024-S1,3.72,"Kinerja baik, memenuhi target"
PR02754,E0552,2024-S2,3.73,"Kinerja baik, memenuhi target"
PR02755,E0552,2025-S1,3.76,"Kinerja baik, memenuhi target"
PR02756,E0552,2025-S2,3.73,Perlu sedikit peningkatan di komunikasi tim
PR02757,E0552,2026-S1,3.91,"Kinerja baik, memenuhi target"
PR02758,E0553,2023-S2,3.84,"Kinerja baik, memenuhi target"
PR02759,E0553,2024-S1,3.88,Stabil dan dapat diandalkan
PR02760,E0553,2024-S2,3.95,"Kinerja baik, memenuhi target"
PR02761,E0553,2025-S1,3.31,"Kinerja cukup, ada ruang perbaikan"
PR02762,E0553,2025-S2,3.73,Perlu sedikit peningkatan di komunikasi tim
PR02763,E0553,2026-S1,3.69,"Kinerja baik, memenuhi target"
PR02764,E0554,2023-S2,3.09,Beberapa target belum tercapai
PR02765,E0554,2024-S1,3.25,"Kinerja cukup, ada ruang perbaikan"
PR02766,E0554,2024-S2,3.48,Beberapa target belum tercapai
PR02767,E0554,2025-S1,3.53,Perlu sedikit peningkatan di komunikasi tim
PR02768,E0554,2025-S2,3.42,Perlu peningkatan konsistensi
PR02769,E0554,2026-S1,3.18,"Kinerja cukup, ada ruang perbaikan"
PR02770,E0555,2023-S2,2.84,Beberapa target belum tercapai
PR02771,E0555,2024-S1,2.59,"Kinerja cukup, ada ruang perbaikan"
PR02772,E0555,2024-S2,3.05,"Kinerja cukup, ada ruang perbaikan"
PR02773,E0555,2025-S1,2.81,Perlu peningkatan konsistensi
PR02774,E0555,2025-S2,2.86,Perlu peningkatan konsistensi
PR02775,E0555,2026-S1,2.64,"Kinerja cukup, ada ruang perbaikan"
PR02776,E0556,2026-S1,4.0,Stabil dan dapat diandalkan
PR02777,E0557,2024-S1,2.76,Perlu peningkatan konsistensi
PR02778,E0557,2024-S2,3.22,Perlu peningkatan konsistensi
PR02779,E0557,2025-S1,3.11,Perlu peningkatan konsistensi
PR02780,E0557,2025-S2,2.94,Perlu peningkatan konsistensi
PR02781,E0557,2026-S1,3.21,Perlu peningkatan konsistensi
PR02782,E0558,2023-S2,3.26,Perlu peningkatan konsistensi
PR02783,E0558,2024-S1,3.31,"Kinerja cukup, ada ruang perbaikan"
PR02784,E0558,2024-S2,3.63,Perlu sedikit peningkatan di komunikasi tim
PR02785,E0558,2025-S1,3.29,Beberapa target belum tercapai
PR02786,E0558,2025-S2,3.4,"Kinerja cukup, ada ruang perbaikan"
PR02787,E0558,2026-S1,3.48,Perlu peningkatan konsistensi
PR02788,E0559,2025-S1,3.67,Stabil dan dapat diandalkan
PR02789,E0559,2025-S2,3.28,Beberapa target belum tercapai
PR02790,E0560,2025-S1,3.92,Perlu sedikit peningkatan di komunikasi tim
PR02791,E0560,2025-S2,3.68,Stabil dan dapat diandalkan
PR02792,E0560,2026-S1,3.51,Perlu sedikit peningkatan di komunikasi tim
PR02793,E0561,2024-S1,3.83,"Kinerja baik, memenuhi target"
PR02794,E0561,2024-S2,3.52,Stabil dan dapat diandalkan
PR02795,E0561,2025-S1,3.79,Stabil dan dapat diandalkan
PR02796,E0561,2025-S2,2.87,Beberapa target belum tercapai
PR02797,E0562,2023-S2,4.49,"Kinerja sangat baik, konsisten melebihi ekspektasi"
PR02798,E0562,2024-S1,4.47,"Inisiatif tinggi, layak dipertimbangkan untuk promosi"
PR02799,E0562,2024-S2,4.14,Perlu sedikit peningkatan di komunikasi tim
PR02800,E0562,2025-S1,4.24,Perlu sedikit peningkatan di komunikasi tim
PR02801,E0562,2025-S2,4.6,"Inisiatif tinggi, layak dipertimbangkan untuk promosi"
PR02802,E0562,2026-S1,4.46,"Kinerja sangat baik, konsisten melebihi ekspektasi"
PR02803,E0564,2023-S2,3.74,Stabil dan dapat diandalkan
PR02804,E0564,2024-S1,3.43,"Kinerja cukup, ada ruang perbaikan"
PR02805,E0564,2024-S2,3.38,"Kinerja cukup, ada ruang perbaikan"
PR02806,E0564,2025-S1,3.28,Perlu peningkatan konsistensi
PR02807,E0564,2025-S2,3.4,Beberapa target belum tercapai
PR02808,E0564,2026-S1,3.74,Perlu sedikit peningkatan di komunikasi tim
PR02809,E0565,2023-S2,2.9,Beberapa target belum tercapai
PR02810,E0565,2024-S1,2.77,"Kinerja cukup, ada ruang perbaikan"
PR02811,E0566,2024-S1,3.79,Perlu sedikit peningkatan di komunikasi tim
PR02812,E0566,2024-S2,4.01,"Kinerja baik, memenuhi target"
PR02813,E0566,2025-S1,3.99,Perlu sedikit peningkatan di komunikasi tim
PR02814,E0566,2025-S2,3.79,Stabil dan dapat diandalkan
PR02815,E0566,2026-S1,3.92,"Kinerja baik, memenuhi target"
PR02816,E0567,2023-S2,3.64,Stabil dan dapat diandalkan
PR02817,E0567,2024-S1,3.5,"Kinerja baik, memenuhi target"
PR02818,E0567,2024-S2,3.84,Perlu sedikit peningkatan di komunikasi tim
PR02819,E0567,2025-S1,3.8,Perlu sedikit peningkatan di komunikasi tim
PR02820,E0567,2025-S2,3.53,Stabil dan dapat diandalkan
PR02821,E0567,2026-S1,3.76,"Kinerja baik, memenuhi target"
PR02822,E0568,2023-S2,2.75,"Kinerja cukup, ada ruang perbaikan"
PR02823,E0568,2024-S1,2.6,"Kinerja cukup, ada ruang perbaikan"
PR02824,E0569,2023-S2,4.0,Stabil dan dapat diandalkan
PR02825,E0569,2024-S1,3.45,Beberapa target belum tercapai
PR02826,E0569,2024-S2,3.84,Perlu sedikit peningkatan di komunikasi tim
PR02827,E0569,2025-S1,3.71,Stabil dan dapat diandalkan
PR02828,E0569,2025-S2,3.68,"Kinerja baik, memenuhi target"
PR02829,E0569,2026-S1,3.64,"Kinerja baik, memenuhi target"
PR02830,E0570,2023-S2,3.21,Beberapa target belum tercapai
PR02831,E0570,2024-S1,3.06,Perlu peningkatan konsistensi
PR02832,E0570,2024-S2,3.16,Perlu peningkatan konsistensi
PR02833,E0570,2025-S1,3.42,"Kinerja cukup, ada ruang perbaikan"
PR02834,E0570,2025-S2,3.29,Beberapa target belum tercapai
PR02835,E0570,2026-S1,3.46,"Kinerja cukup, ada ruang perbaikan"
PR02836,E0571,2023-S2,3.62,Stabil dan dapat diandalkan
PR02837,E0571,2024-S1,3.79,Perlu sedikit peningkatan di komunikasi tim
PR02838,E0571,2024-S2,3.29,"Kinerja cukup, ada ruang perbaikan"
PR02839,E0571,2025-S1,3.35,Perlu peningkatan konsistensi
PR02840,E0571,2025-S2,3.48,"Kinerja cukup, ada ruang perbaikan"
PR02841,E0571,2026-S1,3.35,"Kinerja cukup, ada ruang perbaikan"
PR02842,E0572,2023-S2,3.43,Beberapa target belum tercapai
PR02843,E0572,2024-S1,3.6,"Kinerja baik, memenuhi target"
PR02844,E0572,2024-S2,3.26,"Kinerja cukup, ada ruang perbaikan"
PR02845,E0572,2025-S1,3.36,Beberapa target belum tercapai
PR02846,E0572,2025-S2,3.44,Perlu peningkatan konsistensi
PR02847,E0572,2026-S1,3.41,"Kinerja cukup, ada ruang perbaikan"
PR02848,E0573,2023-S2,2.73,Beberapa target belum tercapai
PR02849,E0573,2024-S1,2.68,Beberapa target belum tercapai
PR02850,E0573,2024-S2,2.4,Beberapa keluhan terkait kedisiplinan
PR02851,E0573,2025-S1,2.73,Perlu peningkatan konsistensi
PR02852,E0573,2025-S2,2.67,Perlu peningkatan konsistensi
PR02853,E0573,2026-S1,2.51,Beberapa target belum tercapai
PR02854,E0574,2023-S2,3.48,"Kinerja cukup, ada ruang perbaikan"
PR02855,E0574,2024-S1,3.16,Beberapa target belum tercapai
PR02856,E0574,2024-S2,3.41,Beberapa target belum tercapai
PR02857,E0574,2025-S1,3.5,Perlu sedikit peningkatan di komunikasi tim
PR02858,E0574,2025-S2,3.59,"Kinerja baik, memenuhi target"
PR02859,E0574,2026-S1,3.41,Beberapa target belum tercapai
PR02860,E0575,2023-S2,4.06,Perlu sedikit peningkatan di komunikasi tim
PR02861,E0575,2024-S1,4.0,Stabil dan dapat diandalkan
PR02862,E0575,2024-S2,3.88,Stabil dan dapat diandalkan
PR02863,E0575,2025-S1,3.74,Stabil dan dapat diandalkan
PR02864,E0575,2025-S2,3.87,Perlu sedikit peningkatan di komunikasi tim
PR02865,E0575,2026-S1,3.62,Perlu sedikit peningkatan di komunikasi tim
PR02866,E0576,2024-S1,3.38,Perlu peningkatan konsistensi
PR02867,E0576,2024-S2,2.84,Beberapa target belum tercapai
PR02868,E0576,2025-S1,2.8,Perlu peningkatan konsistensi
PR02869,E0576,2025-S2,3.14,Beberapa target belum tercapai
PR02870,E0576,2026-S1,3.26,Perlu peningkatan konsistensi
PR02871,E0577,2023-S2,2.8,Perlu peningkatan konsistensi
PR02872,E0577,2024-S1,3.15,"Kinerja cukup, ada ruang perbaikan"
PR02873,E0577,2024-S2,2.79,Perlu peningkatan konsistensi
PR02874,E0577,2025-S1,2.83,"Kinerja cukup, ada ruang perbaikan"
PR02875,E0577,2025-S2,3.13,Perlu peningkatan konsistensi
PR02876,E0577,2026-S1,2.83,"Kinerja cukup, ada ruang perbaikan"
PR02877,E0578,2023-S2,3.75,Perlu sedikit peningkatan di komunikasi tim
PR02878,E0578,2024-S1,3.27,Beberapa target belum tercapai
PR02879,E0578,2024-S2,3.75,"Kinerja baik, memenuhi target"
PR02880,E0578,2025-S1,3.91,"Kinerja baik, memenuhi target"
PR02881,E0578,2025-S2,3.85,Stabil dan dapat diandalkan
PR02882,E0578,2026-S1,3.5,Perlu sedikit peningkatan di komunikasi tim
PR02883,E0579,2023-S2,3.68,"Kinerja baik, memenuhi target"
PR02884,E0579,2024-S1,3.76,"Kinerja baik, memenuhi target"
PR02885,E0579,2024-S2,3.79,Stabil dan dapat diandalkan
PR02886,E0579,2025-S1,3.98,Perlu sedikit peningkatan di komunikasi tim
PR02887,E0579,2025-S2,3.69,Perlu sedikit peningkatan di komunikasi tim
PR02888,E0579,2026-S1,3.82,Perlu sedikit peningkatan di komunikasi tim
PR02889,E0580,2023-S2,3.71,"Kinerja baik, memenuhi target"
PR02890,E0580,2024-S1,3.44,Beberapa target belum tercapai
PR02891,E0580,2024-S2,3.46,Perlu peningkatan konsistensi
PR02892,E0580,2025-S1,3.48,Beberapa target belum tercapai
PR02893,E0580,2025-S2,3.62,"Kinerja baik, memenuhi target"
PR02894,E0580,2026-S1,3.62,"Kinerja baik, memenuhi target"
PR02895,E0581,2023-S2,3.63,Stabil dan dapat diandalkan
PR02896,E0581,2024-S1,3.73,"Kinerja baik, memenuhi target"
PR02897,E0581,2024-S2,3.64,Stabil dan dapat diandalkan
PR02898,E0581,2025-S1,3.57,Perlu sedikit peningkatan di komunikasi tim
PR02899,E0581,2025-S2,3.69,Stabil dan dapat diandalkan
PR02900,E0581,2026-S1,3.67,Stabil dan dapat diandalkan
PR02901,E0582,2023-S2,3.38,"Kinerja cukup, ada ruang perbaikan"
PR02902,E0582,2024-S1,3.53,"Kinerja baik, memenuhi target"
PR02903,E0582,2024-S2,3.17,Perlu peningkatan konsistensi
PR02904,E0582,2025-S1,3.15,Beberapa target belum tercapai
PR02905,E0582,2025-S2,3.46,Perlu peningkatan konsistensi
PR02906,E0582,2026-S1,3.12,Perlu peningkatan konsistensi
PR02907,E0583,2025-S2,4.19,"Kinerja baik, memenuhi target"
PR02908,E0583,2026-S1,4.46,"Sangat diandalkan tim, guest feedback positif"
PR02909,E0584,2023-S2,4.47,"Sangat diandalkan tim, guest feedback positif"
PR02910,E0584,2024-S1,4.64,"Kinerja sangat baik, konsisten melebihi ekspektasi"
PR02911,E0584,2024-S2,4.71,"Inisiatif tinggi, layak dipertimbangkan untuk promosi"
PR02912,E0584,2025-S1,4.59,"Sangat diandalkan tim, guest feedback positif"
PR02913,E0584,2025-S2,4.43,"Sangat diandalkan tim, guest feedback positif"
PR02914,E0584,2026-S1,4.51,"Inisiatif tinggi, layak dipertimbangkan untuk promosi"
PR02915,E0585,2023-S2,2.76,Beberapa target belum tercapai
PR02916,E0585,2024-S1,3.1,Perlu peningkatan konsistensi
PR02917,E0585,2024-S2,3.35,Perlu peningkatan konsistensi
PR02918,E0585,2025-S1,3.17,Perlu peningkatan konsistensi
PR02919,E0585,2025-S2,2.65,Perlu peningkatan konsistensi
PR02920,E0585,2026-S1,2.75,"Kinerja cukup, ada ruang perbaikan"
PR02921,E0586,2023-S2,3.43,"Kinerja cukup, ada ruang perbaikan"
PR02922,E0586,2024-S1,3.37,"Kinerja cukup, ada ruang perbaikan"
PR02923,E0586,2024-S2,3.38,Beberapa target belum tercapai
PR02924,E0586,2025-S1,3.18,Beberapa target belum tercapai
PR02925,E0586,2025-S2,3.36,Beberapa target belum tercapai
PR02926,E0586,2026-S1,3.43,Beberapa target belum tercapai
PR02927,E0587,2023-S2,3.02,Perlu peningkatan konsistensi
PR02928,E0587,2024-S1,3.1,Beberapa target belum tercapai
PR02929,E0587,2024-S2,3.52,Stabil dan dapat diandalkan
PR02930,E0587,2025-S1,3.06,Perlu peningkatan konsistensi
PR02931,E0587,2025-S2,2.95,"Kinerja cukup, ada ruang perbaikan"
PR02932,E0587,2026-S1,2.95,"Kinerja cukup, ada ruang perbaikan"
PR02933,E0588,2025-S2,4.78,"Sangat diandalkan tim, guest feedback positif"
PR02934,E0588,2026-S1,5.0,"Inisiatif tinggi, layak dipertimbangkan untuk promosi"
PR02935,E0589,2024-S1,2.25,Beberapa keluhan terkait kedisiplinan
PR02936,E0589,2024-S2,2.57,Perlu peningkatan konsistensi
PR02937,E0589,2025-S1,2.45,Beberapa keluhan terkait kedisiplinan
PR02938,E0589,2025-S2,2.27,Beberapa keluhan terkait kedisiplinan
PR02939,E0589,2026-S1,2.07,"Kinerja di bawah standar, perlu coaching intensif"
PR02940,E0591,2023-S2,4.68,"Inisiatif tinggi, layak dipertimbangkan untuk promosi"
PR02941,E0591,2024-S1,4.69,"Kinerja sangat baik, konsisten melebihi ekspektasi"
PR02942,E0591,2024-S2,4.23,Perlu sedikit peningkatan di komunikasi tim
PR02943,E0591,2025-S1,4.55,"Sangat diandalkan tim, guest feedback positif"
PR02944,E0591,2025-S2,4.71,"Sangat diandalkan tim, guest feedback positif"
PR02945,E0591,2026-S1,4.6,"Inisiatif tinggi, layak dipertimbangkan untuk promosi"
PR02946,E0592,2023-S2,3.97,"Kinerja baik, memenuhi target"
PR02947,E0592,2024-S1,3.65,Perlu sedikit peningkatan di komunikasi tim
PR02948,E0592,2024-S2,4.26,"Kinerja baik, memenuhi target"
PR02949,E0593,2023-S2,3.64,"Kinerja baik, memenuhi target"
PR02950,E0593,2024-S1,3.71,"Kinerja baik, memenuhi target"
PR02951,E0593,2024-S2,3.74,Perlu sedikit peningkatan di komunikasi tim
PR02952,E0593,2025-S1,3.85,Perlu sedikit peningkatan di komunikasi tim
PR02953,E0593,2025-S2,3.85,"Kinerja baik, memenuhi target"
PR02954,E0593,2026-S1,3.22,Beberapa target belum tercapai
PR02955,E0594,2023-S2,4.69,"Inisiatif tinggi, layak dipertimbangkan untuk promosi"
PR02956,E0594,2024-S1,4.23,Perlu sedikit peningkatan di komunikasi tim
PR02957,E0594,2024-S2,3.95,"Kinerja baik, memenuhi target"
PR02958,E0594,2025-S1,4.19,Perlu sedikit peningkatan di komunikasi tim
PR02959,E0594,2025-S2,4.22,"Kinerja baik, memenuhi target"
PR02960,E0594,2026-S1,3.95,Perlu sedikit peningkatan di komunikasi tim
PR02961,E0595,2023-S2,3.22,Beberapa target belum tercapai
PR02962,E0595,2024-S1,3.47,Perlu peningkatan konsistensi
PR02963,E0595,2024-S2,3.28,Perlu peningkatan konsistensi
PR02964,E0595,2025-S1,3.18,Perlu peningkatan konsistensi
PR02965,E0595,2025-S2,3.2,Beberapa target belum tercapai
PR02966,E0595,2026-S1,3.19,"Kinerja cukup, ada ruang perbaikan"
PR02967,E0596,2023-S2,3.06,"Kinerja cukup, ada ruang perbaikan"
PR02968,E0596,2024-S1,3.19,Perlu peningkatan konsistensi
PR02969,E0596,2024-S2,3.34,Perlu peningkatan konsistensi
PR02970,E0596,2025-S1,3.29,"Kinerja cukup, ada ruang perbaikan"
PR02971,E0596,2025-S2,3.44,"Kinerja cukup, ada ruang perbaikan"
PR02972,E0596,2026-S1,3.26,Beberapa target belum tercapai
PR02973,E0597,2023-S2,4.5,"Inisiatif tinggi, layak dipertimbangkan untuk promosi"
PR02974,E0597,2024-S1,4.17,Perlu sedikit peningkatan di komunikasi tim
PR02975,E0597,2024-S2,4.13,Stabil dan dapat diandalkan
PR02976,E0597,2025-S1,3.93,Perlu sedikit peningkatan di komunikasi tim
PR02977,E0597,2025-S2,4.25,Stabil dan dapat diandalkan
PR02978,E0597,2026-S1,3.96,Perlu sedikit peningkatan di komunikasi tim
PR02979,E0598,2023-S2,2.62,"Kinerja cukup, ada ruang perbaikan"
PR02980,E0598,2024-S1,2.83,"Kinerja cukup, ada ruang perbaikan"
PR02981,E0598,2024-S2,2.74,Beberapa target belum tercapai
PR02982,E0600,2023-S2,3.33,Perlu peningkatan konsistensi
PR02983,E0600,2024-S1,3.72,Perlu sedikit peningkatan di komunikasi tim
PR02984,E0600,2024-S2,3.52,Perlu sedikit peningkatan di komunikasi tim
PR02985,E0600,2025-S1,3.44,Beberapa target belum tercapai
PR02986,E0600,2025-S2,3.78,Stabil dan dapat diandalkan
PR02987,E0600,2026-S1,3.44,Beberapa target belum tercapai
PR02988,E0601,2023-S2,4.12,Perlu sedikit peningkatan di komunikasi tim
PR02989,E0601,2024-S1,3.81,Perlu sedikit peningkatan di komunikasi tim
PR02990,E0601,2024-S2,4.07,Stabil dan dapat diandalkan
PR02991,E0601,2025-S1,4.08,Perlu sedikit peningkatan di komunikasi tim
PR02992,E0601,2025-S2,4.36,"Sangat diandalkan tim, guest feedback positif"
PR02993,E0601,2026-S1,3.94,Stabil dan dapat diandalkan
PR02994,E0602,2023-S2,3.87,Stabil dan dapat diandalkan
PR02995,E0602,2024-S1,3.62,"Kinerja baik, memenuhi target"
PR02996,E0602,2024-S2,3.7,"Kinerja baik, memenuhi target"
PR02997,E0602,2025-S1,3.63,Stabil dan dapat diandalkan
PR02998,E0602,2025-S2,3.67,Perlu sedikit peningkatan di komunikasi tim
PR02999,E0603,2023-S2,4.45,"Sangat diandalkan tim, guest feedback positif"
PR03000,E0603,2024-S1,4.29,Stabil dan dapat diandalkan
PR03001,E0603,2024-S2,4.17,Stabil dan dapat diandalkan
PR03002,E0603,2025-S1,4.28,"Kinerja baik, memenuhi target"
PR03003,E0603,2025-S2,4.2,"Kinerja baik, memenuhi target"
PR03004,E0603,2026-S1,4.27,Stabil dan dapat diandalkan
PR03005,E0604,2025-S2,3.11,"Kinerja cukup, ada ruang perbaikan"
PR03006,E0604,2026-S1,3.28,Perlu peningkatan konsistensi
PR03007,E0605,2023-S2,3.75,Perlu sedikit peningkatan di komunikasi tim
PR03008,E0605,2024-S1,3.34,Beberapa target belum tercapai
PR03009,E0605,2024-S2,3.59,"Kinerja baik, memenuhi target"
PR03010,E0605,2025-S1,3.57,"Kinerja baik, memenuhi target"
PR03011,E0605,2025-S2,3.42,"Kinerja cukup, ada ruang perbaikan"
PR03012,E0605,2026-S1,3.57,Perlu sedikit peningkatan di komunikasi tim
PR03013,E0606,2023-S2,2.83,"Kinerja cukup, ada ruang perbaikan"
PR03014,E0606,2024-S1,3.29,Beberapa target belum tercapai
PR03015,E0606,2024-S2,2.75,Perlu peningkatan konsistensi
PR03016,E0606,2025-S1,2.9,Beberapa target belum tercapai
PR03017,E0606,2025-S2,2.73,Beberapa target belum tercapai
PR03018,E0606,2026-S1,2.95,"Kinerja cukup, ada ruang perbaikan"
PR03019,E0607,2023-S2,4.09,Perlu sedikit peningkatan di komunikasi tim
PR03020,E0607,2024-S1,4.32,"Sangat diandalkan tim, guest feedback positif"
PR03021,E0607,2024-S2,3.8,Stabil dan dapat diandalkan
PR03022,E0608,2023-S2,3.11,Perlu peningkatan konsistensi
PR03023,E0608,2024-S1,3.06,"Kinerja cukup, ada ruang perbaikan"
PR03024,E0608,2024-S2,3.39,Beberapa target belum tercapai
PR03025,E0608,2025-S1,3.05,Beberapa target belum tercapai
PR03026,E0608,2025-S2,3.08,Perlu peningkatan konsistensi
PR03027,E0608,2026-S1,3.15,"Kinerja cukup, ada ruang perbaikan"
PR03028,E0609,2024-S1,3.72,"Kinerja baik, memenuhi target"
PR03029,E0609,2024-S2,3.86,"Kinerja baik, memenuhi target"
PR03030,E0609,2025-S1,3.62,Perlu sedikit peningkatan di komunikasi tim
PR03031,E0609,2025-S2,3.69,"Kinerja baik, memenuhi target"
PR03032,E0609,2026-S1,3.88,Stabil dan dapat diandalkan
PR03033,E0610,2024-S1,4.58,"Sangat diandalkan tim, guest feedback positif"
PR03034,E0610,2024-S2,3.99,Perlu sedikit peningkatan di komunikasi tim
PR03035,E0610,2025-S1,4.17,Perlu sedikit peningkatan di komunikasi tim
PR03036,E0610,2025-S2,3.97,"Kinerja baik, memenuhi target"
PR03037,E0610,2026-S1,3.53,"Kinerja baik, memenuhi target"
PR03038,E0611,2023-S2,2.92,Perlu peningkatan konsistensi
PR03039,E0611,2024-S1,3.17,Perlu peningkatan konsistensi
PR03040,E0611,2024-S2,3.19,Beberapa target belum tercapai
PR03041,E0611,2025-S1,3.19,Beberapa target belum tercapai
PR03042,E0611,2025-S2,2.84,Beberapa target belum tercapai
PR03043,E0611,2026-S1,3.34,Perlu peningkatan konsistensi
PR03044,E0612,2023-S2,2.79,Beberapa target belum tercapai
PR03045,E0612,2024-S1,2.49,"Kinerja di bawah standar, perlu coaching intensif"
PR03046,E0612,2024-S2,2.55,Beberapa target belum tercapai
PR03047,E0612,2025-S1,2.39,Beberapa keluhan terkait kedisiplinan
PR03048,E0612,2025-S2,2.84,"Kinerja cukup, ada ruang perbaikan"
PR03049,E0612,2026-S1,2.78,"Kinerja cukup, ada ruang perbaikan"
PR03050,E0613,2023-S2,3.11,Beberapa target belum tercapai
PR03051,E0613,2024-S1,3.22,"Kinerja cukup, ada ruang perbaikan"
PR03052,E0613,2024-S2,2.85,Beberapa target belum tercapai
PR03053,E0613,2025-S1,2.98,"Kinerja cukup, ada ruang perbaikan"
PR03054,E0613,2025-S2,2.94,"Kinerja cukup, ada ruang perbaikan"
PR03055,E0613,2026-S1,3.35,Beberapa target belum tercapai
PR03056,E0614,2025-S1,2.14,Beberapa keluhan terkait kedisiplinan
PR03057,E0614,2025-S2,1.99,"Kinerja di bawah standar, perlu coaching intensif"
PR03058,E0614,2026-S1,2.23,Beberapa keluhan terkait kedisiplinan
PR03059,E0615,2023-S2,3.55,"Kinerja baik, memenuhi target"
PR03060,E0615,2024-S1,3.75,Stabil dan dapat diandalkan
PR03061,E0615,2024-S2,3.9,Perlu sedikit peningkatan di komunikasi tim
PR03062,E0615,2025-S1,3.72,Perlu sedikit peningkatan di komunikasi tim
PR03063,E0615,2025-S2,3.97,Perlu sedikit peningkatan di komunikasi tim
PR03064,E0615,2026-S1,4.11,Stabil dan dapat diandalkan
PR03065,E0616,2023-S2,2.81,Beberapa target belum tercapai
PR03066,E0616,2024-S1,2.89,"Kinerja cukup, ada ruang perbaikan"
PR03067,E0616,2024-S2,3.13,"Kinerja cukup, ada ruang perbaikan"
PR03068,E0616,2025-S1,3.02,Beberapa target belum tercapai
PR03069,E0616,2025-S2,3.36,Beberapa target belum tercapai
PR03070,E0616,2026-S1,2.98,Beberapa target belum tercapai
PR03071,E0617,2023-S2,2.89,Perlu peningkatan konsistensi
PR03072,E0617,2024-S1,3.12,Perlu peningkatan konsistensi
PR03073,E0617,2024-S2,3.28,"Kinerja cukup, ada ruang perbaikan"
PR03074,E0617,2025-S1,2.85,Perlu peningkatan konsistensi
PR03075,E0617,2025-S2,2.84,"Kinerja cukup, ada ruang perbaikan"
PR03076,E0617,2026-S1,3.21,Beberapa target belum tercapai
PR03077,E0618,2023-S2,4.06,Perlu sedikit peningkatan di komunikasi tim
PR03078,E0618,2024-S1,3.8,Perlu sedikit peningkatan di komunikasi tim
PR03079,E0618,2024-S2,4.27,Perlu sedikit peningkatan di komunikasi tim
PR03080,E0618,2025-S1,4.11,"Kinerja baik, memenuhi target"
PR03081,E0618,2025-S2,4.05,Perlu sedikit peningkatan di komunikasi tim
PR03082,E0618,2026-S1,3.94,Perlu sedikit peningkatan di komunikasi tim
PR03083,E0619,2023-S2,4.19,Perlu sedikit peningkatan di komunikasi tim
PR03084,E0619,2024-S1,3.93,Stabil dan dapat diandalkan
PR03085,E0619,2024-S2,3.59,Perlu sedikit peningkatan di komunikasi tim
PR03086,E0619,2025-S1,4.07,"Kinerja baik, memenuhi target"
PR03087,E0619,2025-S2,3.77,Stabil dan dapat diandalkan
PR03088,E0619,2026-S1,3.85,"Kinerja baik, memenuhi target"
PR03089,E0620,2023-S2,3.28,Beberapa target belum tercapai
PR03090,E0620,2024-S1,2.73,"Kinerja cukup, ada ruang perbaikan"
PR03091,E0620,2024-S2,3.21,Perlu peningkatan konsistensi
PR03092,E0620,2025-S1,3.03,"Kinerja cukup, ada ruang perbaikan"
PR03093,E0620,2025-S2,3.31,Beberapa target belum tercapai
PR03094,E0620,2026-S1,3.52,Stabil dan dapat diandalkan
PR03095,E0621,2025-S1,4.46,"Sangat diandalkan tim, guest feedback positif"
PR03096,E0621,2025-S2,4.05,Stabil dan dapat diandalkan
PR03097,E0621,2026-S1,4.08,"Kinerja baik, memenuhi target"
PR03098,E0622,2023-S2,3.58,Perlu sedikit peningkatan di komunikasi tim
PR03099,E0622,2024-S1,3.91,Stabil dan dapat diandalkan
PR03100,E0622,2024-S2,3.71,Stabil dan dapat diandalkan
PR03101,E0622,2025-S1,3.87,Perlu sedikit peningkatan di komunikasi tim
PR03102,E0622,2025-S2,3.63,Stabil dan dapat diandalkan
PR03103,E0622,2026-S1,3.48,Perlu peningkatan konsistensi
PR03104,E0623,2023-S2,2.65,Beberapa target belum tercapai
PR03105,E0623,2024-S1,2.6,"Kinerja cukup, ada ruang perbaikan"
PR03106,E0623,2024-S2,2.49,"Kinerja di bawah standar, perlu coaching intensif"
PR03107,E0623,2025-S1,2.52,Perlu peningkatan konsistensi
PR03108,E0623,2025-S2,2.55,Perlu peningkatan konsistensi
PR03109,E0623,2026-S1,2.58,Perlu peningkatan konsistensi
PR03110,E0624,2023-S2,3.69,Stabil dan dapat diandalkan
PR03111,E0624,2024-S1,3.68,Perlu sedikit peningkatan di komunikasi tim
PR03112,E0624,2024-S2,3.63,"Kinerja baik, memenuhi target"
PR03113,E0624,2025-S1,3.99,Perlu sedikit peningkatan di komunikasi tim
PR03114,E0624,2025-S2,3.67,Stabil dan dapat diandalkan
PR03115,E0624,2026-S1,3.91,"Kinerja baik, memenuhi target"
PR03116,E0625,2024-S1,2.69,Perlu peningkatan konsistensi
PR03117,E0625,2024-S2,2.8,"Kinerja cukup, ada ruang perbaikan"
PR03118,E0625,2025-S1,2.73,Beberapa target belum tercapai
PR03119,E0625,2025-S2,2.75,Perlu peningkatan konsistensi
PR03120,E0625,2026-S1,2.76,"Kinerja cukup, ada ruang perbaikan"
PR03121,E0626,2023-S2,3.24,Beberapa target belum tercapai
PR03122,E0626,2024-S1,3.25,Beberapa target belum tercapai
PR03123,E0626,2024-S2,3.52,"Kinerja baik, memenuhi target"
PR03124,E0626,2025-S1,3.4,Beberapa target belum tercapai
PR03125,E0626,2025-S2,2.77,"Kinerja cukup, ada ruang perbaikan"
PR03126,E0627,2025-S2,3.78,Stabil dan dapat diandalkan
PR03127,E0627,2026-S1,3.87,"Kinerja baik, memenuhi target"
PR03128,E0628,2025-S2,3.66,Stabil dan dapat diandalkan
PR03129,E0628,2026-S1,3.65,Perlu sedikit peningkatan di komunikasi tim
PR03130,E0629,2023-S2,2.14,Beberapa keluhan terkait kedisiplinan
PR03131,E0629,2024-S1,2.3,"Kinerja di bawah standar, perlu coaching intensif"
PR03132,E0629,2024-S2,1.83,"Kinerja di bawah standar, perlu coaching intensif"
PR03133,E0629,2025-S1,1.9,"Kinerja di bawah standar, perlu coaching intensif"
PR03134,E0629,2025-S2,1.97,"Kinerja di bawah standar, perlu coaching intensif"
PR03135,E0629,2026-S1,2.35,"Kinerja di bawah standar, perlu coaching intensif"
PR03136,E0630,2023-S2,4.03,"Kinerja baik, memenuhi target"
PR03137,E0630,2024-S1,4.31,"Sangat diandalkan tim, guest feedback positif"
PR03138,E0630,2024-S2,4.01,Perlu sedikit peningkatan di komunikasi tim
PR03139,E0630,2025-S1,4.31,"Kinerja sangat baik, konsisten melebihi ekspektasi"
PR03140,E0630,2025-S2,4.42,"Kinerja sangat baik, konsisten melebihi ekspektasi"
PR03141,E0630,2026-S1,4.33,"Sangat diandalkan tim, guest feedback positif"
PR03142,E0631,2023-S2,3.03,Perlu peningkatan konsistensi
PR03143,E0631,2024-S1,3.39,"Kinerja cukup, ada ruang perbaikan"
PR03144,E0631,2024-S2,3.3,Beberapa target belum tercapai
PR03145,E0631,2025-S1,3.71,Stabil dan dapat diandalkan
PR03146,E0631,2025-S2,3.34,Beberapa target belum tercapai
PR03147,E0631,2026-S1,3.31,"Kinerja cukup, ada ruang perbaikan"
PR03148,E0632,2023-S2,3.91,Perlu sedikit peningkatan di komunikasi tim
PR03149,E0632,2024-S1,4.23,Perlu sedikit peningkatan di komunikasi tim
PR03150,E0632,2024-S2,3.97,"Kinerja baik, memenuhi target"
PR03151,E0632,2025-S1,4.07,"Kinerja baik, memenuhi target"
PR03152,E0632,2025-S2,4.18,Perlu sedikit peningkatan di komunikasi tim
PR03153,E0632,2026-S1,4.43,"Inisiatif tinggi, layak dipertimbangkan untuk promosi"
PR03154,E0633,2023-S2,3.2,Perlu peningkatan konsistensi
PR03155,E0633,2024-S1,3.05,Perlu peningkatan konsistensi
PR03156,E0633,2024-S2,3.3,"Kinerja cukup, ada ruang perbaikan"
PR03157,E0633,2025-S1,3.54,Stabil dan dapat diandalkan
PR03158,E0633,2025-S2,3.38,Beberapa target belum tercapai
PR03159,E0633,2026-S1,3.39,"Kinerja cukup, ada ruang perbaikan"
PR03160,E0634,2024-S2,2.59,Perlu peningkatan konsistensi
PR03161,E0634,2025-S1,2.67,Beberapa target belum tercapai
PR03162,E0634,2025-S2,2.69,Beberapa target belum tercapai
PR03163,E0634,2026-S1,2.97,"Kinerja cukup, ada ruang perbaikan"
PR03164,E0635,2023-S2,3.49,Beberapa target belum tercapai
PR03165,E0635,2024-S1,3.57,"Kinerja baik, memenuhi target"
PR03166,E0635,2024-S2,3.75,Perlu sedikit peningkatan di komunikasi tim
PR03167,E0635,2025-S1,3.46,Beberapa target belum tercapai
PR03168,E0635,2025-S2,3.6,Perlu sedikit peningkatan di komunikasi tim
PR03169,E0635,2026-S1,3.32,Beberapa target belum tercapai
PR03170,E0636,2023-S2,3.64,Perlu sedikit peningkatan di komunikasi tim
PR03171,E0636,2024-S1,3.75,"Kinerja baik, memenuhi target"
PR03172,E0636,2024-S2,4.13,Stabil dan dapat diandalkan
PR03173,E0636,2025-S1,3.74,Stabil dan dapat diandalkan
PR03174,E0636,2025-S2,3.79,Stabil dan dapat diandalkan
PR03175,E0636,2026-S1,3.82,Perlu sedikit peningkatan di komunikasi tim
PR03176,E0637,2024-S2,3.73,Perlu sedikit peningkatan di komunikasi tim
PR03177,E0637,2025-S1,3.49,Perlu peningkatan konsistensi
PR03178,E0637,2025-S2,3.92,Perlu sedikit peningkatan di komunikasi tim
PR03179,E0637,2026-S1,3.66,Perlu sedikit peningkatan di komunikasi tim
PR03180,E0638,2023-S2,3.02,"Kinerja cukup, ada ruang perbaikan"
PR03181,E0638,2024-S1,3.03,Perlu peningkatan konsistensi
PR03182,E0638,2024-S2,3.11,Perlu peningkatan konsistensi
PR03183,E0638,2025-S1,2.99,"Kinerja cukup, ada ruang perbaikan"
PR03184,E0638,2025-S2,2.99,Perlu peningkatan konsistensi
PR03185,E0638,2026-S1,3.07,"Kinerja cukup, ada ruang perbaikan"
PR03186,E0639,2023-S2,3.99,"Kinerja baik, memenuhi target"
PR03187,E0639,2024-S1,3.89,Stabil dan dapat diandalkan
PR03188,E0639,2024-S2,3.74,Perlu sedikit peningkatan di komunikasi tim
PR03189,E0639,2025-S1,4.06,Stabil dan dapat diandalkan
PR03190,E0639,2025-S2,4.06,"Kinerja baik, memenuhi target"
PR03191,E0639,2026-S1,3.97,"Kinerja baik, memenuhi target"
PR03192,E0640,2023-S2,3.36,"Kinerja cukup, ada ruang perbaikan"
PR03193,E0640,2024-S1,3.68,"Kinerja baik, memenuhi target"
PR03194,E0640,2024-S2,3.81,"Kinerja baik, memenuhi target"
PR03195,E0640,2025-S1,3.75,Stabil dan dapat diandalkan
PR03196,E0640,2025-S2,4.04,"Kinerja baik, memenuhi target"
PR03197,E0640,2026-S1,3.99,Stabil dan dapat diandalkan
PR03198,E0641,2023-S2,4.21,Stabil dan dapat diandalkan
PR03199,E0641,2024-S1,3.62,"Kinerja baik, memenuhi target"
PR03200,E0641,2024-S2,4.16,"Kinerja baik, memenuhi target"
PR03201,E0641,2025-S1,4.12,Stabil dan dapat diandalkan
PR03202,E0641,2025-S2,4.28,Perlu sedikit peningkatan di komunikasi tim
PR03203,E0641,2026-S1,4.42,"Sangat diandalkan tim, guest feedback positif"
PR03204,E0642,2023-S2,3.28,Beberapa target belum tercapai
PR03205,E0642,2024-S1,3.41,Beberapa target belum tercapai
PR03206,E0642,2024-S2,3.26,Perlu peningkatan konsistensi
PR03207,E0642,2025-S1,3.48,Beberapa target belum tercapai
PR03208,E0642,2025-S2,3.25,"Kinerja cukup, ada ruang perbaikan"
PR03209,E0642,2026-S1,3.27,"Kinerja cukup, ada ruang perbaikan"
PR03210,E0643,2025-S2,3.37,Beberapa target belum tercapai
PR03211,E0643,2026-S1,3.36,Beberapa target belum tercapai
PR03212,E0644,2023-S2,3.07,"Kinerja cukup, ada ruang perbaikan"
PR03213,E0644,2024-S1,3.18,"Kinerja cukup, ada ruang perbaikan"
PR03214,E0644,2024-S2,3.09,Beberapa target belum tercapai
PR03215,E0644,2025-S1,2.94,Perlu peningkatan konsistensi
PR03216,E0644,2025-S2,3.02,Perlu peningkatan konsistensi
PR03217,E0644,2026-S1,2.88,Perlu peningkatan konsistensi
PR03218,E0645,2023-S2,3.74,Stabil dan dapat diandalkan
PR03219,E0645,2024-S1,3.81,Perlu sedikit peningkatan di komunikasi tim
PR03220,E0645,2024-S2,3.5,Perlu sedikit peningkatan di komunikasi tim
PR03221,E0645,2025-S1,3.71,Perlu sedikit peningkatan di komunikasi tim
PR03222,E0645,2025-S2,3.37,"Kinerja cukup, ada ruang perbaikan"
PR03223,E0645,2026-S1,3.59,"Kinerja baik, memenuhi target"
PR03224,E0646,2023-S2,4.25,"Kinerja baik, memenuhi target"
PR03225,E0646,2024-S1,3.79,Perlu sedikit peningkatan di komunikasi tim
PR03226,E0646,2024-S2,4.27,Perlu sedikit peningkatan di komunikasi tim
PR03227,E0646,2025-S1,3.89,Stabil dan dapat diandalkan
PR03228,E0646,2025-S2,4.13,Stabil dan dapat diandalkan
PR03229,E0646,2026-S1,4.19,Perlu sedikit peningkatan di komunikasi tim
PR03230,E0647,2023-S2,2.84,Perlu peningkatan konsistensi
PR03231,E0647,2024-S1,2.87,"Kinerja cukup, ada ruang perbaikan"
PR03232,E0647,2024-S2,3.01,Beberapa target belum tercapai
PR03233,E0647,2025-S1,2.69,"Kinerja cukup, ada ruang perbaikan"
PR03234,E0647,2025-S2,2.89,"Kinerja cukup, ada ruang perbaikan"
PR03235,E0647,2026-S1,2.87,Perlu peningkatan konsistensi
PR03236,E0648,2023-S2,3.66,Perlu sedikit peningkatan di komunikasi tim
PR03237,E0648,2024-S1,3.55,Stabil dan dapat diandalkan
PR03238,E0648,2024-S2,3.66,Stabil dan dapat diandalkan
PR03239,E0648,2025-S1,3.26,Beberapa target belum tercapai
PR03240,E0648,2025-S2,3.61,Perlu sedikit peningkatan di komunikasi tim
PR03241,E0648,2026-S1,3.48,"Kinerja cukup, ada ruang perbaikan"
PR03242,E0649,2023-S2,2.41,"Kinerja di bawah standar, perlu coaching intensif"
PR03243,E0649,2024-S1,2.49,Beberapa keluhan terkait kedisiplinan
PR03244,E0650,2023-S2,4.85,"Sangat diandalkan tim, guest feedback positif"
PR03245,E0650,2024-S1,4.84,"Kinerja sangat baik, konsisten melebihi ekspektasi"
PR03246,E0650,2024-S2,4.9,"Inisiatif tinggi, layak dipertimbangkan untuk promosi"
PR03247,E0650,2025-S1,4.74,"Kinerja sangat baik, konsisten melebihi ekspektasi"
PR03248,E0650,2025-S2,4.84,"Inisiatif tinggi, layak dipertimbangkan untuk promosi"
PR03249,E0650,2026-S1,4.8,"Kinerja sangat baik, konsisten melebihi ekspektasi"
PR03250,E0651,2023-S2,4.82,"Kinerja sangat baik, konsisten melebihi ekspektasi"
PR03251,E0651,2024-S1,4.72,"Kinerja sangat baik, konsisten melebihi ekspektasi"
PR03252,E0651,2024-S2,4.32,"Kinerja sangat baik, konsisten melebihi ekspektasi"
PR03253,E0651,2025-S1,4.65,"Inisiatif tinggi, layak dipertimbangkan untuk promosi"
PR03254,E0651,2025-S2,4.66,"Sangat diandalkan tim, guest feedback positif"
PR03255,E0651,2026-S1,4.67,"Sangat diandalkan tim, guest feedback positif"
PR03256,E0652,2024-S2,3.23,Perlu peningkatan konsistensi
PR03257,E0652,2025-S1,3.45,Perlu peningkatan konsistensi
PR03258,E0652,2025-S2,3.47,Beberapa target belum tercapai
PR03259,E0652,2026-S1,3.17,Perlu peningkatan konsistensi
PR03260,E0653,2023-S2,5.0,"Kinerja sangat baik, konsisten melebihi ekspektasi"
PR03261,E0653,2024-S1,4.73,"Inisiatif tinggi, layak dipertimbangkan untuk promosi"
PR03262,E0653,2024-S2,5.0,"Kinerja sangat baik, konsisten melebihi ekspektasi"
PR03263,E0653,2025-S1,4.88,"Sangat diandalkan tim, guest feedback positif"
PR03264,E0654,2023-S2,4.22,"Kinerja baik, memenuhi target"
PR03265,E0654,2024-S1,3.75,Stabil dan dapat diandalkan
PR03266,E0654,2024-S2,3.89,"Kinerja baik, memenuhi target"
PR03267,E0654,2025-S1,4.1,Stabil dan dapat diandalkan
PR03268,E0654,2025-S2,4.08,Perlu sedikit peningkatan di komunikasi tim
PR03269,E0654,2026-S1,3.92,"Kinerja baik, memenuhi target"
PR03270,E0655,2023-S2,4.58,"Inisiatif tinggi, layak dipertimbangkan untuk promosi"
PR03271,E0655,2024-S1,4.56,"Kinerja sangat baik, konsisten melebihi ekspektasi"
PR03272,E0655,2024-S2,4.74,"Kinerja sangat baik, konsisten melebihi ekspektasi"
PR03273,E0655,2025-S1,4.66,"Sangat diandalkan tim, guest feedback positif"
PR03274,E0655,2025-S2,4.7,"Inisiatif tinggi, layak dipertimbangkan untuk promosi"
PR03275,E0655,2026-S1,4.78,"Kinerja sangat baik, konsisten melebihi ekspektasi"
PR03276,E0656,2023-S2,4.1,"Kinerja baik, memenuhi target"
PR03277,E0656,2024-S1,3.85,"Kinerja baik, memenuhi target"
PR03278,E0656,2024-S2,3.78,"Kinerja baik, memenuhi target"
PR03279,E0656,2025-S1,3.97,Stabil dan dapat diandalkan
PR03280,E0656,2025-S2,3.99,Perlu sedikit peningkatan di komunikasi tim
PR03281,E0656,2026-S1,3.92,Stabil dan dapat diandalkan
PR03282,E0657,2023-S2,3.64,Stabil dan dapat diandalkan
PR03283,E0657,2024-S1,3.7,"Kinerja baik, memenuhi target"
PR03284,E0657,2024-S2,3.43,"Kinerja cukup, ada ruang perbaikan"
PR03285,E0657,2025-S1,3.38,Perlu peningkatan konsistensi
PR03286,E0657,2025-S2,3.58,Stabil dan dapat diandalkan
PR03287,E0657,2026-S1,3.34,"Kinerja cukup, ada ruang perbaikan"
PR03288,E0658,2024-S2,2.29,"Kinerja di bawah standar, perlu coaching intensif"
PR03289,E0658,2025-S1,2.71,Perlu peningkatan konsistensi
PR03290,E0658,2025-S2,2.44,"Kinerja di bawah standar, perlu coaching intensif"
PR03291,E0658,2026-S1,2.68,Perlu peningkatan konsistensi
PR03292,E0659,2023-S2,2.77,Perlu peningkatan konsistensi
PR03293,E0659,2024-S1,2.55,Beberapa target belum tercapai
PR03294,E0659,2024-S2,2.51,"Kinerja cukup, ada ruang perbaikan"
PR03295,E0659,2025-S1,2.86,Beberapa target belum tercapai
PR03296,E0659,2025-S2,3.05,"Kinerja cukup, ada ruang perbaikan"
PR03297,E0659,2026-S1,2.45,Beberapa keluhan terkait kedisiplinan
PR03298,E0660,2023-S2,3.01,Beberapa target belum tercapai
PR03299,E0660,2024-S1,3.07,Beberapa target belum tercapai
PR03300,E0660,2024-S2,2.69,Perlu peningkatan konsistensi
PR03301,E0661,2024-S1,1.82,Perlu evaluasi lebih lanjut
PR03302,E0661,2024-S2,1.96,Beberapa keluhan terkait kedisiplinan
PR03303,E0661,2025-S1,2.47,Beberapa keluhan terkait kedisiplinan
PR03304,E0661,2025-S2,1.63,Perlu evaluasi lebih lanjut
PR03305,E0661,2026-S1,1.9,"Kinerja di bawah standar, perlu coaching intensif"
PR03306,E0662,2023-S2,4.54,"Kinerja sangat baik, konsisten melebihi ekspektasi"
PR03307,E0662,2024-S1,4.51,"Kinerja sangat baik, konsisten melebihi ekspektasi"
PR03308,E0662,2024-S2,4.57,"Inisiatif tinggi, layak dipertimbangkan untuk promosi"
PR03309,E0662,2025-S1,4.34,"Kinerja sangat baik, konsisten melebihi ekspektasi"
PR03310,E0662,2025-S2,4.45,"Kinerja sangat baik, konsisten melebihi ekspektasi"
PR03311,E0662,2026-S1,4.83,"Kinerja sangat baik, konsisten melebihi ekspektasi"
PR03312,E0663,2023-S2,3.69,"Kinerja baik, memenuhi target"
PR03313,E0663,2024-S1,3.8,Perlu sedikit peningkatan di komunikasi tim
PR03314,E0663,2024-S2,3.48,"Kinerja cukup, ada ruang perbaikan"
PR03315,E0663,2025-S1,3.58,Stabil dan dapat diandalkan
PR03316,E0663,2025-S2,3.58,Stabil dan dapat diandalkan
PR03317,E0663,2026-S1,3.53,"Kinerja baik, memenuhi target"
PR03318,E0664,2023-S2,3.75,Stabil dan dapat diandalkan
PR03319,E0664,2024-S1,3.57,Stabil dan dapat diandalkan
PR03320,E0664,2024-S2,3.77,Perlu sedikit peningkatan di komunikasi tim
PR03321,E0664,2025-S1,3.75,"Kinerja baik, memenuhi target"
PR03322,E0664,2025-S2,3.91,"Kinerja baik, memenuhi target"
PR03323,E0664,2026-S1,3.64,Perlu sedikit peningkatan di komunikasi tim
PR03324,E0665,2023-S2,4.66,"Sangat diandalkan tim, guest feedback positif"
PR03325,E0665,2024-S1,5.0,"Inisiatif tinggi, layak dipertimbangkan untuk promosi"
PR03326,E0665,2024-S2,5.0,"Sangat diandalkan tim, guest feedback positif"
PR03327,E0665,2025-S1,4.6,"Inisiatif tinggi, layak dipertimbangkan untuk promosi"
PR03328,E0665,2025-S2,4.9,"Kinerja sangat baik, konsisten melebihi ekspektasi"
PR03329,E0665,2026-S1,4.76,"Inisiatif tinggi, layak dipertimbangkan untuk promosi"
PR03330,E0666,2023-S2,3.23,"Kinerja cukup, ada ruang perbaikan"
PR03331,E0666,2024-S1,3.01,Perlu peningkatan konsistensi
PR03332,E0666,2024-S2,3.15,Perlu peningkatan konsistensi
PR03333,E0666,2025-S1,3.11,"Kinerja cukup, ada ruang perbaikan"
PR03334,E0666,2025-S2,2.9,Beberapa target belum tercapai
PR03335,E0666,2026-S1,3.21,"Kinerja cukup, ada ruang perbaikan"
PR03336,E0667,2024-S1,3.78,Stabil dan dapat diandalkan
PR03337,E0667,2024-S2,3.67,"Kinerja baik, memenuhi target"
PR03338,E0667,2025-S1,3.57,Stabil dan dapat diandalkan
PR03339,E0667,2025-S2,3.57,Perlu sedikit peningkatan di komunikasi tim
PR03340,E0667,2026-S1,3.64,Stabil dan dapat diandalkan
PR03341,E0668,2023-S2,4.4,"Kinerja sangat baik, konsisten melebihi ekspektasi"
PR03342,E0668,2024-S1,4.26,"Kinerja baik, memenuhi target"
PR03343,E0668,2024-S2,4.34,"Inisiatif tinggi, layak dipertimbangkan untuk promosi"
PR03344,E0668,2025-S1,4.06,Stabil dan dapat diandalkan
PR03345,E0668,2025-S2,4.02,"Kinerja baik, memenuhi target"
PR03346,E0668,2026-S1,4.15,"Kinerja baik, memenuhi target"
PR03347,E0669,2023-S2,3.52,"Kinerja baik, memenuhi target"
PR03348,E0669,2024-S1,2.98,"Kinerja cukup, ada ruang perbaikan"
PR03349,E0669,2024-S2,3.27,"Kinerja cukup, ada ruang perbaikan"
PR03350,E0669,2025-S1,3.28,Beberapa target belum tercapai
PR03351,E0669,2025-S2,3.51,"Kinerja baik, memenuhi target"
PR03352,E0669,2026-S1,2.98,Perlu peningkatan konsistensi
PR03353,E0670,2023-S2,3.98,Perlu sedikit peningkatan di komunikasi tim
PR03354,E0670,2024-S1,4.1,"Kinerja baik, memenuhi target"
PR03355,E0670,2024-S2,3.75,Perlu sedikit peningkatan di komunikasi tim
PR03356,E0670,2025-S1,3.8,"Kinerja baik, memenuhi target"
PR03357,E0670,2025-S2,3.89,Stabil dan dapat diandalkan
PR03358,E0670,2026-S1,3.78,Stabil dan dapat diandalkan
PR03359,E0671,2023-S2,2.82,Perlu peningkatan konsistensi
PR03360,E0671,2024-S1,3.58,"Kinerja baik, memenuhi target"
PR03361,E0671,2024-S2,3.15,"Kinerja cukup, ada ruang perbaikan"
PR03362,E0671,2025-S1,3.13,"Kinerja cukup, ada ruang perbaikan"
PR03363,E0671,2025-S2,3.16,"Kinerja cukup, ada ruang perbaikan"
PR03364,E0671,2026-S1,3.65,Perlu sedikit peningkatan di komunikasi tim
PR03365,E0672,2023-S2,2.82,Beberapa target belum tercapai
PR03366,E0672,2024-S1,2.76,"Kinerja cukup, ada ruang perbaikan"
PR03367,E0672,2024-S2,2.84,Perlu peningkatan konsistensi
PR03368,E0672,2025-S1,3.25,Beberapa target belum tercapai
PR03369,E0672,2025-S2,3.33,Perlu peningkatan konsistensi
PR03370,E0672,2026-S1,2.82,Perlu peningkatan konsistensi
PR03371,E0673,2023-S2,4.03,"Kinerja baik, memenuhi target"
PR03372,E0673,2024-S1,3.93,Perlu sedikit peningkatan di komunikasi tim
PR03373,E0673,2024-S2,3.82,"Kinerja baik, memenuhi target"
PR03374,E0673,2025-S1,3.71,Perlu sedikit peningkatan di komunikasi tim
PR03375,E0673,2025-S2,3.71,Stabil dan dapat diandalkan
PR03376,E0673,2026-S1,3.8,Perlu sedikit peningkatan di komunikasi tim
PR03377,E0674,2023-S2,3.53,"Kinerja baik, memenuhi target"
PR03378,E0674,2024-S1,3.58,"Kinerja baik, memenuhi target"
PR03379,E0674,2024-S2,4.08,Stabil dan dapat diandalkan
PR03380,E0674,2025-S1,3.67,Perlu sedikit peningkatan di komunikasi tim
PR03381,E0674,2025-S2,3.74,Perlu sedikit peningkatan di komunikasi tim
PR03382,E0674,2026-S1,3.68,Stabil dan dapat diandalkan
PR03383,E0675,2023-S2,3.49,"Kinerja cukup, ada ruang perbaikan"
PR03384,E0675,2024-S1,3.84,"Kinerja baik, memenuhi target"
PR03385,E0675,2024-S2,3.7,"Kinerja baik, memenuhi target"
PR03386,E0675,2025-S1,4.13,Perlu sedikit peningkatan di komunikasi tim
PR03387,E0675,2025-S2,3.91,"Kinerja baik, memenuhi target"
PR03388,E0675,2026-S1,3.85,Perlu sedikit peningkatan di komunikasi tim
PR03389,E0676,2025-S2,3.91,Perlu sedikit peningkatan di komunikasi tim
PR03390,E0676,2026-S1,3.51,Stabil dan dapat diandalkan
PR03391,E0677,2023-S2,3.78,Stabil dan dapat diandalkan
PR03392,E0677,2024-S1,3.59,Perlu sedikit peningkatan di komunikasi tim
PR03393,E0677,2024-S2,3.6,Perlu sedikit peningkatan di komunikasi tim
PR03394,E0677,2025-S1,3.67,Perlu sedikit peningkatan di komunikasi tim
PR03395,E0677,2025-S2,3.43,"Kinerja cukup, ada ruang perbaikan"
PR03396,E0677,2026-S1,3.79,Stabil dan dapat diandalkan
PR03397,E0678,2025-S1,2.93,Perlu peningkatan konsistensi
PR03398,E0678,2025-S2,2.94,Perlu peningkatan konsistensi
PR03399,E0678,2026-S1,3.06,Beberapa target belum tercapai
PR03400,E0679,2023-S2,4.62,"Inisiatif tinggi, layak dipertimbangkan untuk promosi"
PR03401,E0679,2024-S1,4.38,"Inisiatif tinggi, layak dipertimbangkan untuk promosi"
PR03402,E0679,2024-S2,4.3,"Inisiatif tinggi, layak dipertimbangkan untuk promosi"
PR03403,E0679,2025-S1,4.6,"Inisiatif tinggi, layak dipertimbangkan untuk promosi"
PR03404,E0679,2025-S2,4.36,"Kinerja sangat baik, konsisten melebihi ekspektasi"
PR03405,E0679,2026-S1,4.69,"Inisiatif tinggi, layak dipertimbangkan untuk promosi"
PR03406,E0680,2023-S2,3.99,Perlu sedikit peningkatan di komunikasi tim
PR03407,E0680,2024-S1,3.74,Stabil dan dapat diandalkan
PR03408,E0680,2024-S2,4.46,"Sangat diandalkan tim, guest feedback positif"
PR03409,E0680,2025-S1,3.8,"Kinerja baik, memenuhi target"
PR03410,E0680,2025-S2,4.08,Perlu sedikit peningkatan di komunikasi tim
PR03411,E0680,2026-S1,3.72,Stabil dan dapat diandalkan
PR03412,E0681,2023-S2,4.18,Stabil dan dapat diandalkan
PR03413,E0681,2024-S1,4.22,Perlu sedikit peningkatan di komunikasi tim
PR03414,E0681,2024-S2,4.15,"Kinerja baik, memenuhi target"
PR03415,E0681,2025-S1,4.52,"Sangat diandalkan tim, guest feedback positif"
PR03416,E0681,2025-S2,4.36,"Inisiatif tinggi, layak dipertimbangkan untuk promosi"
PR03417,E0681,2026-S1,4.13,"Kinerja baik, memenuhi target"
PR03418,E0682,2023-S2,3.44,Beberapa target belum tercapai
PR03419,E0682,2024-S1,3.72,Stabil dan dapat diandalkan
PR03420,E0682,2024-S2,3.27,"Kinerja cukup, ada ruang perbaikan"
PR03421,E0682,2025-S1,3.41,"Kinerja cukup, ada ruang perbaikan"
PR03422,E0682,2025-S2,3.5,Perlu sedikit peningkatan di komunikasi tim
PR03423,E0682,2026-S1,3.29,"Kinerja cukup, ada ruang perbaikan"
PR03424,E0683,2023-S2,3.5,Perlu sedikit peningkatan di komunikasi tim
PR03425,E0683,2024-S1,3.67,Perlu sedikit peningkatan di komunikasi tim
PR03426,E0683,2024-S2,3.52,Perlu sedikit peningkatan di komunikasi tim
PR03427,E0683,2025-S1,3.48,Perlu peningkatan konsistensi
PR03428,E0683,2025-S2,3.42,Perlu peningkatan konsistensi
PR03429,E0683,2026-S1,3.63,Perlu sedikit peningkatan di komunikasi tim
PR03430,E0684,2023-S2,3.22,"Kinerja cukup, ada ruang perbaikan"
PR03431,E0684,2024-S1,3.34,Beberapa target belum tercapai
PR03432,E0684,2024-S2,3.0,Beberapa target belum tercapai
PR03433,E0684,2025-S1,3.27,Perlu peningkatan konsistensi
PR03434,E0684,2025-S2,3.22,"Kinerja cukup, ada ruang perbaikan"
PR03435,E0684,2026-S1,3.35,Beberapa target belum tercapai
PR03436,E0685,2023-S2,3.7,"Kinerja baik, memenuhi target"
PR03437,E0685,2024-S1,3.94,"Kinerja baik, memenuhi target"
PR03438,E0685,2024-S2,3.81,"Kinerja baik, memenuhi target"
PR03439,E0685,2025-S1,3.86,Stabil dan dapat diandalkan
PR03440,E0685,2025-S2,3.79,Stabil dan dapat diandalkan
PR03441,E0685,2026-S1,3.51,Stabil dan dapat diandalkan
PR03442,E0686,2023-S2,2.5,"Kinerja cukup, ada ruang perbaikan"
PR03443,E0686,2024-S1,2.57,Beberapa target belum tercapai
PR03444,E0686,2024-S2,3.1,"Kinerja cukup, ada ruang perbaikan"
PR03445,E0686,2025-S1,2.45,Perlu evaluasi lebih lanjut
PR03446,E0686,2025-S2,2.8,"Kinerja cukup, ada ruang perbaikan"
PR03447,E0686,2026-S1,2.46,Perlu evaluasi lebih lanjut
PR03448,E0687,2023-S2,3.76,"Kinerja baik, memenuhi target"
PR03449,E0687,2024-S1,3.54,Perlu sedikit peningkatan di komunikasi tim
PR03450,E0687,2024-S2,3.83,Perlu sedikit peningkatan di komunikasi tim
PR03451,E0687,2025-S1,3.88,Perlu sedikit peningkatan di komunikasi tim
PR03452,E0687,2025-S2,4.1,"Kinerja baik, memenuhi target"
PR03453,E0687,2026-S1,3.94,Perlu sedikit peningkatan di komunikasi tim
PR03454,E0688,2023-S2,3.32,"Kinerja cukup, ada ruang perbaikan"
PR03455,E0688,2024-S1,3.8,Perlu sedikit peningkatan di komunikasi tim
PR03456,E0688,2024-S2,3.47,"Kinerja cukup, ada ruang perbaikan"
PR03457,E0688,2025-S1,3.62,Perlu sedikit peningkatan di komunikasi tim
PR03458,E0688,2025-S2,3.54,"Kinerja baik, memenuhi target"
PR03459,E0688,2026-S1,3.69,Perlu sedikit peningkatan di komunikasi tim
PR03460,E0689,2023-S2,3.41,Beberapa target belum tercapai
PR03461,E0689,2024-S1,3.48,Perlu peningkatan konsistensi
PR03462,E0689,2024-S2,3.52,Perlu sedikit peningkatan di komunikasi tim
PR03463,E0689,2025-S1,3.52,"Kinerja baik, memenuhi target"
PR03464,E0689,2025-S2,3.48,Beberapa target belum tercapai
PR03465,E0689,2026-S1,3.37,Beberapa target belum tercapai
PR03466,E0690,2026-S1,3.44,Perlu peningkatan konsistensi
PR03467,E0691,2025-S2,3.57,Stabil dan dapat diandalkan
PR03468,E0691,2026-S1,3.73,"Kinerja baik, memenuhi target"
PR03469,E0692,2023-S2,2.95,Beberapa target belum tercapai
PR03470,E0692,2024-S1,3.03,"Kinerja cukup, ada ruang perbaikan"
PR03471,E0693,2023-S2,3.47,Perlu peningkatan konsistensi
PR03472,E0693,2024-S1,3.47,"Kinerja cukup, ada ruang perbaikan"
PR03473,E0693,2024-S2,3.08,Perlu peningkatan konsistensi
PR03474,E0693,2025-S1,3.39,Beberapa target belum tercapai
PR03475,E0693,2025-S2,3.61,"Kinerja baik, memenuhi target"
PR03476,E0693,2026-S1,3.45,Perlu peningkatan konsistensi
PR03477,E0694,2024-S1,4.17,Perlu sedikit peningkatan di komunikasi tim
PR03478,E0694,2024-S2,3.9,"Kinerja baik, memenuhi target"
PR03479,E0694,2025-S1,4.24,Perlu sedikit peningkatan di komunikasi tim
PR03480,E0694,2025-S2,4.22,Perlu sedikit peningkatan di komunikasi tim
PR03481,E0694,2026-S1,4.07,"Kinerja baik, memenuhi target"
PR03482,E0695,2023-S2,3.48,Perlu peningkatan konsistensi
PR03483,E0695,2024-S1,3.54,Perlu sedikit peningkatan di komunikasi tim
PR03484,E0695,2024-S2,3.51,Stabil dan dapat diandalkan
PR03485,E0695,2025-S1,3.6,"Kinerja baik, memenuhi target"
PR03486,E0695,2025-S2,3.77,Stabil dan dapat diandalkan
PR03487,E0695,2026-S1,3.67,Stabil dan dapat diandalkan
PR03488,E0696,2023-S2,2.95,"Kinerja cukup, ada ruang perbaikan"
PR03489,E0696,2024-S1,3.22,Beberapa target belum tercapai
PR03490,E0696,2024-S2,2.76,Beberapa target belum tercapai
PR03491,E0697,2023-S2,3.6,Perlu sedikit peningkatan di komunikasi tim
PR03492,E0697,2024-S1,3.89,"Kinerja baik, memenuhi target"
PR03493,E0697,2024-S2,3.93,"Kinerja baik, memenuhi target"
PR03494,E0697,2025-S1,3.68,"Kinerja baik, memenuhi target"
PR03495,E0697,2025-S2,3.53,Perlu sedikit peningkatan di komunikasi tim
PR03496,E0697,2026-S1,3.57,Stabil dan dapat diandalkan
PR03497,E0699,2023-S2,3.01,Perlu peningkatan konsistensi
PR03498,E0699,2024-S1,3.24,Beberapa target belum tercapai
PR03499,E0699,2024-S2,3.41,Beberapa target belum tercapai
PR03500,E0699,2025-S1,3.28,"Kinerja cukup, ada ruang perbaikan"
PR03501,E0699,2025-S2,3.3,Beberapa target belum tercapai
PR03502,E0699,2026-S1,3.21,"Kinerja cukup, ada ruang perbaikan"
PR03503,E0700,2026-S1,3.13,Beberapa target belum tercapai
PR03504,E0701,2023-S2,4.2,Perlu sedikit peningkatan di komunikasi tim
PR03505,E0701,2024-S1,4.32,"Kinerja sangat baik, konsisten melebihi ekspektasi"
PR03506,E0701,2024-S2,4.06,"Kinerja baik, memenuhi target"
PR03507,E0701,2025-S1,3.84,Perlu sedikit peningkatan di komunikasi tim
PR03508,E0701,2025-S2,3.94,Perlu sedikit peningkatan di komunikasi tim
PR03509,E0701,2026-S1,4.05,Stabil dan dapat diandalkan
PR03510,E0702,2023-S2,3.53,"Kinerja baik, memenuhi target"
PR03511,E0702,2024-S1,2.95,Beberapa target belum tercapai
PR03512,E0702,2024-S2,3.1,Perlu peningkatan konsistensi
PR03513,E0702,2025-S1,3.44,Perlu peningkatan konsistensi
PR03514,E0702,2025-S2,3.24,Perlu peningkatan konsistensi
PR03515,E0702,2026-S1,3.05,Perlu peningkatan konsistensi
PR03516,E0703,2023-S2,4.09,"Kinerja baik, memenuhi target"
PR03517,E0703,2024-S1,4.12,"Kinerja baik, memenuhi target"
PR03518,E0703,2024-S2,4.12,"Kinerja baik, memenuhi target"
PR03519,E0703,2025-S1,4.54,"Inisiatif tinggi, layak dipertimbangkan untuk promosi"
PR03520,E0703,2025-S2,3.98,"Kinerja baik, memenuhi target"
PR03521,E0703,2026-S1,4.08,"Kinerja baik, memenuhi target"
PR03522,E0704,2023-S2,4.88,"Inisiatif tinggi, layak dipertimbangkan untuk promosi"
PR03523,E0704,2024-S1,4.92,"Sangat diandalkan tim, guest feedback positif"
PR03524,E0704,2024-S2,4.79,"Inisiatif tinggi, layak dipertimbangkan untuk promosi"
PR03525,E0704,2025-S1,4.88,"Sangat diandalkan tim, guest feedback positif"
PR03526,E0704,2025-S2,4.91,"Inisiatif tinggi, layak dipertimbangkan untuk promosi"
PR03527,E0704,2026-S1,4.59,"Inisiatif tinggi, layak dipertimbangkan untuk promosi"
PR03528,E0705,2025-S1,4.02,"Kinerja baik, memenuhi target"
PR03529,E0705,2025-S2,4.22,"Kinerja baik, memenuhi target"
PR03530,E0705,2026-S1,3.85,Perlu sedikit peningkatan di komunikasi tim
PR03531,E0706,2023-S2,3.99,Stabil dan dapat diandalkan
PR03532,E0706,2024-S1,3.83,Stabil dan dapat diandalkan
PR03533,E0706,2024-S2,4.11,Stabil dan dapat diandalkan
PR03534,E0706,2025-S1,3.76,Perlu sedikit peningkatan di komunikasi tim
PR03535,E0706,2025-S2,3.6,Stabil dan dapat diandalkan
PR03536,E0706,2026-S1,3.75,Perlu sedikit peningkatan di komunikasi tim
PR03537,E0707,2023-S2,4.66,"Sangat diandalkan tim, guest feedback positif"
PR03538,E0707,2024-S1,4.81,"Kinerja sangat baik, konsisten melebihi ekspektasi"
PR03539,E0707,2024-S2,4.73,"Kinerja sangat baik, konsisten melebihi ekspektasi"
PR03540,E0707,2025-S1,5.0,"Sangat diandalkan tim, guest feedback positif"
PR03541,E0709,2023-S2,3.79,Stabil dan dapat diandalkan
PR03542,E0709,2024-S1,3.41,Perlu peningkatan konsistensi
PR03543,E0709,2024-S2,3.24,Beberapa target belum tercapai
PR03544,E0709,2025-S1,3.29,"Kinerja cukup, ada ruang perbaikan"
PR03545,E0709,2025-S2,3.1,Perlu peningkatan konsistensi
PR03546,E0709,2026-S1,3.46,"Kinerja cukup, ada ruang perbaikan"
PR03547,E0710,2023-S2,2.6,"Kinerja cukup, ada ruang perbaikan"
PR03548,E0710,2024-S1,2.47,"Kinerja di bawah standar, perlu coaching intensif"
PR03549,E0711,2024-S1,3.52,Stabil dan dapat diandalkan
PR03550,E0711,2024-S2,3.31,Beberapa target belum tercapai
PR03551,E0711,2025-S1,3.49,Perlu peningkatan konsistensi
PR03552,E0711,2025-S2,3.75,Stabil dan dapat diandalkan
PR03553,E0711,2026-S1,3.58,Perlu sedikit peningkatan di komunikasi tim
PR03554,E0712,2023-S2,4.05,Perlu sedikit peningkatan di komunikasi tim
PR03555,E0712,2024-S1,3.51,Perlu sedikit peningkatan di komunikasi tim
PR03556,E0712,2024-S2,3.56,"Kinerja baik, memenuhi target"
PR03557,E0712,2025-S1,3.65,"Kinerja baik, memenuhi target"
PR03558,E0712,2025-S2,3.83,Perlu sedikit peningkatan di komunikasi tim
PR03559,E0712,2026-S1,3.63,Perlu sedikit peningkatan di komunikasi tim
PR03560,E0713,2025-S2,4.16,Stabil dan dapat diandalkan
PR03561,E0713,2026-S1,4.0,Stabil dan dapat diandalkan
PR03562,E0714,2023-S2,3.59,Perlu sedikit peningkatan di komunikasi tim
PR03563,E0714,2024-S1,3.18,Beberapa target belum tercapai
PR03564,E0714,2024-S2,3.33,"Kinerja cukup, ada ruang perbaikan"
PR03565,E0714,2025-S1,3.37,Perlu peningkatan konsistensi
PR03566,E0714,2025-S2,3.15,Beberapa target belum tercapai
PR03567,E0714,2026-S1,3.82,Perlu sedikit peningkatan di komunikasi tim
PR03568,E0715,2023-S2,3.57,"Kinerja baik, memenuhi target"
PR03569,E0715,2024-S1,3.55,Stabil dan dapat diandalkan
PR03570,E0715,2024-S2,3.74,Stabil dan dapat diandalkan
PR03571,E0715,2025-S1,3.31,"Kinerja cukup, ada ruang perbaikan"
PR03572,E0716,2024-S1,2.95,Perlu peningkatan konsistensi
PR03573,E0716,2024-S2,2.68,"Kinerja cukup, ada ruang perbaikan"
PR03574,E0716,2025-S1,3.14,Beberapa target belum tercapai
PR03575,E0716,2025-S2,3.17,Perlu peningkatan konsistensi
PR03576,E0716,2026-S1,2.76,Beberapa target belum tercapai
PR03577,E0717,2025-S1,4.02,"Kinerja baik, memenuhi target"
PR03578,E0717,2025-S2,4.0,"Kinerja baik, memenuhi target"
PR03579,E0717,2026-S1,4.28,"Kinerja baik, memenuhi target"
PR03580,E0718,2023-S2,3.98,Stabil dan dapat diandalkan
PR03581,E0718,2024-S1,4.04,"Kinerja baik, memenuhi target"
PR03582,E0718,2024-S2,3.9,Stabil dan dapat diandalkan
PR03583,E0718,2025-S1,3.86,Stabil dan dapat diandalkan
PR03584,E0718,2025-S2,3.99,Perlu sedikit peningkatan di komunikasi tim
PR03585,E0718,2026-S1,3.83,Perlu sedikit peningkatan di komunikasi tim
PR03586,E0720,2023-S2,3.5,Perlu sedikit peningkatan di komunikasi tim
PR03587,E0720,2024-S1,3.19,Beberapa target belum tercapai
PR03588,E0721,2023-S2,3.63,Perlu sedikit peningkatan di komunikasi tim
PR03589,E0721,2024-S1,3.31,Perlu peningkatan konsistensi
PR03590,E0721,2024-S2,3.65,Perlu sedikit peningkatan di komunikasi tim
PR03591,E0721,2025-S1,3.68,Stabil dan dapat diandalkan
PR03592,E0721,2025-S2,3.81,"Kinerja baik, memenuhi target"
PR03593,E0721,2026-S1,3.4,Beberapa target belum tercapai
PR03594,E0722,2023-S2,4.78,"Inisiatif tinggi, layak dipertimbangkan untuk promosi"
PR03595,E0722,2024-S1,4.71,"Inisiatif tinggi, layak dipertimbangkan untuk promosi"
PR03596,E0722,2024-S2,5.0,"Kinerja sangat baik, konsisten melebihi ekspektasi"
PR03597,E0722,2025-S1,4.72,"Sangat diandalkan tim, guest feedback positif"
PR03598,E0722,2025-S2,5.0,"Inisiatif tinggi, layak dipertimbangkan untuk promosi"
PR03599,E0722,2026-S1,5.0,"Kinerja sangat baik, konsisten melebihi ekspektasi"
PR03600,E0723,2023-S2,3.6,"Kinerja baik, memenuhi target"
PR03601,E0723,2024-S1,3.79,"Kinerja baik, memenuhi target"
PR03602,E0723,2024-S2,4.11,"Kinerja baik, memenuhi target"
PR03603,E0723,2025-S1,3.66,Stabil dan dapat diandalkan
PR03604,E0723,2025-S2,4.11,Perlu sedikit peningkatan di komunikasi tim
PR03605,E0723,2026-S1,3.89,Stabil dan dapat diandalkan
PR03606,E0724,2023-S2,4.14,Stabil dan dapat diandalkan
PR03607,E0724,2024-S1,3.83,"Kinerja baik, memenuhi target"
PR03608,E0724,2024-S2,4.17,"Kinerja baik, memenuhi target"
PR03609,E0724,2025-S1,4.28,"Kinerja baik, memenuhi target"
PR03610,E0724,2025-S2,4.09,Stabil dan dapat diandalkan
PR03611,E0724,2026-S1,4.04,Stabil dan dapat diandalkan
PR03612,E0726,2023-S2,3.23,Perlu peningkatan konsistensi
PR03613,E0726,2024-S1,3.33,Beberapa target belum tercapai
PR03614,E0726,2024-S2,3.21,"Kinerja cukup, ada ruang perbaikan"
PR03615,E0726,2025-S1,3.22,Beberapa target belum tercapai
PR03616,E0726,2025-S2,3.59,Stabil dan dapat diandalkan
PR03617,E0726,2026-S1,3.43,"Kinerja cukup, ada ruang perbaikan"
PR03618,E0727,2023-S2,3.08,"Kinerja cukup, ada ruang perbaikan"
PR03619,E0727,2024-S1,2.96,"Kinerja cukup, ada ruang perbaikan"
PR03620,E0727,2024-S2,3.19,"Kinerja cukup, ada ruang perbaikan"
PR03621,E0727,2025-S1,3.03,Beberapa target belum tercapai
PR03622,E0727,2025-S2,3.02,"Kinerja cukup, ada ruang perbaikan"
PR03623,E0727,2026-S1,2.73,"Kinerja cukup, ada ruang perbaikan"
PR03624,E0728,2024-S1,4.45,"Kinerja sangat baik, konsisten melebihi ekspektasi"
PR03625,E0728,2024-S2,4.88,"Kinerja sangat baik, konsisten melebihi ekspektasi"
PR03626,E0728,2025-S1,4.58,"Sangat diandalkan tim, guest feedback positif"
PR03627,E0728,2025-S2,4.35,"Sangat diandalkan tim, guest feedback positif"
PR03628,E0728,2026-S1,4.37,"Inisiatif tinggi, layak dipertimbangkan untuk promosi"
PR03629,E0730,2023-S2,4.16,Stabil dan dapat diandalkan
PR03630,E0731,2023-S2,3.26,Beberapa target belum tercapai
PR03631,E0731,2024-S1,3.35,"Kinerja cukup, ada ruang perbaikan"
PR03632,E0731,2024-S2,3.04,Beberapa target belum tercapai
PR03633,E0731,2025-S1,3.19,Beberapa target belum tercapai
PR03634,E0731,2025-S2,3.43,Perlu peningkatan konsistensi
PR03635,E0731,2026-S1,3.24,Beberapa target belum tercapai
PR03636,E0732,2024-S1,3.74,Perlu sedikit peningkatan di komunikasi tim
PR03637,E0732,2024-S2,3.75,Stabil dan dapat diandalkan
PR03638,E0732,2025-S1,3.51,Stabil dan dapat diandalkan
PR03639,E0732,2025-S2,3.51,Perlu sedikit peningkatan di komunikasi tim
PR03640,E0732,2026-S1,3.55,"Kinerja baik, memenuhi target"
PR03641,E0734,2023-S2,2.26,Beberapa keluhan terkait kedisiplinan
PR03642,E0734,2024-S1,2.61,Beberapa target belum tercapai
PR03643,E0734,2024-S2,2.17,"Kinerja di bawah standar, perlu coaching intensif"
PR03644,E0734,2025-S1,2.33,Beberapa keluhan terkait kedisiplinan
PR03645,E0734,2025-S2,2.51,Beberapa target belum tercapai
PR03646,E0734,2026-S1,2.26,"Kinerja di bawah standar, perlu coaching intensif"
PR03647,E0735,2023-S2,5.0,"Inisiatif tinggi, layak dipertimbangkan untuk promosi"
PR03648,E0735,2024-S1,5.0,"Sangat diandalkan tim, guest feedback positif"
PR03649,E0735,2024-S2,4.96,"Sangat diandalkan tim, guest feedback positif"
PR03650,E0735,2025-S1,5.0,"Kinerja sangat baik, konsisten melebihi ekspektasi"
PR03651,E0735,2025-S2,5.0,"Sangat diandalkan tim, guest feedback positif"
PR03652,E0735,2026-S1,5.0,"Inisiatif tinggi, layak dipertimbangkan untuk promosi"
PR03653,E0736,2023-S2,3.36,Beberapa target belum tercapai
PR03654,E0736,2024-S1,2.74,"Kinerja cukup, ada ruang perbaikan"
PR03655,E0736,2024-S2,3.58,Perlu sedikit peningkatan di komunikasi tim
PR03656,E0736,2025-S1,3.08,"Kinerja cukup, ada ruang perbaikan"
PR03657,E0736,2025-S2,3.13,Beberapa target belum tercapai
PR03658,E0736,2026-S1,3.35,Perlu peningkatan konsistensi
PR03659,E0737,2023-S2,3.02,Beberapa target belum tercapai
PR03660,E0737,2024-S1,3.15,Beberapa target belum tercapai
PR03661,E0737,2024-S2,3.1,Beberapa target belum tercapai
PR03662,E0737,2025-S1,3.1,"Kinerja cukup, ada ruang perbaikan"
PR03663,E0737,2025-S2,3.02,Perlu peningkatan konsistensi
PR03664,E0737,2026-S1,3.07,Perlu peningkatan konsistensi
PR03665,E0738,2023-S2,2.77,"Kinerja cukup, ada ruang perbaikan"
PR03666,E0738,2024-S1,2.53,Beberapa target belum tercapai
PR03667,E0738,2024-S2,2.53,Perlu peningkatan konsistensi
PR03668,E0738,2025-S1,2.98,Beberapa target belum tercapai
PR03669,E0738,2025-S2,2.97,Perlu peningkatan konsistensi
PR03670,E0738,2026-S1,2.75,Beberapa target belum tercapai
PR03671,E0739,2025-S2,3.66,Stabil dan dapat diandalkan
PR03672,E0739,2026-S1,3.84,"Kinerja baik, memenuhi target"
PR03673,E0740,2025-S2,3.96,Stabil dan dapat diandalkan
PR03674,E0740,2026-S1,3.92,Perlu sedikit peningkatan di komunikasi tim
PR03675,E0741,2023-S2,2.65,Perlu peningkatan konsistensi
PR03676,E0741,2024-S1,2.81,"Kinerja cukup, ada ruang perbaikan"
PR03677,E0741,2024-S2,2.82,"Kinerja cukup, ada ruang perbaikan"
PR03678,E0741,2025-S1,2.86,Beberapa target belum tercapai
PR03679,E0741,2025-S2,2.78,Beberapa target belum tercapai
PR03680,E0741,2026-S1,2.69,Beberapa target belum tercapai
PR03681,E0742,2023-S2,3.22,Perlu peningkatan konsistensi
PR03682,E0742,2024-S1,3.57,Perlu sedikit peningkatan di komunikasi tim
PR03683,E0742,2024-S2,3.66,"Kinerja baik, memenuhi target"
PR03684,E0742,2025-S1,3.56,Perlu sedikit peningkatan di komunikasi tim
PR03685,E0742,2025-S2,3.39,Perlu peningkatan konsistensi
PR03686,E0742,2026-S1,3.17,"Kinerja cukup, ada ruang perbaikan"
PR03687,E0743,2023-S2,2.95,Perlu peningkatan konsistensi
PR03688,E0743,2024-S1,3.02,"Kinerja cukup, ada ruang perbaikan"
PR03689,E0743,2024-S2,3.22,Perlu peningkatan konsistensi
PR03690,E0743,2025-S1,2.83,"Kinerja cukup, ada ruang perbaikan"
PR03691,E0743,2025-S2,3.09,Beberapa target belum tercapai
PR03692,E0743,2026-S1,3.3,Beberapa target belum tercapai
PR03693,E0744,2023-S2,3.19,Perlu peningkatan konsistensi
PR03694,E0744,2024-S1,3.13,"Kinerja cukup, ada ruang perbaikan"
PR03695,E0745,2023-S2,3.2,Beberapa target belum tercapai
PR03696,E0745,2024-S1,2.83,"Kinerja cukup, ada ruang perbaikan"
PR03697,E0745,2024-S2,3.18,"Kinerja cukup, ada ruang perbaikan"
PR03698,E0745,2025-S1,3.16,Perlu peningkatan konsistensi
PR03699,E0745,2025-S2,3.33,Beberapa target belum tercapai
PR03700,E0745,2026-S1,3.04,"Kinerja cukup, ada ruang perbaikan"
PR03701,E0746,2023-S2,4.06,Perlu sedikit peningkatan di komunikasi tim
PR03702,E0746,2024-S1,3.76,Stabil dan dapat diandalkan
PR03703,E0746,2024-S2,3.93,Stabil dan dapat diandalkan
PR03704,E0746,2025-S1,4.25,Perlu sedikit peningkatan di komunikasi tim
PR03705,E0746,2025-S2,3.83,"Kinerja baik, memenuhi target"
PR03706,E0746,2026-S1,4.13,Perlu sedikit peningkatan di komunikasi tim
PR03707,E0747,2024-S1,4.54,"Kinerja sangat baik, konsisten melebihi ekspektasi"
PR03708,E0747,2024-S2,4.63,"Kinerja sangat baik, konsisten melebihi ekspektasi"
PR03709,E0747,2025-S1,4.53,"Sangat diandalkan tim, guest feedback positif"
PR03710,E0748,2023-S2,3.07,Beberapa target belum tercapai
PR03711,E0748,2024-S1,3.05,Perlu peningkatan konsistensi
PR03712,E0748,2024-S2,3.24,"Kinerja cukup, ada ruang perbaikan"
PR03713,E0748,2025-S1,2.98,Perlu peningkatan konsistensi
PR03714,E0748,2025-S2,3.06,Beberapa target belum tercapai
PR03715,E0748,2026-S1,3.15,Perlu peningkatan konsistensi
PR03716,E0749,2023-S2,3.36,Beberapa target belum tercapai
PR03717,E0749,2024-S1,3.56,Stabil dan dapat diandalkan
PR03718,E0749,2024-S2,3.27,"Kinerja cukup, ada ruang perbaikan"
PR03719,E0749,2025-S1,3.47,Perlu peningkatan konsistensi
PR03720,E0749,2025-S2,3.43,Beberapa target belum tercapai
PR03721,E0749,2026-S1,3.41,Beberapa target belum tercapai
PR03722,E0750,2023-S2,3.94,Perlu sedikit peningkatan di komunikasi tim
PR03723,E0750,2024-S1,3.99,Perlu sedikit peningkatan di komunikasi tim
PR03724,E0750,2024-S2,4.01,Stabil dan dapat diandalkan
PR03725,E0750,2025-S1,3.91,Stabil dan dapat diandalkan
PR03726,E0750,2025-S2,3.98,Perlu sedikit peningkatan di komunikasi tim
PR03727,E0750,2026-S1,3.98,"Kinerja baik, memenuhi target"
PR03728,E0752,2025-S1,3.62,Stabil dan dapat diandalkan
PR03729,E0752,2025-S2,3.33,Beberapa target belum tercapai
PR03730,E0752,2026-S1,3.47,Perlu peningkatan konsistensi
PR03731,E0753,2023-S2,2.46,Beberapa keluhan terkait kedisiplinan
PR03732,E0753,2024-S1,2.84,Perlu peningkatan konsistensi
PR03733,E0753,2024-S2,2.53,Perlu peningkatan konsistensi
PR03734,E0753,2025-S1,2.65,"Kinerja cukup, ada ruang perbaikan"
PR03735,E0753,2025-S2,2.79,"Kinerja cukup, ada ruang perbaikan"
PR03736,E0753,2026-S1,2.66,Perlu peningkatan konsistensi
PR03737,E0754,2023-S2,4.23,Stabil dan dapat diandalkan
PR03738,E0754,2024-S1,4.28,Perlu sedikit peningkatan di komunikasi tim
PR03739,E0754,2024-S2,4.27,Perlu sedikit peningkatan di komunikasi tim
PR03740,E0754,2025-S1,4.17,Stabil dan dapat diandalkan
PR03741,E0754,2025-S2,4.45,"Sangat diandalkan tim, guest feedback positif"
PR03742,E0754,2026-S1,4.19,"Kinerja baik, memenuhi target"
PR03743,E0755,2023-S2,3.82,"Kinerja baik, memenuhi target"
PR03744,E0755,2024-S1,3.8,Stabil dan dapat diandalkan
PR03745,E0755,2024-S2,3.56,Stabil dan dapat diandalkan
PR03746,E0755,2025-S1,3.79,Stabil dan dapat diandalkan
PR03747,E0755,2025-S2,3.77,Perlu sedikit peningkatan di komunikasi tim
PR03748,E0755,2026-S1,3.47,Beberapa target belum tercapai
