ingredient_id,date,unit_cost
ING001,2023-07-01,15020.0
ING001,2023-07-02,15010.0
ING001,2023-07-03,15040.0
ING001,2023-07-04,15090.0
ING001,2023-07-05,15080.0
ING001,2023-07-06,15070.0
ING001,2023-07-07,15120.0
ING001,2023-07-08,15150.0
ING001,2023-07-09,15120.0
ING001,2023-07-10,15140.0
ING001,2023-07-11,15110.0
ING001,2023-07-12,15090.0
ING001,2023-07-13,15100.0
ING001,2023-07-14,15020.0
ING001,2023-07-15,14960.0
ING001,2023-07-16,14940.0
ING001,2023-07-17,14910.0
ING001,2023-07-18,14920.0
ING001,2023-07-19,14890.0
ING001,2023-07-20,14850.0
ING001,2023-07-21,14910.0
ING001,2023-07-22,14910.0
ING001,2023-07-23,14920.0
ING001,2023-07-24,14870.0
ING001,2023-07-25,14860.0
ING001,2023-07-26,14870.0
ING001,2023-07-27,14840.0
ING001,2023-07-28,14860.0
ING001,2023-07-29,14850.0
ING001,2023-07-30,14850.0
ING001,2023-07-31,14840.0
ING001,2023-08-01,14920.0
ING001,2023-08-02,14920.0
ING001,2023-08-03,14890.0
ING001,2023-08-04,14930.0
ING001,2023-08-05,14890.0
ING001,2023-08-06,14910.0
ING001,2023-08-07,14840.0
ING001,2023-08-08,14800.0
ING001,2023-08-09,14820.0
ING001,2023-08-10,14860.0
ING001,2023-08-11,14880.0
ING001,2023-08-12,14880.0
ING001,2023-08-13,14880.0
ING001,2023-08-14,14840.0
ING001,2023-08-15,14820.0
ING001,2023-08-16,14820.0
ING001,2023-08-17,14870.0
ING001,2023-08-18,14890.0
ING001,2023-08-19,14840.0
ING001,2023-08-20,14860.0
ING001,2023-08-21,14860.0
ING001,2023-08-22,14840.0
ING001,2023-08-23,14880.0
ING001,2023-08-24,14930.0
ING001,2023-08-25,14970.0
ING001,2023-08-26,14940.0
ING001,2023-08-27,14940.0
ING001,2023-08-28,14960.0
ING001,2023-08-29,15000.0
ING001,2023-08-30,14990.0
ING001,2023-08-31,14990.0
ING001,2023-09-01,14950.0
ING001,2023-09-02,14920.0
ING001,2023-09-03,14960.0
ING001,2023-09-04,15010.0
ING001,2023-09-05,15020.0
ING001,2023-09-06,15060.0
ING001,2023-09-07,15080.0
ING001,2023-09-08,15050.0
ING001,2023-09-09,15070.0
ING001,2023-09-10,15130.0
ING001,2023-09-11,15130.0
ING001,2023-09-12,15190.0
ING001,2023-09-13,15080.0
ING001,2023-09-14,15120.0
ING001,2023-09-15,15120.0
ING001,2023-09-16,15110.0
ING001,2023-09-17,15110.0
ING001,2023-09-18,15040.0
ING001,2023-09-19,15040.0
ING001,2023-09-20,15060.0
ING001,2023-09-21,15110.0
ING001,2023-09-22,15100.0
ING001,2023-09-23,15070.0
ING001,2023-09-24,15050.0
ING001,2023-09-25,15090.0
ING001,2023-09-26,15110.0
ING001,2023-09-27,15090.0
ING001,2023-09-28,15110.0
ING001,2023-09-29,15120.0
ING001,2023-09-30,15150.0
ING001,2023-10-01,15130.0
ING001,2023-10-02,15120.0
ING001,2023-10-03,15100.0
ING001,2023-10-04,15050.0
ING001,2023-10-05,15070.0
ING001,2023-10-06,15080.0
ING001,2023-10-07,15090.0
ING001,2023-10-08,15080.0
ING001,2023-10-09,15030.0
ING001,2023-10-10,15020.0
ING001,2023-10-11,15020.0
ING001,2023-10-12,15000.0
ING001,2023-10-13,15000.0
ING001,2023-10-14,15020.0
ING001,2023-10-15,15100.0
ING001,2023-10-16,15110.0
ING001,2023-10-17,15120.0
ING001,2023-10-18,15120.0
ING001,2023-10-19,15050.0
ING001,2023-10-20,15060.0
ING001,2023-10-21,15070.0
ING001,2023-10-22,15170.0
ING001,2023-10-23,15160.0
ING001,2023-10-24,15170.0
ING001,2023-10-25,15170.0
ING001,2023-10-26,15130.0
ING001,2023-10-27,15180.0
ING001,2023-10-28,15210.0
ING001,2023-10-29,15230.0
ING001,2023-10-30,15200.0
ING001,2023-10-31,15250.0
ING001,2023-11-01,15200.0
ING001,2023-11-02,15220.0
ING001,2023-11-03,15300.0
ING001,2023-11-04,15260.0
ING001,2023-11-05,15230.0
ING001,2023-11-06,15240.0
ING001,2023-11-07,15220.0
ING001,2023-11-08,15160.0
ING001,2023-11-09,15160.0
ING001,2023-11-10,15130.0
ING001,2023-11-11,15150.0
ING001,2023-11-12,15120.0
ING001,2023-11-13,15180.0
ING001,2023-11-14,15150.0
ING001,2023-11-15,15150.0
ING001,2023-11-16,15180.0
ING001,2023-11-17,15140.0
ING001,2023-11-18,15150.0
ING001,2023-11-19,15200.0
ING001,2023-11-20,15140.0
ING001,2023-11-21,15160.0
ING001,2023-11-22,15170.0
ING001,2023-11-23,15200.0
ING001,2023-11-24,15160.0
ING001,2023-11-25,15110.0
ING001,2023-11-26,15140.0
ING001,2023-11-27,15150.0
ING001,2023-11-28,15170.0
ING001,2023-11-29,15190.0
ING001,2023-11-30,15160.0
ING001,2023-12-01,15180.0
ING001,2023-12-02,15190.0
ING001,2023-12-03,15170.0
ING001,2023-12-04,15240.0
ING001,2023-12-05,15260.0
ING001,2023-12-06,15220.0
ING001,2023-12-07,15240.0
ING001,2023-12-08,15210.0
ING001,2023-12-09,15240.0
ING001,2023-12-10,15280.0
ING001,2023-12-11,15250.0
ING001,2023-12-12,15290.0
ING001,2023-12-13,15300.0
ING001,2023-12-14,15330.0
ING001,2023-12-15,15400.0
ING001,2023-12-16,15390.0
ING001,2023-12-17,15350.0
ING001,2023-12-18,15320.0
ING001,2023-12-19,15280.0
ING001,2023-12-20,15280.0
ING001,2023-12-21,15290.0
ING001,2023-12-22,15300.0
ING001,2023-12-23,15330.0
ING001,2023-12-24,15330.0
ING001,2023-12-25,15380.0
ING001,2023-12-26,15370.0
ING001,2023-12-27,15470.0
ING001,2023-12-28,15480.0
ING001,2023-12-29,15440.0
ING001,2023-12-30,15390.0
ING001,2023-12-31,15410.0
ING001,2024-01-01,15390.0
ING001,2024-01-02,15420.0
ING001,2024-01-03,15430.0
ING001,2024-01-04,15420.0
ING001,2024-01-05,15380.0
ING001,2024-01-06,15320.0
ING001,2024-01-07,15300.0
ING001,2024-01-08,15340.0
ING001,2024-01-09,15340.0
ING001,2024-01-10,15300.0
ING001,2024-01-11,15300.0
ING001,2024-01-12,15320.0
ING001,2024-01-13,15290.0
ING001,2024-01-14,15290.0
ING001,2024-01-15,15300.0
ING001,2024-01-16,15260.0
ING001,2024-01-17,15270.0
ING001,2024-01-18,15300.0
ING001,2024-01-19,15340.0
ING001,2024-01-20,15380.0
ING001,2024-01-21,15320.0
ING001,2024-01-22,15290.0
ING001,2024-01-23,15310.0
ING001,2024-01-24,15330.0
ING001,2024-01-25,15350.0
ING001,2024-01-26,15500.0
ING001,2024-01-27,15510.0
ING001,2024-01-28,15540.0
ING001,2024-01-29,15570.0
ING001,2024-01-30,15580.0
ING001,2024-01-31,15560.0
ING001,2024-02-01,15580.0
ING001,2024-02-02,15540.0
ING001,2024-02-03,15520.0
ING001,2024-02-04,15490.0
ING001,2024-02-05,15490.0
ING001,2024-02-06,15570.0
ING001,2024-02-07,15490.0
ING001,2024-02-08,15510.0
ING001,2024-02-09,15440.0
ING001,2024-02-10,15420.0
ING001,2024-02-11,15460.0
ING001,2024-02-12,15460.0
ING001,2024-02-13,15410.0
ING001,2024-02-14,15380.0
ING001,2024-02-15,15410.0
ING001,2024-02-16,15380.0
ING001,2024-02-17,15390.0
ING001,2024-02-18,15390.0
ING001,2024-02-19,15360.0
ING001,2024-02-20,15450.0
ING001,2024-02-21,15470.0
ING001,2024-02-22,15390.0
ING001,2024-02-23,15390.0
ING001,2024-02-24,15370.0
ING001,2024-02-25,15400.0
ING001,2024-02-26,15370.0
ING001,2024-02-27,15370.0
ING001,2024-02-28,15390.0
ING001,2024-02-29,15420.0
ING001,2024-03-01,15380.0
ING001,2024-03-02,15370.0
ING001,2024-03-03,15350.0
ING001,2024-03-04,15330.0
ING001,2024-03-05,15400.0
ING001,2024-03-06,15410.0
ING001,2024-03-07,15370.0
ING001,2024-03-08,15400.0
ING001,2024-03-09,15480.0
ING001,2024-03-10,15520.0
ING001,2024-03-11,15460.0
ING001,2024-03-12,15440.0
ING001,2024-03-13,15480.0
ING001,2024-03-14,15450.0
ING001,2024-03-15,15470.0
ING001,2024-03-16,15500.0
ING001,2024-03-17,15460.0
ING001,2024-03-18,15450.0
ING001,2024-03-19,15330.0
ING001,2024-03-20,15300.0
ING001,2024-03-21,15300.0
ING001,2024-03-22,15260.0
ING001,2024-03-23,15330.0
ING001,2024-03-24,15280.0
ING001,2024-03-25,15270.0
ING001,2024-03-26,15280.0
ING001,2024-03-27,15340.0
ING001,2024-03-28,15300.0
ING001,2024-03-29,15350.0
ING001,2024-03-30,15350.0
ING001,2024-03-31,15320.0
ING001,2024-04-01,15340.0
ING001,2024-04-02,15360.0
ING001,2024-04-03,15340.0
ING001,2024-04-04,15350.0
ING001,2024-04-05,15340.0
ING001,2024-04-06,15350.0
ING001,2024-04-07,15380.0
ING001,2024-04-08,15440.0
ING001,2024-04-09,15400.0
ING001,2024-04-10,15480.0
ING001,2024-04-11,15410.0
ING001,2024-04-12,15410.0
ING001,2024-04-13,15430.0
ING001,2024-04-14,15440.0
ING001,2024-04-15,15420.0
ING001,2024-04-16,15420.0
ING001,2024-04-17,15400.0
ING001,2024-04-18,15380.0
ING001,2024-04-19,15420.0
ING001,2024-04-20,15440.0
ING001,2024-04-21,15410.0
ING001,2024-04-22,15450.0
ING001,2024-04-23,15460.0
ING001,2024-04-24,15500.0
ING001,2024-04-25,15520.0
ING001,2024-04-26,15490.0
ING001,2024-04-27,15470.0
ING001,2024-04-28,15500.0
ING001,2024-04-29,15520.0
ING001,2024-04-30,15520.0
ING001,2024-05-01,15520.0
ING001,2024-05-02,15570.0
ING001,2024-05-03,15540.0
ING001,2024-05-04,15560.0
ING001,2024-05-05,15550.0
ING001,2024-05-06,15540.0
ING001,2024-05-07,15580.0
ING001,2024-05-08,15610.0
ING001,2024-05-09,15630.0
ING001,2024-05-10,15680.0
ING001,2024-05-11,15670.0
ING001,2024-05-12,15690.0
ING001,2024-05-13,15670.0
ING001,2024-05-14,15670.0
ING001,2024-05-15,15660.0
ING001,2024-05-16,15660.0
ING001,2024-05-17,15670.0
ING001,2024-05-18,15640.0
ING001,2024-05-19,15710.0
ING001,2024-05-20,15660.0
ING001,2024-05-21,15610.0
ING001,2024-05-22,15650.0
ING001,2024-05-23,15670.0
ING001,2024-05-24,15690.0
ING001,2024-05-25,15710.0
ING001,2024-05-26,15700.0
ING001,2024-05-27,15660.0
ING001,2024-05-28,15650.0
ING001,2024-05-29,15620.0
ING001,2024-05-30,15660.0
ING001,2024-05-31,15650.0
ING001,2024-06-01,15610.0
ING001,2024-06-02,15590.0
ING001,2024-06-03,15610.0
ING001,2024-06-04,15580.0
ING001,2024-06-05,15550.0
ING001,2024-06-06,15560.0
ING001,2024-06-07,15570.0
ING001,2024-06-08,15550.0
ING001,2024-06-09,15530.0
ING001,2024-06-10,15550.0
ING001,2024-06-11,15490.0
ING001,2024-06-12,15440.0
ING001,2024-06-13,15420.0
ING001,2024-06-14,15420.0
ING001,2024-06-15,15440.0
ING001,2024-06-16,15500.0
ING001,2024-06-17,15540.0
ING001,2024-06-18,15540.0
ING001,2024-06-19,15540.0
ING001,2024-06-20,15500.0
ING001,2024-06-21,15510.0
ING001,2024-06-22,15500.0
ING001,2024-06-23,15520.0
ING001,2024-06-24,15490.0
ING001,2024-06-25,15510.0
ING001,2024-06-26,15570.0
ING001,2024-06-27,15570.0
ING001,2024-06-28,15590.0
ING001,2024-06-29,15610.0
ING001,2024-06-30,15600.0
ING001,2024-07-01,15610.0
ING001,2024-07-02,15610.0
ING001,2024-07-03,15610.0
ING001,2024-07-04,15580.0
ING001,2024-07-05,15580.0
ING001,2024-07-06,15600.0
ING001,2024-07-07,15660.0
ING001,2024-07-08,15690.0
ING001,2024-07-09,15770.0
ING001,2024-07-10,15730.0
ING001,2024-07-11,15760.0
ING001,2024-07-12,15760.0
ING001,2024-07-13,15830.0
ING001,2024-07-14,15790.0
ING001,2024-07-15,15750.0
ING001,2024-07-16,15730.0
ING001,2024-07-17,15640.0
ING001,2024-07-18,15620.0
ING001,2024-07-19,15590.0
ING001,2024-07-20,15600.0
ING001,2024-07-21,15610.0
ING001,2024-07-22,15690.0
ING001,2024-07-23,15720.0
ING001,2024-07-24,15690.0
ING001,2024-07-25,15660.0
ING001,2024-07-26,15670.0
ING001,2024-07-27,15620.0
ING001,2024-07-28,15690.0
ING001,2024-07-29,15740.0
ING001,2024-07-30,15710.0
ING001,2024-07-31,15650.0
ING001,2024-08-01,15700.0
ING001,2024-08-02,15690.0
ING001,2024-08-03,15740.0
ING001,2024-08-04,15670.0
ING001,2024-08-05,15650.0
ING001,2024-08-06,15650.0
ING001,2024-08-07,15650.0
ING001,2024-08-08,15640.0
ING001,2024-08-09,15660.0
ING001,2024-08-10,15620.0
ING001,2024-08-11,15620.0
ING001,2024-08-12,15630.0
ING001,2024-08-13,15650.0
ING001,2024-08-14,15670.0
ING001,2024-08-15,15630.0
ING001,2024-08-16,15580.0
ING001,2024-08-17,15630.0
ING001,2024-08-18,15650.0
ING001,2024-08-19,15620.0
ING001,2024-08-20,15680.0
ING001,2024-08-21,15690.0
ING001,2024-08-22,15730.0
ING001,2024-08-23,15730.0
ING001,2024-08-24,15810.0
ING001,2024-08-25,15870.0
ING001,2024-08-26,15850.0
ING001,2024-08-27,15880.0
ING001,2024-08-28,15890.0
ING001,2024-08-29,15930.0
ING001,2024-08-30,15890.0
ING001,2024-08-31,15900.0
ING001,2024-09-01,15930.0
ING001,2024-09-02,15850.0
ING001,2024-09-03,15800.0
ING001,2024-09-04,15720.0
ING001,2024-09-05,15710.0
ING001,2024-09-06,15740.0
ING001,2024-09-07,15790.0
ING001,2024-09-08,15790.0
ING001,2024-09-09,15850.0
ING001,2024-09-10,15790.0
ING001,2024-09-11,15720.0
ING001,2024-09-12,15720.0
ING001,2024-09-13,15740.0
ING001,2024-09-14,15730.0
ING001,2024-09-15,15660.0
ING001,2024-09-16,15660.0
ING001,2024-09-17,15610.0
ING001,2024-09-18,15640.0
ING001,2024-09-19,15660.0
ING001,2024-09-20,15630.0
ING001,2024-09-21,15620.0
ING001,2024-09-22,15580.0
ING001,2024-09-23,15590.0
ING001,2024-09-24,15630.0
ING001,2024-09-25,15600.0
ING001,2024-09-26,15630.0
ING001,2024-09-27,15610.0
ING001,2024-09-28,15590.0
ING001,2024-09-29,15590.0
ING001,2024-09-30,15560.0
ING001,2024-10-01,15550.0
ING001,2024-10-02,15520.0
ING001,2024-10-03,15600.0
ING001,2024-10-04,15610.0
ING001,2024-10-05,15590.0
ING001,2024-10-06,15610.0
ING001,2024-10-07,15610.0
ING001,2024-10-08,15610.0
ING001,2024-10-09,15640.0
ING001,2024-10-10,15680.0
ING001,2024-10-11,15660.0
ING001,2024-10-12,15650.0
ING001,2024-10-13,15640.0
ING001,2024-10-14,15560.0
ING001,2024-10-15,15520.0
ING001,2024-10-16,15580.0
ING001,2024-10-17,15650.0
ING001,2024-10-18,15650.0
ING001,2024-10-19,15680.0
ING001,2024-10-20,15690.0
ING001,2024-10-21,15810.0
ING001,2024-10-22,15850.0
ING001,2024-10-23,15850.0
ING001,2024-10-24,15810.0
ING001,2024-10-25,15750.0
ING001,2024-10-26,15760.0
ING001,2024-10-27,15730.0
ING001,2024-10-28,15680.0
ING001,2024-10-29,15660.0
ING001,2024-10-30,15630.0
ING001,2024-10-31,15700.0
ING001,2024-11-01,15740.0
ING001,2024-11-02,15740.0
ING001,2024-11-03,15800.0
ING001,2024-11-04,15800.0
ING001,2024-11-05,15770.0
ING001,2024-11-06,15830.0
ING001,2024-11-07,15850.0
ING001,2024-11-08,15810.0
ING001,2024-11-09,15800.0
ING001,2024-11-10,15770.0
ING001,2024-11-11,15720.0
ING001,2024-11-12,15760.0
ING001,2024-11-13,15840.0
ING001,2024-11-14,15780.0
ING001,2024-11-15,15810.0
ING001,2024-11-16,15780.0
ING001,2024-11-17,15770.0
ING001,2024-11-18,15750.0
ING001,2024-11-19,15720.0
ING001,2024-11-20,15730.0
ING001,2024-11-21,15700.0
ING001,2024-11-22,15720.0
ING001,2024-11-23,15720.0
ING001,2024-11-24,15720.0
ING001,2024-11-25,15690.0
ING001,2024-11-26,15680.0
ING001,2024-11-27,15710.0
ING001,2024-11-28,15740.0
ING001,2024-11-29,15710.0
ING001,2024-11-30,15720.0
ING001,2024-12-01,15750.0
ING001,2024-12-02,15700.0
ING001,2024-12-03,15730.0
ING001,2024-12-04,15710.0
ING001,2024-12-05,15740.0
ING001,2024-12-06,15710.0
ING001,2024-12-07,15650.0
ING001,2024-12-08,15600.0
ING001,2024-12-09,15620.0
ING001,2024-12-10,15640.0
ING001,2024-12-11,15620.0
ING001,2024-12-12,15650.0
ING001,2024-12-13,15600.0
ING001,2024-12-14,15610.0
ING001,2024-12-15,15580.0
ING001,2024-12-16,15570.0
ING001,2024-12-17,15590.0
ING001,2024-12-18,15570.0
ING001,2024-12-19,15570.0
ING001,2024-12-20,15630.0
ING001,2024-12-21,15620.0
ING001,2024-12-22,15660.0
ING001,2024-12-23,15630.0
ING001,2024-12-24,15660.0
ING001,2024-12-25,15730.0
ING001,2024-12-26,15650.0
ING001,2024-12-27,15630.0
ING001,2024-12-28,15660.0
ING001,2024-12-29,15670.0
ING001,2024-12-30,15690.0
ING001,2024-12-31,15680.0
ING001,2025-01-01,15700.0
ING001,2025-01-02,15700.0
ING001,2025-01-03,15750.0
ING001,2025-01-04,15770.0
ING001,2025-01-05,15790.0
ING001,2025-01-06,15780.0
ING001,2025-01-07,15770.0
ING001,2025-01-08,15760.0
ING001,2025-01-09,15780.0
ING001,2025-01-10,15770.0
ING001,2025-01-11,15790.0
ING001,2025-01-12,15880.0
ING001,2025-01-13,15910.0
ING001,2025-01-14,15900.0
ING001,2025-01-15,15950.0
ING001,2025-01-16,15930.0
ING001,2025-01-17,15850.0
ING001,2025-01-18,15820.0
ING001,2025-01-19,15760.0
ING001,2025-01-20,15750.0
ING001,2025-01-21,15760.0
ING001,2025-01-22,15830.0
ING001,2025-01-23,15850.0
ING001,2025-01-24,15850.0
ING001,2025-01-25,15880.0
ING001,2025-01-26,15800.0
ING001,2025-01-27,15820.0
ING001,2025-01-28,15850.0
ING001,2025-01-29,15800.0
ING001,2025-01-30,15850.0
ING001,2025-01-31,15870.0
ING001,2025-02-01,15860.0
ING001,2025-02-02,15890.0
ING001,2025-02-03,15980.0
ING001,2025-02-04,15980.0
ING001,2025-02-05,15990.0
ING001,2025-02-06,15970.0
ING001,2025-02-07,15940.0
ING001,2025-02-08,15970.0
ING001,2025-02-09,15940.0
ING001,2025-02-10,15950.0
ING001,2025-02-11,15930.0
ING001,2025-02-12,15950.0
ING001,2025-02-13,15960.0
ING001,2025-02-14,16000.0
ING001,2025-02-15,15980.0
ING001,2025-02-16,15970.0
ING001,2025-02-17,15940.0
ING001,2025-02-18,15920.0
ING001,2025-02-19,15940.0
ING001,2025-02-20,15970.0
ING001,2025-02-21,15940.0
ING001,2025-02-22,15970.0
ING001,2025-02-23,16020.0
ING001,2025-02-24,16040.0
ING001,2025-02-25,16100.0
ING001,2025-02-26,16070.0
ING001,2025-02-27,16020.0
ING001,2025-02-28,15950.0
ING001,2025-03-01,16010.0
ING001,2025-03-02,16040.0
ING001,2025-03-03,16030.0
ING001,2025-03-04,16040.0
ING001,2025-03-05,16000.0
ING001,2025-03-06,16090.0
ING001,2025-03-07,16090.0
ING001,2025-03-08,16090.0
ING001,2025-03-09,16110.0
ING001,2025-03-10,16130.0
ING001,2025-03-11,16130.0
ING001,2025-03-12,16090.0
ING001,2025-03-13,16110.0
ING001,2025-03-14,16170.0
ING001,2025-03-15,16220.0
ING001,2025-03-16,16270.0
ING001,2025-03-17,16240.0
ING001,2025-03-18,16190.0
ING001,2025-03-19,16180.0
ING001,2025-03-20,16170.0
ING001,2025-03-21,16210.0
ING001,2025-03-22,16130.0
ING001,2025-03-23,16190.0
ING001,2025-03-24,16170.0
ING001,2025-03-25,16150.0
ING001,2025-03-26,16110.0
ING001,2025-03-27,16040.0
ING001,2025-03-28,16070.0
ING001,2025-03-29,16070.0
ING001,2025-03-30,16020.0
ING001,2025-03-31,15980.0
ING001,2025-04-01,15970.0
ING001,2025-04-02,16040.0
ING001,2025-04-03,16030.0
ING001,2025-04-04,15970.0
ING001,2025-04-05,15970.0
ING001,2025-04-06,15960.0
ING001,2025-04-07,15870.0
ING001,2025-04-08,15870.0
ING001,2025-04-09,15870.0
ING001,2025-04-10,15910.0
ING001,2025-04-11,15990.0
ING001,2025-04-12,16030.0
ING001,2025-04-13,16030.0
ING001,2025-04-14,15990.0
ING001,2025-04-15,16090.0
ING001,2025-04-16,16090.0
ING001,2025-04-17,16090.0
ING001,2025-04-18,16090.0
ING001,2025-04-19,16090.0
ING001,2025-04-20,16090.0
ING001,2025-04-21,16070.0
ING001,2025-04-22,16050.0
ING001,2025-04-23,16050.0
ING001,2025-04-24,16030.0
ING001,2025-04-25,16010.0
ING001,2025-04-26,16010.0
ING001,2025-04-27,16010.0
ING001,2025-04-28,16070.0
ING001,2025-04-29,15970.0
ING001,2025-04-30,16020.0
ING001,2025-05-01,16070.0
ING001,2025-05-02,15990.0
ING001,2025-05-03,15990.0
ING001,2025-05-04,15980.0
ING001,2025-05-05,15930.0
ING001,2025-05-06,15910.0
ING001,2025-05-07,15880.0
ING001,2025-05-08,15960.0
ING001,2025-05-09,16000.0
ING001,2025-05-10,16050.0
ING001,2025-05-11,16080.0
ING001,2025-05-12,16040.0
ING001,2025-05-13,16030.0
ING001,2025-05-14,16050.0
ING001,2025-05-15,16010.0
ING001,2025-05-16,16040.0
ING001,2025-05-17,16040.0
ING001,2025-05-18,16030.0
ING001,2025-05-19,16060.0
ING001,2025-05-20,16080.0
ING001,2025-05-21,16070.0
ING001,2025-05-22,16120.0
ING001,2025-05-23,16080.0
ING001,2025-05-24,16100.0
ING001,2025-05-25,16130.0
ING001,2025-05-26,16120.0
ING001,2025-05-27,16130.0
ING001,2025-05-28,16080.0
ING001,2025-05-29,16120.0
ING001,2025-05-30,16120.0
ING001,2025-05-31,16100.0
ING001,2025-06-01,16140.0
ING001,2025-06-02,16110.0
ING001,2025-06-03,16060.0
ING001,2025-06-04,16010.0
ING001,2025-06-05,16040.0
ING001,2025-06-06,16000.0
ING001,2025-06-07,16070.0
ING001,2025-06-08,16000.0
ING001,2025-06-09,16070.0
ING001,2025-06-10,16080.0
ING001,2025-06-11,16080.0
ING001,2025-06-12,16070.0
ING001,2025-06-13,16090.0
ING001,2025-06-14,16090.0
ING001,2025-06-15,16140.0
ING001,2025-06-16,16140.0
ING001,2025-06-17,16150.0
ING001,2025-06-18,16140.0
ING001,2025-06-19,16140.0
ING001,2025-06-20,16150.0
ING001,2025-06-21,16090.0
ING001,2025-06-22,16040.0
ING001,2025-06-23,16080.0
ING001,2025-06-24,16090.0
ING001,2025-06-25,16090.0
ING001,2025-06-26,16090.0
ING001,2025-06-27,16110.0
ING001,2025-06-28,16100.0
ING001,2025-06-29,16070.0
ING001,2025-06-30,16090.0
ING001,2025-07-01,16060.0
ING001,2025-07-02,16080.0
ING001,2025-07-03,16020.0
ING001,2025-07-04,16070.0
ING001,2025-07-05,16090.0
ING001,2025-07-06,16110.0
ING001,2025-07-07,16150.0
ING001,2025-07-08,16220.0
ING001,2025-07-09,16250.0
ING001,2025-07-10,16180.0
ING001,2025-07-11,16140.0
ING001,2025-07-12,16120.0
ING001,2025-07-13,16120.0
ING001,2025-07-14,16150.0
ING001,2025-07-15,16120.0
ING001,2025-07-16,16140.0
ING001,2025-07-17,16110.0
ING001,2025-07-18,16100.0
ING001,2025-07-19,16050.0
ING001,2025-07-20,16020.0
ING001,2025-07-21,15980.0
ING001,2025-07-22,15960.0
ING001,2025-07-23,16010.0
ING001,2025-07-24,15990.0
ING001,2025-07-25,16100.0
ING001,2025-07-26,16130.0
ING001,2025-07-27,16140.0
ING001,2025-07-28,16110.0
ING001,2025-07-29,16150.0
ING001,2025-07-30,16130.0
ING001,2025-07-31,16140.0
ING001,2025-08-01,16240.0
ING001,2025-08-02,16240.0
ING001,2025-08-03,16280.0
ING001,2025-08-04,16250.0
ING001,2025-08-05,16250.0
ING001,2025-08-06,16320.0
ING001,2025-08-07,16290.0
ING001,2025-08-08,16360.0
ING001,2025-08-09,16380.0
ING001,2025-08-10,16360.0
ING001,2025-08-11,16370.0
ING001,2025-08-12,16410.0
ING001,2025-08-13,16420.0
ING001,2025-08-14,16360.0
ING001,2025-08-15,16330.0
ING001,2025-08-16,16310.0
ING001,2025-08-17,16310.0
ING001,2025-08-18,16330.0
ING001,2025-08-19,16330.0
ING001,2025-08-20,16280.0
ING001,2025-08-21,16300.0
ING001,2025-08-22,16320.0
ING001,2025-08-23,16340.0
ING001,2025-08-24,16380.0
ING001,2025-08-25,16400.0
ING001,2025-08-26,16420.0
ING001,2025-08-27,16410.0
ING001,2025-08-28,16340.0
ING001,2025-08-29,16350.0
ING001,2025-08-30,16360.0
ING001,2025-08-31,16370.0
ING001,2025-09-01,16310.0
ING001,2025-09-02,16270.0
ING001,2025-09-03,16310.0
ING001,2025-09-04,16310.0
ING001,2025-09-05,16340.0
ING001,2025-09-06,16340.0
ING001,2025-09-07,16340.0
ING001,2025-09-08,16370.0
ING001,2025-09-09,16350.0
ING001,2025-09-10,16350.0
ING001,2025-09-11,16330.0
ING001,2025-09-12,16320.0
ING001,2025-09-13,16300.0
ING001,2025-09-14,16310.0
ING001,2025-09-15,16300.0
ING001,2025-09-16,16350.0
ING001,2025-09-17,16310.0
ING001,2025-09-18,16310.0
ING001,2025-09-19,16290.0
ING001,2025-09-20,16350.0
ING001,2025-09-21,16350.0
ING001,2025-09-22,16390.0
ING001,2025-09-23,16330.0
ING001,2025-09-24,16340.0
ING001,2025-09-25,16380.0
ING001,2025-09-26,16380.0
ING001,2025-09-27,16420.0
ING001,2025-09-28,16390.0
ING001,2025-09-29,16440.0
ING001,2025-09-30,16530.0
ING001,2025-10-01,16500.0
ING001,2025-10-02,16480.0
ING001,2025-10-03,16530.0
ING001,2025-10-04,16580.0
ING001,2025-10-05,16550.0
ING001,2025-10-06,16520.0
ING001,2025-10-07,16500.0
ING001,2025-10-08,16450.0
ING001,2025-10-09,16410.0
ING001,2025-10-10,16370.0
ING001,2025-10-11,16340.0
ING001,2025-10-12,16340.0
ING001,2025-10-13,16350.0
ING001,2025-10-14,16410.0
ING001,2025-10-15,16370.0
ING001,2025-10-16,16410.0
ING001,2025-10-17,16400.0
ING001,2025-10-18,16400.0
ING001,2025-10-19,16420.0
ING001,2025-10-20,16380.0
ING001,2025-10-21,16390.0
ING001,2025-10-22,16400.0
ING001,2025-10-23,16420.0
ING001,2025-10-24,16430.0
ING001,2025-10-25,16520.0
ING001,2025-10-26,16490.0
ING001,2025-10-27,16460.0
ING001,2025-10-28,16430.0
ING001,2025-10-29,16410.0
ING001,2025-10-30,16390.0
ING001,2025-10-31,16430.0
ING001,2025-11-01,16480.0
ING001,2025-11-02,16460.0
ING001,2025-11-03,16430.0
ING001,2025-11-04,16440.0
ING001,2025-11-05,16420.0
ING001,2025-11-06,16440.0
ING001,2025-11-07,16450.0
ING001,2025-11-08,16390.0
ING001,2025-11-09,16450.0
ING001,2025-11-10,16520.0
ING001,2025-11-11,16490.0
ING001,2025-11-12,16470.0
ING001,2025-11-13,16480.0
ING001,2025-11-14,16490.0
ING001,2025-11-15,16510.0
ING001,2025-11-16,16580.0
ING001,2025-11-17,16570.0
ING001,2025-11-18,16530.0
ING001,2025-11-19,16470.0
ING001,2025-11-20,16440.0
ING001,2025-11-21,16440.0
ING001,2025-11-22,16510.0
ING001,2025-11-23,16490.0
ING001,2025-11-24,16490.0
ING001,2025-11-25,16490.0
ING001,2025-11-26,16530.0
ING001,2025-11-27,16620.0
ING001,2025-11-28,16590.0
ING001,2025-11-29,16570.0
ING001,2025-11-30,16600.0
ING001,2025-12-01,16620.0
ING001,2025-12-02,16680.0
ING001,2025-12-03,16690.0
ING001,2025-12-04,16670.0
ING001,2025-12-05,16680.0
ING001,2025-12-06,16710.0
ING001,2025-12-07,16730.0
ING001,2025-12-08,16730.0
ING001,2025-12-09,16760.0
ING001,2025-12-10,16790.0
ING001,2025-12-11,16830.0
ING001,2025-12-12,16830.0
ING001,2025-12-13,16810.0
ING001,2025-12-14,16800.0
ING001,2025-12-15,16830.0
ING001,2025-12-16,16780.0
ING001,2025-12-17,16780.0
ING001,2025-12-18,16750.0
ING001,2025-12-19,16730.0
ING001,2025-12-20,16770.0
ING001,2025-12-21,16760.0
ING001,2025-12-22,16750.0
ING001,2025-12-23,16690.0
ING001,2025-12-24,16710.0
ING001,2025-12-25,16720.0
ING001,2025-12-26,16790.0
ING001,2025-12-27,16760.0
ING001,2025-12-28,16760.0
ING001,2025-12-29,16750.0
ING001,2025-12-30,16800.0
ING001,2025-12-31,16780.0
ING001,2026-01-01,16780.0
ING001,2026-01-02,16790.0
ING001,2026-01-03,16780.0
ING001,2026-01-04,16750.0
ING001,2026-01-05,16750.0
ING001,2026-01-06,16770.0
ING001,2026-01-07,16720.0
ING001,2026-01-08,16720.0
ING001,2026-01-09,16680.0
ING001,2026-01-10,16720.0
ING001,2026-01-11,16650.0
ING001,2026-01-12,16620.0
ING001,2026-01-13,16630.0
ING001,2026-01-14,16690.0
ING001,2026-01-15,16680.0
ING001,2026-01-16,16650.0
ING001,2026-01-17,16710.0
ING001,2026-01-18,16650.0
ING001,2026-01-19,16560.0
ING001,2026-01-20,16580.0
ING001,2026-01-21,16560.0
ING001,2026-01-22,16520.0
ING001,2026-01-23,16540.0
ING001,2026-01-24,16550.0
ING001,2026-01-25,16530.0
ING001,2026-01-26,16480.0
ING001,2026-01-27,16520.0
ING001,2026-01-28,16550.0
ING001,2026-01-29,16540.0
ING001,2026-01-30,16610.0
ING001,2026-01-31,16570.0
ING001,2026-02-01,16510.0
ING001,2026-02-02,16490.0
ING001,2026-02-03,16490.0
ING001,2026-02-04,16500.0
ING001,2026-02-05,16500.0
ING001,2026-02-06,16510.0
ING001,2026-02-07,16470.0
ING001,2026-02-08,16530.0
ING001,2026-02-09,16530.0
ING001,2026-02-10,16570.0
ING001,2026-02-11,16580.0
ING001,2026-02-12,16600.0
ING001,2026-02-13,16620.0
ING001,2026-02-14,16630.0
ING001,2026-02-15,16660.0
ING001,2026-02-16,16700.0
ING001,2026-02-17,16700.0
ING001,2026-02-18,16720.0
ING001,2026-02-19,16710.0
ING001,2026-02-20,16760.0
ING001,2026-02-21,16730.0
ING001,2026-02-22,16790.0
ING001,2026-02-23,16780.0
ING001,2026-02-24,16710.0
ING001,2026-02-25,16710.0
ING001,2026-02-26,16680.0
ING001,2026-02-27,16710.0
ING001,2026-02-28,16680.0
ING001,2026-03-01,16660.0
ING001,2026-03-02,16580.0
ING001,2026-03-03,16570.0
ING001,2026-03-04,16480.0
ING001,2026-03-05,16430.0
ING001,2026-03-06,16460.0
ING001,2026-03-07,16500.0
ING001,2026-03-08,16520.0
ING001,2026-03-09,16490.0
ING001,2026-03-10,16500.0
ING001,2026-03-11,16500.0
ING001,2026-03-12,16460.0
ING001,2026-03-13,16530.0
ING001,2026-03-14,16570.0
ING001,2026-03-15,16560.0
ING001,2026-03-16,16560.0
ING001,2026-03-17,16580.0
ING001,2026-03-18,16500.0
ING001,2026-03-19,16500.0
ING001,2026-03-20,16480.0
ING001,2026-03-21,16450.0
ING001,2026-03-22,16450.0
ING001,2026-03-23,16530.0
ING001,2026-03-24,16560.0
ING001,2026-03-25,16540.0
ING001,2026-03-26,16560.0
ING001,2026-03-27,16620.0
ING001,2026-03-28,16660.0
ING001,2026-03-29,16660.0
ING001,2026-03-30,16630.0
ING001,2026-03-31,16660.0
ING001,2026-04-01,16680.0
ING001,2026-04-02,16710.0
ING001,2026-04-03,16730.0
ING001,2026-04-04,16760.0
ING001,2026-04-05,16740.0
ING001,2026-04-06,16780.0
ING001,2026-04-07,16790.0
ING001,2026-04-08,16860.0
ING001,2026-04-09,16820.0
ING001,2026-04-10,16880.0
ING001,2026-04-11,16880.0
ING001,2026-04-12,16840.0
ING001,2026-04-13,16820.0
ING001,2026-04-14,16800.0
ING001,2026-04-15,16810.0
ING001,2026-04-16,16820.0
ING001,2026-04-17,16790.0
ING001,2026-04-18,16780.0
ING001,2026-04-19,16860.0
ING001,2026-04-20,16920.0
ING001,2026-04-21,16920.0
ING001,2026-04-22,16910.0
ING001,2026-04-23,16900.0
ING001,2026-04-24,16920.0
ING001,2026-04-25,16870.0
ING001,2026-04-26,16850.0
ING001,2026-04-27,16780.0
ING001,2026-04-28,16790.0
ING001,2026-04-29,16810.0
ING001,2026-04-30,16780.0
ING001,2026-05-01,16840.0
ING001,2026-05-02,16790.0
ING001,2026-05-03,16730.0
ING001,2026-05-04,16740.0
ING001,2026-05-05,16770.0
ING001,2026-05-06,16830.0
ING001,2026-05-07,16810.0
ING001,2026-05-08,16850.0
ING001,2026-05-09,16840.0
ING001,2026-05-10,16820.0
ING001,2026-05-11,16850.0
ING001,2026-05-12,16870.0
ING001,2026-05-13,16800.0
ING001,2026-05-14,16860.0
ING001,2026-05-15,16900.0
ING001,2026-05-16,16870.0
ING001,2026-05-17,16880.0
ING001,2026-05-18,16890.0
ING001,2026-05-19,16890.0
ING001,2026-05-20,16860.0
ING001,2026-05-21,16830.0
ING001,2026-05-22,16820.0
ING001,2026-05-23,16860.0
ING001,2026-05-24,16880.0
ING001,2026-05-25,16860.0
ING001,2026-05-26,16880.0
ING001,2026-05-27,16770.0
ING001,2026-05-28,16810.0
ING001,2026-05-29,16740.0
ING001,2026-05-30,16730.0
ING001,2026-05-31,16690.0
ING001,2026-06-01,16640.0
ING001,2026-06-02,16690.0
ING001,2026-06-03,16680.0
ING001,2026-06-04,16690.0
ING001,2026-06-05,16690.0
ING001,2026-06-06,16720.0
ING001,2026-06-07,16720.0
ING001,2026-06-08,16670.0
ING001,2026-06-09,16720.0
ING001,2026-06-10,16700.0
ING001,2026-06-11,16650.0
ING001,2026-06-12,16640.0
ING001,2026-06-13,16700.0
ING001,2026-06-14,16730.0
ING001,2026-06-15,16720.0
ING001,2026-06-16,16710.0
ING001,2026-06-17,16700.0
ING001,2026-06-18,16790.0
ING001,2026-06-19,16800.0
ING001,2026-06-20,16820.0
ING001,2026-06-21,16850.0
ING001,2026-06-22,16860.0
ING001,2026-06-23,16850.0
ING001,2026-06-24,16830.0
ING001,2026-06-25,16830.0
ING001,2026-06-26,16830.0
ING001,2026-06-27,16850.0
ING001,2026-06-28,16850.0
ING001,2026-06-29,16880.0
ING001,2026-06-30,16870.0
ING002,2023-07-01,145070.0
ING002,2023-07-02,143330.0
ING002,2023-07-03,144210.0
ING002,2023-07-04,144550.0
ING002,2023-07-05,145450.0
ING002,2023-07-06,142910.0
ING002,2023-07-07,144840.0
ING002,2023-07-08,144730.0
ING002,2023-07-09,145710.0
ING002,2023-07-10,144780.0
ING002,2023-07-11,145330.0
ING002,2023-07-12,144410.0
ING002,2023-07-13,143900.0
ING002,2023-07-14,145630.0
ING002,2023-07-15,145450.0
ING002,2023-07-16,145630.0
ING002,2023-07-17,146360.0
ING002,2023-07-18,146740.0
ING002,2023-07-19,146800.0
ING002,2023-07-20,147040.0
ING002,2023-07-21,149050.0
ING002,2023-07-22,148810.0
ING002,2023-07-23,148810.0
ING002,2023-07-24,149550.0
ING002,2023-07-25,150310.0
ING002,2023-07-26,151090.0
ING002,2023-07-27,151370.0
ING002,2023-07-28,150070.0
ING002,2023-07-29,151260.0
ING002,2023-07-30,149980.0
ING002,2023-07-31,150020.0
ING002,2023-08-01,149130.0
ING002,2023-08-02,148900.0
ING002,2023-08-03,149010.0
ING002,2023-08-04,149120.0
ING002,2023-08-05,149310.0
ING002,2023-08-06,150530.0
ING002,2023-08-07,150670.0
ING002,2023-08-08,150210.0
ING002,2023-08-09,150820.0
ING002,2023-08-10,151590.0
ING002,2023-08-11,150230.0
ING002,2023-08-12,150520.0
ING002,2023-08-13,150890.0
ING002,2023-08-14,150370.0
ING002,2023-08-15,151330.0
ING002,2023-08-16,150920.0
ING002,2023-08-17,150770.0
ING002,2023-08-18,150370.0
ING002,2023-08-19,150160.0
ING002,2023-08-20,148980.0
ING002,2023-08-21,147570.0
ING002,2023-08-22,148870.0
ING002,2023-08-23,147980.0
ING002,2023-08-24,147020.0
ING002,2023-08-25,145080.0
ING002,2023-08-26,144570.0
ING002,2023-08-27,143480.0
ING002,2023-08-28,145040.0
ING002,2023-08-29,145960.0
ING002,2023-08-30,145360.0
ING002,2023-08-31,147350.0
ING002,2023-09-01,148140.0
ING002,2023-09-02,147750.0
ING002,2023-09-03,145490.0
ING002,2023-09-04,147510.0
ING002,2023-09-05,146220.0
ING002,2023-09-06,144780.0
ING002,2023-09-07,145740.0
ING002,2023-09-08,147880.0
ING002,2023-09-09,149000.0
ING002,2023-09-10,149340.0
ING002,2023-09-11,149700.0
ING002,2023-09-12,150270.0
ING002,2023-09-13,150720.0
ING002,2023-09-14,150740.0
ING002,2023-09-15,150600.0
ING002,2023-09-16,150330.0
ING002,2023-09-17,149470.0
ING002,2023-09-18,149060.0
ING002,2023-09-19,147450.0
ING002,2023-09-20,147310.0
ING002,2023-09-21,146400.0
ING002,2023-09-22,145430.0
ING002,2023-09-23,145640.0
ING002,2023-09-24,146880.0
ING002,2023-09-25,147660.0
ING002,2023-09-26,146230.0
ING002,2023-09-27,145370.0
ING002,2023-09-28,146240.0
ING002,2023-09-29,145400.0
ING002,2023-09-30,145260.0
ING002,2023-10-01,145790.0
ING002,2023-10-02,144990.0
ING002,2023-10-03,145150.0
ING002,2023-10-04,144060.0
ING002,2023-10-05,143660.0
ING002,2023-10-06,144080.0
ING002,2023-10-07,142820.0
ING002,2023-10-08,143390.0
ING002,2023-10-09,143530.0
ING002,2023-10-10,144170.0
ING002,2023-10-11,144490.0
ING002,2023-10-12,145780.0
ING002,2023-10-13,145930.0
ING002,2023-10-14,145600.0
ING002,2023-10-15,145760.0
ING002,2023-10-16,146280.0
ING002,2023-10-17,146340.0
ING002,2023-10-18,146400.0
ING002,2023-10-19,145800.0
ING002,2023-10-20,145270.0
ING002,2023-10-21,144130.0
ING002,2023-10-22,145780.0
ING002,2023-10-23,144750.0
ING002,2023-10-24,144250.0
ING002,2023-10-25,143760.0
ING002,2023-10-26,144690.0
ING002,2023-10-27,144550.0
ING002,2023-10-28,145750.0
ING002,2023-10-29,145220.0
ING002,2023-10-30,145550.0
ING002,2023-10-31,144890.0
ING002,2023-11-01,146860.0
ING002,2023-11-02,145830.0
ING002,2023-11-03,146160.0
ING002,2023-11-04,146750.0
ING002,2023-11-05,147130.0
ING002,2023-11-06,146960.0
ING002,2023-11-07,146850.0
ING002,2023-11-08,146900.0
ING002,2023-11-09,146780.0
ING002,2023-11-10,147640.0
ING002,2023-11-11,149530.0
ING002,2023-11-12,148930.0
ING002,2023-11-13,147650.0
ING002,2023-11-14,147550.0
ING002,2023-11-15,149770.0
ING002,2023-11-16,148940.0
ING002,2023-11-17,150280.0
ING002,2023-11-18,151590.0
ING002,2023-11-19,150890.0
ING002,2023-11-20,151200.0
ING002,2023-11-21,152420.0
ING002,2023-11-22,151840.0
ING002,2023-11-23,151430.0
ING002,2023-11-24,150720.0
ING002,2023-11-25,149670.0
ING002,2023-11-26,148990.0
ING002,2023-11-27,147840.0
ING002,2023-11-28,147850.0
ING002,2023-11-29,147160.0
ING002,2023-11-30,147370.0
ING002,2023-12-01,146020.0
ING002,2023-12-02,146380.0
ING002,2023-12-03,147160.0
ING002,2023-12-04,145440.0
ING002,2023-12-05,145870.0
ING002,2023-12-06,147020.0
ING002,2023-12-07,145990.0
ING002,2023-12-08,147530.0
ING002,2023-12-09,147890.0
ING002,2023-12-10,147260.0
ING002,2023-12-11,147230.0
ING002,2023-12-12,147740.0
ING002,2023-12-13,147800.0
ING002,2023-12-14,148260.0
ING002,2023-12-15,147430.0
ING002,2023-12-16,147590.0
ING002,2023-12-17,146360.0
ING002,2023-12-18,146330.0
ING002,2023-12-19,145610.0
ING002,2023-12-20,145080.0
ING002,2023-12-21,146290.0
ING002,2023-12-22,147310.0
ING002,2023-12-23,147870.0
ING002,2023-12-24,146910.0
ING002,2023-12-25,146680.0
ING002,2023-12-26,147790.0
ING002,2023-12-27,147920.0
ING002,2023-12-28,149930.0
ING002,2023-12-29,150170.0
ING002,2023-12-30,150230.0
ING002,2023-12-31,149840.0
ING002,2024-01-01,149860.0
ING002,2024-01-02,149630.0
ING002,2024-01-03,150170.0
ING002,2024-01-04,150890.0
ING002,2024-01-05,150060.0
ING002,2024-01-06,148800.0
ING002,2024-01-07,147160.0
ING002,2024-01-08,147650.0
ING002,2024-01-09,146710.0
ING002,2024-01-10,144900.0
ING002,2024-01-11,145400.0
ING002,2024-01-12,147700.0
ING002,2024-01-13,147720.0
ING002,2024-01-14,148470.0
ING002,2024-01-15,148520.0
ING002,2024-01-16,148420.0
ING002,2024-01-17,149210.0
ING002,2024-01-18,148900.0
ING002,2024-01-19,149100.0
ING002,2024-01-20,149340.0
ING002,2024-01-21,148700.0
ING002,2024-01-22,149540.0
ING002,2024-01-23,149330.0
ING002,2024-01-24,148620.0
ING002,2024-01-25,149070.0
ING002,2024-01-26,148250.0
ING002,2024-01-27,148280.0
ING002,2024-01-28,148270.0
ING002,2024-01-29,149220.0
ING002,2024-01-30,149600.0
ING002,2024-01-31,149510.0
ING002,2024-02-01,150170.0
ING002,2024-02-02,151290.0
ING002,2024-02-03,151640.0
ING002,2024-02-04,151490.0
ING002,2024-02-05,150190.0
ING002,2024-02-06,149180.0
ING002,2024-02-07,148880.0
ING002,2024-02-08,148340.0
ING002,2024-02-09,148180.0
ING002,2024-02-10,148250.0
ING002,2024-02-11,148730.0
ING002,2024-02-12,148660.0
ING002,2024-02-13,149080.0
ING002,2024-02-14,149110.0
ING002,2024-02-15,147370.0
ING002,2024-02-16,146620.0
ING002,2024-02-17,146600.0
ING002,2024-02-18,145650.0
ING002,2024-02-19,146320.0
ING002,2024-02-20,147770.0
ING002,2024-02-21,148880.0
ING002,2024-02-22,148690.0
ING002,2024-02-23,149990.0
ING002,2024-02-24,150060.0
ING002,2024-02-25,149700.0
ING002,2024-02-26,149130.0
ING002,2024-02-27,148850.0
ING002,2024-02-28,148510.0
ING002,2024-02-29,148680.0
ING002,2024-03-01,148830.0
ING002,2024-03-02,148830.0
ING002,2024-03-03,149220.0
ING002,2024-03-04,150240.0
ING002,2024-03-05,151000.0
ING002,2024-03-06,149600.0
ING002,2024-03-07,147350.0
ING002,2024-03-08,148250.0
ING002,2024-03-09,147090.0
ING002,2024-03-10,146990.0
ING002,2024-03-11,146080.0
ING002,2024-03-12,144660.0
ING002,2024-03-13,145350.0
ING002,2024-03-14,146200.0
ING002,2024-03-15,145840.0
ING002,2024-03-16,143750.0
ING002,2024-03-17,143550.0
ING002,2024-03-18,144170.0
ING002,2024-03-19,143130.0
ING002,2024-03-20,143590.0
ING002,2024-03-21,143860.0
ING002,2024-03-22,144630.0
ING002,2024-03-23,144960.0
ING002,2024-03-24,144330.0
ING002,2024-03-25,145620.0
ING002,2024-03-26,145660.0
ING002,2024-03-27,145820.0
ING002,2024-03-28,145180.0
ING002,2024-03-29,145000.0
ING002,2024-03-30,144450.0
ING002,2024-03-31,144550.0
ING002,2024-04-01,146280.0
ING002,2024-04-02,145240.0
ING002,2024-04-03,144040.0
ING002,2024-04-04,145590.0
ING002,2024-04-05,145600.0
ING002,2024-04-06,145210.0
ING002,2024-04-07,146330.0
ING002,2024-04-08,145960.0
ING002,2024-04-09,147730.0
ING002,2024-04-10,148400.0
ING002,2024-04-11,148040.0
ING002,2024-04-12,149990.0
ING002,2024-04-13,149440.0
ING002,2024-04-14,150090.0
ING002,2024-04-15,150330.0
ING002,2024-04-16,151420.0
ING002,2024-04-17,152690.0
ING002,2024-04-18,152570.0
ING002,2024-04-19,151770.0
ING002,2024-04-20,152060.0
ING002,2024-04-21,151350.0
ING002,2024-04-22,153020.0
ING002,2024-04-23,152980.0
ING002,2024-04-24,152500.0
ING002,2024-04-25,152520.0
ING002,2024-04-26,151210.0
ING002,2024-04-27,150290.0
ING002,2024-04-28,151310.0
ING002,2024-04-29,150670.0
ING002,2024-04-30,149710.0
ING002,2024-05-01,150190.0
ING002,2024-05-02,151200.0
ING002,2024-05-03,151760.0
ING002,2024-05-04,152540.0
ING002,2024-05-05,151750.0
ING002,2024-05-06,150420.0
ING002,2024-05-07,151700.0
ING002,2024-05-08,151330.0
ING002,2024-05-09,151050.0
ING002,2024-05-10,152150.0
ING002,2024-05-11,152530.0
ING002,2024-05-12,152800.0
ING002,2024-05-13,154540.0
ING002,2024-05-14,153760.0
ING002,2024-05-15,154380.0
ING002,2024-05-16,154220.0
ING002,2024-05-17,154240.0
ING002,2024-05-18,155370.0
ING002,2024-05-19,155550.0
ING002,2024-05-20,155750.0
ING002,2024-05-21,156400.0
ING002,2024-05-22,155770.0
ING002,2024-05-23,154760.0
ING002,2024-05-24,153630.0
ING002,2024-05-25,151750.0
ING002,2024-05-26,153460.0
ING002,2024-05-27,152340.0
ING002,2024-05-28,152040.0
ING002,2024-05-29,151720.0
ING002,2024-05-30,151910.0
ING002,2024-05-31,152540.0
ING002,2024-06-01,153180.0
ING002,2024-06-02,152530.0
ING002,2024-06-03,152280.0
ING002,2024-06-04,152430.0
ING002,2024-06-05,152110.0
ING002,2024-06-06,153430.0
ING002,2024-06-07,153700.0
ING002,2024-06-08,154180.0
ING002,2024-06-09,154570.0
ING002,2024-06-10,155390.0
ING002,2024-06-11,155300.0
ING002,2024-06-12,153930.0
ING002,2024-06-13,154110.0
ING002,2024-06-14,153370.0
ING002,2024-06-15,152770.0
ING002,2024-06-16,153170.0
ING002,2024-06-17,154120.0
ING002,2024-06-18,153960.0
ING002,2024-06-19,154060.0
ING002,2024-06-20,155370.0
ING002,2024-06-21,155340.0
ING002,2024-06-22,157370.0
ING002,2024-06-23,157530.0
ING002,2024-06-24,155660.0
ING002,2024-06-25,156070.0
ING002,2024-06-26,156130.0
ING002,2024-06-27,156990.0
ING002,2024-06-28,157260.0
ING002,2024-06-29,156820.0
ING002,2024-06-30,155450.0
ING002,2024-07-01,155040.0
ING002,2024-07-02,154090.0
ING002,2024-07-03,153420.0
ING002,2024-07-04,153800.0
ING002,2024-07-05,155110.0
ING002,2024-07-06,155240.0
ING002,2024-07-07,153990.0
ING002,2024-07-08,154220.0
ING002,2024-07-09,155100.0
ING002,2024-07-10,154360.0
ING002,2024-07-11,154070.0
ING002,2024-07-12,153930.0
ING002,2024-07-13,153100.0
ING002,2024-07-14,153560.0
ING002,2024-07-15,153330.0
ING002,2024-07-16,153580.0
ING002,2024-07-17,152680.0
ING002,2024-07-18,152220.0
ING002,2024-07-19,152800.0
ING002,2024-07-20,152390.0
ING002,2024-07-21,153830.0
ING002,2024-07-22,153350.0
ING002,2024-07-23,153430.0
ING002,2024-07-24,154130.0
ING002,2024-07-25,152750.0
ING002,2024-07-26,151140.0
ING002,2024-07-27,149820.0
ING002,2024-07-28,150990.0
ING002,2024-07-29,150520.0
ING002,2024-07-30,152790.0
ING002,2024-07-31,152220.0
ING002,2024-08-01,152340.0
ING002,2024-08-02,153630.0
ING002,2024-08-03,155260.0
ING002,2024-08-04,156860.0
ING002,2024-08-05,157630.0
ING002,2024-08-06,158210.0
ING002,2024-08-07,158390.0
ING002,2024-08-08,158720.0
ING002,2024-08-09,157870.0
ING002,2024-08-10,156840.0
ING002,2024-08-11,156570.0
ING002,2024-08-12,156170.0
ING002,2024-08-13,155540.0
ING002,2024-08-14,155940.0
ING002,2024-08-15,156550.0
ING002,2024-08-16,156380.0
ING002,2024-08-17,157420.0
ING002,2024-08-18,156140.0
ING002,2024-08-19,155740.0
ING002,2024-08-20,154910.0
ING002,2024-08-21,153120.0
ING002,2024-08-22,152980.0
ING002,2024-08-23,152810.0
ING002,2024-08-24,154070.0
ING002,2024-08-25,154500.0
ING002,2024-08-26,153470.0
ING002,2024-08-27,154990.0
ING002,2024-08-28,155890.0
ING002,2024-08-29,156190.0
ING002,2024-08-30,155770.0
ING002,2024-08-31,154740.0
ING002,2024-09-01,154270.0
ING002,2024-09-02,155090.0
ING002,2024-09-03,156570.0
ING002,2024-09-04,157680.0
ING002,2024-09-05,156960.0
ING002,2024-09-06,155730.0
ING002,2024-09-07,155660.0
ING002,2024-09-08,153940.0
ING002,2024-09-09,154120.0
ING002,2024-09-10,153880.0
ING002,2024-09-11,153380.0
ING002,2024-09-12,151920.0
ING002,2024-09-13,152370.0
ING002,2024-09-14,151890.0
ING002,2024-09-15,150880.0
ING002,2024-09-16,148440.0
ING002,2024-09-17,148590.0
ING002,2024-09-18,150310.0
ING002,2024-09-19,151840.0
ING002,2024-09-20,151460.0
ING002,2024-09-21,150970.0
ING002,2024-09-22,151440.0
ING002,2024-09-23,150600.0
ING002,2024-09-24,150940.0
ING002,2024-09-25,151670.0
ING002,2024-09-26,152770.0
ING002,2024-09-27,152650.0
ING002,2024-09-28,152450.0
ING002,2024-09-29,151680.0
ING002,2024-09-30,150990.0
ING002,2024-10-01,150860.0
ING002,2024-10-02,151250.0
ING002,2024-10-03,152090.0
ING002,2024-10-04,151410.0
ING002,2024-10-05,152750.0
ING002,2024-10-06,152500.0
ING002,2024-10-07,152470.0
ING002,2024-10-08,151820.0
ING002,2024-10-09,149740.0
ING002,2024-10-10,150640.0
ING002,2024-10-11,151370.0
ING002,2024-10-12,151180.0
ING002,2024-10-13,151300.0
ING002,2024-10-14,151810.0
ING002,2024-10-15,150490.0
ING002,2024-10-16,150130.0
ING002,2024-10-17,150940.0
ING002,2024-10-18,149930.0
ING002,2024-10-19,150320.0
ING002,2024-10-20,149250.0
ING002,2024-10-21,149820.0
ING002,2024-10-22,149930.0
ING002,2024-10-23,148660.0
ING002,2024-10-24,149870.0
ING002,2024-10-25,149370.0
ING002,2024-10-26,148830.0
ING002,2024-10-27,149200.0
ING002,2024-10-28,150380.0
ING002,2024-10-29,149610.0
ING002,2024-10-30,149820.0
ING002,2024-10-31,150340.0
ING002,2024-11-01,151060.0
ING002,2024-11-02,151300.0
ING002,2024-11-03,151060.0
ING002,2024-11-04,150430.0
ING002,2024-11-05,150620.0
ING002,2024-11-06,149800.0
ING002,2024-11-07,147410.0
ING002,2024-11-08,148070.0
ING002,2024-11-09,149090.0
ING002,2024-11-10,147230.0
ING002,2024-11-11,146640.0
ING002,2024-11-12,147490.0
ING002,2024-11-13,149550.0
ING002,2024-11-14,149740.0
ING002,2024-11-15,149270.0
ING002,2024-11-16,149300.0
ING002,2024-11-17,150680.0
ING002,2024-11-18,150240.0
ING002,2024-11-19,149680.0
ING002,2024-11-20,149430.0
ING002,2024-11-21,148790.0
ING002,2024-11-22,149110.0
ING002,2024-11-23,150720.0
ING002,2024-11-24,151120.0
ING002,2024-11-25,151010.0
ING002,2024-11-26,150860.0
ING002,2024-11-27,149620.0
ING002,2024-11-28,150560.0
ING002,2024-11-29,150630.0
ING002,2024-11-30,150600.0
ING002,2024-12-01,153510.0
ING002,2024-12-02,153760.0
ING002,2024-12-03,153080.0
ING002,2024-12-04,152720.0
ING002,2024-12-05,153750.0
ING002,2024-12-06,153830.0
ING002,2024-12-07,152550.0
ING002,2024-12-08,153390.0
ING002,2024-12-09,152810.0
ING002,2024-12-10,154470.0
ING002,2024-12-11,155360.0
ING002,2024-12-12,154870.0
ING002,2024-12-13,155910.0
ING002,2024-12-14,155850.0
ING002,2024-12-15,156470.0
ING002,2024-12-16,156740.0
ING002,2024-12-17,155850.0
ING002,2024-12-18,155170.0
ING002,2024-12-19,155980.0
ING002,2024-12-20,155570.0
ING002,2024-12-21,155120.0
ING002,2024-12-22,154210.0
ING002,2024-12-23,154550.0
ING002,2024-12-24,156300.0
ING002,2024-12-25,155230.0
ING002,2024-12-26,155180.0
ING002,2024-12-27,156330.0
ING002,2024-12-28,156130.0
ING002,2024-12-29,156400.0
ING002,2024-12-30,155340.0
ING002,2024-12-31,155630.0
ING002,2025-01-01,155370.0
ING002,2025-01-02,156150.0
ING002,2025-01-03,157060.0
ING002,2025-01-04,159150.0
ING002,2025-01-05,159390.0
ING002,2025-01-06,159400.0
ING002,2025-01-07,159290.0
ING002,2025-01-08,158710.0
ING002,2025-01-09,158760.0
ING002,2025-01-10,158260.0
ING002,2025-01-11,158190.0
ING002,2025-01-12,159120.0
ING002,2025-01-13,157990.0
ING002,2025-01-14,158770.0
ING002,2025-01-15,159680.0
ING002,2025-01-16,159290.0
ING002,2025-01-17,157180.0
ING002,2025-01-18,156490.0
ING002,2025-01-19,157500.0
ING002,2025-01-20,157310.0
ING002,2025-01-21,156270.0
ING002,2025-01-22,155730.0
ING002,2025-01-23,156370.0
ING002,2025-01-24,156740.0
ING002,2025-01-25,156400.0
ING002,2025-01-26,155970.0
ING002,2025-01-27,155530.0
ING002,2025-01-28,154660.0
ING002,2025-01-29,156050.0
ING002,2025-01-30,155670.0
ING002,2025-01-31,156660.0
ING002,2025-02-01,157860.0
ING002,2025-02-02,158550.0
ING002,2025-02-03,157960.0
ING002,2025-02-04,158130.0
ING002,2025-02-05,157910.0
ING002,2025-02-06,156950.0
ING002,2025-02-07,157100.0
ING002,2025-02-08,155940.0
ING002,2025-02-09,156890.0
ING002,2025-02-10,156360.0
ING002,2025-02-11,156440.0
ING002,2025-02-12,156580.0
ING002,2025-02-13,156250.0
ING002,2025-02-14,156670.0
ING002,2025-02-15,156140.0
ING002,2025-02-16,156820.0
ING002,2025-02-17,155530.0
ING002,2025-02-18,155590.0
ING002,2025-02-19,157220.0
ING002,2025-02-20,156220.0
ING002,2025-02-21,155550.0
ING002,2025-02-22,155940.0
ING002,2025-02-23,156030.0
ING002,2025-02-24,156260.0
ING002,2025-02-25,156610.0
ING002,2025-02-26,157060.0
ING002,2025-02-27,157910.0
ING002,2025-02-28,158100.0
ING002,2025-03-01,157720.0
ING002,2025-03-02,158150.0
ING002,2025-03-03,159630.0
ING002,2025-03-04,159270.0
ING002,2025-03-05,158200.0
ING002,2025-03-06,158990.0
ING002,2025-03-07,158670.0
ING002,2025-03-08,156590.0
ING002,2025-03-09,157240.0
ING002,2025-03-10,156650.0
ING002,2025-03-11,156480.0
ING002,2025-03-12,156690.0
ING002,2025-03-13,156760.0
ING002,2025-03-14,157290.0
ING002,2025-03-15,156790.0
ING002,2025-03-16,163920.0
ING002,2025-03-17,170300.0
ING002,2025-03-18,177560.0
ING002,2025-03-19,184590.0
ING002,2025-03-20,189820.0
ING002,2025-03-21,197040.0
ING002,2025-03-22,202210.0
ING002,2025-03-23,208640.0
ING002,2025-03-24,214250.0
ING002,2025-03-25,221280.0
ING002,2025-03-26,225370.0
ING002,2025-03-27,228910.0
ING002,2025-03-28,232440.0
ING002,2025-03-29,235150.0
ING002,2025-03-30,238860.0
ING002,2025-03-31,238840.0
ING002,2025-04-01,239140.0
ING002,2025-04-02,238970.0
ING002,2025-04-03,241060.0
ING002,2025-04-04,243600.0
ING002,2025-04-05,243040.0
ING002,2025-04-06,241890.0
ING002,2025-04-07,240550.0
ING002,2025-04-08,240140.0
ING002,2025-04-09,236390.0
ING002,2025-04-10,233750.0
ING002,2025-04-11,231580.0
ING002,2025-04-12,228260.0
ING002,2025-04-13,224080.0
ING002,2025-04-14,220480.0
ING002,2025-04-15,212030.0
ING002,2025-04-16,207450.0
ING002,2025-04-17,201010.0
ING002,2025-04-18,193090.0
ING002,2025-04-19,187620.0
ING002,2025-04-20,182770.0
ING002,2025-04-21,176100.0
ING002,2025-04-22,170360.0
ING002,2025-04-23,165030.0
ING002,2025-04-24,159210.0
ING002,2025-04-25,160450.0
ING002,2025-04-26,160860.0
ING002,2025-04-27,160660.0
ING002,2025-04-28,159010.0
ING002,2025-04-29,158630.0
ING002,2025-04-30,157740.0
ING002,2025-05-01,159530.0
ING002,2025-05-02,159180.0
ING002,2025-05-03,159110.0
ING002,2025-05-04,159420.0
ING002,2025-05-05,159270.0
ING002,2025-05-06,160570.0
ING002,2025-05-07,159790.0
ING002,2025-05-08,159760.0
ING002,2025-05-09,158910.0
ING002,2025-05-10,157610.0
ING002,2025-05-11,156980.0
ING002,2025-05-12,156890.0
ING002,2025-05-13,156470.0
ING002,2025-05-14,155830.0
ING002,2025-05-15,154610.0
ING002,2025-05-16,154600.0
ING002,2025-05-17,153360.0
ING002,2025-05-18,154150.0
ING002,2025-05-19,154310.0
ING002,2025-05-20,153120.0
ING002,2025-05-21,153000.0
ING002,2025-05-22,152490.0
ING002,2025-05-23,152940.0
ING002,2025-05-24,154260.0
ING002,2025-05-25,152720.0
ING002,2025-05-26,152990.0
ING002,2025-05-27,153000.0
ING002,2025-05-28,153740.0
ING002,2025-05-29,154040.0
ING002,2025-05-30,153490.0
ING002,2025-05-31,153350.0
ING002,2025-06-01,152790.0
ING002,2025-06-02,153900.0
ING002,2025-06-03,154030.0
ING002,2025-06-04,155790.0
ING002,2025-06-05,155760.0
ING002,2025-06-06,155170.0
ING002,2025-06-07,153900.0
ING002,2025-06-08,152450.0
ING002,2025-06-09,151260.0
ING002,2025-06-10,151750.0
ING002,2025-06-11,152420.0
ING002,2025-06-12,151240.0
ING002,2025-06-13,152270.0
ING002,2025-06-14,152050.0
ING002,2025-06-15,152400.0
ING002,2025-06-16,154000.0
ING002,2025-06-17,154900.0
ING002,2025-06-18,154740.0
ING002,2025-06-19,154050.0
ING002,2025-06-20,152300.0
ING002,2025-06-21,151880.0
ING002,2025-06-22,151920.0
ING002,2025-06-23,151290.0
ING002,2025-06-24,151440.0
ING002,2025-06-25,151760.0
ING002,2025-06-26,151800.0
ING002,2025-06-27,151480.0
ING002,2025-06-28,151880.0
ING002,2025-06-29,152500.0
ING002,2025-06-30,151750.0
ING002,2025-07-01,153220.0
ING002,2025-07-02,153310.0
ING002,2025-07-03,153490.0
ING002,2025-07-04,154270.0
ING002,2025-07-05,154590.0
ING002,2025-07-06,155530.0
ING002,2025-07-07,155830.0
ING002,2025-07-08,155350.0
ING002,2025-07-09,155730.0
ING002,2025-07-10,154790.0
ING002,2025-07-11,154980.0
ING002,2025-07-12,155040.0
ING002,2025-07-13,154950.0
ING002,2025-07-14,154930.0
ING002,2025-07-15,153390.0
ING002,2025-07-16,153090.0
ING002,2025-07-17,153360.0
ING002,2025-07-18,153670.0
ING002,2025-07-19,152940.0
ING002,2025-07-20,154240.0
ING002,2025-07-21,153620.0
ING002,2025-07-22,154630.0
ING002,2025-07-23,155120.0
ING002,2025-07-24,154650.0
ING002,2025-07-25,156310.0
ING002,2025-07-26,155310.0
ING002,2025-07-27,156190.0
ING002,2025-07-28,157110.0
ING002,2025-07-29,156520.0
ING002,2025-07-30,157760.0
ING002,2025-07-31,157510.0
ING002,2025-08-01,157740.0
ING002,2025-08-02,157940.0
ING002,2025-08-03,157780.0
ING002,2025-08-04,158450.0
ING002,2025-08-05,159080.0
ING002,2025-08-06,157460.0
ING002,2025-08-07,158590.0
ING002,2025-08-08,157070.0
ING002,2025-08-09,157980.0
ING002,2025-08-10,158920.0
ING002,2025-08-11,157890.0
ING002,2025-08-12,157500.0
ING002,2025-08-13,156530.0
ING002,2025-08-14,156380.0
ING002,2025-08-15,156160.0
ING002,2025-08-16,156900.0
ING002,2025-08-17,158060.0
ING002,2025-08-18,159240.0
ING002,2025-08-19,158660.0
ING002,2025-08-20,158420.0
ING002,2025-08-21,156900.0
ING002,2025-08-22,156230.0
ING002,2025-08-23,157130.0
ING002,2025-08-24,158550.0
ING002,2025-08-25,157420.0
ING002,2025-08-26,156910.0
ING002,2025-08-27,156920.0
ING002,2025-08-28,157200.0
ING002,2025-08-29,156510.0
ING002,2025-08-30,156930.0
ING002,2025-08-31,156550.0
ING002,2025-09-01,156590.0
ING002,2025-09-02,157120.0
ING002,2025-09-03,157150.0
ING002,2025-09-04,156790.0
ING002,2025-09-05,156740.0
ING002,2025-09-06,156710.0
ING002,2025-09-07,156440.0
ING002,2025-09-08,156280.0
ING002,2025-09-09,157740.0
ING002,2025-09-10,158230.0
ING002,2025-09-11,157950.0
ING002,2025-09-12,158550.0
ING002,2025-09-13,158220.0
ING002,2025-09-14,159220.0
ING002,2025-09-15,159470.0
ING002,2025-09-16,159300.0
ING002,2025-09-17,159610.0
ING002,2025-09-18,158160.0
ING002,2025-09-19,157170.0
ING002,2025-09-20,156160.0
ING002,2025-09-21,156380.0
ING002,2025-09-22,157960.0
ING002,2025-09-23,159900.0
ING002,2025-09-24,160360.0
ING002,2025-09-25,160680.0
ING002,2025-09-26,158980.0
ING002,2025-09-27,158460.0
ING002,2025-09-28,157750.0
ING002,2025-09-29,157220.0
ING002,2025-09-30,157120.0
ING002,2025-10-01,156760.0
ING002,2025-10-02,155100.0
ING002,2025-10-03,155900.0
ING002,2025-10-04,155080.0
ING002,2025-10-05,155440.0
ING002,2025-10-06,157380.0
ING002,2025-10-07,156620.0
ING002,2025-10-08,154500.0
ING002,2025-10-09,154440.0
ING002,2025-10-10,155580.0
ING002,2025-10-11,157420.0
ING002,2025-10-12,156390.0
ING002,2025-10-13,156920.0
ING002,2025-10-14,156580.0
ING002,2025-10-15,156570.0
ING002,2025-10-16,158960.0
ING002,2025-10-17,157620.0
ING002,2025-10-18,157880.0
ING002,2025-10-19,158310.0
ING002,2025-10-20,159260.0
ING002,2025-10-21,159300.0
ING002,2025-10-22,159520.0
ING002,2025-10-23,159130.0
ING002,2025-10-24,159330.0
ING002,2025-10-25,158990.0
ING002,2025-10-26,159500.0
ING002,2025-10-27,159130.0
ING002,2025-10-28,159430.0
ING002,2025-10-29,159360.0
ING002,2025-10-30,160290.0
ING002,2025-10-31,160160.0
ING002,2025-11-01,158540.0
ING002,2025-11-02,159640.0
ING002,2025-11-03,158800.0
ING002,2025-11-04,158220.0
ING002,2025-11-05,157730.0
ING002,2025-11-06,158970.0
ING002,2025-11-07,157090.0
ING002,2025-11-08,159900.0
ING002,2025-11-09,160760.0
ING002,2025-11-10,160850.0
ING002,2025-11-11,160700.0
ING002,2025-11-12,160850.0
ING002,2025-11-13,161200.0
ING002,2025-11-14,161640.0
ING002,2025-11-15,161980.0
ING002,2025-11-16,161900.0
ING002,2025-11-17,161570.0
ING002,2025-11-18,161310.0
ING002,2025-11-19,161010.0
ING002,2025-11-20,161890.0
ING002,2025-11-21,162260.0
ING002,2025-11-22,159530.0
ING002,2025-11-23,160070.0
ING002,2025-11-24,160190.0
ING002,2025-11-25,160110.0
ING002,2025-11-26,159710.0
ING002,2025-11-27,160650.0
ING002,2025-11-28,161400.0
ING002,2025-11-29,160600.0
ING002,2025-11-30,160880.0
ING002,2025-12-01,159940.0
ING002,2025-12-02,158700.0
ING002,2025-12-03,158170.0
ING002,2025-12-04,158970.0
ING002,2025-12-05,159810.0
ING002,2025-12-06,160220.0
ING002,2025-12-07,160790.0
ING002,2025-12-08,161160.0
ING002,2025-12-09,160500.0
ING002,2025-12-10,160810.0
ING002,2025-12-11,161430.0
ING002,2025-12-12,161980.0
ING002,2025-12-13,162870.0
ING002,2025-12-14,163310.0
ING002,2025-12-15,163410.0
ING002,2025-12-16,164140.0
ING002,2025-12-17,163870.0
ING002,2025-12-18,162880.0
ING002,2025-12-19,162560.0
ING002,2025-12-20,161750.0
ING002,2025-12-21,161040.0
ING002,2025-12-22,160830.0
ING002,2025-12-23,160070.0
ING002,2025-12-24,159770.0
ING002,2025-12-25,158110.0
ING002,2025-12-26,158360.0
ING002,2025-12-27,158420.0
ING002,2025-12-28,157760.0
ING002,2025-12-29,158420.0
ING002,2025-12-30,159290.0
ING002,2025-12-31,157900.0
ING002,2026-01-01,157320.0
ING002,2026-01-02,156760.0
ING002,2026-01-03,156090.0
ING002,2026-01-04,156980.0
ING002,2026-01-05,156940.0
ING002,2026-01-06,156850.0
ING002,2026-01-07,155240.0
ING002,2026-01-08,156020.0
ING002,2026-01-09,155120.0
ING002,2026-01-10,155400.0
ING002,2026-01-11,155860.0
ING002,2026-01-12,157230.0
ING002,2026-01-13,156220.0
ING002,2026-01-14,153770.0
ING002,2026-01-15,154230.0
ING002,2026-01-16,156070.0
ING002,2026-01-17,157340.0
ING002,2026-01-18,157640.0
ING002,2026-01-19,157320.0
ING002,2026-01-20,158150.0
ING002,2026-01-21,157390.0
ING002,2026-01-22,157930.0
ING002,2026-01-23,158470.0
ING002,2026-01-24,159460.0
ING002,2026-01-25,161890.0
ING002,2026-01-26,162130.0
ING002,2026-01-27,161580.0
ING002,2026-01-28,161480.0
ING002,2026-01-29,159860.0
ING002,2026-01-30,159260.0
ING002,2026-01-31,158950.0
ING002,2026-02-01,158540.0
ING002,2026-02-02,158750.0
ING002,2026-02-03,158100.0
ING002,2026-02-04,159180.0
ING002,2026-02-05,159220.0
ING002,2026-02-06,159260.0
ING002,2026-02-07,159020.0
ING002,2026-02-08,159210.0
ING002,2026-02-09,159970.0
ING002,2026-02-10,159230.0
ING002,2026-02-11,158700.0
ING002,2026-02-12,158520.0
ING002,2026-02-13,157430.0
ING002,2026-02-14,156860.0
ING002,2026-02-15,156610.0
ING002,2026-02-16,157560.0
ING002,2026-02-17,157920.0
ING002,2026-02-18,158210.0
ING002,2026-02-19,159060.0
ING002,2026-02-20,159000.0
ING002,2026-02-21,159410.0
ING002,2026-02-22,159360.0
ING002,2026-02-23,159650.0
ING002,2026-02-24,159180.0
ING002,2026-02-25,157120.0
ING002,2026-02-26,157170.0
ING002,2026-02-27,158570.0
ING002,2026-02-28,159470.0
ING002,2026-03-01,160360.0
ING002,2026-03-02,161440.0
ING002,2026-03-03,161470.0
ING002,2026-03-04,161600.0
ING002,2026-03-05,161010.0
ING002,2026-03-06,160710.0
ING002,2026-03-07,161240.0
ING002,2026-03-08,162250.0
ING002,2026-03-09,162050.0
ING002,2026-03-10,161590.0
ING002,2026-03-11,161540.0
ING002,2026-03-12,162020.0
ING002,2026-03-13,160690.0
ING002,2026-03-14,158700.0
ING002,2026-03-15,158320.0
ING002,2026-03-16,157370.0
ING002,2026-03-17,157100.0
ING002,2026-03-18,157150.0
ING002,2026-03-19,156940.0
ING002,2026-03-20,158400.0
ING002,2026-03-21,158800.0
ING002,2026-03-22,159160.0
ING002,2026-03-23,159790.0
ING002,2026-03-24,158850.0
ING002,2026-03-25,159850.0
ING002,2026-03-26,159840.0
ING002,2026-03-27,160470.0
ING002,2026-03-28,159560.0
ING002,2026-03-29,158280.0
ING002,2026-03-30,159120.0
ING002,2026-03-31,159540.0
ING002,2026-04-01,158830.0
ING002,2026-04-02,158180.0
ING002,2026-04-03,159300.0
ING002,2026-04-04,158350.0
ING002,2026-04-05,159920.0
ING002,2026-04-06,159190.0
ING002,2026-04-07,159840.0
ING002,2026-04-08,159610.0
ING002,2026-04-09,160210.0
ING002,2026-04-10,159780.0
ING002,2026-04-11,159710.0
ING002,2026-04-12,159820.0
ING002,2026-04-13,159010.0
ING002,2026-04-14,159770.0
ING002,2026-04-15,159390.0
ING002,2026-04-16,159280.0
ING002,2026-04-17,158510.0
ING002,2026-04-18,156420.0
ING002,2026-04-19,156500.0
ING002,2026-04-20,158830.0
ING002,2026-04-21,159640.0
ING002,2026-04-22,159710.0
ING002,2026-04-23,159560.0
ING002,2026-04-24,159670.0
ING002,2026-04-25,160230.0
ING002,2026-04-26,159260.0
ING002,2026-04-27,160330.0
ING002,2026-04-28,161010.0
ING002,2026-04-29,161650.0
ING002,2026-04-30,162020.0
ING002,2026-05-01,162010.0
ING002,2026-05-02,162570.0
ING002,2026-05-03,163030.0
ING002,2026-05-04,162650.0
ING002,2026-05-05,162090.0
ING002,2026-05-06,162150.0
ING002,2026-05-07,163470.0
ING002,2026-05-08,162290.0
ING002,2026-05-09,160980.0
ING002,2026-05-10,161150.0
ING002,2026-05-11,161220.0
ING002,2026-05-12,161390.0
ING002,2026-05-13,161620.0
ING002,2026-05-14,161420.0
ING002,2026-05-15,162730.0
ING002,2026-05-16,161290.0
ING002,2026-05-17,160590.0
ING002,2026-05-18,160550.0
ING002,2026-05-19,159180.0
ING002,2026-05-20,159160.0
ING002,2026-05-21,160730.0
ING002,2026-05-22,160800.0
ING002,2026-05-23,161060.0
ING002,2026-05-24,160000.0
ING002,2026-05-25,159550.0
ING002,2026-05-26,159340.0
ING002,2026-05-27,159190.0
ING002,2026-05-28,160440.0
ING002,2026-05-29,161000.0
ING002,2026-05-30,160080.0
ING002,2026-05-31,160380.0
ING002,2026-06-01,160890.0
ING002,2026-06-02,161940.0
ING002,2026-06-03,163320.0
ING002,2026-06-04,162370.0
ING002,2026-06-05,161640.0
ING002,2026-06-06,160570.0
ING002,2026-06-07,160440.0
ING002,2026-06-08,160920.0
ING002,2026-06-09,161840.0
ING002,2026-06-10,161790.0
ING002,2026-06-11,161520.0
ING002,2026-06-12,161680.0
ING002,2026-06-13,160980.0
ING002,2026-06-14,162860.0
ING002,2026-06-15,161420.0
ING002,2026-06-16,161620.0
ING002,2026-06-17,163410.0
ING002,2026-06-18,163360.0
ING002,2026-06-19,163130.0
ING002,2026-06-20,162780.0
ING002,2026-06-21,162600.0
ING002,2026-06-22,163770.0
ING002,2026-06-23,161780.0
ING002,2026-06-24,163140.0
ING002,2026-06-25,161860.0
ING002,2026-06-26,161650.0
ING002,2026-06-27,161310.0
ING002,2026-06-28,161880.0
ING002,2026-06-29,160510.0
ING002,2026-06-30,161010.0
ING003,2023-07-01,38380.0
ING003,2023-07-02,38110.0
ING003,2023-07-03,38140.0
ING003,2023-07-04,38010.0
ING003,2023-07-05,38090.0
ING003,2023-07-06,38090.0
ING003,2023-07-07,37960.0
ING003,2023-07-08,38060.0
ING003,2023-07-09,38400.0
ING003,2023-07-10,38350.0
ING003,2023-07-11,38470.0
ING003,2023-07-12,38200.0
ING003,2023-07-13,38010.0
ING003,2023-07-14,38100.0
ING003,2023-07-15,38380.0
ING003,2023-07-16,38430.0
ING003,2023-07-17,38360.0
ING003,2023-07-18,38340.0
ING003,2023-07-19,38090.0
ING003,2023-07-20,38210.0
ING003,2023-07-21,38370.0
ING003,2023-07-22,38270.0
ING003,2023-07-23,38170.0
ING003,2023-07-24,38220.0
ING003,2023-07-25,38130.0
ING003,2023-07-26,38110.0
ING003,2023-07-27,38510.0
ING003,2023-07-28,38450.0
ING003,2023-07-29,38360.0
ING003,2023-07-30,38230.0
ING003,2023-07-31,38360.0
ING003,2023-08-01,38320.0
ING003,2023-08-02,38180.0
ING003,2023-08-03,38430.0
ING003,2023-08-04,38690.0
ING003,2023-08-05,38550.0
ING003,2023-08-06,38170.0
ING003,2023-08-07,38360.0
ING003,2023-08-08,38220.0
ING003,2023-08-09,38370.0
ING003,2023-08-10,37980.0
ING003,2023-08-11,38160.0
ING003,2023-08-12,37930.0
ING003,2023-08-13,38090.0
ING003,2023-08-14,38090.0
ING003,2023-08-15,37920.0
ING003,2023-08-16,37850.0
ING003,2023-08-17,38000.0
ING003,2023-08-18,38030.0
ING003,2023-08-19,38150.0
ING003,2023-08-20,38530.0
ING003,2023-08-21,38220.0
ING003,2023-08-22,38520.0
ING003,2023-08-23,38530.0
ING003,2023-08-24,38340.0
ING003,2023-08-25,38080.0
ING003,2023-08-26,38050.0
ING003,2023-08-27,38240.0
ING003,2023-08-28,38210.0
ING003,2023-08-29,38500.0
ING003,2023-08-30,38220.0
ING003,2023-08-31,38210.0
ING003,2023-09-01,37980.0
ING003,2023-09-02,38060.0
ING003,2023-09-03,38240.0
ING003,2023-09-04,38160.0
ING003,2023-09-05,37670.0
ING003,2023-09-06,37740.0
ING003,2023-09-07,37850.0
ING003,2023-09-08,37950.0
ING003,2023-09-09,38200.0
ING003,2023-09-10,38000.0
ING003,2023-09-11,38150.0
ING003,2023-09-12,38380.0
ING003,2023-09-13,38040.0
ING003,2023-09-14,38110.0
ING003,2023-09-15,38030.0
ING003,2023-09-16,38030.0
ING003,2023-09-17,38110.0
ING003,2023-09-18,38030.0
ING003,2023-09-19,37910.0
ING003,2023-09-20,37940.0
ING003,2023-09-21,37760.0
ING003,2023-09-22,37580.0
ING003,2023-09-23,37750.0
ING003,2023-09-24,37560.0
ING003,2023-09-25,37720.0
ING003,2023-09-26,37840.0
ING003,2023-09-27,37540.0
ING003,2023-09-28,37460.0
ING003,2023-09-29,37730.0
ING003,2023-09-30,37570.0
ING003,2023-10-01,37530.0
ING003,2023-10-02,37660.0
ING003,2023-10-03,37840.0
ING003,2023-10-04,37820.0
ING003,2023-10-05,37740.0
ING003,2023-10-06,38040.0
ING003,2023-10-07,38390.0
ING003,2023-10-08,38580.0
ING003,2023-10-09,38590.0
ING003,2023-10-10,38420.0
ING003,2023-10-11,38270.0
ING003,2023-10-12,38370.0
ING003,2023-10-13,38460.0
ING003,2023-10-14,38720.0
ING003,2023-10-15,38830.0
ING003,2023-10-16,38530.0
ING003,2023-10-17,38720.0
ING003,2023-10-18,38520.0
ING003,2023-10-19,38440.0
ING003,2023-10-20,38490.0
ING003,2023-10-21,38870.0
ING003,2023-10-22,39440.0
ING003,2023-10-23,39510.0
ING003,2023-10-24,39420.0
ING003,2023-10-25,39480.0
ING003,2023-10-26,39600.0
ING003,2023-10-27,39480.0
ING003,2023-10-28,39770.0
ING003,2023-10-29,39750.0
ING003,2023-10-30,39780.0
ING003,2023-10-31,39850.0
ING003,2023-11-01,39860.0
ING003,2023-11-02,39950.0
ING003,2023-11-03,39760.0
ING003,2023-11-04,39590.0
ING003,2023-11-05,39330.0
ING003,2023-11-06,39380.0
ING003,2023-11-07,39480.0
ING003,2023-11-08,39520.0
ING003,2023-11-09,39790.0
ING003,2023-11-10,39730.0
ING003,2023-11-11,39800.0
ING003,2023-11-12,39530.0
ING003,2023-11-13,39410.0
ING003,2023-11-14,39500.0
ING003,2023-11-15,39610.0
ING003,2023-11-16,39500.0
ING003,2023-11-17,39440.0
ING003,2023-11-18,39110.0
ING003,2023-11-19,39020.0
ING003,2023-11-20,39170.0
ING003,2023-11-21,39250.0
ING003,2023-11-22,39310.0
ING003,2023-11-23,39280.0
ING003,2023-11-24,39250.0
ING003,2023-11-25,39090.0
ING003,2023-11-26,39200.0
ING003,2023-11-27,39250.0
ING003,2023-11-28,39320.0
ING003,2023-11-29,39180.0
ING003,2023-11-30,38740.0
ING003,2023-12-01,38950.0
ING003,2023-12-02,38840.0
ING003,2023-12-03,38670.0
ING003,2023-12-04,38800.0
ING003,2023-12-05,38720.0
ING003,2023-12-06,38920.0
ING003,2023-12-07,39020.0
ING003,2023-12-08,39130.0
ING003,2023-12-09,38850.0
ING003,2023-12-10,39070.0
ING003,2023-12-11,39100.0
ING003,2023-12-12,39010.0
ING003,2023-12-13,39020.0
ING003,2023-12-14,38670.0
ING003,2023-12-15,38750.0
ING003,2023-12-16,38550.0
ING003,2023-12-17,38300.0
ING003,2023-12-18,38030.0
ING003,2023-12-19,38280.0
ING003,2023-12-20,38180.0
ING003,2023-12-21,38500.0
ING003,2023-12-22,38410.0
ING003,2023-12-23,38100.0
ING003,2023-12-24,37920.0
ING003,2023-12-25,38190.0
ING003,2023-12-26,38190.0
ING003,2023-12-27,38110.0
ING003,2023-12-28,38180.0
ING003,2023-12-29,38300.0
ING003,2023-12-30,38540.0
ING003,2023-12-31,38820.0
ING003,2024-01-01,38750.0
ING003,2024-01-02,38500.0
ING003,2024-01-03,38440.0
ING003,2024-01-04,38500.0
ING003,2024-01-05,38330.0
ING003,2024-01-06,38170.0
ING003,2024-01-07,38270.0
ING003,2024-01-08,38290.0
ING003,2024-01-09,38320.0
ING003,2024-01-10,38200.0
ING003,2024-01-11,38190.0
ING003,2024-01-12,38040.0
ING003,2024-01-13,38250.0
ING003,2024-01-14,38470.0
ING003,2024-01-15,38140.0
ING003,2024-01-16,38000.0
ING003,2024-01-17,37760.0
ING003,2024-01-18,37690.0
ING003,2024-01-19,37730.0
ING003,2024-01-20,37510.0
ING003,2024-01-21,37400.0
ING003,2024-01-22,37280.0
ING003,2024-01-23,37400.0
ING003,2024-01-24,37490.0
ING003,2024-01-25,37420.0
ING003,2024-01-26,37530.0
ING003,2024-01-27,37490.0
ING003,2024-01-28,37510.0
ING003,2024-01-29,37890.0
ING003,2024-01-30,38200.0
ING003,2024-01-31,37990.0
ING003,2024-02-01,38190.0
ING003,2024-02-02,38380.0
ING003,2024-02-03,38190.0
ING003,2024-02-04,38380.0
ING003,2024-02-05,38700.0
ING003,2024-02-06,38490.0
ING003,2024-02-07,38340.0
ING003,2024-02-08,38560.0
ING003,2024-02-09,38630.0
ING003,2024-02-10,38750.0
ING003,2024-02-11,38830.0
ING003,2024-02-12,38910.0
ING003,2024-02-13,38660.0
ING003,2024-02-14,38870.0
ING003,2024-02-15,39100.0
ING003,2024-02-16,39050.0
ING003,2024-02-17,39030.0
ING003,2024-02-18,38740.0
ING003,2024-02-19,38850.0
ING003,2024-02-20,38960.0
ING003,2024-02-21,38950.0
ING003,2024-02-22,39170.0
ING003,2024-02-23,39100.0
ING003,2024-02-24,39200.0
ING003,2024-02-25,38990.0
ING003,2024-02-26,38990.0
ING003,2024-02-27,38960.0
ING003,2024-02-28,39000.0
ING003,2024-02-29,38930.0
ING003,2024-03-01,38910.0
ING003,2024-03-02,39070.0
ING003,2024-03-03,38990.0
ING003,2024-03-04,38690.0
ING003,2024-03-05,39040.0
ING003,2024-03-06,39300.0
ING003,2024-03-07,39040.0
ING003,2024-03-08,39170.0
ING003,2024-03-09,39070.0
ING003,2024-03-10,39120.0
ING003,2024-03-11,39170.0
ING003,2024-03-12,39120.0
ING003,2024-03-13,38970.0
ING003,2024-03-14,38840.0
ING003,2024-03-15,38680.0
ING003,2024-03-16,38540.0
ING003,2024-03-17,38560.0
ING003,2024-03-18,38450.0
ING003,2024-03-19,38610.0
ING003,2024-03-20,38920.0
ING003,2024-03-21,38820.0
ING003,2024-03-22,38880.0
ING003,2024-03-23,38980.0
ING003,2024-03-24,39080.0
ING003,2024-03-25,39090.0
ING003,2024-03-26,39240.0
ING003,2024-03-27,39320.0
ING003,2024-03-28,39080.0
ING003,2024-03-29,39250.0
ING003,2024-03-30,39410.0
ING003,2024-03-31,39250.0
ING003,2024-04-01,39250.0
ING003,2024-04-02,39380.0
ING003,2024-04-03,39330.0
ING003,2024-04-04,39520.0
ING003,2024-04-05,39950.0
ING003,2024-04-06,39760.0
ING003,2024-04-07,39470.0
ING003,2024-04-08,39510.0
ING003,2024-04-09,39640.0
ING003,2024-04-10,39570.0
ING003,2024-04-11,39830.0
ING003,2024-04-12,39540.0
ING003,2024-04-13,39650.0
ING003,2024-04-14,39520.0
ING003,2024-04-15,39830.0
ING003,2024-04-16,40170.0
ING003,2024-04-17,39980.0
ING003,2024-04-18,39840.0
ING003,2024-04-19,39970.0
ING003,2024-04-20,39860.0
ING003,2024-04-21,39820.0
ING003,2024-04-22,39800.0
ING003,2024-04-23,39400.0
ING003,2024-04-24,39390.0
ING003,2024-04-25,39250.0
ING003,2024-04-26,39160.0
ING003,2024-04-27,39440.0
ING003,2024-04-28,39190.0
ING003,2024-04-29,39350.0
ING003,2024-04-30,39290.0
ING003,2024-05-01,39240.0
ING003,2024-05-02,39390.0
ING003,2024-05-03,39450.0
ING003,2024-05-04,39550.0
ING003,2024-05-05,39720.0
ING003,2024-05-06,39640.0
ING003,2024-05-07,39500.0
ING003,2024-05-08,39290.0
ING003,2024-05-09,39130.0
ING003,2024-05-10,39700.0
ING003,2024-05-11,39920.0
ING003,2024-05-12,39630.0
ING003,2024-05-13,39360.0
ING003,2024-05-14,39450.0
ING003,2024-05-15,39550.0
ING003,2024-05-16,39640.0
ING003,2024-05-17,39580.0
ING003,2024-05-18,39540.0
ING003,2024-05-19,39600.0
ING003,2024-05-20,39600.0
ING003,2024-05-21,39170.0
ING003,2024-05-22,39130.0
ING003,2024-05-23,38980.0
ING003,2024-05-24,39030.0
ING003,2024-05-25,39620.0
ING003,2024-05-26,39680.0
ING003,2024-05-27,39600.0
ING003,2024-05-28,39770.0
ING003,2024-05-29,39840.0
ING003,2024-05-30,39900.0
ING003,2024-05-31,39990.0
ING003,2024-06-01,40350.0
ING003,2024-06-02,40090.0
ING003,2024-06-03,40140.0
ING003,2024-06-04,39930.0
ING003,2024-06-05,40010.0
ING003,2024-06-06,39800.0
ING003,2024-06-07,39710.0
ING003,2024-06-08,39640.0
ING003,2024-06-09,39810.0
ING003,2024-06-10,39970.0
ING003,2024-06-11,39700.0
ING003,2024-06-12,39700.0
ING003,2024-06-13,39550.0
ING003,2024-06-14,39310.0
ING003,2024-06-15,39280.0
ING003,2024-06-16,39230.0
ING003,2024-06-17,39700.0
ING003,2024-06-18,39770.0
ING003,2024-06-19,39490.0
ING003,2024-06-20,39390.0
ING003,2024-06-21,39590.0
ING003,2024-06-22,39980.0
ING003,2024-06-23,39650.0
ING003,2024-06-24,39290.0
ING003,2024-06-25,39650.0
ING003,2024-06-26,39720.0
ING003,2024-06-27,39540.0
ING003,2024-06-28,39640.0
ING003,2024-06-29,39140.0
ING003,2024-06-30,39160.0
ING003,2024-07-01,39240.0
ING003,2024-07-02,39430.0
ING003,2024-07-03,39240.0
ING003,2024-07-04,39270.0
ING003,2024-07-05,39110.0
ING003,2024-07-06,39180.0
ING003,2024-07-07,39030.0
ING003,2024-07-08,38980.0
ING003,2024-07-09,38820.0
ING003,2024-07-10,38980.0
ING003,2024-07-11,39170.0
ING003,2024-07-12,39140.0
ING003,2024-07-13,39170.0
ING003,2024-07-14,38920.0
ING003,2024-07-15,38890.0
ING003,2024-07-16,38920.0
ING003,2024-07-17,39450.0
ING003,2024-07-18,39250.0
ING003,2024-07-19,39540.0
ING003,2024-07-20,39740.0
ING003,2024-07-21,39780.0
ING003,2024-07-22,40110.0
ING003,2024-07-23,40150.0
ING003,2024-07-24,40200.0
ING003,2024-07-25,40160.0
ING003,2024-07-26,40370.0
ING003,2024-07-27,40540.0
ING003,2024-07-28,40380.0
ING003,2024-07-29,40090.0
ING003,2024-07-30,40030.0
ING003,2024-07-31,39860.0
ING003,2024-08-01,39830.0
ING003,2024-08-02,40060.0
ING003,2024-08-03,39950.0
ING003,2024-08-04,39930.0
ING003,2024-08-05,39930.0
ING003,2024-08-06,40080.0
ING003,2024-08-07,39630.0
ING003,2024-08-08,39520.0
ING003,2024-08-09,39570.0
ING003,2024-08-10,39800.0
ING003,2024-08-11,39700.0
ING003,2024-08-12,39350.0
ING003,2024-08-13,39480.0
ING003,2024-08-14,39370.0
ING003,2024-08-15,39160.0
ING003,2024-08-16,39070.0
ING003,2024-08-17,39070.0
ING003,2024-08-18,38990.0
ING003,2024-08-19,38600.0
ING003,2024-08-20,38830.0
ING003,2024-08-21,39120.0
ING003,2024-08-22,39270.0
ING003,2024-08-23,39080.0
ING003,2024-08-24,39080.0
ING003,2024-08-25,39110.0
ING003,2024-08-26,39260.0
ING003,2024-08-27,39410.0
ING003,2024-08-28,39290.0
ING003,2024-08-29,39330.0
ING003,2024-08-30,39440.0
ING003,2024-08-31,39730.0
ING003,2024-09-01,39870.0
ING003,2024-09-02,40010.0
ING003,2024-09-03,40020.0
ING003,2024-09-04,40270.0
ING003,2024-09-05,40330.0
ING003,2024-09-06,40140.0
ING003,2024-09-07,40390.0
ING003,2024-09-08,40490.0
ING003,2024-09-09,40370.0
ING003,2024-09-10,40250.0
ING003,2024-09-11,40290.0
ING003,2024-09-12,40350.0
ING003,2024-09-13,40370.0
ING003,2024-09-14,40400.0
ING003,2024-09-15,40690.0
ING003,2024-09-16,40850.0
ING003,2024-09-17,40840.0
ING003,2024-09-18,40970.0
ING003,2024-09-19,40720.0
ING003,2024-09-20,40750.0
ING003,2024-09-21,41050.0
ING003,2024-09-22,40950.0
ING003,2024-09-23,40740.0
ING003,2024-09-24,40570.0
ING003,2024-09-25,40330.0
ING003,2024-09-26,40160.0
ING003,2024-09-27,40070.0
ING003,2024-09-28,39800.0
ING003,2024-09-29,39800.0
ING003,2024-09-30,39980.0
ING003,2024-10-01,39800.0
ING003,2024-10-02,40100.0
ING003,2024-10-03,40190.0
ING003,2024-10-04,40370.0
ING003,2024-10-05,40220.0
ING003,2024-10-06,40370.0
ING003,2024-10-07,40140.0
ING003,2024-10-08,40300.0
ING003,2024-10-09,40310.0
ING003,2024-10-10,40400.0
ING003,2024-10-11,40150.0
ING003,2024-10-12,39970.0
ING003,2024-10-13,40090.0
ING003,2024-10-14,39900.0
ING003,2024-10-15,39990.0
ING003,2024-10-16,39730.0
ING003,2024-10-17,39900.0
ING003,2024-10-18,39670.0
ING003,2024-10-19,39790.0
ING003,2024-10-20,39920.0
ING003,2024-10-21,39790.0
ING003,2024-10-22,39910.0
ING003,2024-10-23,39970.0
ING003,2024-10-24,39870.0
ING003,2024-10-25,39680.0
ING003,2024-10-26,39330.0
ING003,2024-10-27,39430.0
ING003,2024-10-28,39160.0
ING003,2024-10-29,39220.0
ING003,2024-10-30,39210.0
ING003,2024-10-31,39380.0
ING003,2024-11-01,39360.0
ING003,2024-11-02,39330.0
ING003,2024-11-03,39500.0
ING003,2024-11-04,39590.0
ING003,2024-11-05,39680.0
ING003,2024-11-06,39790.0
ING003,2024-11-07,39510.0
ING003,2024-11-08,39680.0
ING003,2024-11-09,39810.0
ING003,2024-11-10,39630.0
ING003,2024-11-11,39610.0
ING003,2024-11-12,39630.0
ING003,2024-11-13,39620.0
ING003,2024-11-14,39710.0
ING003,2024-11-15,40000.0
ING003,2024-11-16,40210.0
ING003,2024-11-17,39960.0
ING003,2024-11-18,40080.0
ING003,2024-11-19,40340.0
ING003,2024-11-20,40400.0
ING003,2024-11-21,40590.0
ING003,2024-11-22,40950.0
ING003,2024-11-23,41110.0
ING003,2024-11-24,41100.0
ING003,2024-11-25,41250.0
ING003,2024-11-26,41230.0
ING003,2024-11-27,41180.0
ING003,2024-11-28,41060.0
ING003,2024-11-29,41310.0
ING003,2024-11-30,41100.0
ING003,2024-12-01,41340.0
ING003,2024-12-02,41380.0
ING003,2024-12-03,41050.0
ING003,2024-12-04,41080.0
ING003,2024-12-05,40630.0
ING003,2024-12-06,40730.0
ING003,2024-12-07,40870.0
ING003,2024-12-08,40720.0
ING003,2024-12-09,40720.0
ING003,2024-12-10,41070.0
ING003,2024-12-11,40930.0
ING003,2024-12-12,40690.0
ING003,2024-12-13,40950.0
ING003,2024-12-14,41280.0
ING003,2024-12-15,41230.0
ING003,2024-12-16,41370.0
ING003,2024-12-17,41570.0
ING003,2024-12-18,41360.0
ING003,2024-12-19,41210.0
ING003,2024-12-20,41400.0
ING003,2024-12-21,41660.0
ING003,2024-12-22,41700.0
ING003,2024-12-23,41460.0
ING003,2024-12-24,41780.0
ING003,2024-12-25,41600.0
ING003,2024-12-26,41470.0
ING003,2024-12-27,41470.0
ING003,2024-12-28,41710.0
ING003,2024-12-29,41800.0
ING003,2024-12-30,41800.0
ING003,2024-12-31,41820.0
ING003,2025-01-01,41750.0
ING003,2025-01-02,41780.0
ING003,2025-01-03,41230.0
ING003,2025-01-04,41120.0
ING003,2025-01-05,41130.0
ING003,2025-01-06,40870.0
ING003,2025-01-07,40910.0
ING003,2025-01-08,40850.0
ING003,2025-01-09,41150.0
ING003,2025-01-10,41410.0
ING003,2025-01-11,41270.0
ING003,2025-01-12,41190.0
ING003,2025-01-13,41140.0
ING003,2025-01-14,41010.0
ING003,2025-01-15,41020.0
ING003,2025-01-16,40840.0
ING003,2025-01-17,40600.0
ING003,2025-01-18,40710.0
ING003,2025-01-19,40810.0
ING003,2025-01-20,40630.0
ING003,2025-01-21,40790.0
ING003,2025-01-22,40650.0
ING003,2025-01-23,40680.0
ING003,2025-01-24,40830.0
ING003,2025-01-25,40800.0
ING003,2025-01-26,40860.0
ING003,2025-01-27,40740.0
ING003,2025-01-28,40690.0
ING003,2025-01-29,40630.0
ING003,2025-01-30,40480.0
ING003,2025-01-31,40440.0
ING003,2025-02-01,40150.0
ING003,2025-02-02,40070.0
ING003,2025-02-03,40030.0
ING003,2025-02-04,40000.0
ING003,2025-02-05,39980.0
ING003,2025-02-06,39990.0
ING003,2025-02-07,40110.0
ING003,2025-02-08,40290.0
ING003,2025-02-09,40170.0
ING003,2025-02-10,39960.0
ING003,2025-02-11,39790.0
ING003,2025-02-12,39730.0
ING003,2025-02-13,39700.0
ING003,2025-02-14,39590.0
ING003,2025-02-15,39390.0
ING003,2025-02-16,39360.0
ING003,2025-02-17,39450.0
ING003,2025-02-18,39610.0
ING003,2025-02-19,39550.0
ING003,2025-02-20,39520.0
ING003,2025-02-21,39390.0
ING003,2025-02-22,39440.0
ING003,2025-02-23,39330.0
ING003,2025-02-24,39500.0
ING003,2025-02-25,39210.0
ING003,2025-02-26,39210.0
ING003,2025-02-27,39330.0
ING003,2025-02-28,39430.0
ING003,2025-03-01,40000.0
ING003,2025-03-02,40090.0
ING003,2025-03-03,39920.0
ING003,2025-03-04,39940.0
ING003,2025-03-05,39630.0
ING003,2025-03-06,39660.0
ING003,2025-03-07,39550.0
ING003,2025-03-08,39770.0
ING003,2025-03-09,39710.0
ING003,2025-03-10,39730.0
ING003,2025-03-11,39650.0
ING003,2025-03-12,40030.0
ING003,2025-03-13,39990.0
ING003,2025-03-14,40370.0
ING003,2025-03-15,40540.0
ING003,2025-03-16,40630.0
ING003,2025-03-17,40700.0
ING003,2025-03-18,40770.0
ING003,2025-03-19,40400.0
ING003,2025-03-20,40350.0
ING003,2025-03-21,40530.0
ING003,2025-03-22,40520.0
ING003,2025-03-23,40260.0
ING003,2025-03-24,40270.0
ING003,2025-03-25,40610.0
ING003,2025-03-26,40850.0
ING003,2025-03-27,40830.0
ING003,2025-03-28,41000.0
ING003,2025-03-29,40910.0
ING003,2025-03-30,40580.0
ING003,2025-03-31,40410.0
ING003,2025-04-01,40720.0
ING003,2025-04-02,40660.0
ING003,2025-04-03,40620.0
ING003,2025-04-04,40560.0
ING003,2025-04-05,40930.0
ING003,2025-04-06,41230.0
ING003,2025-04-07,41620.0
ING003,2025-04-08,41540.0
ING003,2025-04-09,41560.0
ING003,2025-04-10,41230.0
ING003,2025-04-11,41480.0
ING003,2025-04-12,41220.0
ING003,2025-04-13,41240.0
ING003,2025-04-14,41000.0
ING003,2025-04-15,40880.0
ING003,2025-04-16,40710.0
ING003,2025-04-17,40600.0
ING003,2025-04-18,40500.0
ING003,2025-04-19,40410.0
ING003,2025-04-20,40580.0
ING003,2025-04-21,40380.0
ING003,2025-04-22,40440.0
ING003,2025-04-23,40690.0
ING003,2025-04-24,40600.0
ING003,2025-04-25,40470.0
ING003,2025-04-26,40440.0
ING003,2025-04-27,40680.0
ING003,2025-04-28,40720.0
ING003,2025-04-29,40620.0
ING003,2025-04-30,40720.0
ING003,2025-05-01,40520.0
ING003,2025-05-02,40660.0
ING003,2025-05-03,40750.0
ING003,2025-05-04,40690.0
ING003,2025-05-05,40540.0
ING003,2025-05-06,40380.0
ING003,2025-05-07,40500.0
ING003,2025-05-08,40750.0
ING003,2025-05-09,40640.0
ING003,2025-05-10,40730.0
ING003,2025-05-11,40340.0
ING003,2025-05-12,40260.0
ING003,2025-05-13,40280.0
ING003,2025-05-14,40130.0
ING003,2025-05-15,39990.0
ING003,2025-05-16,39910.0
ING003,2025-05-17,40010.0
ING003,2025-05-18,40020.0
ING003,2025-05-19,39630.0
ING003,2025-05-20,39290.0
ING003,2025-05-21,39260.0
ING003,2025-05-22,39430.0
ING003,2025-05-23,38980.0
ING003,2025-05-24,38980.0
ING003,2025-05-25,38970.0
ING003,2025-05-26,39330.0
ING003,2025-05-27,39340.0
ING003,2025-05-28,39490.0
ING003,2025-05-29,39590.0
ING003,2025-05-30,39250.0
ING003,2025-05-31,39480.0
ING003,2025-06-01,39590.0
ING003,2025-06-02,39750.0
ING003,2025-06-03,40560.0
ING003,2025-06-04,40180.0
ING003,2025-06-05,40550.0
ING003,2025-06-06,40510.0
ING003,2025-06-07,40590.0
ING003,2025-06-08,40600.0
ING003,2025-06-09,40530.0
ING003,2025-06-10,40450.0
ING003,2025-06-11,40540.0
ING003,2025-06-12,40270.0
ING003,2025-06-13,40450.0
ING003,2025-06-14,40390.0
ING003,2025-06-15,40210.0
ING003,2025-06-16,40160.0
ING003,2025-06-17,40440.0
ING003,2025-06-18,40370.0
ING003,2025-06-19,40470.0
ING003,2025-06-20,40350.0
ING003,2025-06-21,40530.0
ING003,2025-06-22,40680.0
ING003,2025-06-23,41050.0
ING003,2025-06-24,41020.0
ING003,2025-06-25,41140.0
ING003,2025-06-26,41160.0
ING003,2025-06-27,41400.0
ING003,2025-06-28,41240.0
ING003,2025-06-29,41370.0
ING003,2025-06-30,41320.0
ING003,2025-07-01,41290.0
ING003,2025-07-02,41300.0
ING003,2025-07-03,41330.0
ING003,2025-07-04,41300.0
ING003,2025-07-05,41330.0
ING003,2025-07-06,41610.0
ING003,2025-07-07,41770.0
ING003,2025-07-08,41900.0
ING003,2025-07-09,41780.0
ING003,2025-07-10,41570.0
ING003,2025-07-11,41730.0
ING003,2025-07-12,41860.0
ING003,2025-07-13,42110.0
ING003,2025-07-14,41940.0
ING003,2025-07-15,41850.0
ING003,2025-07-16,41510.0
ING003,2025-07-17,41410.0
ING003,2025-07-18,41590.0
ING003,2025-07-19,41470.0
ING003,2025-07-20,41580.0
ING003,2025-07-21,41520.0
ING003,2025-07-22,41560.0
ING003,2025-07-23,41320.0
ING003,2025-07-24,41330.0
ING003,2025-07-25,40750.0
ING003,2025-07-26,40740.0
ING003,2025-07-27,40450.0
ING003,2025-07-28,40710.0
ING003,2025-07-29,40880.0
ING003,2025-07-30,40980.0
ING003,2025-07-31,41280.0
ING003,2025-08-01,41100.0
ING003,2025-08-02,41430.0
ING003,2025-08-03,41600.0
ING003,2025-08-04,41530.0
ING003,2025-08-05,41730.0
ING003,2025-08-06,41490.0
ING003,2025-08-07,41320.0
ING003,2025-08-08,41200.0
ING003,2025-08-09,41100.0
ING003,2025-08-10,40910.0
ING003,2025-08-11,41150.0
ING003,2025-08-12,41110.0
ING003,2025-08-13,41180.0
ING003,2025-08-14,41070.0
ING003,2025-08-15,40740.0
ING003,2025-08-16,40810.0
ING003,2025-08-17,40470.0
ING003,2025-08-18,40500.0
ING003,2025-08-19,40270.0
ING003,2025-08-20,40700.0
ING003,2025-08-21,40900.0
ING003,2025-08-22,40940.0
ING003,2025-08-23,41200.0
ING003,2025-08-24,41040.0
ING003,2025-08-25,41150.0
ING003,2025-08-26,41200.0
ING003,2025-08-27,41250.0
ING003,2025-08-28,41500.0
ING003,2025-08-29,41620.0
ING003,2025-08-30,41660.0
ING003,2025-08-31,41330.0
ING003,2025-09-01,41150.0
ING003,2025-09-02,41130.0
ING003,2025-09-03,41160.0
ING003,2025-09-04,40950.0
ING003,2025-09-05,41430.0
ING003,2025-09-06,41710.0
ING003,2025-09-07,41810.0
ING003,2025-09-08,41800.0
ING003,2025-09-09,41730.0
ING003,2025-09-10,41530.0
ING003,2025-09-11,41540.0
ING003,2025-09-12,41580.0
ING003,2025-09-13,41330.0
ING003,2025-09-14,41390.0
ING003,2025-09-15,41360.0
ING003,2025-09-16,41000.0
ING003,2025-09-17,40860.0
ING003,2025-09-18,40800.0
ING003,2025-09-19,41190.0
ING003,2025-09-20,41310.0
ING003,2025-09-21,41060.0
ING003,2025-09-22,41160.0
ING003,2025-09-23,40880.0
ING003,2025-09-24,41110.0
ING003,2025-09-25,41040.0
ING003,2025-09-26,41040.0
ING003,2025-09-27,41310.0
ING003,2025-09-28,41070.0
ING003,2025-09-29,40820.0
ING003,2025-09-30,40740.0
ING003,2025-10-01,40970.0
ING003,2025-10-02,40710.0
ING003,2025-10-03,40210.0
ING003,2025-10-04,40180.0
ING003,2025-10-05,40350.0
ING003,2025-10-06,40630.0
ING003,2025-10-07,40590.0
ING003,2025-10-08,40550.0
ING003,2025-10-09,40820.0
ING003,2025-10-10,40490.0
ING003,2025-10-11,40470.0
ING003,2025-10-12,40550.0
ING003,2025-10-13,40690.0
ING003,2025-10-14,40630.0
ING003,2025-10-15,40680.0
ING003,2025-10-16,40250.0
ING003,2025-10-17,40180.0
ING003,2025-10-18,40340.0
ING003,2025-10-19,40210.0
ING003,2025-10-20,40280.0
ING003,2025-10-21,40430.0
ING003,2025-10-22,40420.0
ING003,2025-10-23,40510.0
ING003,2025-10-24,40370.0
ING003,2025-10-25,40390.0
ING003,2025-10-26,40570.0
ING003,2025-10-27,40640.0
ING003,2025-10-28,40580.0
ING003,2025-10-29,40670.0
ING003,2025-10-30,40850.0
ING003,2025-10-31,40490.0
ING003,2025-11-01,40770.0
ING003,2025-11-02,40740.0
ING003,2025-11-03,40860.0
ING003,2025-11-04,41130.0
ING003,2025-11-05,40890.0
ING003,2025-11-06,40790.0
ING003,2025-11-07,40770.0
ING003,2025-11-08,40670.0
ING003,2025-11-09,41040.0
ING003,2025-11-10,40910.0
ING003,2025-11-11,40830.0
ING003,2025-11-12,40910.0
ING003,2025-11-13,40720.0
ING003,2025-11-14,40690.0
ING003,2025-11-15,40790.0
ING003,2025-11-16,40770.0
ING003,2025-11-17,40800.0
ING003,2025-11-18,40740.0
ING003,2025-11-19,40500.0
ING003,2025-11-20,40610.0
ING003,2025-11-21,41000.0
ING003,2025-11-22,41030.0
ING003,2025-11-23,41110.0
ING003,2025-11-24,41270.0
ING003,2025-11-25,41040.0
ING003,2025-11-26,41400.0
ING003,2025-11-27,41450.0
ING003,2025-11-28,41770.0
ING003,2025-11-29,41630.0
ING003,2025-11-30,41980.0
ING003,2025-12-01,42110.0
ING003,2025-12-02,42190.0
ING003,2025-12-03,42210.0
ING003,2025-12-04,42140.0
ING003,2025-12-05,42340.0
ING003,2025-12-06,42340.0
ING003,2025-12-07,41930.0
ING003,2025-12-08,41710.0
ING003,2025-12-09,41670.0
ING003,2025-12-10,41740.0
ING003,2025-12-11,41720.0
ING003,2025-12-12,41960.0
ING003,2025-12-13,41570.0
ING003,2025-12-14,41610.0
ING003,2025-12-15,41270.0
ING003,2025-12-16,41440.0
ING003,2025-12-17,41440.0
ING003,2025-12-18,41530.0
ING003,2025-12-19,41380.0
ING003,2025-12-20,41640.0
ING003,2025-12-21,41850.0
ING003,2025-12-22,41950.0
ING003,2025-12-23,41920.0
ING003,2025-12-24,42020.0
ING003,2025-12-25,41880.0
ING003,2025-12-26,42030.0
ING003,2025-12-27,42330.0
ING003,2025-12-28,42510.0
ING003,2025-12-29,42340.0
ING003,2025-12-30,42380.0
ING003,2025-12-31,42100.0
ING003,2026-01-01,42200.0
ING003,2026-01-02,42260.0
ING003,2026-01-03,41890.0
ING003,2026-01-04,41660.0
ING003,2026-01-05,41620.0
ING003,2026-01-06,41570.0
ING003,2026-01-07,41350.0
ING003,2026-01-08,41450.0
ING003,2026-01-09,41520.0
ING003,2026-01-10,41500.0
ING003,2026-01-11,41370.0
ING003,2026-01-12,41600.0
ING003,2026-01-13,41920.0
ING003,2026-01-14,41830.0
ING003,2026-01-15,41720.0
ING003,2026-01-16,41820.0
ING003,2026-01-17,41750.0
ING003,2026-01-18,41730.0
ING003,2026-01-19,41880.0
ING003,2026-01-20,41520.0
ING003,2026-01-21,41790.0
ING003,2026-01-22,41810.0
ING003,2026-01-23,41730.0
ING003,2026-01-24,41720.0
ING003,2026-01-25,41730.0
ING003,2026-01-26,41410.0
ING003,2026-01-27,41720.0
ING003,2026-01-28,41730.0
ING003,2026-01-29,41830.0
ING003,2026-01-30,42010.0
ING003,2026-01-31,41820.0
ING003,2026-02-01,41910.0
ING003,2026-02-02,41860.0
ING003,2026-02-03,42030.0
ING003,2026-02-04,41620.0
ING003,2026-02-05,41620.0
ING003,2026-02-06,41520.0
ING003,2026-02-07,41630.0
ING003,2026-02-08,41730.0
ING003,2026-02-09,41610.0
ING003,2026-02-10,41490.0
ING003,2026-02-11,41500.0
ING003,2026-02-12,41350.0
ING003,2026-02-13,41540.0
ING003,2026-02-14,41490.0
ING003,2026-02-15,40970.0
ING003,2026-02-16,40950.0
ING003,2026-02-17,40800.0
ING003,2026-02-18,40550.0
ING003,2026-02-19,40390.0
ING003,2026-02-20,40490.0
ING003,2026-02-21,40820.0
ING003,2026-02-22,40940.0
ING003,2026-02-23,40880.0
ING003,2026-02-24,41030.0
ING003,2026-02-25,40990.0
ING003,2026-02-26,40910.0
ING003,2026-02-27,40750.0
ING003,2026-02-28,40480.0
ING003,2026-03-01,40480.0
ING003,2026-03-02,40590.0
ING003,2026-03-03,40650.0
ING003,2026-03-04,40640.0
ING003,2026-03-05,40530.0
ING003,2026-03-06,40730.0
ING003,2026-03-07,40540.0
ING003,2026-03-08,40770.0
ING003,2026-03-09,40640.0
ING003,2026-03-10,40570.0
ING003,2026-03-11,40370.0
ING003,2026-03-12,40360.0
ING003,2026-03-13,40630.0
ING003,2026-03-14,40810.0
ING003,2026-03-15,41060.0
ING003,2026-03-16,41210.0
ING003,2026-03-17,41050.0
ING003,2026-03-18,41040.0
ING003,2026-03-19,40940.0
ING003,2026-03-20,41260.0
ING003,2026-03-21,41070.0
ING003,2026-03-22,41300.0
ING003,2026-03-23,41510.0
ING003,2026-03-24,41890.0
ING003,2026-03-25,41820.0
ING003,2026-03-26,41980.0
ING003,2026-03-27,42420.0
ING003,2026-03-28,42290.0
ING003,2026-03-29,41990.0
ING003,2026-03-30,41640.0
ING003,2026-03-31,41810.0
ING003,2026-04-01,41470.0
ING003,2026-04-02,41430.0
ING003,2026-04-03,41550.0
ING003,2026-04-04,41620.0
ING003,2026-04-05,41730.0
ING003,2026-04-06,41800.0
ING003,2026-04-07,42060.0
ING003,2026-04-08,41890.0
ING003,2026-04-09,41780.0
ING003,2026-04-10,41650.0
ING003,2026-04-11,41840.0
ING003,2026-04-12,42030.0
ING003,2026-04-13,42120.0
ING003,2026-04-14,42350.0
ING003,2026-04-15,42130.0
ING003,2026-04-16,42450.0
ING003,2026-04-17,42730.0
ING003,2026-04-18,42840.0
ING003,2026-04-19,43150.0
ING003,2026-04-20,42790.0
ING003,2026-04-21,42670.0
ING003,2026-04-22,42510.0
ING003,2026-04-23,42630.0
ING003,2026-04-24,42420.0
ING003,2026-04-25,42550.0
ING003,2026-04-26,42800.0
ING003,2026-04-27,42910.0
ING003,2026-04-28,42930.0
ING003,2026-04-29,42710.0
ING003,2026-04-30,42530.0
ING003,2026-05-01,42760.0
ING003,2026-05-02,42880.0
ING003,2026-05-03,42850.0
ING003,2026-05-04,42740.0
ING003,2026-05-05,42340.0
ING003,2026-05-06,42130.0
ING003,2026-05-07,42510.0
ING003,2026-05-08,42250.0
ING003,2026-05-09,42290.0
ING003,2026-05-10,42490.0
ING003,2026-05-11,42240.0
ING003,2026-05-12,42280.0
ING003,2026-05-13,42470.0
ING003,2026-05-14,42460.0
ING003,2026-05-15,43000.0
ING003,2026-05-16,42660.0
ING003,2026-05-17,42840.0
ING003,2026-05-18,42790.0
ING003,2026-05-19,42910.0
ING003,2026-05-20,42970.0
ING003,2026-05-21,42800.0
ING003,2026-05-22,42830.0
ING003,2026-05-23,42450.0
ING003,2026-05-24,42560.0
ING003,2026-05-25,42610.0
ING003,2026-05-26,42720.0
ING003,2026-05-27,42910.0
ING003,2026-05-28,42960.0
ING003,2026-05-29,42960.0
ING003,2026-05-30,42760.0
ING003,2026-05-31,42610.0
ING003,2026-06-01,42830.0
ING003,2026-06-02,43080.0
ING003,2026-06-03,43010.0
ING003,2026-06-04,42990.0
ING003,2026-06-05,42790.0
ING003,2026-06-06,42990.0
ING003,2026-06-07,43090.0
ING003,2026-06-08,43430.0
ING003,2026-06-09,43220.0
ING003,2026-06-10,43110.0
ING003,2026-06-11,43120.0
ING003,2026-06-12,43210.0
ING003,2026-06-13,43130.0
ING003,2026-06-14,42940.0
ING003,2026-06-15,43080.0
ING003,2026-06-16,43190.0
ING003,2026-06-17,42980.0
ING003,2026-06-18,43220.0
ING003,2026-06-19,43400.0
ING003,2026-06-20,43380.0
ING003,2026-06-21,43360.0
ING003,2026-06-22,43420.0
ING003,2026-06-23,43210.0
ING003,2026-06-24,43180.0
ING003,2026-06-25,42740.0
ING003,2026-06-26,42900.0
ING003,2026-06-27,42590.0
ING003,2026-06-28,42870.0
ING003,2026-06-29,42790.0
ING003,2026-06-30,42740.0
ING004,2023-07-01,84600.0
ING004,2023-07-02,84440.0
ING004,2023-07-03,85370.0
ING004,2023-07-04,83770.0
ING004,2023-07-05,84640.0
ING004,2023-07-06,84880.0
ING004,2023-07-07,84120.0
ING004,2023-07-08,83480.0
ING004,2023-07-09,84630.0
ING004,2023-07-10,84050.0
ING004,2023-07-11,83370.0
ING004,2023-07-12,84180.0
ING004,2023-07-13,84440.0
ING004,2023-07-14,83880.0
ING004,2023-07-15,84080.0
ING004,2023-07-16,83480.0
ING004,2023-07-17,84260.0
ING004,2023-07-18,84980.0
ING004,2023-07-19,85330.0
ING004,2023-07-20,85550.0
ING004,2023-07-21,86660.0
ING004,2023-07-22,86590.0
ING004,2023-07-23,85760.0
ING004,2023-07-24,86020.0
ING004,2023-07-25,87310.0
ING004,2023-07-26,86560.0
ING004,2023-07-27,86270.0
ING004,2023-07-28,86480.0
ING004,2023-07-29,86380.0
ING004,2023-07-30,85700.0
ING004,2023-07-31,86400.0
ING004,2023-08-01,87820.0
ING004,2023-08-02,87820.0
ING004,2023-08-03,87120.0
ING004,2023-08-04,86040.0
ING004,2023-08-05,86170.0
ING004,2023-08-06,86830.0
ING004,2023-08-07,87060.0
ING004,2023-08-08,86970.0
ING004,2023-08-09,86520.0
ING004,2023-08-10,85760.0
ING004,2023-08-11,86280.0
ING004,2023-08-12,86810.0
ING004,2023-08-13,85760.0
ING004,2023-08-14,86750.0
ING004,2023-08-15,87050.0
ING004,2023-08-16,87860.0
ING004,2023-08-17,86890.0
ING004,2023-08-18,85940.0
ING004,2023-08-19,85830.0
ING004,2023-08-20,86130.0
ING004,2023-08-21,87240.0
ING004,2023-08-22,87600.0
ING004,2023-08-23,87340.0
ING004,2023-08-24,86600.0
ING004,2023-08-25,87330.0
ING004,2023-08-26,86620.0
ING004,2023-08-27,87600.0
ING004,2023-08-28,87320.0
ING004,2023-08-29,88250.0
ING004,2023-08-30,88540.0
ING004,2023-08-31,88310.0
ING004,2023-09-01,87840.0
ING004,2023-09-02,87510.0
ING004,2023-09-03,87690.0
ING004,2023-09-04,87630.0
ING004,2023-09-05,87150.0
ING004,2023-09-06,86970.0
ING004,2023-09-07,86950.0
ING004,2023-09-08,85530.0
ING004,2023-09-09,85830.0
ING004,2023-09-10,85200.0
ING004,2023-09-11,84490.0
ING004,2023-09-12,83470.0
ING004,2023-09-13,82440.0
ING004,2023-09-14,81740.0
ING004,2023-09-15,81480.0
ING004,2023-09-16,82940.0
ING004,2023-09-17,82740.0
ING004,2023-09-18,83010.0
ING004,2023-09-19,83400.0
ING004,2023-09-20,83600.0
ING004,2023-09-21,83660.0
ING004,2023-09-22,83000.0
ING004,2023-09-23,84070.0
ING004,2023-09-24,85300.0
ING004,2023-09-25,84260.0
ING004,2023-09-26,83680.0
ING004,2023-09-27,83610.0
ING004,2023-09-28,83110.0
ING004,2023-09-29,83570.0
ING004,2023-09-30,83220.0
ING004,2023-10-01,84730.0
ING004,2023-10-02,85540.0
ING004,2023-10-03,85700.0
ING004,2023-10-04,86360.0
ING004,2023-10-05,87040.0
ING004,2023-10-06,86630.0
ING004,2023-10-07,86070.0
ING004,2023-10-08,86110.0
ING004,2023-10-09,86650.0
ING004,2023-10-10,86710.0
ING004,2023-10-11,85660.0
ING004,2023-10-12,85170.0
ING004,2023-10-13,85160.0
ING004,2023-10-14,85150.0
ING004,2023-10-15,86450.0
ING004,2023-10-16,85540.0
ING004,2023-10-17,85890.0
ING004,2023-10-18,86840.0
ING004,2023-10-19,88250.0
ING004,2023-10-20,87880.0
ING004,2023-10-21,88100.0
ING004,2023-10-22,88370.0
ING004,2023-10-23,88370.0
ING004,2023-10-24,88200.0
ING004,2023-10-25,88370.0
ING004,2023-10-26,86640.0
ING004,2023-10-27,87050.0
ING004,2023-10-28,87080.0
ING004,2023-10-29,86890.0
ING004,2023-10-30,88160.0
ING004,2023-10-31,87630.0
ING004,2023-11-01,87300.0
ING004,2023-11-02,88510.0
ING004,2023-11-03,87860.0
ING004,2023-11-04,87430.0
ING004,2023-11-05,87270.0
ING004,2023-11-06,87750.0
ING004,2023-11-07,87810.0
ING004,2023-11-08,86900.0
ING004,2023-11-09,86530.0
ING004,2023-11-10,86130.0
ING004,2023-11-11,86080.0
ING004,2023-11-12,86360.0
ING004,2023-11-13,86620.0
ING004,2023-11-14,85470.0
ING004,2023-11-15,86190.0
ING004,2023-11-16,86360.0
ING004,2023-11-17,87240.0
ING004,2023-11-18,87470.0
ING004,2023-11-19,88120.0
ING004,2023-11-20,88330.0
ING004,2023-11-21,89080.0
ING004,2023-11-22,89280.0
ING004,2023-11-23,89070.0
ING004,2023-11-24,90380.0
ING004,2023-11-25,90750.0
ING004,2023-11-26,90900.0
ING004,2023-11-27,89860.0
ING004,2023-11-28,88860.0
ING004,2023-11-29,88930.0
ING004,2023-11-30,88900.0
ING004,2023-12-01,88380.0
ING004,2023-12-02,88370.0
ING004,2023-12-03,89290.0
ING004,2023-12-04,89590.0
ING004,2023-12-05,88710.0
ING004,2023-12-06,88520.0
ING004,2023-12-07,87910.0
ING004,2023-12-08,87590.0
ING004,2023-12-09,87270.0
ING004,2023-12-10,86930.0
ING004,2023-12-11,86110.0
ING004,2023-12-12,86050.0
ING004,2023-12-13,85720.0
ING004,2023-12-14,83890.0
ING004,2023-12-15,85330.0
ING004,2023-12-16,86090.0
ING004,2023-12-17,85870.0
ING004,2023-12-18,85920.0
ING004,2023-12-19,85210.0
ING004,2023-12-20,86360.0
ING004,2023-12-21,87580.0
ING004,2023-12-22,87630.0
ING004,2023-12-23,88230.0
ING004,2023-12-24,88270.0
ING004,2023-12-25,87330.0
ING004,2023-12-26,87040.0
ING004,2023-12-27,87100.0
ING004,2023-12-28,86790.0
ING004,2023-12-29,86650.0
ING004,2023-12-30,86590.0
ING004,2023-12-31,86540.0
ING004,2024-01-01,86590.0
ING004,2024-01-02,85920.0
ING004,2024-01-03,85500.0
ING004,2024-01-04,84740.0
ING004,2024-01-05,85470.0
ING004,2024-01-06,84190.0
ING004,2024-01-07,85050.0
ING004,2024-01-08,86020.0
ING004,2024-01-09,85870.0
ING004,2024-01-10,84260.0
ING004,2024-01-11,84150.0
ING004,2024-01-12,84250.0
ING004,2024-01-13,83730.0
ING004,2024-01-14,83560.0
ING004,2024-01-15,84700.0
ING004,2024-01-16,85230.0
ING004,2024-01-17,84720.0
ING004,2024-01-18,83810.0
ING004,2024-01-19,83760.0
ING004,2024-01-20,83780.0
ING004,2024-01-21,84250.0
ING004,2024-01-22,84040.0
ING004,2024-01-23,84510.0
ING004,2024-01-24,85870.0
ING004,2024-01-25,86440.0
ING004,2024-01-26,86430.0
ING004,2024-01-27,86340.0
ING004,2024-01-28,86150.0
ING004,2024-01-29,86940.0
ING004,2024-01-30,86540.0
ING004,2024-01-31,86590.0
ING004,2024-02-01,86650.0
ING004,2024-02-02,86350.0
ING004,2024-02-03,85500.0
ING004,2024-02-04,85790.0
ING004,2024-02-05,85810.0
ING004,2024-02-06,86190.0
ING004,2024-02-07,85890.0
ING004,2024-02-08,86730.0
ING004,2024-02-09,86190.0
ING004,2024-02-10,87330.0
ING004,2024-02-11,86200.0
ING004,2024-02-12,86520.0
ING004,2024-02-13,86860.0
ING004,2024-02-14,86360.0
ING004,2024-02-15,86670.0
ING004,2024-02-16,87510.0
ING004,2024-02-17,86080.0
ING004,2024-02-18,86450.0
ING004,2024-02-19,84900.0
ING004,2024-02-20,84400.0
ING004,2024-02-21,85580.0
ING004,2024-02-22,85290.0
ING004,2024-02-23,84630.0
ING004,2024-02-24,84640.0
ING004,2024-02-25,86090.0
ING004,2024-02-26,84970.0
ING004,2024-02-27,84420.0
ING004,2024-02-28,85510.0
ING004,2024-02-29,86790.0
ING004,2024-03-01,86740.0
ING004,2024-03-02,85980.0
ING004,2024-03-03,87380.0
ING004,2024-03-04,88400.0
ING004,2024-03-05,88770.0
ING004,2024-03-06,88180.0
ING004,2024-03-07,88110.0
ING004,2024-03-08,87970.0
ING004,2024-03-09,88150.0
ING004,2024-03-10,89030.0
ING004,2024-03-11,89510.0
ING004,2024-03-12,88720.0
ING004,2024-03-13,89530.0
ING004,2024-03-14,89620.0
ING004,2024-03-15,89950.0
ING004,2024-03-16,90760.0
ING004,2024-03-17,89880.0
ING004,2024-03-18,89740.0
ING004,2024-03-19,89280.0
ING004,2024-03-20,88190.0
ING004,2024-03-21,88380.0
ING004,2024-03-22,89930.0
ING004,2024-03-23,88640.0
ING004,2024-03-24,88560.0
ING004,2024-03-25,88910.0
ING004,2024-03-26,88920.0
ING004,2024-03-27,88780.0
ING004,2024-03-28,87890.0
ING004,2024-03-29,88020.0
ING004,2024-03-30,87510.0
ING004,2024-03-31,86120.0
ING004,2024-04-01,86950.0
ING004,2024-04-02,87590.0
ING004,2024-04-03,87630.0
ING004,2024-04-04,87770.0
ING004,2024-04-05,88450.0
ING004,2024-04-06,88550.0
ING004,2024-04-07,89080.0
ING004,2024-04-08,88820.0
ING004,2024-04-09,89590.0
ING004,2024-04-10,89700.0
ING004,2024-04-11,89720.0
ING004,2024-04-12,88810.0
ING004,2024-04-13,88930.0
ING004,2024-04-14,88340.0
ING004,2024-04-15,87900.0
ING004,2024-04-16,87370.0
ING004,2024-04-17,86710.0
ING004,2024-04-18,88110.0
ING004,2024-04-19,88940.0
ING004,2024-04-20,90110.0
ING004,2024-04-21,89210.0
ING004,2024-04-22,89180.0
ING004,2024-04-23,88290.0
ING004,2024-04-24,87820.0
ING004,2024-04-25,87230.0
ING004,2024-04-26,88050.0
ING004,2024-04-27,87790.0
ING004,2024-04-28,88470.0
ING004,2024-04-29,88820.0
ING004,2024-04-30,90240.0
ING004,2024-05-01,89180.0
ING004,2024-05-02,89910.0
ING004,2024-05-03,90540.0
ING004,2024-05-04,89790.0
ING004,2024-05-05,90330.0
ING004,2024-05-06,90430.0
ING004,2024-05-07,90150.0
ING004,2024-05-08,89520.0
ING004,2024-05-09,88980.0
ING004,2024-05-10,90230.0
ING004,2024-05-11,90120.0
ING004,2024-05-12,90510.0
ING004,2024-05-13,89880.0
ING004,2024-05-14,89280.0
ING004,2024-05-15,89910.0
ING004,2024-05-16,88950.0
ING004,2024-05-17,88640.0
ING004,2024-05-18,88630.0
ING004,2024-05-19,88670.0
ING004,2024-05-20,88520.0
ING004,2024-05-21,88750.0
ING004,2024-05-22,89150.0
ING004,2024-05-23,89570.0
ING004,2024-05-24,88860.0
ING004,2024-05-25,88640.0
ING004,2024-05-26,89380.0
ING004,2024-05-27,89880.0
ING004,2024-05-28,88920.0
ING004,2024-05-29,89100.0
ING004,2024-05-30,87790.0
ING004,2024-05-31,87840.0
ING004,2024-06-01,89060.0
ING004,2024-06-02,88410.0
ING004,2024-06-03,87870.0
ING004,2024-06-04,88370.0
ING004,2024-06-05,87370.0
ING004,2024-06-06,87010.0
ING004,2024-06-07,87450.0
ING004,2024-06-08,87080.0
ING004,2024-06-09,86990.0
ING004,2024-06-10,87520.0
ING004,2024-06-11,87830.0
ING004,2024-06-12,88020.0
ING004,2024-06-13,87810.0
ING004,2024-06-14,88070.0
ING004,2024-06-15,88000.0
ING004,2024-06-16,88310.0
ING004,2024-06-17,87990.0
ING004,2024-06-18,87890.0
ING004,2024-06-19,87280.0
ING004,2024-06-20,87310.0
ING004,2024-06-21,86840.0
ING004,2024-06-22,86200.0
ING004,2024-06-23,86470.0
ING004,2024-06-24,86700.0
ING004,2024-06-25,87290.0
ING004,2024-06-26,87060.0
ING004,2024-06-27,87390.0
ING004,2024-06-28,87790.0
ING004,2024-06-29,88100.0
ING004,2024-06-30,87590.0
ING004,2024-07-01,87730.0
ING004,2024-07-02,88000.0
ING004,2024-07-03,88020.0
ING004,2024-07-04,86710.0
ING004,2024-07-05,86900.0
ING004,2024-07-06,88390.0
ING004,2024-07-07,88160.0
ING004,2024-07-08,87710.0
ING004,2024-07-09,87990.0
ING004,2024-07-10,88220.0
ING004,2024-07-11,88990.0
ING004,2024-07-12,88160.0
ING004,2024-07-13,88650.0
ING004,2024-07-14,89020.0
ING004,2024-07-15,88900.0
ING004,2024-07-16,89100.0
ING004,2024-07-17,89730.0
ING004,2024-07-18,90230.0
ING004,2024-07-19,89420.0
ING004,2024-07-20,89900.0
ING004,2024-07-21,89790.0
ING004,2024-07-22,89780.0
ING004,2024-07-23,89770.0
ING004,2024-07-24,89620.0
ING004,2024-07-25,90330.0
ING004,2024-07-26,90190.0
ING004,2024-07-27,89400.0
ING004,2024-07-28,89110.0
ING004,2024-07-29,89200.0
ING004,2024-07-30,89960.0
ING004,2024-07-31,90280.0
ING004,2024-08-01,89660.0
ING004,2024-08-02,91200.0
ING004,2024-08-03,91240.0
ING004,2024-08-04,91930.0
ING004,2024-08-05,91670.0
ING004,2024-08-06,91870.0
ING004,2024-08-07,92250.0
ING004,2024-08-08,92850.0
ING004,2024-08-09,93320.0
ING004,2024-08-10,93650.0
ING004,2024-08-11,93200.0
ING004,2024-08-12,92620.0
ING004,2024-08-13,92640.0
ING004,2024-08-14,93040.0
ING004,2024-08-15,92690.0
ING004,2024-08-16,93180.0
ING004,2024-08-17,93890.0
ING004,2024-08-18,93050.0
ING004,2024-08-19,92310.0
ING004,2024-08-20,92050.0
ING004,2024-08-21,92090.0
ING004,2024-08-22,91590.0
ING004,2024-08-23,92320.0
ING004,2024-08-24,92420.0
ING004,2024-08-25,92270.0
ING004,2024-08-26,91190.0
ING004,2024-08-27,90240.0
ING004,2024-08-28,90350.0
ING004,2024-08-29,88920.0
ING004,2024-08-30,89570.0
ING004,2024-08-31,89440.0
ING004,2024-09-01,91480.0
ING004,2024-09-02,92830.0
ING004,2024-09-03,92520.0
ING004,2024-09-04,92280.0
ING004,2024-09-05,92750.0
ING004,2024-09-06,93650.0
ING004,2024-09-07,92380.0
ING004,2024-09-08,91070.0
ING004,2024-09-09,90580.0
ING004,2024-09-10,90870.0
ING004,2024-09-11,91100.0
ING004,2024-09-12,91680.0
ING004,2024-09-13,90790.0
ING004,2024-09-14,89230.0
ING004,2024-09-15,89770.0
ING004,2024-09-16,89210.0
ING004,2024-09-17,87920.0
ING004,2024-09-18,88070.0
ING004,2024-09-19,88630.0
ING004,2024-09-20,88580.0
ING004,2024-09-21,88320.0
ING004,2024-09-22,88260.0
ING004,2024-09-23,88070.0
ING004,2024-09-24,87270.0
ING004,2024-09-25,86910.0
ING004,2024-09-26,87360.0
ING004,2024-09-27,87650.0
ING004,2024-09-28,87840.0
ING004,2024-09-29,87280.0
ING004,2024-09-30,87260.0
ING004,2024-10-01,85970.0
ING004,2024-10-02,86250.0
ING004,2024-10-03,87310.0
ING004,2024-10-04,86470.0
ING004,2024-10-05,86240.0
ING004,2024-10-06,86600.0
ING004,2024-10-07,87540.0
ING004,2024-10-08,87340.0
ING004,2024-10-09,87000.0
ING004,2024-10-10,85860.0
ING004,2024-10-11,86100.0
ING004,2024-10-12,87570.0
ING004,2024-10-13,87840.0
ING004,2024-10-14,87900.0
ING004,2024-10-15,88180.0
ING004,2024-10-16,88230.0
ING004,2024-10-17,87780.0
ING004,2024-10-18,88380.0
ING004,2024-10-19,88580.0
ING004,2024-10-20,88630.0
ING004,2024-10-21,88050.0
ING004,2024-10-22,88950.0
ING004,2024-10-23,89400.0
ING004,2024-10-24,89060.0
ING004,2024-10-25,89720.0
ING004,2024-10-26,89390.0
ING004,2024-10-27,88900.0
ING004,2024-10-28,88440.0
ING004,2024-10-29,87370.0
ING004,2024-10-30,87780.0
ING004,2024-10-31,86700.0
ING004,2024-11-01,86060.0
ING004,2024-11-02,84910.0
ING004,2024-11-03,85090.0
ING004,2024-11-04,85220.0
ING004,2024-11-05,85230.0
ING004,2024-11-06,84780.0
ING004,2024-11-07,84280.0
ING004,2024-11-08,84840.0
ING004,2024-11-09,84730.0
ING004,2024-11-10,85170.0
ING004,2024-11-11,84830.0
ING004,2024-11-12,85190.0
ING004,2024-11-13,86250.0
ING004,2024-11-14,86790.0
ING004,2024-11-15,86670.0
ING004,2024-11-16,86990.0
ING004,2024-11-17,86970.0
ING004,2024-11-18,87110.0
ING004,2024-11-19,87030.0
ING004,2024-11-20,87060.0
ING004,2024-11-21,87330.0
ING004,2024-11-22,86820.0
ING004,2024-11-23,86320.0
ING004,2024-11-24,85610.0
ING004,2024-11-25,84800.0
ING004,2024-11-26,84270.0
ING004,2024-11-27,84650.0
ING004,2024-11-28,84340.0
ING004,2024-11-29,84940.0
ING004,2024-11-30,85200.0
ING004,2024-12-01,84180.0
ING004,2024-12-02,84880.0
ING004,2024-12-03,85650.0
ING004,2024-12-04,85220.0
ING004,2024-12-05,85720.0
ING004,2024-12-06,85390.0
ING004,2024-12-07,85670.0
ING004,2024-12-08,85080.0
ING004,2024-12-09,84180.0
ING004,2024-12-10,84220.0
ING004,2024-12-11,84430.0
ING004,2024-12-12,84450.0
ING004,2024-12-13,83970.0
ING004,2024-12-14,84010.0
ING004,2024-12-15,84480.0
ING004,2024-12-16,84730.0
ING004,2024-12-17,85110.0
ING004,2024-12-18,84920.0
ING004,2024-12-19,85930.0
ING004,2024-12-20,85380.0
ING004,2024-12-21,85920.0
ING004,2024-12-22,86880.0
ING004,2024-12-23,87350.0
ING004,2024-12-24,87350.0
ING004,2024-12-25,87150.0
ING004,2024-12-26,87960.0
ING004,2024-12-27,87160.0
ING004,2024-12-28,86680.0
ING004,2024-12-29,86600.0
ING004,2024-12-30,87570.0
ING004,2024-12-31,87930.0
ING004,2025-01-01,87430.0
ING004,2025-01-02,87360.0
ING004,2025-01-03,87110.0
ING004,2025-01-04,86810.0
ING004,2025-01-05,87600.0
ING004,2025-01-06,86860.0
ING004,2025-01-07,88050.0
ING004,2025-01-08,88680.0
ING004,2025-01-09,89450.0
ING004,2025-01-10,89200.0
ING004,2025-01-11,89150.0
ING004,2025-01-12,88290.0
ING004,2025-01-13,88060.0
ING004,2025-01-14,88480.0
ING004,2025-01-15,89390.0
ING004,2025-01-16,88730.0
ING004,2025-01-17,88580.0
ING004,2025-01-18,88560.0
ING004,2025-01-19,87760.0
ING004,2025-01-20,88270.0
ING004,2025-01-21,87910.0
ING004,2025-01-22,87900.0
ING004,2025-01-23,87740.0
ING004,2025-01-24,87360.0
ING004,2025-01-25,87510.0
ING004,2025-01-26,87510.0
ING004,2025-01-27,87420.0
ING004,2025-01-28,87100.0
ING004,2025-01-29,87470.0
ING004,2025-01-30,88670.0
ING004,2025-01-31,88850.0
ING004,2025-02-01,89560.0
ING004,2025-02-02,88720.0
ING004,2025-02-03,88900.0
ING004,2025-02-04,88280.0
ING004,2025-02-05,87450.0
ING004,2025-02-06,87130.0
ING004,2025-02-07,88050.0
ING004,2025-02-08,88780.0
ING004,2025-02-09,89020.0
ING004,2025-02-10,88120.0
ING004,2025-02-11,88110.0
ING004,2025-02-12,88420.0
ING004,2025-02-13,88640.0
ING004,2025-02-14,87560.0
ING004,2025-02-15,87140.0
ING004,2025-02-16,87270.0
ING004,2025-02-17,87780.0
ING004,2025-02-18,86520.0
ING004,2025-02-19,86620.0
ING004,2025-02-20,86910.0
ING004,2025-02-21,87630.0
ING004,2025-02-22,88220.0
ING004,2025-02-23,88710.0
ING004,2025-02-24,88300.0
ING004,2025-02-25,87200.0
ING004,2025-02-26,87120.0
ING004,2025-02-27,87940.0
ING004,2025-02-28,88960.0
ING004,2025-03-01,89500.0
ING004,2025-03-02,89830.0
ING004,2025-03-03,90120.0
ING004,2025-03-04,89790.0
ING004,2025-03-05,89760.0
ING004,2025-03-06,90870.0
ING004,2025-03-07,90260.0
ING004,2025-03-08,91310.0
ING004,2025-03-09,91080.0
ING004,2025-03-10,91910.0
ING004,2025-03-11,90950.0
ING004,2025-03-12,91320.0
ING004,2025-03-13,90820.0
ING004,2025-03-14,89920.0
ING004,2025-03-15,90100.0
ING004,2025-03-16,90780.0
ING004,2025-03-17,90240.0
ING004,2025-03-18,89320.0
ING004,2025-03-19,89340.0
ING004,2025-03-20,89360.0
ING004,2025-03-21,89780.0
ING004,2025-03-22,90440.0
ING004,2025-03-23,90420.0
ING004,2025-03-24,91630.0
ING004,2025-03-25,91740.0
ING004,2025-03-26,91470.0
ING004,2025-03-27,90420.0
ING004,2025-03-28,90280.0
ING004,2025-03-29,90100.0
ING004,2025-03-30,90750.0
ING004,2025-03-31,91050.0
ING004,2025-04-01,90300.0
ING004,2025-04-02,90440.0
ING004,2025-04-03,90900.0
ING004,2025-04-04,91880.0
ING004,2025-04-05,92400.0
ING004,2025-04-06,92810.0
ING004,2025-04-07,92760.0
ING004,2025-04-08,92920.0
ING004,2025-04-09,93620.0
ING004,2025-04-10,92650.0
ING004,2025-04-11,92340.0
ING004,2025-04-12,91790.0
ING004,2025-04-13,91990.0
ING004,2025-04-14,92730.0
ING004,2025-04-15,92270.0
ING004,2025-04-16,90690.0
ING004,2025-04-17,90450.0
ING004,2025-04-18,91060.0
ING004,2025-04-19,91410.0
ING004,2025-04-20,91670.0
ING004,2025-04-21,91460.0
ING004,2025-04-22,90630.0
ING004,2025-04-23,90990.0
ING004,2025-04-24,90460.0
ING004,2025-04-25,91890.0
ING004,2025-04-26,92220.0
ING004,2025-04-27,91800.0
ING004,2025-04-28,91380.0
ING004,2025-04-29,91310.0
ING004,2025-04-30,91160.0
ING004,2025-05-01,91870.0
ING004,2025-05-02,91960.0
ING004,2025-05-03,91460.0
ING004,2025-05-04,92660.0
ING004,2025-05-05,92620.0
ING004,2025-05-06,93040.0
ING004,2025-05-07,92570.0
ING004,2025-05-08,92740.0
ING004,2025-05-09,92860.0
ING004,2025-05-10,91580.0
ING004,2025-05-11,92850.0
ING004,2025-05-12,93600.0
ING004,2025-05-13,93240.0
ING004,2025-05-14,92440.0
ING004,2025-05-15,92610.0
ING004,2025-05-16,92600.0
ING004,2025-05-17,92770.0
ING004,2025-05-18,92820.0
ING004,2025-05-19,93070.0
ING004,2025-05-20,93910.0
ING004,2025-05-21,94150.0
ING004,2025-05-22,93350.0
ING004,2025-05-23,94120.0
ING004,2025-05-24,95030.0
ING004,2025-05-25,96860.0
ING004,2025-05-26,95880.0
ING004,2025-05-27,95810.0
ING004,2025-05-28,94270.0
ING004,2025-05-29,94480.0
ING004,2025-05-30,93990.0
ING004,2025-05-31,95090.0
ING004,2025-06-01,94420.0
ING004,2025-06-02,93200.0
ING004,2025-06-03,92810.0
ING004,2025-06-04,91490.0
ING004,2025-06-05,91970.0
ING004,2025-06-06,90640.0
ING004,2025-06-07,90700.0
ING004,2025-06-08,89420.0
ING004,2025-06-09,89330.0
ING004,2025-06-10,90490.0
ING004,2025-06-11,90780.0
ING004,2025-06-12,90270.0
ING004,2025-06-13,90320.0
ING004,2025-06-14,90400.0
ING004,2025-06-15,90760.0
ING004,2025-06-16,89930.0
ING004,2025-06-17,90400.0
ING004,2025-06-18,88740.0
ING004,2025-06-19,88490.0
ING004,2025-06-20,88340.0
ING004,2025-06-21,88910.0
ING004,2025-06-22,89060.0
ING004,2025-06-23,88300.0
ING004,2025-06-24,87850.0
ING004,2025-06-25,88170.0
ING004,2025-06-26,88300.0
ING004,2025-06-27,88100.0
ING004,2025-06-28,87980.0
ING004,2025-06-29,88610.0
ING004,2025-06-30,88440.0
ING004,2025-07-01,88550.0
ING004,2025-07-02,90100.0
ING004,2025-07-03,89280.0
ING004,2025-07-04,88230.0
ING004,2025-07-05,88910.0
ING004,2025-07-06,88620.0
ING004,2025-07-07,88580.0
ING004,2025-07-08,88250.0
ING004,2025-07-09,88260.0
ING004,2025-07-10,89470.0
ING004,2025-07-11,90100.0
ING004,2025-07-12,90740.0
ING004,2025-07-13,89900.0
ING004,2025-07-14,89260.0
ING004,2025-07-15,87590.0
ING004,2025-07-16,87290.0
ING004,2025-07-17,88130.0
ING004,2025-07-18,88650.0
ING004,2025-07-19,88680.0
ING004,2025-07-20,88830.0
ING004,2025-07-21,88550.0
ING004,2025-07-22,88850.0
ING004,2025-07-23,89500.0
ING004,2025-07-24,88590.0
ING004,2025-07-25,88960.0
ING004,2025-07-26,89710.0
ING004,2025-07-27,89560.0
ING004,2025-07-28,90130.0
ING004,2025-07-29,92020.0
ING004,2025-07-30,91960.0
ING004,2025-07-31,92220.0
ING004,2025-08-01,91740.0
ING004,2025-08-02,91870.0
ING004,2025-08-03,92180.0
ING004,2025-08-04,92300.0
ING004,2025-08-05,91640.0
ING004,2025-08-06,91800.0
ING004,2025-08-07,92750.0
ING004,2025-08-08,93010.0
ING004,2025-08-09,93580.0
ING004,2025-08-10,93360.0
ING004,2025-08-11,93780.0
ING004,2025-08-12,93880.0
ING004,2025-08-13,93190.0
ING004,2025-08-14,93340.0
ING004,2025-08-15,92650.0
ING004,2025-08-16,92230.0
ING004,2025-08-17,92350.0
ING004,2025-08-18,92530.0
ING004,2025-08-19,91760.0
ING004,2025-08-20,92460.0
ING004,2025-08-21,92820.0
ING004,2025-08-22,92340.0
ING004,2025-08-23,91360.0
ING004,2025-08-24,91310.0
ING004,2025-08-25,91080.0
ING004,2025-08-26,91220.0
ING004,2025-08-27,91040.0
ING004,2025-08-28,89830.0
ING004,2025-08-29,89700.0
ING004,2025-08-30,89640.0
ING004,2025-08-31,90180.0
ING004,2025-09-01,89850.0
ING004,2025-09-02,91050.0
ING004,2025-09-03,89900.0
ING004,2025-09-04,90860.0
ING004,2025-09-05,90790.0
ING004,2025-09-06,91420.0
ING004,2025-09-07,91520.0
ING004,2025-09-08,92300.0
ING004,2025-09-09,92060.0
ING004,2025-09-10,91380.0
ING004,2025-09-11,92340.0
ING004,2025-09-12,92270.0
ING004,2025-09-13,92430.0
ING004,2025-09-14,93220.0
ING004,2025-09-15,92530.0
ING004,2025-09-16,92910.0
ING004,2025-09-17,92510.0
ING004,2025-09-18,92430.0
ING004,2025-09-19,92480.0
ING004,2025-09-20,91530.0
ING004,2025-09-21,91080.0
ING004,2025-09-22,92020.0
ING004,2025-09-23,92610.0
ING004,2025-09-24,92570.0
ING004,2025-09-25,92730.0
ING004,2025-09-26,92540.0
ING004,2025-09-27,93410.0
ING004,2025-09-28,93240.0
ING004,2025-09-29,93360.0
ING004,2025-09-30,94050.0
ING004,2025-10-01,93490.0
ING004,2025-10-02,94440.0
ING004,2025-10-03,93380.0
ING004,2025-10-04,94380.0
ING004,2025-10-05,94060.0
ING004,2025-10-06,93840.0
ING004,2025-10-07,92580.0
ING004,2025-10-08,92300.0
ING004,2025-10-09,91660.0
ING004,2025-10-10,91320.0
ING004,2025-10-11,91310.0
ING004,2025-10-12,91990.0
ING004,2025-10-13,92160.0
ING004,2025-10-14,92390.0
ING004,2025-10-15,91710.0
ING004,2025-10-16,91210.0
ING004,2025-10-17,92430.0
ING004,2025-10-18,91980.0
ING004,2025-10-19,93080.0
ING004,2025-10-20,92910.0
ING004,2025-10-21,92910.0
ING004,2025-10-22,93590.0
ING004,2025-10-23,94370.0
ING004,2025-10-24,94220.0
ING004,2025-10-25,93910.0
ING004,2025-10-26,93820.0
ING004,2025-10-27,93990.0
ING004,2025-10-28,94510.0
ING004,2025-10-29,94430.0
ING004,2025-10-30,94750.0
ING004,2025-10-31,95700.0
ING004,2025-11-01,95810.0
ING004,2025-11-02,95870.0
ING004,2025-11-03,94750.0
ING004,2025-11-04,92990.0
ING004,2025-11-05,93240.0
ING004,2025-11-06,93160.0
ING004,2025-11-07,92830.0
ING004,2025-11-08,92990.0
ING004,2025-11-09,92960.0
ING004,2025-11-10,93680.0
ING004,2025-11-11,93700.0
ING004,2025-11-12,93190.0
ING004,2025-11-13,93820.0
ING004,2025-11-14,93640.0
ING004,2025-11-15,93950.0
ING004,2025-11-16,93600.0
ING004,2025-11-17,93160.0
ING004,2025-11-18,93220.0
ING004,2025-11-19,93220.0
ING004,2025-11-20,93520.0
ING004,2025-11-21,93330.0
ING004,2025-11-22,92150.0
ING004,2025-11-23,91930.0
ING004,2025-11-24,92490.0
ING004,2025-11-25,92340.0
ING004,2025-11-26,92220.0
ING004,2025-11-27,92900.0
ING004,2025-11-28,92460.0
ING004,2025-11-29,91520.0
ING004,2025-11-30,91500.0
ING004,2025-12-01,91280.0
ING004,2025-12-02,90760.0
ING004,2025-12-03,90770.0
ING004,2025-12-04,91210.0
ING004,2025-12-05,91310.0
ING004,2025-12-06,91600.0
ING004,2025-12-07,92840.0
ING004,2025-12-08,92650.0
ING004,2025-12-09,92860.0
ING004,2025-12-10,92560.0
ING004,2025-12-11,92060.0
ING004,2025-12-12,91750.0
ING004,2025-12-13,91520.0
ING004,2025-12-14,91840.0
ING004,2025-12-15,93420.0
ING004,2025-12-16,92960.0
ING004,2025-12-17,92710.0
ING004,2025-12-18,92710.0
ING004,2025-12-19,92990.0
ING004,2025-12-20,93180.0
ING004,2025-12-21,94010.0
ING004,2025-12-22,92440.0
ING004,2025-12-23,90970.0
ING004,2025-12-24,90770.0
ING004,2025-12-25,91610.0
ING004,2025-12-26,90700.0
ING004,2025-12-27,88920.0
ING004,2025-12-28,89520.0
ING004,2025-12-29,89870.0
ING004,2025-12-30,89360.0
ING004,2025-12-31,88940.0
ING004,2026-01-01,88550.0
ING004,2026-01-02,88870.0
ING004,2026-01-03,88700.0
ING004,2026-01-04,89260.0
ING004,2026-01-05,87650.0
ING004,2026-01-06,87400.0
ING004,2026-01-07,86990.0
ING004,2026-01-08,87160.0
ING004,2026-01-09,87140.0
ING004,2026-01-10,87970.0
ING004,2026-01-11,87070.0
ING004,2026-01-12,87430.0
ING004,2026-01-13,88090.0
ING004,2026-01-14,89550.0
ING004,2026-01-15,89450.0
ING004,2026-01-16,89870.0
ING004,2026-01-17,88910.0
ING004,2026-01-18,87620.0
ING004,2026-01-19,88460.0
ING004,2026-01-20,88720.0
ING004,2026-01-21,89720.0
ING004,2026-01-22,89050.0
ING004,2026-01-23,89610.0
ING004,2026-01-24,91010.0
ING004,2026-01-25,91420.0
ING004,2026-01-26,91710.0
ING004,2026-01-27,91820.0
ING004,2026-01-28,90910.0
ING004,2026-01-29,91920.0
ING004,2026-01-30,91630.0
ING004,2026-01-31,92060.0
ING004,2026-02-01,91150.0
ING004,2026-02-02,90530.0
ING004,2026-02-03,91610.0
ING004,2026-02-04,91500.0
ING004,2026-02-05,92540.0
ING004,2026-02-06,92560.0
ING004,2026-02-07,91450.0
ING004,2026-02-08,92140.0
ING004,2026-02-09,91850.0
ING004,2026-02-10,92400.0
ING004,2026-02-11,92490.0
ING004,2026-02-12,91580.0
ING004,2026-02-13,91800.0
ING004,2026-02-14,93310.0
ING004,2026-02-15,93650.0
ING004,2026-02-16,93630.0
ING004,2026-02-17,94330.0
ING004,2026-02-18,94450.0
ING004,2026-02-19,94560.0
ING004,2026-02-20,93830.0
ING004,2026-02-21,93990.0
ING004,2026-02-22,94650.0
ING004,2026-02-23,94090.0
ING004,2026-02-24,94990.0
ING004,2026-02-25,94890.0
ING004,2026-02-26,94280.0
ING004,2026-02-27,94900.0
ING004,2026-02-28,94680.0
ING004,2026-03-01,95130.0
ING004,2026-03-02,94890.0
ING004,2026-03-03,94820.0
ING004,2026-03-04,95090.0
ING004,2026-03-05,95230.0
ING004,2026-03-06,93900.0
ING004,2026-03-07,93200.0
ING004,2026-03-08,93840.0
ING004,2026-03-09,93770.0
ING004,2026-03-10,93460.0
ING004,2026-03-11,92630.0
ING004,2026-03-12,92010.0
ING004,2026-03-13,90830.0
ING004,2026-03-14,90940.0
ING004,2026-03-15,90720.0
ING004,2026-03-16,90280.0
ING004,2026-03-17,90430.0
ING004,2026-03-18,90850.0
ING004,2026-03-19,92360.0
ING004,2026-03-20,91490.0
ING004,2026-03-21,92370.0
ING004,2026-03-22,93080.0
ING004,2026-03-23,92640.0
ING004,2026-03-24,92860.0
ING004,2026-03-25,92640.0
ING004,2026-03-26,92840.0
ING004,2026-03-27,93870.0
ING004,2026-03-28,94280.0
ING004,2026-03-29,94610.0
ING004,2026-03-30,94320.0
ING004,2026-03-31,93380.0
ING004,2026-04-01,93290.0
ING004,2026-04-02,94120.0
ING004,2026-04-03,93160.0
ING004,2026-04-04,92550.0
ING004,2026-04-05,92720.0
ING004,2026-04-06,92180.0
ING004,2026-04-07,91780.0
ING004,2026-04-08,91640.0
ING004,2026-04-09,90910.0
ING004,2026-04-10,90470.0
ING004,2026-04-11,91120.0
ING004,2026-04-12,90450.0
ING004,2026-04-13,89630.0
ING004,2026-04-14,89470.0
ING004,2026-04-15,90190.0
ING004,2026-04-16,90280.0
ING004,2026-04-17,90200.0
ING004,2026-04-18,90440.0
ING004,2026-04-19,89530.0
ING004,2026-04-20,90100.0
ING004,2026-04-21,90570.0
ING004,2026-04-22,90500.0
ING004,2026-04-23,91350.0
ING004,2026-04-24,90790.0
ING004,2026-04-25,91700.0
ING004,2026-04-26,91940.0
ING004,2026-04-27,91860.0
ING004,2026-04-28,91990.0
ING004,2026-04-29,92050.0
ING004,2026-04-30,92960.0
ING004,2026-05-01,92350.0
ING004,2026-05-02,91980.0
ING004,2026-05-03,92780.0
ING004,2026-05-04,92490.0
ING004,2026-05-05,93180.0
ING004,2026-05-06,94340.0
ING004,2026-05-07,94100.0
ING004,2026-05-08,94560.0
ING004,2026-05-09,93830.0
ING004,2026-05-10,94360.0
ING004,2026-05-11,94510.0
ING004,2026-05-12,94820.0
ING004,2026-05-13,94400.0
ING004,2026-05-14,93360.0
ING004,2026-05-15,93750.0
ING004,2026-05-16,92490.0
ING004,2026-05-17,92400.0
ING004,2026-05-18,93120.0
ING004,2026-05-19,93330.0
ING004,2026-05-20,94650.0
ING004,2026-05-21,95310.0
ING004,2026-05-22,94870.0
ING004,2026-05-23,94880.0
ING004,2026-05-24,94850.0
ING004,2026-05-25,93840.0
ING004,2026-05-26,93300.0
ING004,2026-05-27,93020.0
ING004,2026-05-28,91810.0
ING004,2026-05-29,92000.0
ING004,2026-05-30,91990.0
ING004,2026-05-31,91070.0
ING004,2026-06-01,91520.0
ING004,2026-06-02,92140.0
ING004,2026-06-03,92430.0
ING004,2026-06-04,92350.0
ING004,2026-06-05,92860.0
ING004,2026-06-06,93400.0
ING004,2026-06-07,93670.0
ING004,2026-06-08,93210.0
ING004,2026-06-09,93480.0
ING004,2026-06-10,94320.0
ING004,2026-06-11,93970.0
ING004,2026-06-12,95360.0
ING004,2026-06-13,95010.0
ING004,2026-06-14,95030.0
ING004,2026-06-15,94610.0
ING004,2026-06-16,94770.0
ING004,2026-06-17,93680.0
ING004,2026-06-18,93400.0
ING004,2026-06-19,92790.0
ING004,2026-06-20,92990.0
ING004,2026-06-21,93730.0
ING004,2026-06-22,94210.0
ING004,2026-06-23,92750.0
ING004,2026-06-24,94170.0
ING004,2026-06-25,94410.0
ING004,2026-06-26,93950.0
ING004,2026-06-27,94110.0
ING004,2026-06-28,94280.0
ING004,2026-06-29,93900.0
ING004,2026-06-30,94090.0
ING005,2023-07-01,109470.0
ING005,2023-07-02,109140.0
ING005,2023-07-03,108580.0
ING005,2023-07-04,107390.0
ING005,2023-07-05,107650.0
ING005,2023-07-06,108290.0
ING005,2023-07-07,108830.0
ING005,2023-07-08,109610.0
ING005,2023-07-09,109920.0
ING005,2023-07-10,109460.0
ING005,2023-07-11,110230.0
ING005,2023-07-12,109040.0
ING005,2023-07-13,108300.0
ING005,2023-07-14,107540.0
ING005,2023-07-15,108620.0
ING005,2023-07-16,109530.0
ING005,2023-07-17,109990.0
ING005,2023-07-18,110950.0
ING005,2023-07-19,110140.0
ING005,2023-07-20,110450.0
ING005,2023-07-21,110330.0
ING005,2023-07-22,111070.0
ING005,2023-07-23,110930.0
ING005,2023-07-24,110560.0
ING005,2023-07-25,111020.0
ING005,2023-07-26,111750.0
ING005,2023-07-27,111090.0
ING005,2023-07-28,111000.0
ING005,2023-07-29,110040.0
ING005,2023-07-30,107850.0
ING005,2023-07-31,108160.0
ING005,2023-08-01,108800.0
ING005,2023-08-02,109110.0
ING005,2023-08-03,107460.0
ING005,2023-08-04,107300.0
ING005,2023-08-05,105500.0
ING005,2023-08-06,106960.0
ING005,2023-08-07,106170.0
ING005,2023-08-08,107490.0
ING005,2023-08-09,108470.0
ING005,2023-08-10,107780.0
ING005,2023-08-11,106920.0
ING005,2023-08-12,107410.0
ING005,2023-08-13,106820.0
ING005,2023-08-14,107100.0
ING005,2023-08-15,106840.0
ING005,2023-08-16,105460.0
ING005,2023-08-17,103750.0
ING005,2023-08-18,104300.0
ING005,2023-08-19,104120.0
ING005,2023-08-20,103950.0
ING005,2023-08-21,104900.0
ING005,2023-08-22,106220.0
ING005,2023-08-23,106200.0
ING005,2023-08-24,106120.0
ING005,2023-08-25,106790.0
ING005,2023-08-26,105790.0
ING005,2023-08-27,106230.0
ING005,2023-08-28,106940.0
ING005,2023-08-29,107730.0
ING005,2023-08-30,106170.0
ING005,2023-08-31,105730.0
ING005,2023-09-01,105210.0
ING005,2023-09-02,105570.0
ING005,2023-09-03,106260.0
ING005,2023-09-04,107800.0
ING005,2023-09-05,107510.0
ING005,2023-09-06,107240.0
ING005,2023-09-07,108430.0
ING005,2023-09-08,108810.0
ING005,2023-09-09,110030.0
ING005,2023-09-10,110330.0
ING005,2023-09-11,109330.0
ING005,2023-09-12,108240.0
ING005,2023-09-13,107010.0
ING005,2023-09-14,107780.0
ING005,2023-09-15,108990.0
ING005,2023-09-16,110710.0
ING005,2023-09-17,111460.0
ING005,2023-09-18,112460.0
ING005,2023-09-19,111880.0
ING005,2023-09-20,110810.0
ING005,2023-09-21,111570.0
ING005,2023-09-22,111910.0
ING005,2023-09-23,111960.0
ING005,2023-09-24,112250.0
ING005,2023-09-25,112480.0
ING005,2023-09-26,113540.0
ING005,2023-09-27,114550.0
ING005,2023-09-28,114860.0
ING005,2023-09-29,115410.0
ING005,2023-09-30,115650.0
ING005,2023-10-01,115020.0
ING005,2023-10-02,115490.0
ING005,2023-10-03,114040.0
ING005,2023-10-04,114820.0
ING005,2023-10-05,113590.0
ING005,2023-10-06,113720.0
ING005,2023-10-07,112850.0
ING005,2023-10-08,113250.0
ING005,2023-10-09,113120.0
ING005,2023-10-10,111620.0
ING005,2023-10-11,111970.0
ING005,2023-10-12,111430.0
ING005,2023-10-13,112200.0
ING005,2023-10-14,112150.0
ING005,2023-10-15,112450.0
ING005,2023-10-16,111550.0
ING005,2023-10-17,111020.0
ING005,2023-10-18,110630.0
ING005,2023-10-19,111420.0
ING005,2023-10-20,112890.0
ING005,2023-10-21,112110.0
ING005,2023-10-22,113020.0
ING005,2023-10-23,111030.0
ING005,2023-10-24,109990.0
ING005,2023-10-25,109220.0
ING005,2023-10-26,108140.0
ING005,2023-10-27,106910.0
ING005,2023-10-28,107500.0
ING005,2023-10-29,107510.0
ING005,2023-10-30,108040.0
ING005,2023-10-31,108820.0
ING005,2023-11-01,109190.0
ING005,2023-11-02,109880.0
ING005,2023-11-03,109900.0
ING005,2023-11-04,108940.0
ING005,2023-11-05,110000.0
ING005,2023-11-06,109560.0
ING005,2023-11-07,108830.0
ING005,2023-11-08,108810.0
ING005,2023-11-09,108150.0
ING005,2023-11-10,107950.0
ING005,2023-11-11,108440.0
ING005,2023-11-12,108900.0
ING005,2023-11-13,108250.0
ING005,2023-11-14,107990.0
ING005,2023-11-15,109120.0
ING005,2023-11-16,109680.0
ING005,2023-11-17,111610.0
ING005,2023-11-18,112650.0
ING005,2023-11-19,113610.0
ING005,2023-11-20,112290.0
ING005,2023-11-21,112940.0
ING005,2023-11-22,112830.0
ING005,2023-11-23,112290.0
ING005,2023-11-24,112410.0
ING005,2023-11-25,113210.0
ING005,2023-11-26,113580.0
ING005,2023-11-27,112720.0
ING005,2023-11-28,113330.0
ING005,2023-11-29,112690.0
ING005,2023-11-30,112840.0
ING005,2023-12-01,112520.0
ING005,2023-12-02,112300.0
ING005,2023-12-03,112950.0
ING005,2023-12-04,111980.0
ING005,2023-12-05,113690.0
ING005,2023-12-06,112000.0
ING005,2023-12-07,111470.0
ING005,2023-12-08,111820.0
ING005,2023-12-09,112340.0
ING005,2023-12-10,112230.0
ING005,2023-12-11,112160.0
ING005,2023-12-12,112520.0
ING005,2023-12-13,112290.0
ING005,2023-12-14,113500.0
ING005,2023-12-15,114160.0
ING005,2023-12-16,114820.0
ING005,2023-12-17,113830.0
ING005,2023-12-18,113680.0
ING005,2023-12-19,113330.0
ING005,2023-12-20,112380.0
ING005,2023-12-21,112680.0
ING005,2023-12-22,112180.0
ING005,2023-12-23,112760.0
ING005,2023-12-24,111780.0
ING005,2023-12-25,113310.0
ING005,2023-12-26,112460.0
ING005,2023-12-27,112640.0
ING005,2023-12-28,113320.0
ING005,2023-12-29,112760.0
ING005,2023-12-30,113480.0
ING005,2023-12-31,112330.0
ING005,2024-01-01,113610.0
ING005,2024-01-02,113550.0
ING005,2024-01-03,112960.0
ING005,2024-01-04,112660.0
ING005,2024-01-05,113350.0
ING005,2024-01-06,112780.0
ING005,2024-01-07,112100.0
ING005,2024-01-08,111920.0
ING005,2024-01-09,110900.0
ING005,2024-01-10,112570.0
ING005,2024-01-11,112060.0
ING005,2024-01-12,112810.0
ING005,2024-01-13,112970.0
ING005,2024-01-14,112080.0
ING005,2024-01-15,112090.0
ING005,2024-01-16,112790.0
ING005,2024-01-17,112610.0
ING005,2024-01-18,113650.0
ING005,2024-01-19,114490.0
ING005,2024-01-20,115190.0
ING005,2024-01-21,114650.0
ING005,2024-01-22,113590.0
ING005,2024-01-23,113000.0
ING005,2024-01-24,113140.0
ING005,2024-01-25,113590.0
ING005,2024-01-26,111630.0
ING005,2024-01-27,111670.0
ING005,2024-01-28,111850.0
ING005,2024-01-29,111640.0
ING005,2024-01-30,112820.0
ING005,2024-01-31,113180.0
ING005,2024-02-01,114310.0
ING005,2024-02-02,114030.0
ING005,2024-02-03,114780.0
ING005,2024-02-04,116120.0
ING005,2024-02-05,117100.0
ING005,2024-02-06,115910.0
ING005,2024-02-07,115530.0
ING005,2024-02-08,115080.0
ING005,2024-02-09,115390.0
ING005,2024-02-10,115860.0
ING005,2024-02-11,114970.0
ING005,2024-02-12,114910.0
ING005,2024-02-13,113030.0
ING005,2024-02-14,114280.0
ING005,2024-02-15,113750.0
ING005,2024-02-16,113750.0
ING005,2024-02-17,113430.0
ING005,2024-02-18,114410.0
ING005,2024-02-19,111830.0
ING005,2024-02-20,111870.0
ING005,2024-02-21,111820.0
ING005,2024-02-22,111480.0
ING005,2024-02-23,113060.0
ING005,2024-02-24,112270.0
ING005,2024-02-25,112980.0
ING005,2024-02-26,113290.0
ING005,2024-02-27,114380.0
ING005,2024-02-28,113720.0
ING005,2024-02-29,113040.0
ING005,2024-03-01,114000.0
ING005,2024-03-02,114320.0
ING005,2024-03-03,112890.0
ING005,2024-03-04,112420.0
ING005,2024-03-05,112790.0
ING005,2024-03-06,113540.0
ING005,2024-03-07,112910.0
ING005,2024-03-08,110350.0
ING005,2024-03-09,110950.0
ING005,2024-03-10,109980.0
ING005,2024-03-11,108360.0
ING005,2024-03-12,106100.0
ING005,2024-03-13,107170.0
ING005,2024-03-14,107580.0
ING005,2024-03-15,107660.0
ING005,2024-03-16,109150.0
ING005,2024-03-17,109910.0
ING005,2024-03-18,111500.0
ING005,2024-03-19,110350.0
ING005,2024-03-20,110460.0
ING005,2024-03-21,109180.0
ING005,2024-03-22,109180.0
ING005,2024-03-23,109160.0
ING005,2024-03-24,109910.0
ING005,2024-03-25,110120.0
ING005,2024-03-26,110820.0
ING005,2024-03-27,111560.0
ING005,2024-03-28,113550.0
ING005,2024-03-29,113260.0
ING005,2024-03-30,112430.0
ING005,2024-03-31,112690.0
ING005,2024-04-01,112010.0
ING005,2024-04-02,113380.0
ING005,2024-04-03,113130.0
ING005,2024-04-04,112650.0
ING005,2024-04-05,112270.0
ING005,2024-04-06,112950.0
ING005,2024-04-07,112840.0
ING005,2024-04-08,112300.0
ING005,2024-04-09,113820.0
ING005,2024-04-10,113050.0
ING005,2024-04-11,113100.0
ING005,2024-04-12,113690.0
ING005,2024-04-13,112240.0
ING005,2024-04-14,112730.0
ING005,2024-04-15,111840.0
ING005,2024-04-16,112640.0
ING005,2024-04-17,111840.0
ING005,2024-04-18,112530.0
ING005,2024-04-19,113560.0
ING005,2024-04-20,114310.0
ING005,2024-04-21,114500.0
ING005,2024-04-22,114250.0
ING005,2024-04-23,113710.0
ING005,2024-04-24,115000.0
ING005,2024-04-25,114310.0
ING005,2024-04-26,113360.0
ING005,2024-04-27,113960.0
ING005,2024-04-28,113250.0
ING005,2024-04-29,112430.0
ING005,2024-04-30,111220.0
ING005,2024-05-01,110920.0
ING005,2024-05-02,110980.0
ING005,2024-05-03,111330.0
ING005,2024-05-04,112290.0
ING005,2024-05-05,112830.0
ING005,2024-05-06,112700.0
ING005,2024-05-07,112580.0
ING005,2024-05-08,113090.0
ING005,2024-05-09,114240.0
ING005,2024-05-10,114330.0
ING005,2024-05-11,113890.0
ING005,2024-05-12,113010.0
ING005,2024-05-13,111780.0
ING005,2024-05-14,112470.0
ING005,2024-05-15,113050.0
ING005,2024-05-16,113600.0
ING005,2024-05-17,113500.0
ING005,2024-05-18,114750.0
ING005,2024-05-19,114290.0
ING005,2024-05-20,115110.0
ING005,2024-05-21,115010.0
ING005,2024-05-22,114420.0
ING005,2024-05-23,114920.0
ING005,2024-05-24,115230.0
ING005,2024-05-25,115480.0
ING005,2024-05-26,115480.0
ING005,2024-05-27,115370.0
ING005,2024-05-28,117410.0
ING005,2024-05-29,118280.0
ING005,2024-05-30,118700.0
ING005,2024-05-31,118570.0
ING005,2024-06-01,119230.0
ING005,2024-06-02,119430.0
ING005,2024-06-03,119180.0
ING005,2024-06-04,118660.0
ING005,2024-06-05,118360.0
ING005,2024-06-06,115360.0
ING005,2024-06-07,115480.0
ING005,2024-06-08,114980.0
ING005,2024-06-09,116340.0
ING005,2024-06-10,116250.0
ING005,2024-06-11,115100.0
ING005,2024-06-12,115010.0
ING005,2024-06-13,114050.0
ING005,2024-06-14,114470.0
ING005,2024-06-15,114720.0
ING005,2024-06-16,115540.0
ING005,2024-06-17,114780.0
ING005,2024-06-18,114780.0
ING005,2024-06-19,113550.0
ING005,2024-06-20,114210.0
ING005,2024-06-21,114670.0
ING005,2024-06-22,115090.0
ING005,2024-06-23,115050.0
ING005,2024-06-24,115380.0
ING005,2024-06-25,116740.0
ING005,2024-06-26,116370.0
ING005,2024-06-27,116390.0
ING005,2024-06-28,115330.0
ING005,2024-06-29,114520.0
ING005,2024-06-30,114600.0
ING005,2024-07-01,115560.0
ING005,2024-07-02,115280.0
ING005,2024-07-03,115030.0
ING005,2024-07-04,114640.0
ING005,2024-07-05,114160.0
ING005,2024-07-06,114440.0
ING005,2024-07-07,113120.0
ING005,2024-07-08,114320.0
ING005,2024-07-09,113740.0
ING005,2024-07-10,114420.0
ING005,2024-07-11,113310.0
ING005,2024-07-12,113960.0
ING005,2024-07-13,114580.0
ING005,2024-07-14,114920.0
ING005,2024-07-15,114020.0
ING005,2024-07-16,114270.0
ING005,2024-07-17,113250.0
ING005,2024-07-18,113090.0
ING005,2024-07-19,114080.0
ING005,2024-07-20,114810.0
ING005,2024-07-21,114810.0
ING005,2024-07-22,113950.0
ING005,2024-07-23,114550.0
ING005,2024-07-24,114570.0
ING005,2024-07-25,112540.0
ING005,2024-07-26,113340.0
ING005,2024-07-27,113380.0
ING005,2024-07-28,114510.0
ING005,2024-07-29,113560.0
ING005,2024-07-30,110820.0
ING005,2024-07-31,111270.0
ING005,2024-08-01,111700.0
ING005,2024-08-02,110370.0
ING005,2024-08-03,109730.0
ING005,2024-08-04,112410.0
ING005,2024-08-05,112260.0
ING005,2024-08-06,113030.0
ING005,2024-08-07,112550.0
ING005,2024-08-08,110830.0
ING005,2024-08-09,110880.0
ING005,2024-08-10,110850.0
ING005,2024-08-11,110700.0
ING005,2024-08-12,110810.0
ING005,2024-08-13,111250.0
ING005,2024-08-14,111300.0
ING005,2024-08-15,110370.0
ING005,2024-08-16,111030.0
ING005,2024-08-17,109510.0
ING005,2024-08-18,107980.0
ING005,2024-08-19,108980.0
ING005,2024-08-20,109730.0
ING005,2024-08-21,109940.0
ING005,2024-08-22,108970.0
ING005,2024-08-23,108650.0
ING005,2024-08-24,108740.0
ING005,2024-08-25,107650.0
ING005,2024-08-26,107370.0
ING005,2024-08-27,108330.0
ING005,2024-08-28,109930.0
ING005,2024-08-29,109820.0
ING005,2024-08-30,110750.0
ING005,2024-08-31,109290.0
ING005,2024-09-01,110160.0
ING005,2024-09-02,109700.0
ING005,2024-09-03,110250.0
ING005,2024-09-04,110280.0
ING005,2024-09-05,111690.0
ING005,2024-09-06,111090.0
ING005,2024-09-07,111850.0
ING005,2024-09-08,111780.0
ING005,2024-09-09,111810.0
ING005,2024-09-10,111820.0
ING005,2024-09-11,111250.0
ING005,2024-09-12,111440.0
ING005,2024-09-13,111580.0
ING005,2024-09-14,111980.0
ING005,2024-09-15,112220.0
ING005,2024-09-16,113080.0
ING005,2024-09-17,114000.0
ING005,2024-09-18,113150.0
ING005,2024-09-19,114020.0
ING005,2024-09-20,113050.0
ING005,2024-09-21,113680.0
ING005,2024-09-22,114310.0
ING005,2024-09-23,112690.0
ING005,2024-09-24,112910.0
ING005,2024-09-25,112620.0
ING005,2024-09-26,112100.0
ING005,2024-09-27,113450.0
ING005,2024-09-28,112980.0
ING005,2024-09-29,112400.0
ING005,2024-09-30,112620.0
ING005,2024-10-01,113370.0
ING005,2024-10-02,113350.0
ING005,2024-10-03,114490.0
ING005,2024-10-04,115010.0
ING005,2024-10-05,113120.0
ING005,2024-10-06,112780.0
ING005,2024-10-07,112420.0
ING005,2024-10-08,113000.0
ING005,2024-10-09,110820.0
ING005,2024-10-10,113310.0
ING005,2024-10-11,113890.0
ING005,2024-10-12,114110.0
ING005,2024-10-13,115230.0
ING005,2024-10-14,117310.0
ING005,2024-10-15,118000.0
ING005,2024-10-16,118720.0
ING005,2024-10-17,118680.0
ING005,2024-10-18,118410.0
ING005,2024-10-19,117860.0
ING005,2024-10-20,117030.0
ING005,2024-10-21,116360.0
ING005,2024-10-22,115140.0
ING005,2024-10-23,115110.0
ING005,2024-10-24,113660.0
ING005,2024-10-25,113930.0
ING005,2024-10-26,114000.0
ING005,2024-10-27,114220.0
ING005,2024-10-28,113840.0
ING005,2024-10-29,116650.0
ING005,2024-10-30,117810.0
ING005,2024-10-31,116610.0
ING005,2024-11-01,116780.0
ING005,2024-11-02,116200.0
ING005,2024-11-03,115300.0
ING005,2024-11-04,114150.0
ING005,2024-11-05,114620.0
ING005,2024-11-06,114090.0
ING005,2024-11-07,115030.0
ING005,2024-11-08,115950.0
ING005,2024-11-09,117170.0
ING005,2024-11-10,116360.0
ING005,2024-11-11,116760.0
ING005,2024-11-12,117280.0
ING005,2024-11-13,116800.0
ING005,2024-11-14,116080.0
ING005,2024-11-15,117500.0
ING005,2024-11-16,117630.0
ING005,2024-11-17,118110.0
ING005,2024-11-18,117290.0
ING005,2024-11-19,116150.0
ING005,2024-11-20,115650.0
ING005,2024-11-21,115570.0
ING005,2024-11-22,114660.0
ING005,2024-11-23,114730.0
ING005,2024-11-24,113310.0
ING005,2024-11-25,112470.0
ING005,2024-11-26,113250.0
ING005,2024-11-27,113930.0
ING005,2024-11-28,113700.0
ING005,2024-11-29,112930.0
ING005,2024-11-30,112190.0
ING005,2024-12-01,112060.0
ING005,2024-12-02,112840.0
ING005,2024-12-03,113830.0
ING005,2024-12-04,113520.0
ING005,2024-12-05,112640.0
ING005,2024-12-06,113060.0
ING005,2024-12-07,112500.0
ING005,2024-12-08,112230.0
ING005,2024-12-09,113610.0
ING005,2024-12-10,114470.0
ING005,2024-12-11,114710.0
ING005,2024-12-12,113670.0
ING005,2024-12-13,113990.0
ING005,2024-12-14,115050.0
ING005,2024-12-15,114790.0
ING005,2024-12-16,116060.0
ING005,2024-12-17,117220.0
ING005,2024-12-18,118640.0
ING005,2024-12-19,118800.0
ING005,2024-12-20,119200.0
ING005,2024-12-21,120310.0
ING005,2024-12-22,120520.0
ING005,2024-12-23,119880.0
ING005,2024-12-24,119310.0
ING005,2024-12-25,119390.0
ING005,2024-12-26,118110.0
ING005,2024-12-27,117910.0
ING005,2024-12-28,118800.0
ING005,2024-12-29,116770.0
ING005,2024-12-30,118110.0
ING005,2024-12-31,119020.0
ING005,2025-01-01,118500.0
ING005,2025-01-02,118880.0
ING005,2025-01-03,118770.0
ING005,2025-01-04,119750.0
ING005,2025-01-05,120460.0
ING005,2025-01-06,119040.0
ING005,2025-01-07,119440.0
ING005,2025-01-08,119120.0
ING005,2025-01-09,119080.0
ING005,2025-01-10,118320.0
ING005,2025-01-11,119780.0
ING005,2025-01-12,120540.0
ING005,2025-01-13,119700.0
ING005,2025-01-14,118380.0
ING005,2025-01-15,117970.0
ING005,2025-01-16,118290.0
ING005,2025-01-17,118430.0
ING005,2025-01-18,119450.0
ING005,2025-01-19,120020.0
ING005,2025-01-20,120710.0
ING005,2025-01-21,120810.0
ING005,2025-01-22,119390.0
ING005,2025-01-23,119090.0
ING005,2025-01-24,119920.0
ING005,2025-01-25,119720.0
ING005,2025-01-26,120020.0
ING005,2025-01-27,119590.0
ING005,2025-01-28,118550.0
ING005,2025-01-29,118360.0
ING005,2025-01-30,118570.0
ING005,2025-01-31,117910.0
ING005,2025-02-01,117660.0
ING005,2025-02-02,116800.0
ING005,2025-02-03,117800.0
ING005,2025-02-04,117500.0
ING005,2025-02-05,118750.0
ING005,2025-02-06,120020.0
ING005,2025-02-07,119800.0
ING005,2025-02-08,118770.0
ING005,2025-02-09,116850.0
ING005,2025-02-10,115570.0
ING005,2025-02-11,114440.0
ING005,2025-02-12,115790.0
ING005,2025-02-13,115960.0
ING005,2025-02-14,116360.0
ING005,2025-02-15,114450.0
ING005,2025-02-16,113530.0
ING005,2025-02-17,114490.0
ING005,2025-02-18,114880.0
ING005,2025-02-19,114870.0
ING005,2025-02-20,115490.0
ING005,2025-02-21,117010.0
ING005,2025-02-22,116830.0
ING005,2025-02-23,116910.0
ING005,2025-02-24,117100.0
ING005,2025-02-25,119220.0
ING005,2025-02-26,117270.0
ING005,2025-02-27,117880.0
ING005,2025-02-28,117750.0
ING005,2025-03-01,118230.0
ING005,2025-03-02,117600.0
ING005,2025-03-03,117550.0
ING005,2025-03-04,118170.0
ING005,2025-03-05,120870.0
ING005,2025-03-06,121410.0
ING005,2025-03-07,120460.0
ING005,2025-03-08,119930.0
ING005,2025-03-09,119410.0
ING005,2025-03-10,117730.0
ING005,2025-03-11,117430.0
ING005,2025-03-12,118080.0
ING005,2025-03-13,116920.0
ING005,2025-03-14,117880.0
ING005,2025-03-15,118290.0
ING005,2025-03-16,117600.0
ING005,2025-03-17,117470.0
ING005,2025-03-18,118880.0
ING005,2025-03-19,119460.0
ING005,2025-03-20,119380.0
ING005,2025-03-21,119080.0
ING005,2025-03-22,119070.0
ING005,2025-03-23,118550.0
ING005,2025-03-24,116650.0
ING005,2025-03-25,118500.0
ING005,2025-03-26,118590.0
ING005,2025-03-27,118890.0
ING005,2025-03-28,118780.0
ING005,2025-03-29,118080.0
ING005,2025-03-30,117900.0
ING005,2025-03-31,116480.0
ING005,2025-04-01,118540.0
ING005,2025-04-02,117420.0
ING005,2025-04-03,116530.0
ING005,2025-04-04,116200.0
ING005,2025-04-05,117410.0
ING005,2025-04-06,117440.0
ING005,2025-04-07,116370.0
ING005,2025-04-08,117550.0
ING005,2025-04-09,118200.0
ING005,2025-04-10,118660.0
ING005,2025-04-11,119250.0
ING005,2025-04-12,121280.0
ING005,2025-04-13,123040.0
ING005,2025-04-14,122170.0
ING005,2025-04-15,123390.0
ING005,2025-04-16,123450.0
ING005,2025-04-17,123610.0
ING005,2025-04-18,121840.0
ING005,2025-04-19,121490.0
ING005,2025-04-20,120600.0
ING005,2025-04-21,121200.0
ING005,2025-04-22,121980.0
ING005,2025-04-23,119950.0
ING005,2025-04-24,119840.0
ING005,2025-04-25,120730.0
ING005,2025-04-26,120430.0
ING005,2025-04-27,120950.0
ING005,2025-04-28,121120.0
ING005,2025-04-29,121260.0
ING005,2025-04-30,120860.0
ING005,2025-05-01,119650.0
ING005,2025-05-02,118590.0
ING005,2025-05-03,119190.0
ING005,2025-05-04,119150.0
ING005,2025-05-05,118980.0
ING005,2025-05-06,118560.0
ING005,2025-05-07,118270.0
ING005,2025-05-08,119190.0
ING005,2025-05-09,118840.0
ING005,2025-05-10,117630.0
ING005,2025-05-11,118310.0
ING005,2025-05-12,118130.0
ING005,2025-05-13,118160.0
ING005,2025-05-14,119580.0
ING005,2025-05-15,119490.0
ING005,2025-05-16,119690.0
ING005,2025-05-17,118580.0
ING005,2025-05-18,118370.0
ING005,2025-05-19,118900.0
ING005,2025-05-20,117500.0
ING005,2025-05-21,117720.0
ING005,2025-05-22,117840.0
ING005,2025-05-23,117900.0
ING005,2025-05-24,118840.0
ING005,2025-05-25,119110.0
ING005,2025-05-26,120370.0
ING005,2025-05-27,119400.0
ING005,2025-05-28,119470.0
ING005,2025-05-29,119490.0
ING005,2025-05-30,118500.0
ING005,2025-05-31,119330.0
ING005,2025-06-01,121340.0
ING005,2025-06-02,121180.0
ING005,2025-06-03,121490.0
ING005,2025-06-04,121410.0
ING005,2025-06-05,120640.0
ING005,2025-06-06,118930.0
ING005,2025-06-07,118290.0
ING005,2025-06-08,117080.0
ING005,2025-06-09,118650.0
ING005,2025-06-10,118540.0
ING005,2025-06-11,118240.0
ING005,2025-06-12,119040.0
ING005,2025-06-13,118030.0
ING005,2025-06-14,117380.0
ING005,2025-06-15,117510.0
ING005,2025-06-16,118470.0
ING005,2025-06-17,118920.0
ING005,2025-06-18,119120.0
ING005,2025-06-19,119170.0
ING005,2025-06-20,119500.0
ING005,2025-06-21,119630.0
ING005,2025-06-22,118680.0
ING005,2025-06-23,118720.0
ING005,2025-06-24,117780.0
ING005,2025-06-25,117900.0
ING005,2025-06-26,117520.0
ING005,2025-06-27,119810.0
ING005,2025-06-28,119730.0
ING005,2025-06-29,118440.0
ING005,2025-06-30,118340.0
ING005,2025-07-01,118820.0
ING005,2025-07-02,120300.0
ING005,2025-07-03,119710.0
ING005,2025-07-04,118270.0
ING005,2025-07-05,119020.0
ING005,2025-07-06,117800.0
ING005,2025-07-07,117470.0
ING005,2025-07-08,117310.0
ING005,2025-07-09,117330.0
ING005,2025-07-10,118020.0
ING005,2025-07-11,117460.0
ING005,2025-07-12,117290.0
ING005,2025-07-13,117360.0
ING005,2025-07-14,117580.0
ING005,2025-07-15,117730.0
ING005,2025-07-16,118180.0
ING005,2025-07-17,118960.0
ING005,2025-07-18,119310.0
ING005,2025-07-19,119700.0
ING005,2025-07-20,118270.0
ING005,2025-07-21,118350.0
ING005,2025-07-22,118810.0
ING005,2025-07-23,119470.0
ING005,2025-07-24,118840.0
ING005,2025-07-25,118270.0
ING005,2025-07-26,117810.0
ING005,2025-07-27,118350.0
ING005,2025-07-28,119300.0
ING005,2025-07-29,118930.0
ING005,2025-07-30,119740.0
ING005,2025-07-31,119820.0
ING005,2025-08-01,119680.0
ING005,2025-08-02,119470.0
ING005,2025-08-03,120110.0
ING005,2025-08-04,120360.0
ING005,2025-08-05,122300.0
ING005,2025-08-06,121400.0
ING005,2025-08-07,121750.0
ING005,2025-08-08,121160.0
ING005,2025-08-09,120300.0
ING005,2025-08-10,120240.0
ING005,2025-08-11,120310.0
ING005,2025-08-12,122830.0
ING005,2025-08-13,122500.0
ING005,2025-08-14,121340.0
ING005,2025-08-15,121480.0
ING005,2025-08-16,119550.0
ING005,2025-08-17,119460.0
ING005,2025-08-18,119470.0
ING005,2025-08-19,120170.0
ING005,2025-08-20,120990.0
ING005,2025-08-21,120470.0
ING005,2025-08-22,120280.0
ING005,2025-08-23,119570.0
ING005,2025-08-24,118570.0
ING005,2025-08-25,118890.0
ING005,2025-08-26,117800.0
ING005,2025-08-27,117520.0
ING005,2025-08-28,116740.0
ING005,2025-08-29,117360.0
ING005,2025-08-30,119060.0
ING005,2025-08-31,117940.0
ING005,2025-09-01,116390.0
ING005,2025-09-02,116440.0
ING005,2025-09-03,116610.0
ING005,2025-09-04,116950.0
ING005,2025-09-05,116690.0
ING005,2025-09-06,116660.0
ING005,2025-09-07,117130.0
ING005,2025-09-08,118170.0
ING005,2025-09-09,116530.0
ING005,2025-09-10,116360.0
ING005,2025-09-11,116710.0
ING005,2025-09-12,116050.0
ING005,2025-09-13,117760.0
ING005,2025-09-14,117300.0
ING005,2025-09-15,117380.0
ING005,2025-09-16,117990.0
ING005,2025-09-17,117560.0
ING005,2025-09-18,116040.0
ING005,2025-09-19,115850.0
ING005,2025-09-20,116960.0
ING005,2025-09-21,116800.0
ING005,2025-09-22,116210.0
ING005,2025-09-23,117200.0
ING005,2025-09-24,117040.0
ING005,2025-09-25,116730.0
ING005,2025-09-26,117020.0
ING005,2025-09-27,117840.0
ING005,2025-09-28,120040.0
ING005,2025-09-29,120760.0
ING005,2025-09-30,121740.0
ING005,2025-10-01,121200.0
ING005,2025-10-02,120240.0
ING005,2025-10-03,120280.0
ING005,2025-10-04,120360.0
ING005,2025-10-05,119390.0
ING005,2025-10-06,119260.0
ING005,2025-10-07,119650.0
ING005,2025-10-08,119990.0
ING005,2025-10-09,120430.0
ING005,2025-10-10,120670.0
ING005,2025-10-11,120190.0
ING005,2025-10-12,119730.0
ING005,2025-10-13,118690.0
ING005,2025-10-14,120330.0
ING005,2025-10-15,120330.0
ING005,2025-10-16,120120.0
ING005,2025-10-17,119300.0
ING005,2025-10-18,121930.0
ING005,2025-10-19,120900.0
ING005,2025-10-20,120480.0
ING005,2025-10-21,120830.0
ING005,2025-10-22,121330.0
ING005,2025-10-23,122110.0
ING005,2025-10-24,123610.0
ING005,2025-10-25,123880.0
ING005,2025-10-26,122770.0
ING005,2025-10-27,122420.0
ING005,2025-10-28,122580.0
ING005,2025-10-29,124280.0
ING005,2025-10-30,122850.0
ING005,2025-10-31,123780.0
ING005,2025-11-01,123770.0
ING005,2025-11-02,124330.0
ING005,2025-11-03,124040.0
ING005,2025-11-04,123110.0
ING005,2025-11-05,123640.0
ING005,2025-11-06,124050.0
ING005,2025-11-07,124720.0
ING005,2025-11-08,124490.0
ING005,2025-11-09,123760.0
ING005,2025-11-10,122220.0
ING005,2025-11-11,122850.0
ING005,2025-11-12,123100.0
ING005,2025-11-13,122120.0
ING005,2025-11-14,121560.0
ING005,2025-11-15,121100.0
ING005,2025-11-16,119760.0
ING005,2025-11-17,119080.0
ING005,2025-11-18,118150.0
ING005,2025-11-19,117900.0
ING005,2025-11-20,117390.0
ING005,2025-11-21,116110.0
ING005,2025-11-22,118110.0
ING005,2025-11-23,119340.0
ING005,2025-11-24,118710.0
ING005,2025-11-25,119050.0
ING005,2025-11-26,119490.0
ING005,2025-11-27,120600.0
ING005,2025-11-28,119880.0
ING005,2025-11-29,120880.0
ING005,2025-11-30,120380.0
ING005,2025-12-01,119220.0
ING005,2025-12-02,119930.0
ING005,2025-12-03,121100.0
ING005,2025-12-04,123360.0
ING005,2025-12-05,122170.0
ING005,2025-12-06,122710.0
ING005,2025-12-07,122250.0
ING005,2025-12-08,122870.0
ING005,2025-12-09,121470.0
ING005,2025-12-10,120320.0
ING005,2025-12-11,119660.0
ING005,2025-12-12,119790.0
ING005,2025-12-13,119270.0
ING005,2025-12-14,119930.0
ING005,2025-12-15,120880.0
ING005,2025-12-16,121400.0
ING005,2025-12-17,122800.0
ING005,2025-12-18,123070.0
ING005,2025-12-19,121890.0
ING005,2025-12-20,123040.0
ING005,2025-12-21,122400.0
ING005,2025-12-22,123130.0
ING005,2025-12-23,124400.0
ING005,2025-12-24,124630.0
ING005,2025-12-25,123130.0
ING005,2025-12-26,122210.0
ING005,2025-12-27,123310.0
ING005,2025-12-28,123050.0
ING005,2025-12-29,123020.0
ING005,2025-12-30,123580.0
ING005,2025-12-31,124070.0
ING005,2026-01-01,124160.0
ING005,2026-01-02,123820.0
ING005,2026-01-03,123410.0
ING005,2026-01-04,124050.0
ING005,2026-01-05,124380.0
ING005,2026-01-06,123990.0
ING005,2026-01-07,124800.0
ING005,2026-01-08,124500.0
ING005,2026-01-09,123590.0
ING005,2026-01-10,122790.0
ING005,2026-01-11,121850.0
ING005,2026-01-12,121580.0
ING005,2026-01-13,122640.0
ING005,2026-01-14,121860.0
ING005,2026-01-15,121990.0
ING005,2026-01-16,121380.0
ING005,2026-01-17,121140.0
ING005,2026-01-18,119820.0
ING005,2026-01-19,119690.0
ING005,2026-01-20,119600.0
ING005,2026-01-21,120160.0
ING005,2026-01-22,120410.0
ING005,2026-01-23,119400.0
ING005,2026-01-24,120450.0
ING005,2026-01-25,120680.0
ING005,2026-01-26,120890.0
ING005,2026-01-27,120900.0
ING005,2026-01-28,120470.0
ING005,2026-01-29,120710.0
ING005,2026-01-30,121160.0
ING005,2026-01-31,119630.0
ING005,2026-02-01,119250.0
ING005,2026-02-02,119130.0
ING005,2026-02-03,119470.0
ING005,2026-02-04,120620.0
ING005,2026-02-05,119980.0
ING005,2026-02-06,119620.0
ING005,2026-02-07,119260.0
ING005,2026-02-08,118670.0
ING005,2026-02-09,118500.0
ING005,2026-02-10,119330.0
ING005,2026-02-11,118510.0
ING005,2026-02-12,119040.0
ING005,2026-02-13,117670.0
ING005,2026-02-14,117370.0
ING005,2026-02-15,117290.0
ING005,2026-02-16,118980.0
ING005,2026-02-17,118870.0
ING005,2026-02-18,117070.0
ING005,2026-02-19,115540.0
ING005,2026-02-20,115870.0
ING005,2026-02-21,116700.0
ING005,2026-02-22,117280.0
ING005,2026-02-23,117640.0
ING005,2026-02-24,118870.0
ING005,2026-02-25,118540.0
ING005,2026-02-26,119480.0
ING005,2026-02-27,118160.0
ING005,2026-02-28,117540.0
ING005,2026-03-01,116160.0
ING005,2026-03-02,116200.0
ING005,2026-03-03,116440.0
ING005,2026-03-04,116800.0
ING005,2026-03-05,117110.0
ING005,2026-03-06,116520.0
ING005,2026-03-07,116620.0
ING005,2026-03-08,115560.0
ING005,2026-03-09,117080.0
ING005,2026-03-10,117050.0
ING005,2026-03-11,116860.0
ING005,2026-03-12,118510.0
ING005,2026-03-13,117580.0
ING005,2026-03-14,116810.0
ING005,2026-03-15,116100.0
ING005,2026-03-16,116330.0
ING005,2026-03-17,116990.0
ING005,2026-03-18,117890.0
ING005,2026-03-19,120360.0
ING005,2026-03-20,118460.0
ING005,2026-03-21,119170.0
ING005,2026-03-22,118820.0
ING005,2026-03-23,118460.0
ING005,2026-03-24,118100.0
ING005,2026-03-25,117490.0
ING005,2026-03-26,119200.0
ING005,2026-03-27,120090.0
ING005,2026-03-28,120210.0
ING005,2026-03-29,121490.0
ING005,2026-03-30,120190.0
ING005,2026-03-31,119110.0
ING005,2026-04-01,117350.0
ING005,2026-04-02,116970.0
ING005,2026-04-03,117370.0
ING005,2026-04-04,117700.0
ING005,2026-04-05,118050.0
ING005,2026-04-06,117020.0
ING005,2026-04-07,117980.0
ING005,2026-04-08,118410.0
ING005,2026-04-09,119240.0
ING005,2026-04-10,117720.0
ING005,2026-04-11,118220.0
ING005,2026-04-12,117380.0
ING005,2026-04-13,117270.0
ING005,2026-04-14,117990.0
ING005,2026-04-15,118290.0
ING005,2026-04-16,117740.0
ING005,2026-04-17,117970.0
ING005,2026-04-18,116840.0
ING005,2026-04-19,118130.0
ING005,2026-04-20,118160.0
ING005,2026-04-21,119350.0
ING005,2026-04-22,119040.0
ING005,2026-04-23,118750.0
ING005,2026-04-24,118260.0
ING005,2026-04-25,119240.0
ING005,2026-04-26,118770.0
ING005,2026-04-27,119520.0
ING005,2026-04-28,119330.0
ING005,2026-04-29,117750.0
ING005,2026-04-30,117480.0
ING005,2026-05-01,116690.0
ING005,2026-05-02,117010.0
ING005,2026-05-03,116240.0
ING005,2026-05-04,117370.0
ING005,2026-05-05,117550.0
ING005,2026-05-06,117640.0
ING005,2026-05-07,118460.0
ING005,2026-05-08,119520.0
ING005,2026-05-09,119650.0
ING005,2026-05-10,119120.0
ING005,2026-05-11,117730.0
ING005,2026-05-12,117370.0
ING005,2026-05-13,117090.0
ING005,2026-05-14,117460.0
ING005,2026-05-15,117420.0
ING005,2026-05-16,118290.0
ING005,2026-05-17,117960.0
ING005,2026-05-18,118150.0
ING005,2026-05-19,119420.0
ING005,2026-05-20,119880.0
ING005,2026-05-21,119970.0
ING005,2026-05-22,119580.0
ING005,2026-05-23,119180.0
ING005,2026-05-24,118610.0
ING005,2026-05-25,118340.0
ING005,2026-05-26,119230.0
ING005,2026-05-27,119210.0
ING005,2026-05-28,118210.0
ING005,2026-05-29,119990.0
ING005,2026-05-30,120410.0
ING005,2026-05-31,119300.0
ING005,2026-06-01,119090.0
ING005,2026-06-02,119370.0
ING005,2026-06-03,121050.0
ING005,2026-06-04,120160.0
ING005,2026-06-05,121160.0
ING005,2026-06-06,122480.0
ING005,2026-06-07,121950.0
ING005,2026-06-08,121750.0
ING005,2026-06-09,120900.0
ING005,2026-06-10,120830.0
ING005,2026-06-11,120900.0
ING005,2026-06-12,121580.0
ING005,2026-06-13,122610.0
ING005,2026-06-14,121980.0
ING005,2026-06-15,120300.0
ING005,2026-06-16,120420.0
ING005,2026-06-17,120800.0
ING005,2026-06-18,121140.0
ING005,2026-06-19,120950.0
ING005,2026-06-20,121160.0
ING005,2026-06-21,122590.0
ING005,2026-06-22,122950.0
ING005,2026-06-23,122630.0
ING005,2026-06-24,122220.0
ING005,2026-06-25,122110.0
ING005,2026-06-26,123610.0
ING005,2026-06-27,123420.0
ING005,2026-06-28,123390.0
ING005,2026-06-29,122960.0
ING005,2026-06-30,123940.0
ING006,2023-07-01,46540.0
ING006,2023-07-02,46820.0
ING006,2023-07-03,46800.0
ING006,2023-07-04,46740.0
ING006,2023-07-05,44770.0
ING006,2023-07-06,45370.0
ING006,2023-07-07,45460.0
ING006,2023-07-08,45780.0
ING006,2023-07-09,45180.0
ING006,2023-07-10,44870.0
ING006,2023-07-11,44560.0
ING006,2023-07-12,45380.0
ING006,2023-07-13,45070.0
ING006,2023-07-14,46710.0
ING006,2023-07-15,46970.0
ING006,2023-07-16,45870.0
ING006,2023-07-17,45730.0
ING006,2023-07-18,45180.0
ING006,2023-07-19,43450.0
ING006,2023-07-20,44790.0
ING006,2023-07-21,45360.0
ING006,2023-07-22,45770.0
ING006,2023-07-23,45860.0
ING006,2023-07-24,44740.0
ING006,2023-07-25,44380.0
ING006,2023-07-26,45080.0
ING006,2023-07-27,44250.0
ING006,2023-07-28,42300.0
ING006,2023-07-29,42260.0
ING006,2023-07-30,42300.0
ING006,2023-07-31,42550.0
ING006,2023-08-01,43250.0
ING006,2023-08-02,43850.0
ING006,2023-08-03,44120.0
ING006,2023-08-04,45110.0
ING006,2023-08-05,43920.0
ING006,2023-08-06,44380.0
ING006,2023-08-07,44910.0
ING006,2023-08-08,43950.0
ING006,2023-08-09,42830.0
ING006,2023-08-10,42360.0
ING006,2023-08-11,41980.0
ING006,2023-08-12,42740.0
ING006,2023-08-13,42380.0
ING006,2023-08-14,41840.0
ING006,2023-08-15,41530.0
ING006,2023-08-16,42600.0
ING006,2023-08-17,42740.0
ING006,2023-08-18,42720.0
ING006,2023-08-19,42760.0
ING006,2023-08-20,43900.0
ING006,2023-08-21,43380.0
ING006,2023-08-22,44510.0
ING006,2023-08-23,44710.0
ING006,2023-08-24,44610.0
ING006,2023-08-25,46620.0
ING006,2023-08-26,45720.0
ING006,2023-08-27,45420.0
ING006,2023-08-28,44440.0
ING006,2023-08-29,45230.0
ING006,2023-08-30,46570.0
ING006,2023-08-31,47820.0
ING006,2023-09-01,48660.0
ING006,2023-09-02,48330.0
ING006,2023-09-03,47900.0
ING006,2023-09-04,46450.0
ING006,2023-09-05,48000.0
ING006,2023-09-06,48230.0
ING006,2023-09-07,47700.0
ING006,2023-09-08,48630.0
ING006,2023-09-09,47700.0
ING006,2023-09-10,47900.0
ING006,2023-09-11,47640.0
ING006,2023-09-12,48030.0
ING006,2023-09-13,47840.0
ING006,2023-09-14,46580.0
ING006,2023-09-15,46580.0
ING006,2023-09-16,47340.0
ING006,2023-09-17,47220.0
ING006,2023-09-18,47740.0
ING006,2023-09-19,46800.0
ING006,2023-09-20,46710.0
ING006,2023-09-21,46150.0
ING006,2023-09-22,46700.0
ING006,2023-09-23,46660.0
ING006,2023-09-24,47150.0
ING006,2023-09-25,47920.0
ING006,2023-09-26,48340.0
ING006,2023-09-27,48410.0
ING006,2023-09-28,47470.0
ING006,2023-09-29,47370.0
ING006,2023-09-30,46850.0
ING006,2023-10-01,46510.0
ING006,2023-10-02,46160.0
ING006,2023-10-03,45360.0
ING006,2023-10-04,43820.0
ING006,2023-10-05,43380.0
ING006,2023-10-06,43640.0
ING006,2023-10-07,42670.0
ING006,2023-10-08,42820.0
ING006,2023-10-09,44450.0
ING006,2023-10-10,45310.0
ING006,2023-10-11,46610.0
ING006,2023-10-12,46860.0
ING006,2023-10-13,47720.0
ING006,2023-10-14,47040.0
ING006,2023-10-15,46450.0
ING006,2023-10-16,44250.0
ING006,2023-10-17,45250.0
ING006,2023-10-18,46480.0
ING006,2023-10-19,45990.0
ING006,2023-10-20,45770.0
ING006,2023-10-21,45170.0
ING006,2023-10-22,45490.0
ING006,2023-10-23,46380.0
ING006,2023-10-24,44960.0
ING006,2023-10-25,45320.0
ING006,2023-10-26,45110.0
ING006,2023-10-27,45220.0
ING006,2023-10-28,45600.0
ING006,2023-10-29,45460.0
ING006,2023-10-30,45380.0
ING006,2023-10-31,45220.0
ING006,2023-11-01,46010.0
ING006,2023-11-02,46320.0
ING006,2023-11-03,46460.0
ING006,2023-11-04,45410.0
ING006,2023-11-05,45130.0
ING006,2023-11-06,45860.0
ING006,2023-11-07,45880.0
ING006,2023-11-08,46380.0
ING006,2023-11-09,47740.0
ING006,2023-11-10,48450.0
ING006,2023-11-11,48390.0
ING006,2023-11-12,47850.0
ING006,2023-11-13,45730.0
ING006,2023-11-14,45590.0
ING006,2023-11-15,45340.0
ING006,2023-11-16,45660.0
ING006,2023-11-17,45540.0
ING006,2023-11-18,45300.0
ING006,2023-11-19,43920.0
ING006,2023-11-20,43270.0
ING006,2023-11-21,43760.0
ING006,2023-11-22,45210.0
ING006,2023-11-23,45160.0
ING006,2023-11-24,45450.0
ING006,2023-11-25,46210.0
ING006,2023-11-26,45550.0
ING006,2023-11-27,45850.0
ING006,2023-11-28,45260.0
ING006,2023-11-29,45960.0
ING006,2023-11-30,46070.0
ING006,2023-12-01,46290.0
ING006,2023-12-02,45650.0
ING006,2023-12-03,46210.0
ING006,2023-12-04,47830.0
ING006,2023-12-05,46930.0
ING006,2023-12-06,46610.0
ING006,2023-12-07,46750.0
ING006,2023-12-08,47320.0
ING006,2023-12-09,46800.0
ING006,2023-12-10,44520.0
ING006,2023-12-11,45660.0
ING006,2023-12-12,46260.0
ING006,2023-12-13,44870.0
ING006,2023-12-14,44440.0
ING006,2023-12-15,45740.0
ING006,2023-12-16,46890.0
ING006,2023-12-17,47570.0
ING006,2023-12-18,47350.0
ING006,2023-12-19,47340.0
ING006,2023-12-20,47160.0
ING006,2023-12-21,47980.0
ING006,2023-12-22,47190.0
ING006,2023-12-23,46490.0
ING006,2023-12-24,47250.0
ING006,2023-12-25,47150.0
ING006,2023-12-26,48170.0
ING006,2023-12-27,47530.0
ING006,2023-12-28,47400.0
ING006,2023-12-29,46600.0
ING006,2023-12-30,46570.0
ING006,2023-12-31,45370.0
ING006,2024-01-01,45010.0
ING006,2024-01-02,43930.0
ING006,2024-01-03,44570.0
ING006,2024-01-04,45210.0
ING006,2024-01-05,43880.0
ING006,2024-01-06,45030.0
ING006,2024-01-07,47040.0
ING006,2024-01-08,47030.0
ING006,2024-01-09,46470.0
ING006,2024-01-10,48670.0
ING006,2024-01-11,53450.0
ING006,2024-01-12,59310.0
ING006,2024-01-13,65270.0
ING006,2024-01-14,72540.0
ING006,2024-01-15,78580.0
ING006,2024-01-16,83340.0
ING006,2024-01-17,87190.0
ING006,2024-01-18,91690.0
ING006,2024-01-19,94850.0
ING006,2024-01-20,99480.0
ING006,2024-01-21,102780.0
ING006,2024-01-22,104050.0
ING006,2024-01-23,110220.0
ING006,2024-01-24,112660.0
ING006,2024-01-25,113220.0
ING006,2024-01-26,115720.0
ING006,2024-01-27,118370.0
ING006,2024-01-28,116770.0
ING006,2024-01-29,119390.0
ING006,2024-01-30,118600.0
ING006,2024-01-31,123560.0
ING006,2024-02-01,125350.0
ING006,2024-02-02,124650.0
ING006,2024-02-03,122840.0
ING006,2024-02-04,122120.0
ING006,2024-02-05,122580.0
ING006,2024-02-06,121170.0
ING006,2024-02-07,118980.0
ING006,2024-02-08,117030.0
ING006,2024-02-09,113350.0
ING006,2024-02-10,109950.0
ING006,2024-02-11,102960.0
ING006,2024-02-12,101730.0
ING006,2024-02-13,98760.0
ING006,2024-02-14,93590.0
ING006,2024-02-15,92650.0
ING006,2024-02-16,88200.0
ING006,2024-02-17,81880.0
ING006,2024-02-18,78190.0
ING006,2024-02-19,73520.0
ING006,2024-02-20,68590.0
ING006,2024-02-21,62570.0
ING006,2024-02-22,57420.0
ING006,2024-02-23,51460.0
ING006,2024-02-24,46180.0
ING006,2024-02-25,44680.0
ING006,2024-02-26,44410.0
ING006,2024-02-27,45860.0
ING006,2024-02-28,45270.0
ING006,2024-02-29,44840.0
ING006,2024-03-01,44560.0
ING006,2024-03-02,43680.0
ING006,2024-03-03,42070.0
ING006,2024-03-04,42100.0
ING006,2024-03-05,42410.0
ING006,2024-03-06,42560.0
ING006,2024-03-07,42630.0
ING006,2024-03-08,42840.0
ING006,2024-03-09,43820.0
ING006,2024-03-10,43790.0
ING006,2024-03-11,43460.0
ING006,2024-03-12,43380.0
ING006,2024-03-13,43980.0
ING006,2024-03-14,45210.0
ING006,2024-03-15,44770.0
ING006,2024-03-16,44920.0
ING006,2024-03-17,45250.0
ING006,2024-03-18,44520.0
ING006,2024-03-19,44630.0
ING006,2024-03-20,43560.0
ING006,2024-03-21,42300.0
ING006,2024-03-22,42790.0
ING006,2024-03-23,42660.0
ING006,2024-03-24,43010.0
ING006,2024-03-25,43160.0
ING006,2024-03-26,42550.0
ING006,2024-03-27,42700.0
ING006,2024-03-28,41910.0
ING006,2024-03-29,43230.0
ING006,2024-03-30,42320.0
ING006,2024-03-31,42360.0
ING006,2024-04-01,41740.0
ING006,2024-04-02,42420.0
ING006,2024-04-03,42360.0
ING006,2024-04-04,42150.0
ING006,2024-04-05,43030.0
ING006,2024-04-06,43220.0
ING006,2024-04-07,43790.0
ING006,2024-04-08,43150.0
ING006,2024-04-09,42200.0
ING006,2024-04-10,42500.0
ING006,2024-04-11,42440.0
ING006,2024-04-12,43130.0
ING006,2024-04-13,43230.0
ING006,2024-04-14,43560.0
ING006,2024-04-15,42420.0
ING006,2024-04-16,44110.0
ING006,2024-04-17,44100.0
ING006,2024-04-18,44760.0
ING006,2024-04-19,44190.0
ING006,2024-04-20,44540.0
ING006,2024-04-21,43610.0
ING006,2024-04-22,44110.0
ING006,2024-04-23,43950.0
ING006,2024-04-24,44100.0
ING006,2024-04-25,44770.0
ING006,2024-04-26,43880.0
ING006,2024-04-27,43470.0
ING006,2024-04-28,43980.0
ING006,2024-04-29,45760.0
ING006,2024-04-30,45690.0
ING006,2024-05-01,46200.0
ING006,2024-05-02,46130.0
ING006,2024-05-03,47680.0
ING006,2024-05-04,46240.0
ING006,2024-05-05,46330.0
ING006,2024-05-06,45060.0
ING006,2024-05-07,43160.0
ING006,2024-05-08,43560.0
ING006,2024-05-09,43820.0
ING006,2024-05-10,43730.0
ING006,2024-05-11,43790.0
ING006,2024-05-12,46370.0
ING006,2024-05-13,46180.0
ING006,2024-05-14,46600.0
ING006,2024-05-15,46080.0
ING006,2024-05-16,46340.0
ING006,2024-05-17,46170.0
ING006,2024-05-18,45860.0
ING006,2024-05-19,47330.0
ING006,2024-05-20,48220.0
ING006,2024-05-21,48250.0
ING006,2024-05-22,46350.0
ING006,2024-05-23,46080.0
ING006,2024-05-24,48240.0
ING006,2024-05-25,47980.0
ING006,2024-05-26,48780.0
ING006,2024-05-27,49800.0
ING006,2024-05-28,49820.0
ING006,2024-05-29,49000.0
ING006,2024-05-30,46960.0
ING006,2024-05-31,47490.0
ING006,2024-06-01,46800.0
ING006,2024-06-02,46930.0
ING006,2024-06-03,45940.0
ING006,2024-06-04,45760.0
ING006,2024-06-05,45840.0
ING006,2024-06-06,46090.0
ING006,2024-06-07,45240.0
ING006,2024-06-08,46260.0
ING006,2024-06-09,45810.0
ING006,2024-06-10,44530.0
ING006,2024-06-11,44560.0
ING006,2024-06-12,44690.0
ING006,2024-06-13,44920.0
ING006,2024-06-14,46080.0
ING006,2024-06-15,45930.0
ING006,2024-06-16,45870.0
ING006,2024-06-17,45050.0
ING006,2024-06-18,45780.0
ING006,2024-06-19,45970.0
ING006,2024-06-20,45680.0
ING006,2024-06-21,44240.0
ING006,2024-06-22,45500.0
ING006,2024-06-23,44600.0
ING006,2024-06-24,44240.0
ING006,2024-06-25,44650.0
ING006,2024-06-26,43810.0
ING006,2024-06-27,42780.0
ING006,2024-06-28,41310.0
ING006,2024-06-29,42150.0
ING006,2024-06-30,41960.0
ING006,2024-07-01,44500.0
ING006,2024-07-02,43840.0
ING006,2024-07-03,43260.0
ING006,2024-07-04,42990.0
ING006,2024-07-05,43380.0
ING006,2024-07-06,43180.0
ING006,2024-07-07,43840.0
ING006,2024-07-08,43220.0
ING006,2024-07-09,42320.0
ING006,2024-07-10,41130.0
ING006,2024-07-11,39660.0
ING006,2024-07-12,39610.0
ING006,2024-07-13,39740.0
ING006,2024-07-14,39600.0
ING006,2024-07-15,40940.0
ING006,2024-07-16,42210.0
ING006,2024-07-17,42180.0
ING006,2024-07-18,41000.0
ING006,2024-07-19,40850.0
ING006,2024-07-20,40680.0
ING006,2024-07-21,40470.0
ING006,2024-07-22,40240.0
ING006,2024-07-23,40060.0
ING006,2024-07-24,40100.0
ING006,2024-07-25,39940.0
ING006,2024-07-26,40450.0
ING006,2024-07-27,41060.0
ING006,2024-07-28,40640.0
ING006,2024-07-29,41960.0
ING006,2024-07-30,41430.0
ING006,2024-07-31,40430.0
ING006,2024-08-01,41060.0
ING006,2024-08-02,40710.0
ING006,2024-08-03,41280.0
ING006,2024-08-04,39670.0
ING006,2024-08-05,41130.0
ING006,2024-08-06,41950.0
ING006,2024-08-07,41020.0
ING006,2024-08-08,40160.0
ING006,2024-08-09,41820.0
ING006,2024-08-10,41500.0
ING006,2024-08-11,41110.0
ING006,2024-08-12,39620.0
ING006,2024-08-13,39720.0
ING006,2024-08-14,39900.0
ING006,2024-08-15,40820.0
ING006,2024-08-16,40030.0
ING006,2024-08-17,39180.0
ING006,2024-08-18,39930.0
ING006,2024-08-19,41080.0
ING006,2024-08-20,40140.0
ING006,2024-08-21,41340.0
ING006,2024-08-22,41660.0
ING006,2024-08-23,42790.0
ING006,2024-08-24,42940.0
ING006,2024-08-25,41170.0
ING006,2024-08-26,41340.0
ING006,2024-08-27,42460.0
ING006,2024-08-28,41990.0
ING006,2024-08-29,41940.0
ING006,2024-08-30,42060.0
ING006,2024-08-31,40030.0
ING006,2024-09-01,41700.0
ING006,2024-09-02,41260.0
ING006,2024-09-03,41950.0
ING006,2024-09-04,42140.0
ING006,2024-09-05,43380.0
ING006,2024-09-06,43890.0
ING006,2024-09-07,43870.0
ING006,2024-09-08,43330.0
ING006,2024-09-09,44150.0
ING006,2024-09-10,42820.0
ING006,2024-09-11,43550.0
ING006,2024-09-12,42860.0
ING006,2024-09-13,44060.0
ING006,2024-09-14,44350.0
ING006,2024-09-15,45000.0
ING006,2024-09-16,45170.0
ING006,2024-09-17,43890.0
ING006,2024-09-18,43380.0
ING006,2024-09-19,44100.0
ING006,2024-09-20,44390.0
ING006,2024-09-21,45460.0
ING006,2024-09-22,45860.0
ING006,2024-09-23,45170.0
ING006,2024-09-24,44640.0
ING006,2024-09-25,44850.0
ING006,2024-09-26,43150.0
ING006,2024-09-27,44670.0
ING006,2024-09-28,45150.0
ING006,2024-09-29,46220.0
ING006,2024-09-30,45030.0
ING006,2024-10-01,46120.0
ING006,2024-10-02,47930.0
ING006,2024-10-03,46860.0
ING006,2024-10-04,47490.0
ING006,2024-10-05,47480.0
ING006,2024-10-06,46250.0
ING006,2024-10-07,46690.0
ING006,2024-10-08,47380.0
ING006,2024-10-09,46900.0
ING006,2024-10-10,47840.0
ING006,2024-10-11,46500.0
ING006,2024-10-12,45360.0
ING006,2024-10-13,45570.0
ING006,2024-10-14,45680.0
ING006,2024-10-15,45200.0
ING006,2024-10-16,45940.0
ING006,2024-10-17,46430.0
ING006,2024-10-18,47150.0
ING006,2024-10-19,47060.0
ING006,2024-10-20,47550.0
ING006,2024-10-21,47190.0
ING006,2024-10-22,48820.0
ING006,2024-10-23,48100.0
ING006,2024-10-24,49730.0
ING006,2024-10-25,49640.0
ING006,2024-10-26,48440.0
ING006,2024-10-27,49460.0
ING006,2024-10-28,49460.0
ING006,2024-10-29,50030.0
ING006,2024-10-30,50860.0
ING006,2024-10-31,50950.0
ING006,2024-11-01,50310.0
ING006,2024-11-02,50930.0
ING006,2024-11-03,50760.0
ING006,2024-11-04,51130.0
ING006,2024-11-05,49250.0
ING006,2024-11-06,49510.0
ING006,2024-11-07,48910.0
ING006,2024-11-08,50130.0
ING006,2024-11-09,50490.0
ING006,2024-11-10,50530.0
ING006,2024-11-11,50760.0
ING006,2024-11-12,49810.0
ING006,2024-11-13,50970.0
ING006,2024-11-14,52360.0
ING006,2024-11-15,52430.0
ING006,2024-11-16,53430.0
ING006,2024-11-17,52690.0
ING006,2024-11-18,51800.0
ING006,2024-11-19,51620.0
ING006,2024-11-20,51750.0
ING006,2024-11-21,51230.0
ING006,2024-11-22,51470.0
ING006,2024-11-23,51510.0
ING006,2024-11-24,50530.0
ING006,2024-11-25,50790.0
ING006,2024-11-26,51300.0
ING006,2024-11-27,51250.0
ING006,2024-11-28,51970.0
ING006,2024-11-29,50790.0
ING006,2024-11-30,51000.0
ING006,2024-12-01,49910.0
ING006,2024-12-02,48910.0
ING006,2024-12-03,48350.0
ING006,2024-12-04,47570.0
ING006,2024-12-05,47140.0
ING006,2024-12-06,46990.0
ING006,2024-12-07,47680.0
ING006,2024-12-08,47420.0
ING006,2024-12-09,46180.0
ING006,2024-12-10,47150.0
ING006,2024-12-11,46510.0
ING006,2024-12-12,46520.0
ING006,2024-12-13,46930.0
ING006,2024-12-14,47120.0
ING006,2024-12-15,48010.0
ING006,2024-12-16,48370.0
ING006,2024-12-17,47650.0
ING006,2024-12-18,49370.0
ING006,2024-12-19,49430.0
ING006,2024-12-20,49230.0
ING006,2024-12-21,49910.0
ING006,2024-12-22,49990.0
ING006,2024-12-23,50190.0
ING006,2024-12-24,52030.0
ING006,2024-12-25,51590.0
ING006,2024-12-26,51150.0
ING006,2024-12-27,51070.0
ING006,2024-12-28,51740.0
ING006,2024-12-29,50350.0
ING006,2024-12-30,48670.0
ING006,2024-12-31,48160.0
ING006,2025-01-01,46850.0
ING006,2025-01-02,46560.0
ING006,2025-01-03,47020.0
ING006,2025-01-04,46350.0
ING006,2025-01-05,45300.0
ING006,2025-01-06,45470.0
ING006,2025-01-07,46260.0
ING006,2025-01-08,45000.0
ING006,2025-01-09,45790.0
ING006,2025-01-10,46530.0
ING006,2025-01-11,47340.0
ING006,2025-01-12,48320.0
ING006,2025-01-13,50030.0
ING006,2025-01-14,49640.0
ING006,2025-01-15,49630.0
ING006,2025-01-16,49210.0
ING006,2025-01-17,49140.0
ING006,2025-01-18,50280.0
ING006,2025-01-19,49100.0
ING006,2025-01-20,48350.0
ING006,2025-01-21,49410.0
ING006,2025-01-22,50140.0
ING006,2025-01-23,49730.0
ING006,2025-01-24,50310.0
ING006,2025-01-25,50460.0
ING006,2025-01-26,51510.0
ING006,2025-01-27,51380.0
ING006,2025-01-28,52010.0
ING006,2025-01-29,53890.0
ING006,2025-01-30,54050.0
ING006,2025-01-31,53780.0
ING006,2025-02-01,54060.0
ING006,2025-02-02,53460.0
ING006,2025-02-03,55060.0
ING006,2025-02-04,54840.0
ING006,2025-02-05,54280.0
ING006,2025-02-06,53300.0
ING006,2025-02-07,53900.0
ING006,2025-02-08,54280.0
ING006,2025-02-09,53570.0
ING006,2025-02-10,53740.0
ING006,2025-02-11,52260.0
ING006,2025-02-12,52190.0
ING006,2025-02-13,52330.0
ING006,2025-02-14,53460.0
ING006,2025-02-15,52570.0
ING006,2025-02-16,51340.0
ING006,2025-02-17,50460.0
ING006,2025-02-18,49280.0
ING006,2025-02-19,50270.0
ING006,2025-02-20,51370.0
ING006,2025-02-21,51450.0
ING006,2025-02-22,52240.0
ING006,2025-02-23,52130.0
ING006,2025-02-24,51850.0
ING006,2025-02-25,51400.0
ING006,2025-02-26,50980.0
ING006,2025-02-27,49610.0
ING006,2025-02-28,49740.0
ING006,2025-03-01,49620.0
ING006,2025-03-02,50130.0
ING006,2025-03-03,50100.0
ING006,2025-03-04,49860.0
ING006,2025-03-05,49090.0
ING006,2025-03-06,49090.0
ING006,2025-03-07,49620.0
ING006,2025-03-08,48640.0
ING006,2025-03-09,48680.0
ING006,2025-03-10,48830.0
ING006,2025-03-11,48230.0
ING006,2025-03-12,47750.0
ING006,2025-03-13,47950.0
ING006,2025-03-14,47060.0
ING006,2025-03-15,47390.0
ING006,2025-03-16,46720.0
ING006,2025-03-17,47620.0
ING006,2025-03-18,49490.0
ING006,2025-03-19,48740.0
ING006,2025-03-20,49130.0
ING006,2025-03-21,48510.0
ING006,2025-03-22,49310.0
ING006,2025-03-23,48250.0
ING006,2025-03-24,48620.0
ING006,2025-03-25,47910.0
ING006,2025-03-26,47760.0
ING006,2025-03-27,46960.0
ING006,2025-03-28,47670.0
ING006,2025-03-29,47030.0
ING006,2025-03-30,47520.0
ING006,2025-03-31,47290.0
ING006,2025-04-01,47240.0
ING006,2025-04-02,47400.0
ING006,2025-04-03,46840.0
ING006,2025-04-04,47070.0
ING006,2025-04-05,48330.0
ING006,2025-04-06,47710.0
ING006,2025-04-07,48660.0
ING006,2025-04-08,49810.0
ING006,2025-04-09,49090.0
ING006,2025-04-10,47900.0
ING006,2025-04-11,48150.0
ING006,2025-04-12,47730.0
ING006,2025-04-13,49220.0
ING006,2025-04-14,49200.0
ING006,2025-04-15,48520.0
ING006,2025-04-16,47600.0
ING006,2025-04-17,48490.0
ING006,2025-04-18,48030.0
ING006,2025-04-19,48070.0
ING006,2025-04-20,48840.0
ING006,2025-04-21,48420.0
ING006,2025-04-22,48380.0
ING006,2025-04-23,48360.0
ING006,2025-04-24,48890.0
ING006,2025-04-25,49330.0
ING006,2025-04-26,49100.0
ING006,2025-04-27,49110.0
ING006,2025-04-28,48780.0
ING006,2025-04-29,47590.0
ING006,2025-04-30,47830.0
ING006,2025-05-01,49340.0
ING006,2025-05-02,48600.0
ING006,2025-05-03,47970.0
ING006,2025-05-04,47300.0
ING006,2025-05-05,47930.0
ING006,2025-05-06,48300.0
ING006,2025-05-07,48180.0
ING006,2025-05-08,47460.0
ING006,2025-05-09,47580.0
ING006,2025-05-10,46380.0
ING006,2025-05-11,46600.0
ING006,2025-05-12,47370.0
ING006,2025-05-13,46430.0
ING006,2025-05-14,45320.0
ING006,2025-05-15,46720.0
ING006,2025-05-16,46320.0
ING006,2025-05-17,47320.0
ING006,2025-05-18,47250.0
ING006,2025-05-19,47180.0
ING006,2025-05-20,47590.0
ING006,2025-05-21,46930.0
ING006,2025-05-22,47110.0
ING006,2025-05-23,46870.0
ING006,2025-05-24,45910.0
ING006,2025-05-25,46300.0
ING006,2025-05-26,46200.0
ING006,2025-05-27,46190.0
ING006,2025-05-28,45350.0
ING006,2025-05-29,46760.0
ING006,2025-05-30,47530.0
ING006,2025-05-31,48340.0
ING006,2025-06-01,48100.0
ING006,2025-06-02,46760.0
ING006,2025-06-03,48380.0
ING006,2025-06-04,48340.0
ING006,2025-06-05,47760.0
ING006,2025-06-06,48120.0
ING006,2025-06-07,49060.0
ING006,2025-06-08,49010.0
ING006,2025-06-09,49990.0
ING006,2025-06-10,50770.0
ING006,2025-06-11,49810.0
ING006,2025-06-12,49210.0
ING006,2025-06-13,49930.0
ING006,2025-06-14,47730.0
ING006,2025-06-15,47650.0
ING006,2025-06-16,46570.0
ING006,2025-06-17,46290.0
ING006,2025-06-18,46170.0
ING006,2025-06-19,46000.0
ING006,2025-06-20,45700.0
ING006,2025-06-21,44980.0
ING006,2025-06-22,46960.0
ING006,2025-06-23,48510.0
ING006,2025-06-24,47600.0
ING006,2025-06-25,48890.0
ING006,2025-06-26,48560.0
ING006,2025-06-27,48670.0
ING006,2025-06-28,48610.0
ING006,2025-06-29,48090.0
ING006,2025-06-30,48890.0
ING006,2025-07-01,48980.0
ING006,2025-07-02,48580.0
ING006,2025-07-03,47560.0
ING006,2025-07-04,46910.0
ING006,2025-07-05,45700.0
ING006,2025-07-06,45860.0
ING006,2025-07-07,45050.0
ING006,2025-07-08,45020.0
ING006,2025-07-09,46280.0
ING006,2025-07-10,47350.0
ING006,2025-07-11,47390.0
ING006,2025-07-12,47380.0
ING006,2025-07-13,48930.0
ING006,2025-07-14,49320.0
ING006,2025-07-15,49030.0
ING006,2025-07-16,47890.0
ING006,2025-07-17,48240.0
ING006,2025-07-18,48920.0
ING006,2025-07-19,48410.0
ING006,2025-07-20,48650.0
ING006,2025-07-21,48370.0
ING006,2025-07-22,48240.0
ING006,2025-07-23,46300.0
ING006,2025-07-24,46250.0
ING006,2025-07-25,47140.0
ING006,2025-07-26,46720.0
ING006,2025-07-27,46860.0
ING006,2025-07-28,46360.0
ING006,2025-07-29,46760.0
ING006,2025-07-30,46690.0
ING006,2025-07-31,46060.0
ING006,2025-08-01,47240.0
ING006,2025-08-02,48050.0
ING006,2025-08-03,47610.0
ING006,2025-08-04,48060.0
ING006,2025-08-05,48520.0
ING006,2025-08-06,49040.0
ING006,2025-08-07,47690.0
ING006,2025-08-08,48540.0
ING006,2025-08-09,48100.0
ING006,2025-08-10,47850.0
ING006,2025-08-11,49980.0
ING006,2025-08-12,50160.0
ING006,2025-08-13,49790.0
ING006,2025-08-14,48000.0
ING006,2025-08-15,49140.0
ING006,2025-08-16,48060.0
ING006,2025-08-17,47310.0
ING006,2025-08-18,47130.0
ING006,2025-08-19,48330.0
ING006,2025-08-20,48960.0
ING006,2025-08-21,48830.0
ING006,2025-08-22,49080.0
ING006,2025-08-23,48600.0
ING006,2025-08-24,48720.0
ING006,2025-08-25,48780.0
ING006,2025-08-26,49550.0
ING006,2025-08-27,50280.0
ING006,2025-08-28,50600.0
ING006,2025-08-29,50230.0
ING006,2025-08-30,50750.0
ING006,2025-08-31,50580.0
ING006,2025-09-01,49650.0
ING006,2025-09-02,49290.0
ING006,2025-09-03,49340.0
ING006,2025-09-04,50040.0
ING006,2025-09-05,49840.0
ING006,2025-09-06,48840.0
ING006,2025-09-07,48890.0
ING006,2025-09-08,48980.0
ING006,2025-09-09,49130.0
ING006,2025-09-10,49840.0
ING006,2025-09-11,50600.0
ING006,2025-09-12,50050.0
ING006,2025-09-13,49510.0
ING006,2025-09-14,48670.0
ING006,2025-09-15,49230.0
ING006,2025-09-16,50360.0
ING006,2025-09-17,50040.0
ING006,2025-09-18,49800.0
ING006,2025-09-19,50920.0
ING006,2025-09-20,51220.0
ING006,2025-09-21,51450.0
ING006,2025-09-22,50390.0
ING006,2025-09-23,50860.0
ING006,2025-09-24,50030.0
ING006,2025-09-25,49090.0
ING006,2025-09-26,48820.0
ING006,2025-09-27,48360.0
ING006,2025-09-28,48220.0
ING006,2025-09-29,47130.0
ING006,2025-09-30,47980.0
ING006,2025-10-01,48920.0
ING006,2025-10-02,47400.0
ING006,2025-10-03,48250.0
ING006,2025-10-04,47650.0
ING006,2025-10-05,48400.0
ING006,2025-10-06,48380.0
ING006,2025-10-07,48440.0
ING006,2025-10-08,48330.0
ING006,2025-10-09,49320.0
ING006,2025-10-10,48330.0
ING006,2025-10-11,48850.0
ING006,2025-10-12,49730.0
ING006,2025-10-13,50260.0
ING006,2025-10-14,52040.0
ING006,2025-10-15,51470.0
ING006,2025-10-16,52110.0
ING006,2025-10-17,51880.0
ING006,2025-10-18,52710.0
ING006,2025-10-19,52530.0
ING006,2025-10-20,52060.0
ING006,2025-10-21,52940.0
ING006,2025-10-22,52360.0
ING006,2025-10-23,51090.0
ING006,2025-10-24,50590.0
ING006,2025-10-25,51000.0
ING006,2025-10-26,52010.0
ING006,2025-10-27,51960.0
ING006,2025-10-28,52860.0
ING006,2025-10-29,51600.0
ING006,2025-10-30,51130.0
ING006,2025-10-31,50810.0
ING006,2025-11-01,50640.0
ING006,2025-11-02,56540.0
ING006,2025-11-03,62970.0
ING006,2025-11-04,68190.0
ING006,2025-11-05,73860.0
ING006,2025-11-06,79130.0
ING006,2025-11-07,83000.0
ING006,2025-11-08,87640.0
ING006,2025-11-09,91920.0
ING006,2025-11-10,95820.0
ING006,2025-11-11,99650.0
ING006,2025-11-12,103140.0
ING006,2025-11-13,105350.0
ING006,2025-11-14,110060.0
ING006,2025-11-15,109960.0
ING006,2025-11-16,110210.0
ING006,2025-11-17,116310.0
ING006,2025-11-18,114780.0
ING006,2025-11-19,112260.0
ING006,2025-11-20,113130.0
ING006,2025-11-21,108370.0
ING006,2025-11-22,106650.0
ING006,2025-11-23,108580.0
ING006,2025-11-24,103450.0
ING006,2025-11-25,97430.0
ING006,2025-11-26,92110.0
ING006,2025-11-27,90330.0
ING006,2025-11-28,88300.0
ING006,2025-11-29,83400.0
ING006,2025-11-30,79870.0
ING006,2025-12-01,76770.0
ING006,2025-12-02,73580.0
ING006,2025-12-03,67640.0
ING006,2025-12-04,59640.0
ING006,2025-12-05,53370.0
ING006,2025-12-06,47550.0
ING006,2025-12-07,47430.0
ING006,2025-12-08,47380.0
ING006,2025-12-09,48370.0
ING006,2025-12-10,49420.0
ING006,2025-12-11,49290.0
ING006,2025-12-12,50160.0
ING006,2025-12-13,50400.0
ING006,2025-12-14,50400.0
ING006,2025-12-15,51070.0
ING006,2025-12-16,51040.0
ING006,2025-12-17,52580.0
ING006,2025-12-18,51290.0
ING006,2025-12-19,50800.0
ING006,2025-12-20,50630.0
ING006,2025-12-21,50920.0
ING006,2025-12-22,51840.0
ING006,2025-12-23,51710.0
ING006,2025-12-24,50470.0
ING006,2025-12-25,51090.0
ING006,2025-12-26,51600.0
ING006,2025-12-27,49970.0
ING006,2025-12-28,49940.0
ING006,2025-12-29,48670.0
ING006,2025-12-30,48180.0
ING006,2025-12-31,47540.0
ING006,2026-01-01,48280.0
ING006,2026-01-02,48430.0
ING006,2026-01-03,47470.0
ING006,2026-01-04,48270.0
ING006,2026-01-05,47200.0
ING006,2026-01-06,47580.0
ING006,2026-01-07,47040.0
ING006,2026-01-08,46870.0
ING006,2026-01-09,47400.0
ING006,2026-01-10,47920.0
ING006,2026-01-11,49060.0
ING006,2026-01-12,49020.0
ING006,2026-01-13,49290.0
ING006,2026-01-14,48960.0
ING006,2026-01-15,49130.0
ING006,2026-01-16,49500.0
ING006,2026-01-17,49430.0
ING006,2026-01-18,48020.0
ING006,2026-01-19,48360.0
ING006,2026-01-20,48710.0
ING006,2026-01-21,48210.0
ING006,2026-01-22,47270.0
ING006,2026-01-23,48550.0
ING006,2026-01-24,48990.0
ING006,2026-01-25,48850.0
ING006,2026-01-26,47990.0
ING006,2026-01-27,47420.0
ING006,2026-01-28,48560.0
ING006,2026-01-29,48720.0
ING006,2026-01-30,48340.0
ING006,2026-01-31,48800.0
ING006,2026-02-01,48210.0
ING006,2026-02-02,49460.0
ING006,2026-02-03,50540.0
ING006,2026-02-04,50130.0
ING006,2026-02-05,49610.0
ING006,2026-02-06,47550.0
ING006,2026-02-07,46490.0
ING006,2026-02-08,45600.0
ING006,2026-02-09,45910.0
ING006,2026-02-10,45840.0
ING006,2026-02-11,44980.0
ING006,2026-02-12,44990.0
ING006,2026-02-13,45630.0
ING006,2026-02-14,46250.0
ING006,2026-02-15,44930.0
ING006,2026-02-16,45070.0
ING006,2026-02-17,44210.0
ING006,2026-02-18,45200.0
ING006,2026-02-19,46040.0
ING006,2026-02-20,45520.0
ING006,2026-02-21,45130.0
ING006,2026-02-22,45000.0
ING006,2026-02-23,43460.0
ING006,2026-02-24,44040.0
ING006,2026-02-25,44120.0
ING006,2026-02-26,45160.0
ING006,2026-02-27,44530.0
ING006,2026-02-28,44310.0
ING006,2026-03-01,43390.0
ING006,2026-03-02,42920.0
ING006,2026-03-03,42340.0
ING006,2026-03-04,43500.0
ING006,2026-03-05,43260.0
ING006,2026-03-06,43690.0
ING006,2026-03-07,43700.0
ING006,2026-03-08,43000.0
ING006,2026-03-09,43210.0
ING006,2026-03-10,44020.0
ING006,2026-03-11,43360.0
ING006,2026-03-12,44320.0
ING006,2026-03-13,43930.0
ING006,2026-03-14,43840.0
ING006,2026-03-15,44560.0
ING006,2026-03-16,44310.0
ING006,2026-03-17,44610.0
ING006,2026-03-18,44630.0
ING006,2026-03-19,45000.0
ING006,2026-03-20,43370.0
ING006,2026-03-21,42250.0
ING006,2026-03-22,43120.0
ING006,2026-03-23,44280.0
ING006,2026-03-24,43840.0
ING006,2026-03-25,43950.0
ING006,2026-03-26,44480.0
ING006,2026-03-27,45300.0
ING006,2026-03-28,43940.0
ING006,2026-03-29,43540.0
ING006,2026-03-30,43600.0
ING006,2026-03-31,44470.0
ING006,2026-04-01,46710.0
ING006,2026-04-02,46690.0
ING006,2026-04-03,45750.0
ING006,2026-04-04,46280.0
ING006,2026-04-05,47500.0
ING006,2026-04-06,47710.0
ING006,2026-04-07,47110.0
ING006,2026-04-08,48010.0
ING006,2026-04-09,48630.0
ING006,2026-04-10,47890.0
ING006,2026-04-11,48300.0
ING006,2026-04-12,49170.0
ING006,2026-04-13,50140.0
ING006,2026-04-14,50080.0
ING006,2026-04-15,49800.0
ING006,2026-04-16,50780.0
ING006,2026-04-17,49790.0
ING006,2026-04-18,50140.0
ING006,2026-04-19,49060.0
ING006,2026-04-20,49950.0
ING006,2026-04-21,49750.0
ING006,2026-04-22,50770.0
ING006,2026-04-23,51120.0
ING006,2026-04-24,50100.0
ING006,2026-04-25,51220.0
ING006,2026-04-26,52390.0
ING006,2026-04-27,52970.0
ING006,2026-04-28,52220.0
ING006,2026-04-29,51880.0
ING006,2026-04-30,51900.0
ING006,2026-05-01,51260.0
ING006,2026-05-02,52530.0
ING006,2026-05-03,52530.0
ING006,2026-05-04,50280.0
ING006,2026-05-05,50540.0
ING006,2026-05-06,50240.0
ING006,2026-05-07,50180.0
ING006,2026-05-08,49880.0
ING006,2026-05-09,50530.0
ING006,2026-05-10,51400.0
ING006,2026-05-11,51560.0
ING006,2026-05-12,51220.0
ING006,2026-05-13,51130.0
ING006,2026-05-14,51100.0
ING006,2026-05-15,50420.0
ING006,2026-05-16,50870.0
ING006,2026-05-17,51190.0
ING006,2026-05-18,52360.0
ING006,2026-05-19,53240.0
ING006,2026-05-20,52550.0
ING006,2026-05-21,53070.0
ING006,2026-05-22,52180.0
ING006,2026-05-23,52630.0
ING006,2026-05-24,52100.0
ING006,2026-05-25,51200.0
ING006,2026-05-26,51380.0
ING006,2026-05-27,49210.0
ING006,2026-05-28,47890.0
ING006,2026-05-29,47860.0
ING006,2026-05-30,48050.0
ING006,2026-05-31,47870.0
ING006,2026-06-01,46740.0
ING006,2026-06-02,46270.0
ING006,2026-06-03,46780.0
ING006,2026-06-04,47410.0
ING006,2026-06-05,47540.0
ING006,2026-06-06,48590.0
ING006,2026-06-07,48990.0
ING006,2026-06-08,48470.0
ING006,2026-06-09,48340.0
ING006,2026-06-10,47330.0
ING006,2026-06-11,47390.0
ING006,2026-06-12,48420.0
ING006,2026-06-13,49050.0
ING006,2026-06-14,50220.0
ING006,2026-06-15,49990.0
ING006,2026-06-16,51060.0
ING006,2026-06-17,50870.0
ING006,2026-06-18,52010.0
ING006,2026-06-19,51910.0
ING006,2026-06-20,52390.0
ING006,2026-06-21,53450.0
ING006,2026-06-22,53140.0
ING006,2026-06-23,53170.0
ING006,2026-06-24,54050.0
ING006,2026-06-25,53760.0
ING006,2026-06-26,52550.0
ING006,2026-06-27,54130.0
ING006,2026-06-28,53570.0
ING006,2026-06-29,53540.0
ING006,2026-06-30,54290.0
ING007,2023-07-01,31730.0
ING007,2023-07-02,31290.0
ING007,2023-07-03,31440.0
ING007,2023-07-04,30660.0
ING007,2023-07-05,30600.0
ING007,2023-07-06,30780.0
ING007,2023-07-07,30720.0
ING007,2023-07-08,30100.0
ING007,2023-07-09,30910.0
ING007,2023-07-10,31010.0
ING007,2023-07-11,31700.0
ING007,2023-07-12,31600.0
ING007,2023-07-13,31230.0
ING007,2023-07-14,31390.0
ING007,2023-07-15,31330.0
ING007,2023-07-16,30840.0
ING007,2023-07-17,31560.0
ING007,2023-07-18,31300.0
ING007,2023-07-19,30520.0
ING007,2023-07-20,31190.0
ING007,2023-07-21,31010.0
ING007,2023-07-22,30790.0
ING007,2023-07-23,30060.0
ING007,2023-07-24,30940.0
ING007,2023-07-25,30420.0
ING007,2023-07-26,30530.0
ING007,2023-07-27,31020.0
ING007,2023-07-28,31260.0
ING007,2023-07-29,31280.0
ING007,2023-07-30,30560.0
ING007,2023-07-31,30270.0
ING007,2023-08-01,30450.0
ING007,2023-08-02,30180.0
ING007,2023-08-03,30360.0
ING007,2023-08-04,30760.0
ING007,2023-08-05,31260.0
ING007,2023-08-06,30750.0
ING007,2023-08-07,31800.0
ING007,2023-08-08,32160.0
ING007,2023-08-09,32160.0
ING007,2023-08-10,32650.0
ING007,2023-08-11,33680.0
ING007,2023-08-12,32960.0
ING007,2023-08-13,32820.0
ING007,2023-08-14,31720.0
ING007,2023-08-15,31830.0
ING007,2023-08-16,32010.0
ING007,2023-08-17,32000.0
ING007,2023-08-18,31720.0
ING007,2023-08-19,30820.0
ING007,2023-08-20,31060.0
ING007,2023-08-21,31760.0
ING007,2023-08-22,31520.0
ING007,2023-08-23,31750.0
ING007,2023-08-24,31070.0
ING007,2023-08-25,31330.0
ING007,2023-08-26,31200.0
ING007,2023-08-27,30910.0
ING007,2023-08-28,30630.0
ING007,2023-08-29,30530.0
ING007,2023-08-30,30790.0
ING007,2023-08-31,30270.0
ING007,2023-09-01,30190.0
ING007,2023-09-02,30270.0
ING007,2023-09-03,29880.0
ING007,2023-09-04,30800.0
ING007,2023-09-05,30490.0
ING007,2023-09-06,30280.0
ING007,2023-09-07,29940.0
ING007,2023-09-08,30860.0
ING007,2023-09-09,31180.0
ING007,2023-09-10,30810.0
ING007,2023-09-11,31380.0
ING007,2023-09-12,31510.0
ING007,2023-09-13,31660.0
ING007,2023-09-14,31540.0
ING007,2023-09-15,31240.0
ING007,2023-09-16,31440.0
ING007,2023-09-17,31240.0
ING007,2023-09-18,32110.0
ING007,2023-09-19,31550.0
ING007,2023-09-20,32270.0
ING007,2023-09-21,32220.0
ING007,2023-09-22,32360.0
ING007,2023-09-23,32730.0
ING007,2023-09-24,32430.0
ING007,2023-09-25,32810.0
ING007,2023-09-26,31570.0
ING007,2023-09-27,31280.0
ING007,2023-09-28,30920.0
ING007,2023-09-29,30430.0
ING007,2023-09-30,30430.0
ING007,2023-10-01,30690.0
ING007,2023-10-02,31090.0
ING007,2023-10-03,31260.0
ING007,2023-10-04,31020.0
ING007,2023-10-05,31250.0
ING007,2023-10-06,31360.0
ING007,2023-10-07,31830.0
ING007,2023-10-08,32200.0
ING007,2023-10-09,32220.0
ING007,2023-10-10,31830.0
ING007,2023-10-11,31560.0
ING007,2023-10-12,31350.0
ING007,2023-10-13,31260.0
ING007,2023-10-14,31440.0
ING007,2023-10-15,31810.0
ING007,2023-10-16,31810.0
ING007,2023-10-17,31850.0
ING007,2023-10-18,31940.0
ING007,2023-10-19,31730.0
ING007,2023-10-20,31350.0
ING007,2023-10-21,30610.0
ING007,2023-10-22,30390.0
ING007,2023-10-23,30700.0
ING007,2023-10-24,30470.0
ING007,2023-10-25,30460.0
ING007,2023-10-26,30770.0
ING007,2023-10-27,31090.0
ING007,2023-10-28,30670.0
ING007,2023-10-29,31200.0
ING007,2023-10-30,31770.0
ING007,2023-10-31,31300.0
ING007,2023-11-01,30980.0
ING007,2023-11-02,31590.0
ING007,2023-11-03,31570.0
ING007,2023-11-04,30620.0
ING007,2023-11-05,30080.0
ING007,2023-11-06,30090.0
ING007,2023-11-07,29680.0
ING007,2023-11-08,29640.0
ING007,2023-11-09,29790.0
ING007,2023-11-10,30580.0
ING007,2023-11-11,30550.0
ING007,2023-11-12,31120.0
ING007,2023-11-13,31830.0
ING007,2023-11-14,32500.0
ING007,2023-11-15,32630.0
ING007,2023-11-16,31740.0
ING007,2023-11-17,31990.0
ING007,2023-11-18,32480.0
ING007,2023-11-19,32450.0
ING007,2023-11-20,33230.0
ING007,2023-11-21,33580.0
ING007,2023-11-22,33780.0
ING007,2023-11-23,34200.0
ING007,2023-11-24,34270.0
ING007,2023-11-25,33060.0
ING007,2023-11-26,32810.0
ING007,2023-11-27,33340.0
ING007,2023-11-28,32930.0
ING007,2023-11-29,32810.0
ING007,2023-11-30,32330.0
ING007,2023-12-01,33140.0
ING007,2023-12-02,33860.0
ING007,2023-12-03,33400.0
ING007,2023-12-04,33420.0
ING007,2023-12-05,33080.0
ING007,2023-12-06,33330.0
ING007,2023-12-07,33520.0
ING007,2023-12-08,33830.0
ING007,2023-12-09,33920.0
ING007,2023-12-10,35160.0
ING007,2023-12-11,34570.0
ING007,2023-12-12,33710.0
ING007,2023-12-13,33480.0
ING007,2023-12-14,32730.0
ING007,2023-12-15,32050.0
ING007,2023-12-16,31630.0
ING007,2023-12-17,31270.0
ING007,2023-12-18,30900.0
ING007,2023-12-19,31220.0
ING007,2023-12-20,31060.0
ING007,2023-12-21,31060.0
ING007,2023-12-22,31540.0
ING007,2023-12-23,31250.0
ING007,2023-12-24,31200.0
ING007,2023-12-25,31430.0
ING007,2023-12-26,30620.0
ING007,2023-12-27,29660.0
ING007,2023-12-28,29960.0
ING007,2023-12-29,30310.0
ING007,2023-12-30,31350.0
ING007,2023-12-31,31490.0
ING007,2024-01-01,31910.0
ING007,2024-01-02,31860.0
ING007,2024-01-03,32040.0
ING007,2024-01-04,32810.0
ING007,2024-01-05,31850.0
ING007,2024-01-06,32080.0
ING007,2024-01-07,33070.0
ING007,2024-01-08,33170.0
ING007,2024-01-09,33890.0
ING007,2024-01-10,33550.0
ING007,2024-01-11,33490.0
ING007,2024-01-12,33460.0
ING007,2024-01-13,32430.0
ING007,2024-01-14,31920.0
ING007,2024-01-15,31470.0
ING007,2024-01-16,31900.0
ING007,2024-01-17,32330.0
ING007,2024-01-18,32490.0
ING007,2024-01-19,32870.0
ING007,2024-01-20,32790.0
ING007,2024-01-21,37160.0
ING007,2024-01-22,40910.0
ING007,2024-01-23,44610.0
ING007,2024-01-24,47980.0
ING007,2024-01-25,51820.0
ING007,2024-01-26,54680.0
ING007,2024-01-27,58370.0
ING007,2024-01-28,60110.0
ING007,2024-01-29,61540.0
ING007,2024-01-30,64200.0
ING007,2024-01-31,65830.0
ING007,2024-02-01,66760.0
ING007,2024-02-02,68570.0
ING007,2024-02-03,68570.0
ING007,2024-02-04,68580.0
ING007,2024-02-05,69710.0
ING007,2024-02-06,70490.0
ING007,2024-02-07,70800.0
ING007,2024-02-08,68930.0
ING007,2024-02-09,68060.0
ING007,2024-02-10,64870.0
ING007,2024-02-11,61510.0
ING007,2024-02-12,56830.0
ING007,2024-02-13,55140.0
ING007,2024-02-14,51250.0
ING007,2024-02-15,47760.0
ING007,2024-02-16,43650.0
ING007,2024-02-17,40430.0
ING007,2024-02-18,36490.0
ING007,2024-02-19,32150.0
ING007,2024-02-20,32380.0
ING007,2024-02-21,31760.0
ING007,2024-02-22,31440.0
ING007,2024-02-23,30570.0
ING007,2024-02-24,30040.0
ING007,2024-02-25,30260.0
ING007,2024-02-26,29510.0
ING007,2024-02-27,29010.0
ING007,2024-02-28,29200.0
ING007,2024-02-29,29140.0
ING007,2024-03-01,30220.0
ING007,2024-03-02,31170.0
ING007,2024-03-03,30870.0
ING007,2024-03-04,31220.0
ING007,2024-03-05,31640.0
ING007,2024-03-06,31430.0
ING007,2024-03-07,30830.0
ING007,2024-03-08,30930.0
ING007,2024-03-09,30950.0
ING007,2024-03-10,30850.0
ING007,2024-03-11,31150.0
ING007,2024-03-12,30900.0
ING007,2024-03-13,30490.0
ING007,2024-03-14,30660.0
ING007,2024-03-15,30940.0
ING007,2024-03-16,30510.0
ING007,2024-03-17,31050.0
ING007,2024-03-18,30350.0
ING007,2024-03-19,30220.0
ING007,2024-03-20,30240.0
ING007,2024-03-21,30090.0
ING007,2024-03-22,29980.0
ING007,2024-03-23,30960.0
ING007,2024-03-24,30680.0
ING007,2024-03-25,31890.0
ING007,2024-03-26,32140.0
ING007,2024-03-27,32220.0
ING007,2024-03-28,32470.0
ING007,2024-03-29,33620.0
ING007,2024-03-30,33150.0
ING007,2024-03-31,32640.0
ING007,2024-04-01,32310.0
ING007,2024-04-02,32360.0
ING007,2024-04-03,31620.0
ING007,2024-04-04,31700.0
ING007,2024-04-05,32520.0
ING007,2024-04-06,32610.0
ING007,2024-04-07,32500.0
ING007,2024-04-08,32240.0
ING007,2024-04-09,32680.0
ING007,2024-04-10,32330.0
ING007,2024-04-11,33190.0
ING007,2024-04-12,34050.0
ING007,2024-04-13,34110.0
ING007,2024-04-14,34050.0
ING007,2024-04-15,34460.0
ING007,2024-04-16,34880.0
ING007,2024-04-17,34420.0
ING007,2024-04-18,34120.0
ING007,2024-04-19,33470.0
ING007,2024-04-20,33630.0
ING007,2024-04-21,33900.0
ING007,2024-04-22,33250.0
ING007,2024-04-23,33040.0
ING007,2024-04-24,32440.0
ING007,2024-04-25,32060.0
ING007,2024-04-26,32360.0
ING007,2024-04-27,32070.0
ING007,2024-04-28,31980.0
ING007,2024-04-29,31310.0
ING007,2024-04-30,31480.0
ING007,2024-05-01,31540.0
ING007,2024-05-02,31290.0
ING007,2024-05-03,31290.0
ING007,2024-05-04,31460.0
ING007,2024-05-05,31180.0
ING007,2024-05-06,30610.0
ING007,2024-05-07,31550.0
ING007,2024-05-08,31340.0
ING007,2024-05-09,31380.0
ING007,2024-05-10,31920.0
ING007,2024-05-11,33560.0
ING007,2024-05-12,32980.0
ING007,2024-05-13,33190.0
ING007,2024-05-14,32870.0
ING007,2024-05-15,32640.0
ING007,2024-05-16,32340.0
ING007,2024-05-17,31880.0
ING007,2024-05-18,31920.0
ING007,2024-05-19,31320.0
ING007,2024-05-20,31840.0
ING007,2024-05-21,31930.0
ING007,2024-05-22,32180.0
ING007,2024-05-23,32020.0
ING007,2024-05-24,31910.0
ING007,2024-05-25,32100.0
ING007,2024-05-26,31630.0
ING007,2024-05-27,31550.0
ING007,2024-05-28,31240.0
ING007,2024-05-29,30940.0
ING007,2024-05-30,30110.0
ING007,2024-05-31,30860.0
ING007,2024-06-01,30670.0
ING007,2024-06-02,31310.0
ING007,2024-06-03,31890.0
ING007,2024-06-04,31380.0
ING007,2024-06-05,30980.0
ING007,2024-06-06,32240.0
ING007,2024-06-07,33070.0
ING007,2024-06-08,33060.0
ING007,2024-06-09,33180.0
ING007,2024-06-10,32900.0
ING007,2024-06-11,33110.0
ING007,2024-06-12,32800.0
ING007,2024-06-13,31910.0
ING007,2024-06-14,31380.0
ING007,2024-06-15,31480.0
ING007,2024-06-16,31060.0
ING007,2024-06-17,31140.0
ING007,2024-06-18,30770.0
ING007,2024-06-19,30540.0
ING007,2024-06-20,31060.0
ING007,2024-06-21,31280.0
ING007,2024-06-22,31370.0
ING007,2024-06-23,31860.0
ING007,2024-06-24,32140.0
ING007,2024-06-25,32850.0
ING007,2024-06-26,32660.0
ING007,2024-06-27,32500.0
ING007,2024-06-28,31960.0
ING007,2024-06-29,31830.0
ING007,2024-06-30,32340.0
ING007,2024-07-01,32970.0
ING007,2024-07-02,33410.0
ING007,2024-07-03,32600.0
ING007,2024-07-04,33120.0
ING007,2024-07-05,32310.0
ING007,2024-07-06,32760.0
ING007,2024-07-07,32620.0
ING007,2024-07-08,32970.0
ING007,2024-07-09,32390.0
ING007,2024-07-10,32960.0
ING007,2024-07-11,32320.0
ING007,2024-07-12,32070.0
ING007,2024-07-13,31690.0
ING007,2024-07-14,30980.0
ING007,2024-07-15,31140.0
ING007,2024-07-16,32060.0
ING007,2024-07-17,33320.0
ING007,2024-07-18,33370.0
ING007,2024-07-19,33870.0
ING007,2024-07-20,33940.0
ING007,2024-07-21,34140.0
ING007,2024-07-22,33950.0
ING007,2024-07-23,34000.0
ING007,2024-07-24,34210.0
ING007,2024-07-25,33910.0
ING007,2024-07-26,33850.0
ING007,2024-07-27,33800.0
ING007,2024-07-28,34150.0
ING007,2024-07-29,33630.0
ING007,2024-07-30,33600.0
ING007,2024-07-31,34440.0
ING007,2024-08-01,34910.0
ING007,2024-08-02,35440.0
ING007,2024-08-03,35350.0
ING007,2024-08-04,35400.0
ING007,2024-08-05,35750.0
ING007,2024-08-06,36330.0
ING007,2024-08-07,35310.0
ING007,2024-08-08,34620.0
ING007,2024-08-09,35150.0
ING007,2024-08-10,34940.0
ING007,2024-08-11,34560.0
ING007,2024-08-12,33950.0
ING007,2024-08-13,33670.0
ING007,2024-08-14,33030.0
ING007,2024-08-15,33990.0
ING007,2024-08-16,33950.0
ING007,2024-08-17,33900.0
ING007,2024-08-18,34140.0
ING007,2024-08-19,34540.0
ING007,2024-08-20,34910.0
ING007,2024-08-21,35320.0
ING007,2024-08-22,34940.0
ING007,2024-08-23,34730.0
ING007,2024-08-24,35020.0
ING007,2024-08-25,34700.0
ING007,2024-08-26,34640.0
ING007,2024-08-27,34760.0
ING007,2024-08-28,35050.0
ING007,2024-08-29,34170.0
ING007,2024-08-30,34460.0
ING007,2024-08-31,34310.0
ING007,2024-09-01,34580.0
ING007,2024-09-02,34880.0
ING007,2024-09-03,35530.0
ING007,2024-09-04,36040.0
ING007,2024-09-05,36510.0
ING007,2024-09-06,37010.0
ING007,2024-09-07,36970.0
ING007,2024-09-08,36810.0
ING007,2024-09-09,37040.0
ING007,2024-09-10,37190.0
ING007,2024-09-11,36870.0
ING007,2024-09-12,36880.0
ING007,2024-09-13,36700.0
ING007,2024-09-14,36160.0
ING007,2024-09-15,36610.0
ING007,2024-09-16,36480.0
ING007,2024-09-17,37250.0
ING007,2024-09-18,36340.0
ING007,2024-09-19,35950.0
ING007,2024-09-20,35850.0
ING007,2024-09-21,36240.0
ING007,2024-09-22,36290.0
ING007,2024-09-23,36290.0
ING007,2024-09-24,35650.0
ING007,2024-09-25,35030.0
ING007,2024-09-26,35100.0
ING007,2024-09-27,34410.0
ING007,2024-09-28,34140.0
ING007,2024-09-29,34330.0
ING007,2024-09-30,33860.0
ING007,2024-10-01,34560.0
ING007,2024-10-02,35060.0
ING007,2024-10-03,34290.0
ING007,2024-10-04,33840.0
ING007,2024-10-05,32800.0
ING007,2024-10-06,32490.0
ING007,2024-10-07,32890.0
ING007,2024-10-08,32740.0
ING007,2024-10-09,32990.0
ING007,2024-10-10,32340.0
ING007,2024-10-11,32770.0
ING007,2024-10-12,32560.0
ING007,2024-10-13,32620.0
ING007,2024-10-14,32630.0
ING007,2024-10-15,32110.0
ING007,2024-10-16,31670.0
ING007,2024-10-17,32210.0
ING007,2024-10-18,32460.0
ING007,2024-10-19,32990.0
ING007,2024-10-20,33170.0
ING007,2024-10-21,33260.0
ING007,2024-10-22,32510.0
ING007,2024-10-23,32440.0
ING007,2024-10-24,32490.0
ING007,2024-10-25,33430.0
ING007,2024-10-26,33750.0
ING007,2024-10-27,34440.0
ING007,2024-10-28,34670.0
ING007,2024-10-29,34300.0
ING007,2024-10-30,34320.0
ING007,2024-10-31,34400.0
ING007,2024-11-01,33940.0
ING007,2024-11-02,33760.0
ING007,2024-11-03,33670.0
ING007,2024-11-04,34390.0
ING007,2024-11-05,33420.0
ING007,2024-11-06,33980.0
ING007,2024-11-07,33550.0
ING007,2024-11-08,32940.0
ING007,2024-11-09,33510.0
ING007,2024-11-10,33850.0
ING007,2024-11-11,34410.0
ING007,2024-11-12,34730.0
ING007,2024-11-13,35610.0
ING007,2024-11-14,35760.0
ING007,2024-11-15,35590.0
ING007,2024-11-16,35660.0
ING007,2024-11-17,36120.0
ING007,2024-11-18,35650.0
ING007,2024-11-19,35270.0
ING007,2024-11-20,35050.0
ING007,2024-11-21,34050.0
ING007,2024-11-22,34100.0
ING007,2024-11-23,33240.0
ING007,2024-11-24,33290.0
ING007,2024-11-25,33700.0
ING007,2024-11-26,33490.0
ING007,2024-11-27,34260.0
ING007,2024-11-28,33580.0
ING007,2024-11-29,34130.0
ING007,2024-11-30,34420.0
ING007,2024-12-01,33620.0
ING007,2024-12-02,34840.0
ING007,2024-12-03,34760.0
ING007,2024-12-04,34320.0
ING007,2024-12-05,33670.0
ING007,2024-12-06,33580.0
ING007,2024-12-07,33530.0
ING007,2024-12-08,33600.0
ING007,2024-12-09,33470.0
ING007,2024-12-10,33780.0
ING007,2024-12-11,33610.0
ING007,2024-12-12,32750.0
ING007,2024-12-13,32740.0
ING007,2024-12-14,31740.0
ING007,2024-12-15,32000.0
ING007,2024-12-16,31660.0
ING007,2024-12-17,31840.0
ING007,2024-12-18,32530.0
ING007,2024-12-19,32170.0
ING007,2024-12-20,32740.0
ING007,2024-12-21,32600.0
ING007,2024-12-22,33450.0
ING007,2024-12-23,33310.0
ING007,2024-12-24,32960.0
ING007,2024-12-25,33320.0
ING007,2024-12-26,33150.0
ING007,2024-12-27,32810.0
ING007,2024-12-28,32650.0
ING007,2024-12-29,32700.0
ING007,2024-12-30,33360.0
ING007,2024-12-31,32520.0
ING007,2025-01-01,32600.0
ING007,2025-01-02,32950.0
ING007,2025-01-03,33080.0
ING007,2025-01-04,33710.0
ING007,2025-01-05,33690.0
ING007,2025-01-06,33620.0
ING007,2025-01-07,33900.0
ING007,2025-01-08,33950.0
ING007,2025-01-09,33780.0
ING007,2025-01-10,34020.0
ING007,2025-01-11,33720.0
ING007,2025-01-12,33460.0
ING007,2025-01-13,33250.0
ING007,2025-01-14,33890.0
ING007,2025-01-15,32450.0
ING007,2025-01-16,32710.0
ING007,2025-01-17,32790.0
ING007,2025-01-18,32090.0
ING007,2025-01-19,32330.0
ING007,2025-01-20,32620.0
ING007,2025-01-21,32960.0
ING007,2025-01-22,31820.0
ING007,2025-01-23,32540.0
ING007,2025-01-24,32280.0
ING007,2025-01-25,32680.0
ING007,2025-01-26,33080.0
ING007,2025-01-27,32730.0
ING007,2025-01-28,33090.0
ING007,2025-01-29,32970.0
ING007,2025-01-30,32090.0
ING007,2025-01-31,32710.0
ING007,2025-02-01,32430.0
ING007,2025-02-02,32130.0
ING007,2025-02-03,32040.0
ING007,2025-02-04,32270.0
ING007,2025-02-05,32330.0
ING007,2025-02-06,32660.0
ING007,2025-02-07,32130.0
ING007,2025-02-08,31900.0
ING007,2025-02-09,31950.0
ING007,2025-02-10,32910.0
ING007,2025-02-11,32920.0
ING007,2025-02-12,33460.0
ING007,2025-02-13,33510.0
ING007,2025-02-14,33320.0
ING007,2025-02-15,33250.0
ING007,2025-02-16,33210.0
ING007,2025-02-17,33530.0
ING007,2025-02-18,34170.0
ING007,2025-02-19,34330.0
ING007,2025-02-20,34850.0
ING007,2025-02-21,34380.0
ING007,2025-02-22,34180.0
ING007,2025-02-23,33850.0
ING007,2025-02-24,34010.0
ING007,2025-02-25,33850.0
ING007,2025-02-26,34190.0
ING007,2025-02-27,33770.0
ING007,2025-02-28,33810.0
ING007,2025-03-01,34130.0
ING007,2025-03-02,33210.0
ING007,2025-03-03,34210.0
ING007,2025-03-04,34080.0
ING007,2025-03-05,33170.0
ING007,2025-03-06,33290.0
ING007,2025-03-07,33350.0
ING007,2025-03-08,33360.0
ING007,2025-03-09,33840.0
ING007,2025-03-10,34190.0
ING007,2025-03-11,34320.0
ING007,2025-03-12,34520.0
ING007,2025-03-13,34450.0
ING007,2025-03-14,35240.0
ING007,2025-03-15,34520.0
ING007,2025-03-16,34570.0
ING007,2025-03-17,34580.0
ING007,2025-03-18,34920.0
ING007,2025-03-19,34510.0
ING007,2025-03-20,33710.0
ING007,2025-03-21,33810.0
ING007,2025-03-22,33950.0
ING007,2025-03-23,34630.0
ING007,2025-03-24,34040.0
ING007,2025-03-25,34570.0
ING007,2025-03-26,35610.0
ING007,2025-03-27,35370.0
ING007,2025-03-28,34740.0
ING007,2025-03-29,34530.0
ING007,2025-03-30,34520.0
ING007,2025-03-31,34760.0
ING007,2025-04-01,34470.0
ING007,2025-04-02,35160.0
ING007,2025-04-03,34610.0
ING007,2025-04-04,33810.0
ING007,2025-04-05,34330.0
ING007,2025-04-06,33310.0
ING007,2025-04-07,33270.0
ING007,2025-04-08,34710.0
ING007,2025-04-09,34690.0
ING007,2025-04-10,34160.0
ING007,2025-04-11,34140.0
ING007,2025-04-12,34130.0
ING007,2025-04-13,34210.0
ING007,2025-04-14,34510.0
ING007,2025-04-15,34030.0
ING007,2025-04-16,34800.0
ING007,2025-04-17,34890.0
ING007,2025-04-18,35180.0
ING007,2025-04-19,34860.0
ING007,2025-04-20,35410.0
ING007,2025-04-21,35240.0
ING007,2025-04-22,35310.0
ING007,2025-04-23,34850.0
ING007,2025-04-24,34370.0
ING007,2025-04-25,34680.0
ING007,2025-04-26,34460.0
ING007,2025-04-27,34080.0
ING007,2025-04-28,33800.0
ING007,2025-04-29,34140.0
ING007,2025-04-30,33870.0
ING007,2025-05-01,33840.0
ING007,2025-05-02,33870.0
ING007,2025-05-03,33040.0
ING007,2025-05-04,32450.0
ING007,2025-05-05,32690.0
ING007,2025-05-06,32450.0
ING007,2025-05-07,33010.0
ING007,2025-05-08,33520.0
ING007,2025-05-09,33880.0
ING007,2025-05-10,34720.0
ING007,2025-05-11,34670.0
ING007,2025-05-12,34940.0
ING007,2025-05-13,34650.0
ING007,2025-05-14,35740.0
ING007,2025-05-15,36560.0
ING007,2025-05-16,36460.0
ING007,2025-05-17,36530.0
ING007,2025-05-18,37030.0
ING007,2025-05-19,36840.0
ING007,2025-05-20,36420.0
ING007,2025-05-21,36710.0
ING007,2025-05-22,36630.0
ING007,2025-05-23,36600.0
ING007,2025-05-24,36120.0
ING007,2025-05-25,35270.0
ING007,2025-05-26,35330.0
ING007,2025-05-27,35690.0
ING007,2025-05-28,35530.0
ING007,2025-05-29,36120.0
ING007,2025-05-30,35720.0
ING007,2025-05-31,35180.0
ING007,2025-06-01,35120.0
ING007,2025-06-02,35050.0
ING007,2025-06-03,35360.0
ING007,2025-06-04,34970.0
ING007,2025-06-05,35560.0
ING007,2025-06-06,36390.0
ING007,2025-06-07,36270.0
ING007,2025-06-08,36740.0
ING007,2025-06-09,36160.0
ING007,2025-06-10,36560.0
ING007,2025-06-11,36920.0
ING007,2025-06-12,37190.0
ING007,2025-06-13,37050.0
ING007,2025-06-14,35600.0
ING007,2025-06-15,35250.0
ING007,2025-06-16,34940.0
ING007,2025-06-17,34480.0
ING007,2025-06-18,34530.0
ING007,2025-06-19,34350.0
ING007,2025-06-20,33990.0
ING007,2025-06-21,33540.0
ING007,2025-06-22,33270.0
ING007,2025-06-23,33830.0
ING007,2025-06-24,33570.0
ING007,2025-06-25,33390.0
ING007,2025-06-26,33240.0
ING007,2025-06-27,33460.0
ING007,2025-06-28,33720.0
ING007,2025-06-29,32400.0
ING007,2025-06-30,32960.0
ING007,2025-07-01,33690.0
ING007,2025-07-02,33260.0
ING007,2025-07-03,32890.0
ING007,2025-07-04,32770.0
ING007,2025-07-05,32520.0
ING007,2025-07-06,32730.0
ING007,2025-07-07,31950.0
ING007,2025-07-08,31580.0
ING007,2025-07-09,32420.0
ING007,2025-07-10,32110.0
ING007,2025-07-11,32790.0
ING007,2025-07-12,33040.0
ING007,2025-07-13,32310.0
ING007,2025-07-14,32710.0
ING007,2025-07-15,32750.0
ING007,2025-07-16,32640.0
ING007,2025-07-17,32850.0
ING007,2025-07-18,33150.0
ING007,2025-07-19,33540.0
ING007,2025-07-20,34120.0
ING007,2025-07-21,34330.0
ING007,2025-07-22,33730.0
ING007,2025-07-23,33570.0
ING007,2025-07-24,34940.0
ING007,2025-07-25,35250.0
ING007,2025-07-26,36280.0
ING007,2025-07-27,36820.0
ING007,2025-07-28,36820.0
ING007,2025-07-29,36850.0
ING007,2025-07-30,36720.0
ING007,2025-07-31,35840.0
ING007,2025-08-01,35790.0
ING007,2025-08-02,36280.0
ING007,2025-08-03,35930.0
ING007,2025-08-04,36050.0
ING007,2025-08-05,36370.0
ING007,2025-08-06,35870.0
ING007,2025-08-07,35610.0
ING007,2025-08-08,35110.0
ING007,2025-08-09,34720.0
ING007,2025-08-10,34140.0
ING007,2025-08-11,33770.0
ING007,2025-08-12,34450.0
ING007,2025-08-13,34060.0
ING007,2025-08-14,34150.0
ING007,2025-08-15,33950.0
ING007,2025-08-16,34520.0
ING007,2025-08-17,35110.0
ING007,2025-08-18,35480.0
ING007,2025-08-19,35580.0
ING007,2025-08-20,35440.0
ING007,2025-08-21,34870.0
ING007,2025-08-22,35730.0
ING007,2025-08-23,35340.0
ING007,2025-08-24,35610.0
ING007,2025-08-25,36040.0
ING007,2025-08-26,35730.0
ING007,2025-08-27,36150.0
ING007,2025-08-28,36420.0
ING007,2025-08-29,37110.0
ING007,2025-08-30,36780.0
ING007,2025-08-31,36110.0
ING007,2025-09-01,35810.0
ING007,2025-09-02,35860.0
ING007,2025-09-03,35830.0
ING007,2025-09-04,35600.0
ING007,2025-09-05,34710.0
ING007,2025-09-06,34920.0
ING007,2025-09-07,35800.0
ING007,2025-09-08,35960.0
ING007,2025-09-09,36170.0
ING007,2025-09-10,36360.0
ING007,2025-09-11,36460.0
ING007,2025-09-12,36800.0
ING007,2025-09-13,36880.0
ING007,2025-09-14,36630.0
ING007,2025-09-15,36190.0
ING007,2025-09-16,36010.0
ING007,2025-09-17,36090.0
ING007,2025-09-18,35890.0
ING007,2025-09-19,35970.0
ING007,2025-09-20,36110.0
ING007,2025-09-21,36420.0
ING007,2025-09-22,36920.0
ING007,2025-09-23,36850.0
ING007,2025-09-24,36170.0
ING007,2025-09-25,35950.0
ING007,2025-09-26,35910.0
ING007,2025-09-27,35040.0
ING007,2025-09-28,35650.0
ING007,2025-09-29,35680.0
ING007,2025-09-30,35810.0
ING007,2025-10-01,36370.0
ING007,2025-10-02,36020.0
ING007,2025-10-03,36220.0
ING007,2025-10-04,36100.0
ING007,2025-10-05,35960.0
ING007,2025-10-06,35560.0
ING007,2025-10-07,36280.0
ING007,2025-10-08,36040.0
ING007,2025-10-09,36300.0
ING007,2025-10-10,35390.0
ING007,2025-10-11,35890.0
ING007,2025-10-12,36320.0
ING007,2025-10-13,36290.0
ING007,2025-10-14,36120.0
ING007,2025-10-15,36240.0
ING007,2025-10-16,37200.0
ING007,2025-10-17,36300.0
ING007,2025-10-18,36580.0
ING007,2025-10-19,36090.0
ING007,2025-10-20,36020.0
ING007,2025-10-21,35860.0
ING007,2025-10-22,35620.0
ING007,2025-10-23,35590.0
ING007,2025-10-24,35050.0
ING007,2025-10-25,35500.0
ING007,2025-10-26,34670.0
ING007,2025-10-27,34930.0
ING007,2025-10-28,34790.0
ING007,2025-10-29,34270.0
ING007,2025-10-30,34400.0
ING007,2025-10-31,33730.0
ING007,2025-11-01,33810.0
ING007,2025-11-02,33230.0
ING007,2025-11-03,33530.0
ING007,2025-11-04,33190.0
ING007,2025-11-05,33080.0
ING007,2025-11-06,33310.0
ING007,2025-11-07,33050.0
ING007,2025-11-08,33120.0
ING007,2025-11-09,32530.0
ING007,2025-11-10,32940.0
ING007,2025-11-11,33840.0
ING007,2025-11-12,35150.0
ING007,2025-11-13,35180.0
ING007,2025-11-14,35530.0
ING007,2025-11-15,34710.0
ING007,2025-11-16,35400.0
ING007,2025-11-17,35730.0
ING007,2025-11-18,35480.0
ING007,2025-11-19,36010.0
ING007,2025-11-20,35850.0
ING007,2025-11-21,35600.0
ING007,2025-11-22,35790.0
ING007,2025-11-23,35280.0
ING007,2025-11-24,35730.0
ING007,2025-11-25,35220.0
ING007,2025-11-26,34740.0
ING007,2025-11-27,34350.0
ING007,2025-11-28,34730.0
ING007,2025-11-29,34470.0
ING007,2025-11-30,33900.0
ING007,2025-12-01,33690.0
ING007,2025-12-02,33740.0
ING007,2025-12-03,33280.0
ING007,2025-12-04,32860.0
ING007,2025-12-05,33920.0
ING007,2025-12-06,33590.0
ING007,2025-12-07,33520.0
ING007,2025-12-08,33440.0
ING007,2025-12-09,33330.0
ING007,2025-12-10,33700.0
ING007,2025-12-11,34200.0
ING007,2025-12-12,34110.0
ING007,2025-12-13,33610.0
ING007,2025-12-14,34250.0
ING007,2025-12-15,34260.0
ING007,2025-12-16,35080.0
ING007,2025-12-17,34070.0
ING007,2025-12-18,34220.0
ING007,2025-12-19,35120.0
ING007,2025-12-20,34970.0
ING007,2025-12-21,34880.0
ING007,2025-12-22,35020.0
ING007,2025-12-23,34780.0
ING007,2025-12-24,34660.0
ING007,2025-12-25,34540.0
ING007,2025-12-26,34290.0
ING007,2025-12-27,34880.0
ING007,2025-12-28,35110.0
ING007,2025-12-29,35220.0
ING007,2025-12-30,35580.0
ING007,2025-12-31,35450.0
ING007,2026-01-01,35090.0
ING007,2026-01-02,34820.0
ING007,2026-01-03,34840.0
ING007,2026-01-04,34390.0
ING007,2026-01-05,34210.0
ING007,2026-01-06,34030.0
ING007,2026-01-07,35040.0
ING007,2026-01-08,33800.0
ING007,2026-01-09,33800.0
ING007,2026-01-10,34640.0
ING007,2026-01-11,34730.0
ING007,2026-01-12,35090.0
ING007,2026-01-13,35140.0
ING007,2026-01-14,34850.0
ING007,2026-01-15,33870.0
ING007,2026-01-16,34030.0
ING007,2026-01-17,33740.0
ING007,2026-01-18,33460.0
ING007,2026-01-19,33330.0
ING007,2026-01-20,34210.0
ING007,2026-01-21,35340.0
ING007,2026-01-22,35430.0
ING007,2026-01-23,35220.0
ING007,2026-01-24,34690.0
ING007,2026-01-25,34930.0
ING007,2026-01-26,35750.0
ING007,2026-01-27,35620.0
ING007,2026-01-28,34530.0
ING007,2026-01-29,34870.0
ING007,2026-01-30,35340.0
ING007,2026-01-31,34620.0
ING007,2026-02-01,34740.0
ING007,2026-02-02,34970.0
ING007,2026-02-03,34950.0
ING007,2026-02-04,34620.0
ING007,2026-02-05,35110.0
ING007,2026-02-06,34940.0
ING007,2026-02-07,34290.0
ING007,2026-02-08,33430.0
ING007,2026-02-09,34090.0
ING007,2026-02-10,34430.0
ING007,2026-02-11,34510.0
ING007,2026-02-12,34360.0
ING007,2026-02-13,34170.0
ING007,2026-02-14,33750.0
ING007,2026-02-15,33640.0
ING007,2026-02-16,32770.0
ING007,2026-02-17,32570.0
ING007,2026-02-18,32580.0
ING007,2026-02-19,32990.0
ING007,2026-02-20,33090.0
ING007,2026-02-21,33560.0
ING007,2026-02-22,34260.0
ING007,2026-02-23,34790.0
ING007,2026-02-24,35030.0
ING007,2026-02-25,35050.0
ING007,2026-02-26,34630.0
ING007,2026-02-27,35000.0
ING007,2026-02-28,35780.0
ING007,2026-03-01,35910.0
ING007,2026-03-02,36740.0
ING007,2026-03-03,36000.0
ING007,2026-03-04,35450.0
ING007,2026-03-05,35830.0
ING007,2026-03-06,35930.0
ING007,2026-03-07,36490.0
ING007,2026-03-08,36430.0
ING007,2026-03-09,36000.0
ING007,2026-03-10,35870.0
ING007,2026-03-11,35170.0
ING007,2026-03-12,34670.0
ING007,2026-03-13,35150.0
ING007,2026-03-14,35560.0
ING007,2026-03-15,35710.0
ING007,2026-03-16,34930.0
ING007,2026-03-17,34800.0
ING007,2026-03-18,34280.0
ING007,2026-03-19,34870.0
ING007,2026-03-20,34640.0
ING007,2026-03-21,34190.0
ING007,2026-03-22,34270.0
ING007,2026-03-23,34050.0
ING007,2026-03-24,34780.0
ING007,2026-03-25,34490.0
ING007,2026-03-26,33910.0
ING007,2026-03-27,33030.0
ING007,2026-03-28,33140.0
ING007,2026-03-29,33010.0
ING007,2026-03-30,32490.0
ING007,2026-03-31,33180.0
ING007,2026-04-01,33590.0
ING007,2026-04-02,33680.0
ING007,2026-04-03,34380.0
ING007,2026-04-04,34740.0
ING007,2026-04-05,34410.0
ING007,2026-04-06,34000.0
ING007,2026-04-07,34440.0
ING007,2026-04-08,34670.0
ING007,2026-04-09,34790.0
ING007,2026-04-10,34450.0
ING007,2026-04-11,34780.0
ING007,2026-04-12,34480.0
ING007,2026-04-13,34490.0
ING007,2026-04-14,35190.0
ING007,2026-04-15,34920.0
ING007,2026-04-16,34240.0
ING007,2026-04-17,33840.0
ING007,2026-04-18,34370.0
ING007,2026-04-19,34550.0
ING007,2026-04-20,34540.0
ING007,2026-04-21,34370.0
ING007,2026-04-22,34640.0
ING007,2026-04-23,34310.0
ING007,2026-04-24,34510.0
ING007,2026-04-25,34240.0
ING007,2026-04-26,33910.0
ING007,2026-04-27,33710.0
ING007,2026-04-28,33630.0
ING007,2026-04-29,33710.0
ING007,2026-04-30,33910.0
ING007,2026-05-01,32350.0
ING007,2026-05-02,32150.0
ING007,2026-05-03,32150.0
ING007,2026-05-04,33000.0
ING007,2026-05-05,32650.0
ING007,2026-05-06,32870.0
ING007,2026-05-07,33680.0
ING007,2026-05-08,33190.0
ING007,2026-05-09,33490.0
ING007,2026-05-10,33240.0
ING007,2026-05-11,33130.0
ING007,2026-05-12,32900.0
ING007,2026-05-13,32710.0
ING007,2026-05-14,34080.0
ING007,2026-05-15,34540.0
ING007,2026-05-16,35090.0
ING007,2026-05-17,35340.0
ING007,2026-05-18,34640.0
ING007,2026-05-19,34870.0
ING007,2026-05-20,35390.0
ING007,2026-05-21,35020.0
ING007,2026-05-22,35490.0
ING007,2026-05-23,35810.0
ING007,2026-05-24,36640.0
ING007,2026-05-25,36410.0
ING007,2026-05-26,35880.0
ING007,2026-05-27,35710.0
ING007,2026-05-28,36350.0
ING007,2026-05-29,35500.0
ING007,2026-05-30,34590.0
ING007,2026-05-31,34680.0
ING007,2026-06-01,34540.0
ING007,2026-06-02,34600.0
ING007,2026-06-03,35080.0
ING007,2026-06-04,34870.0
ING007,2026-06-05,34070.0
ING007,2026-06-06,35070.0
ING007,2026-06-07,34660.0
ING007,2026-06-08,34240.0
ING007,2026-06-09,34810.0
ING007,2026-06-10,34690.0
ING007,2026-06-11,34710.0
ING007,2026-06-12,34980.0
ING007,2026-06-13,35510.0
ING007,2026-06-14,35370.0
ING007,2026-06-15,36080.0
ING007,2026-06-16,35100.0
ING007,2026-06-17,35480.0
ING007,2026-06-18,35120.0
ING007,2026-06-19,35770.0
ING007,2026-06-20,35830.0
ING007,2026-06-21,35530.0
ING007,2026-06-22,35840.0
ING007,2026-06-23,36240.0
ING007,2026-06-24,36510.0
ING007,2026-06-25,36010.0
ING007,2026-06-26,35790.0
ING007,2026-06-27,35790.0
ING007,2026-06-28,35770.0
ING007,2026-06-29,36110.0
ING007,2026-06-30,35190.0
ING008,2023-07-01,35130.0
ING008,2023-07-02,35010.0
ING008,2023-07-03,34690.0
ING008,2023-07-04,34420.0
ING008,2023-07-05,34370.0
ING008,2023-07-06,33010.0
ING008,2023-07-07,32840.0
ING008,2023-07-08,32610.0
ING008,2023-07-09,32940.0
ING008,2023-07-10,32730.0
ING008,2023-07-11,32770.0
ING008,2023-07-12,33470.0
ING008,2023-07-13,33940.0
ING008,2023-07-14,34340.0
ING008,2023-07-15,34180.0
ING008,2023-07-16,34440.0
ING008,2023-07-17,34380.0
ING008,2023-07-18,34340.0
ING008,2023-07-19,34530.0
ING008,2023-07-20,34330.0
ING008,2023-07-21,34940.0
ING008,2023-07-22,34880.0
ING008,2023-07-23,35130.0
ING008,2023-07-24,35690.0
ING008,2023-07-25,36060.0
ING008,2023-07-26,35470.0
ING008,2023-07-27,35620.0
ING008,2023-07-28,35920.0
ING008,2023-07-29,36220.0
ING008,2023-07-30,35740.0
ING008,2023-07-31,35460.0
ING008,2023-08-01,35820.0
ING008,2023-08-02,35490.0
ING008,2023-08-03,35360.0
ING008,2023-08-04,35960.0
ING008,2023-08-05,35900.0
ING008,2023-08-06,35580.0
ING008,2023-08-07,35220.0
ING008,2023-08-08,35340.0
ING008,2023-08-09,34820.0
ING008,2023-08-10,34740.0
ING008,2023-08-11,34890.0
ING008,2023-08-12,35400.0
ING008,2023-08-13,35650.0
ING008,2023-08-14,35350.0
ING008,2023-08-15,35800.0
ING008,2023-08-16,35650.0
ING008,2023-08-17,35150.0
ING008,2023-08-18,35090.0
ING008,2023-08-19,35640.0
ING008,2023-08-20,35690.0
ING008,2023-08-21,35670.0
ING008,2023-08-22,36270.0
ING008,2023-08-23,35670.0
ING008,2023-08-24,35150.0
ING008,2023-08-25,34530.0
ING008,2023-08-26,34710.0
ING008,2023-08-27,34800.0
ING008,2023-08-28,35410.0
ING008,2023-08-29,35500.0
ING008,2023-08-30,35330.0
ING008,2023-08-31,35320.0
ING008,2023-09-01,35370.0
ING008,2023-09-02,34720.0
ING008,2023-09-03,35790.0
ING008,2023-09-04,35960.0
ING008,2023-09-05,36000.0
ING008,2023-09-06,36200.0
ING008,2023-09-07,36430.0
ING008,2023-09-08,36320.0
ING008,2023-09-09,36020.0
ING008,2023-09-10,36220.0
ING008,2023-09-11,36320.0
ING008,2023-09-12,35950.0
ING008,2023-09-13,36470.0
ING008,2023-09-14,36520.0
ING008,2023-09-15,36740.0
ING008,2023-09-16,37200.0
ING008,2023-09-17,37120.0
ING008,2023-09-18,37150.0
ING008,2023-09-19,37370.0
ING008,2023-09-20,36990.0
ING008,2023-09-21,36920.0
ING008,2023-09-22,36890.0
ING008,2023-09-23,36440.0
ING008,2023-09-24,37280.0
ING008,2023-09-25,36640.0
ING008,2023-09-26,36080.0
ING008,2023-09-27,36550.0
ING008,2023-09-28,36760.0
ING008,2023-09-29,36290.0
ING008,2023-09-30,36480.0
ING008,2023-10-01,36990.0
ING008,2023-10-02,36900.0
ING008,2023-10-03,37820.0
ING008,2023-10-04,37030.0
ING008,2023-10-05,37220.0
ING008,2023-10-06,37570.0
ING008,2023-10-07,37810.0
ING008,2023-10-08,37610.0
ING008,2023-10-09,37380.0
ING008,2023-10-10,37460.0
ING008,2023-10-11,37670.0
ING008,2023-10-12,37780.0
ING008,2023-10-13,38070.0
ING008,2023-10-14,37540.0
ING008,2023-10-15,37350.0
ING008,2023-10-16,36890.0
ING008,2023-10-17,36670.0
ING008,2023-10-18,36990.0
ING008,2023-10-19,36960.0
ING008,2023-10-20,37880.0
ING008,2023-10-21,37840.0
ING008,2023-10-22,37740.0
ING008,2023-10-23,37660.0
ING008,2023-10-24,37310.0
ING008,2023-10-25,37190.0
ING008,2023-10-26,37540.0
ING008,2023-10-27,37480.0
ING008,2023-10-28,37070.0
ING008,2023-10-29,36640.0
ING008,2023-10-30,36400.0
ING008,2023-10-31,36390.0
ING008,2023-11-01,36800.0
ING008,2023-11-02,36220.0
ING008,2023-11-03,36060.0
ING008,2023-11-04,36080.0
ING008,2023-11-05,35350.0
ING008,2023-11-06,35030.0
ING008,2023-11-07,34800.0
ING008,2023-11-08,34520.0
ING008,2023-11-09,34650.0
ING008,2023-11-10,34630.0
ING008,2023-11-11,34460.0
ING008,2023-11-12,34680.0
ING008,2023-11-13,35380.0
ING008,2023-11-14,36020.0
ING008,2023-11-15,35250.0
ING008,2023-11-16,35490.0
ING008,2023-11-17,35420.0
ING008,2023-11-18,35490.0
ING008,2023-11-19,35340.0
ING008,2023-11-20,35390.0
ING008,2023-11-21,35460.0
ING008,2023-11-22,35240.0
ING008,2023-11-23,34910.0
ING008,2023-11-24,34770.0
ING008,2023-11-25,34900.0
ING008,2023-11-26,35170.0
ING008,2023-11-27,35510.0
ING008,2023-11-28,35330.0
ING008,2023-11-29,35450.0
ING008,2023-11-30,35830.0
ING008,2023-12-01,36260.0
ING008,2023-12-02,36210.0
ING008,2023-12-03,36090.0
ING008,2023-12-04,36140.0
ING008,2023-12-05,35670.0
ING008,2023-12-06,35590.0
ING008,2023-12-07,35880.0
ING008,2023-12-08,36110.0
ING008,2023-12-09,35990.0
ING008,2023-12-10,36050.0
ING008,2023-12-11,35710.0
ING008,2023-12-12,35980.0
ING008,2023-12-13,35930.0
ING008,2023-12-14,35810.0
ING008,2023-12-15,35660.0
ING008,2023-12-16,35640.0
ING008,2023-12-17,35470.0
ING008,2023-12-18,35730.0
ING008,2023-12-19,35570.0
ING008,2023-12-20,36190.0
ING008,2023-12-21,36730.0
ING008,2023-12-22,36330.0
ING008,2023-12-23,36330.0
ING008,2023-12-24,36040.0
ING008,2023-12-25,35900.0
ING008,2023-12-26,36660.0
ING008,2023-12-27,36490.0
ING008,2023-12-28,36590.0
ING008,2023-12-29,36750.0
ING008,2023-12-30,36320.0
ING008,2023-12-31,35960.0
ING008,2024-01-01,35480.0
ING008,2024-01-02,35150.0
ING008,2024-01-03,34080.0
ING008,2024-01-04,34370.0
ING008,2024-01-05,35230.0
ING008,2024-01-06,35310.0
ING008,2024-01-07,34790.0
ING008,2024-01-08,34590.0
ING008,2024-01-09,34470.0
ING008,2024-01-10,34140.0
ING008,2024-01-11,34550.0
ING008,2024-01-12,34920.0
ING008,2024-01-13,34520.0
ING008,2024-01-14,34860.0
ING008,2024-01-15,35490.0
ING008,2024-01-16,36240.0
ING008,2024-01-17,37320.0
ING008,2024-01-18,36890.0
ING008,2024-01-19,37930.0
ING008,2024-01-20,37680.0
ING008,2024-01-21,37360.0
ING008,2024-01-22,37410.0
ING008,2024-01-23,37100.0
ING008,2024-01-24,37190.0
ING008,2024-01-25,36610.0
ING008,2024-01-26,36480.0
ING008,2024-01-27,36940.0
ING008,2024-01-28,36860.0
ING008,2024-01-29,36860.0
ING008,2024-01-30,36990.0
ING008,2024-01-31,37390.0
ING008,2024-02-01,36670.0
ING008,2024-02-02,36850.0
ING008,2024-02-03,36700.0
ING008,2024-02-04,36720.0
ING008,2024-02-05,37080.0
ING008,2024-02-06,36560.0
ING008,2024-02-07,36140.0
ING008,2024-02-08,35380.0
ING008,2024-02-09,35190.0
ING008,2024-02-10,35740.0
ING008,2024-02-11,35700.0
ING008,2024-02-12,35190.0
ING008,2024-02-13,35040.0
ING008,2024-02-14,34500.0
ING008,2024-02-15,34140.0
ING008,2024-02-16,34380.0
ING008,2024-02-17,34000.0
ING008,2024-02-18,34520.0
ING008,2024-02-19,34560.0
ING008,2024-02-20,34660.0
ING008,2024-02-21,34620.0
ING008,2024-02-22,34980.0
ING008,2024-02-23,35330.0
ING008,2024-02-24,35490.0
ING008,2024-02-25,35730.0
ING008,2024-02-26,35650.0
ING008,2024-02-27,35880.0
ING008,2024-02-28,35750.0
ING008,2024-02-29,35760.0
ING008,2024-03-01,35660.0
ING008,2024-03-02,35500.0
ING008,2024-03-03,35260.0
ING008,2024-03-04,35470.0
ING008,2024-03-05,36000.0
ING008,2024-03-06,36450.0
ING008,2024-03-07,35940.0
ING008,2024-03-08,36440.0
ING008,2024-03-09,36290.0
ING008,2024-03-10,36510.0
ING008,2024-03-11,36130.0
ING008,2024-03-12,36180.0
ING008,2024-03-13,36290.0
ING008,2024-03-14,35700.0
ING008,2024-03-15,35950.0
ING008,2024-03-16,36470.0
ING008,2024-03-17,36380.0
ING008,2024-03-18,36890.0
ING008,2024-03-19,36770.0
ING008,2024-03-20,37060.0
ING008,2024-03-21,36150.0
ING008,2024-03-22,37080.0
ING008,2024-03-23,37600.0
ING008,2024-03-24,37410.0
ING008,2024-03-25,36580.0
ING008,2024-03-26,36670.0
ING008,2024-03-27,36080.0
ING008,2024-03-28,36250.0
ING008,2024-03-29,36400.0
ING008,2024-03-30,36020.0
ING008,2024-03-31,36450.0
ING008,2024-04-01,36740.0
ING008,2024-04-02,37080.0
ING008,2024-04-03,37030.0
ING008,2024-04-04,36440.0
ING008,2024-04-05,36800.0
ING008,2024-04-06,36660.0
ING008,2024-04-07,36090.0
ING008,2024-04-08,36610.0
ING008,2024-04-09,37400.0
ING008,2024-04-10,37310.0
ING008,2024-04-11,38080.0
ING008,2024-04-12,38020.0
ING008,2024-04-13,37780.0
ING008,2024-04-14,37450.0
ING008,2024-04-15,38010.0
ING008,2024-04-16,37620.0
ING008,2024-04-17,37830.0
ING008,2024-04-18,37530.0
ING008,2024-04-19,37280.0
ING008,2024-04-20,37620.0
ING008,2024-04-21,37400.0
ING008,2024-04-22,37180.0
ING008,2024-04-23,37560.0
ING008,2024-04-24,38110.0
ING008,2024-04-25,38260.0
ING008,2024-04-26,37900.0
ING008,2024-04-27,37620.0
ING008,2024-04-28,37570.0
ING008,2024-04-29,37630.0
ING008,2024-04-30,37170.0
ING008,2024-05-01,37400.0
ING008,2024-05-02,37370.0
ING008,2024-05-03,36650.0
ING008,2024-05-04,36270.0
ING008,2024-05-05,36070.0
ING008,2024-05-06,36050.0
ING008,2024-05-07,36790.0
ING008,2024-05-08,36850.0
ING008,2024-05-09,36490.0
ING008,2024-05-10,36560.0
ING008,2024-05-11,36410.0
ING008,2024-05-12,36520.0
ING008,2024-05-13,36730.0
ING008,2024-05-14,37170.0
ING008,2024-05-15,37120.0
ING008,2024-05-16,37700.0
ING008,2024-05-17,37980.0
ING008,2024-05-18,37620.0
ING008,2024-05-19,38400.0
ING008,2024-05-20,38420.0
ING008,2024-05-21,37990.0
ING008,2024-05-22,38540.0
ING008,2024-05-23,39220.0
ING008,2024-05-24,39060.0
ING008,2024-05-25,38730.0
ING008,2024-05-26,38540.0
ING008,2024-05-27,38700.0
ING008,2024-05-28,39070.0
ING008,2024-05-29,39150.0
ING008,2024-05-30,39050.0
ING008,2024-05-31,39490.0
ING008,2024-06-01,39210.0
ING008,2024-06-02,39460.0
ING008,2024-06-03,39190.0
ING008,2024-06-04,39210.0
ING008,2024-06-05,39020.0
ING008,2024-06-06,38860.0
ING008,2024-06-07,38590.0
ING008,2024-06-08,38990.0
ING008,2024-06-09,38580.0
ING008,2024-06-10,38180.0
ING008,2024-06-11,38900.0
ING008,2024-06-12,39150.0
ING008,2024-06-13,38090.0
ING008,2024-06-14,37790.0
ING008,2024-06-15,37020.0
ING008,2024-06-16,36620.0
ING008,2024-06-17,35400.0
ING008,2024-06-18,35390.0
ING008,2024-06-19,35000.0
ING008,2024-06-20,35090.0
ING008,2024-06-21,34530.0
ING008,2024-06-22,34650.0
ING008,2024-06-23,34580.0
ING008,2024-06-24,35250.0
ING008,2024-06-25,35850.0
ING008,2024-06-26,36180.0
ING008,2024-06-27,36060.0
ING008,2024-06-28,36840.0
ING008,2024-06-29,36220.0
ING008,2024-06-30,35690.0
ING008,2024-07-01,35690.0
ING008,2024-07-02,36600.0
ING008,2024-07-03,36510.0
ING008,2024-07-04,36440.0
ING008,2024-07-05,35880.0
ING008,2024-07-06,36270.0
ING008,2024-07-07,36650.0
ING008,2024-07-08,36940.0
ING008,2024-07-09,36670.0
ING008,2024-07-10,36390.0
ING008,2024-07-11,35890.0
ING008,2024-07-12,35950.0
ING008,2024-07-13,35560.0
ING008,2024-07-14,35150.0
ING008,2024-07-15,35050.0
ING008,2024-07-16,34940.0
ING008,2024-07-17,34810.0
ING008,2024-07-18,35070.0
ING008,2024-07-19,35170.0
ING008,2024-07-20,35120.0
ING008,2024-07-21,35260.0
ING008,2024-07-22,34940.0
ING008,2024-07-23,35060.0
ING008,2024-07-24,35190.0
ING008,2024-07-25,34680.0
ING008,2024-07-26,35150.0
ING008,2024-07-27,34880.0
ING008,2024-07-28,34990.0
ING008,2024-07-29,35520.0
ING008,2024-07-30,35930.0
ING008,2024-07-31,35970.0
ING008,2024-08-01,35860.0
ING008,2024-08-02,36250.0
ING008,2024-08-03,36530.0
ING008,2024-08-04,36290.0
ING008,2024-08-05,36000.0
ING008,2024-08-06,35230.0
ING008,2024-08-07,35350.0
ING008,2024-08-08,35380.0
ING008,2024-08-09,35880.0
ING008,2024-08-10,36050.0
ING008,2024-08-11,36590.0
ING008,2024-08-12,36320.0
ING008,2024-08-13,36770.0
ING008,2024-08-14,36550.0
ING008,2024-08-15,36860.0
ING008,2024-08-16,36280.0
ING008,2024-08-17,36390.0
ING008,2024-08-18,35630.0
ING008,2024-08-19,35580.0
ING008,2024-08-20,35800.0
ING008,2024-08-21,35640.0
ING008,2024-08-22,35280.0
ING008,2024-08-23,35670.0
ING008,2024-08-24,35680.0
ING008,2024-08-25,35540.0
ING008,2024-08-26,35610.0
ING008,2024-08-27,36670.0
ING008,2024-08-28,37120.0
ING008,2024-08-29,37540.0
ING008,2024-08-30,37660.0
ING008,2024-08-31,37670.0
ING008,2024-09-01,36700.0
ING008,2024-09-02,36440.0
ING008,2024-09-03,36260.0
ING008,2024-09-04,35560.0
ING008,2024-09-05,35170.0
ING008,2024-09-06,34480.0
ING008,2024-09-07,34580.0
ING008,2024-09-08,35000.0
ING008,2024-09-09,35510.0
ING008,2024-09-10,35720.0
ING008,2024-09-11,35400.0
ING008,2024-09-12,34720.0
ING008,2024-09-13,34140.0
ING008,2024-09-14,33780.0
ING008,2024-09-15,33580.0
ING008,2024-09-16,33680.0
ING008,2024-09-17,33440.0
ING008,2024-09-18,33730.0
ING008,2024-09-19,33790.0
ING008,2024-09-20,33940.0
ING008,2024-09-21,34520.0
ING008,2024-09-22,34180.0
ING008,2024-09-23,34470.0
ING008,2024-09-24,34570.0
ING008,2024-09-25,34550.0
ING008,2024-09-26,35000.0
ING008,2024-09-27,35430.0
ING008,2024-09-28,35130.0
ING008,2024-09-29,35140.0
ING008,2024-09-30,35330.0
ING008,2024-10-01,35300.0
ING008,2024-10-02,35590.0
ING008,2024-10-03,35760.0
ING008,2024-10-04,36520.0
ING008,2024-10-05,35940.0
ING008,2024-10-06,35940.0
ING008,2024-10-07,35630.0
ING008,2024-10-08,35920.0
ING008,2024-10-09,35340.0
ING008,2024-10-10,35540.0
ING008,2024-10-11,35360.0
ING008,2024-10-12,35150.0
ING008,2024-10-13,34680.0
ING008,2024-10-14,34610.0
ING008,2024-10-15,35130.0
ING008,2024-10-16,35210.0
ING008,2024-10-17,35530.0
ING008,2024-10-18,36240.0
ING008,2024-10-19,36370.0
ING008,2024-10-20,36180.0
ING008,2024-10-21,36390.0
ING008,2024-10-22,36200.0
ING008,2024-10-23,36040.0
ING008,2024-10-24,35490.0
ING008,2024-10-25,35920.0
ING008,2024-10-26,35820.0
ING008,2024-10-27,35940.0
ING008,2024-10-28,35590.0
ING008,2024-10-29,35820.0
ING008,2024-10-30,35580.0
ING008,2024-10-31,35590.0
ING008,2024-11-01,35990.0
ING008,2024-11-02,36340.0
ING008,2024-11-03,36360.0
ING008,2024-11-04,35700.0
ING008,2024-11-05,36910.0
ING008,2024-11-06,37590.0
ING008,2024-11-07,37830.0
ING008,2024-11-08,37490.0
ING008,2024-11-09,37420.0
ING008,2024-11-10,37190.0
ING008,2024-11-11,37660.0
ING008,2024-11-12,37720.0
ING008,2024-11-13,37380.0
ING008,2024-11-14,37180.0
ING008,2024-11-15,37600.0
ING008,2024-11-16,38180.0
ING008,2024-11-17,38700.0
ING008,2024-11-18,38910.0
ING008,2024-11-19,38710.0
ING008,2024-11-20,37380.0
ING008,2024-11-21,37470.0
ING008,2024-11-22,37440.0
ING008,2024-11-23,37470.0
ING008,2024-11-24,37470.0
ING008,2024-11-25,36930.0
ING008,2024-11-26,37150.0
ING008,2024-11-27,37380.0
ING008,2024-11-28,37630.0
ING008,2024-11-29,37960.0
ING008,2024-11-30,38140.0
ING008,2024-12-01,37930.0
ING008,2024-12-02,37850.0
ING008,2024-12-03,37850.0
ING008,2024-12-04,37840.0
ING008,2024-12-05,38190.0
ING008,2024-12-06,38380.0
ING008,2024-12-07,39110.0
ING008,2024-12-08,39850.0
ING008,2024-12-09,39740.0
ING008,2024-12-10,38130.0
ING008,2024-12-11,38550.0
ING008,2024-12-12,38270.0
ING008,2024-12-13,37900.0
ING008,2024-12-14,37700.0
ING008,2024-12-15,37500.0
ING008,2024-12-16,37710.0
ING008,2024-12-17,37080.0
ING008,2024-12-18,36660.0
ING008,2024-12-19,36810.0
ING008,2024-12-20,37060.0
ING008,2024-12-21,37310.0
ING008,2024-12-22,37000.0
ING008,2024-12-23,36620.0
ING008,2024-12-24,36450.0
ING008,2024-12-25,36580.0
ING008,2024-12-26,37170.0
ING008,2024-12-27,36380.0
ING008,2024-12-28,36330.0
ING008,2024-12-29,35860.0
ING008,2024-12-30,35280.0
ING008,2024-12-31,35750.0
ING008,2025-01-01,36020.0
ING008,2025-01-02,36250.0
ING008,2025-01-03,36650.0
ING008,2025-01-04,36490.0
ING008,2025-01-05,36350.0
ING008,2025-01-06,37230.0
ING008,2025-01-07,37130.0
ING008,2025-01-08,37420.0
ING008,2025-01-09,37410.0
ING008,2025-01-10,36680.0
ING008,2025-01-11,35920.0
ING008,2025-01-12,35760.0
ING008,2025-01-13,36230.0
ING008,2025-01-14,36580.0
ING008,2025-01-15,36960.0
ING008,2025-01-16,36590.0
ING008,2025-01-17,37240.0
ING008,2025-01-18,36870.0
ING008,2025-01-19,36970.0
ING008,2025-01-20,36970.0
ING008,2025-01-21,36920.0
ING008,2025-01-22,37450.0
ING008,2025-01-23,37160.0
ING008,2025-01-24,36640.0
ING008,2025-01-25,36680.0
ING008,2025-01-26,36550.0
ING008,2025-01-27,37890.0
ING008,2025-01-28,38110.0
ING008,2025-01-29,37910.0
ING008,2025-01-30,37470.0
ING008,2025-01-31,36730.0
ING008,2025-02-01,36360.0
ING008,2025-02-02,36450.0
ING008,2025-02-03,37040.0
ING008,2025-02-04,37480.0
ING008,2025-02-05,37560.0
ING008,2025-02-06,37420.0
ING008,2025-02-07,37510.0
ING008,2025-02-08,37300.0
ING008,2025-02-09,37960.0
ING008,2025-02-10,37850.0
ING008,2025-02-11,37790.0
ING008,2025-02-12,36910.0
ING008,2025-02-13,36850.0
ING008,2025-02-14,37200.0
ING008,2025-02-15,36790.0
ING008,2025-02-16,36530.0
ING008,2025-02-17,36870.0
ING008,2025-02-18,36320.0
ING008,2025-02-19,36780.0
ING008,2025-02-20,36600.0
ING008,2025-02-21,36480.0
ING008,2025-02-22,36090.0
ING008,2025-02-23,36300.0
ING008,2025-02-24,37300.0
ING008,2025-02-25,37600.0
ING008,2025-02-26,37250.0
ING008,2025-02-27,37690.0
ING008,2025-02-28,37550.0
ING008,2025-03-01,38070.0
ING008,2025-03-02,38350.0
ING008,2025-03-03,37160.0
ING008,2025-03-04,36790.0
ING008,2025-03-05,37180.0
ING008,2025-03-06,37240.0
ING008,2025-03-07,36860.0
ING008,2025-03-08,36640.0
ING008,2025-03-09,35940.0
ING008,2025-03-10,35980.0
ING008,2025-03-11,36900.0
ING008,2025-03-12,37230.0
ING008,2025-03-13,38080.0
ING008,2025-03-14,38390.0
ING008,2025-03-15,38730.0
ING008,2025-03-16,39430.0
ING008,2025-03-17,39470.0
ING008,2025-03-18,39300.0
ING008,2025-03-19,39600.0
ING008,2025-03-20,40050.0
ING008,2025-03-21,39730.0
ING008,2025-03-22,39340.0
ING008,2025-03-23,39300.0
ING008,2025-03-24,39520.0
ING008,2025-03-25,39720.0
ING008,2025-03-26,39060.0
ING008,2025-03-27,39720.0
ING008,2025-03-28,39360.0
ING008,2025-03-29,39160.0
ING008,2025-03-30,38730.0
ING008,2025-03-31,39700.0
ING008,2025-04-01,39680.0
ING008,2025-04-02,39240.0
ING008,2025-04-03,39490.0
ING008,2025-04-04,39680.0
ING008,2025-04-05,39500.0
ING008,2025-04-06,39720.0
ING008,2025-04-07,39290.0
ING008,2025-04-08,39010.0
ING008,2025-04-09,38160.0
ING008,2025-04-10,37620.0
ING008,2025-04-11,38310.0
ING008,2025-04-12,38900.0
ING008,2025-04-13,38850.0
ING008,2025-04-14,39430.0
ING008,2025-04-15,39270.0
ING008,2025-04-16,39090.0
ING008,2025-04-17,39030.0
ING008,2025-04-18,38910.0
ING008,2025-04-19,38760.0
ING008,2025-04-20,39130.0
ING008,2025-04-21,39110.0
ING008,2025-04-22,39310.0
ING008,2025-04-23,39620.0
ING008,2025-04-24,39660.0
ING008,2025-04-25,39180.0
ING008,2025-04-26,38580.0
ING008,2025-04-27,38590.0
ING008,2025-04-28,38470.0
ING008,2025-04-29,38460.0
ING008,2025-04-30,38410.0
ING008,2025-05-01,39360.0
ING008,2025-05-02,38760.0
ING008,2025-05-03,37930.0
ING008,2025-05-04,38040.0
ING008,2025-05-05,37880.0
ING008,2025-05-06,37980.0
ING008,2025-05-07,38190.0
ING008,2025-05-08,38650.0
ING008,2025-05-09,38020.0
ING008,2025-05-10,37780.0
ING008,2025-05-11,37940.0
ING008,2025-05-12,38220.0
ING008,2025-05-13,39040.0
ING008,2025-05-14,39330.0
ING008,2025-05-15,39230.0
ING008,2025-05-16,38800.0
ING008,2025-05-17,38530.0
ING008,2025-05-18,38250.0
ING008,2025-05-19,38480.0
ING008,2025-05-20,38530.0
ING008,2025-05-21,37980.0
ING008,2025-05-22,37790.0
ING008,2025-05-23,38130.0
ING008,2025-05-24,38240.0
ING008,2025-05-25,38430.0
ING008,2025-05-26,38540.0
ING008,2025-05-27,39120.0
ING008,2025-05-28,39140.0
ING008,2025-05-29,38920.0
ING008,2025-05-30,38500.0
ING008,2025-05-31,38560.0
ING008,2025-06-01,37570.0
ING008,2025-06-02,37510.0
ING008,2025-06-03,37440.0
ING008,2025-06-04,36930.0
ING008,2025-06-05,36610.0
ING008,2025-06-06,36980.0
ING008,2025-06-07,37100.0
ING008,2025-06-08,37170.0
ING008,2025-06-09,37320.0
ING008,2025-06-10,37370.0
ING008,2025-06-11,37870.0
ING008,2025-06-12,37910.0
ING008,2025-06-13,37340.0
ING008,2025-06-14,37990.0
ING008,2025-06-15,38120.0
ING008,2025-06-16,37870.0
ING008,2025-06-17,37380.0
ING008,2025-06-18,37550.0
ING008,2025-06-19,37520.0
ING008,2025-06-20,38140.0
ING008,2025-06-21,37990.0
ING008,2025-06-22,37650.0
ING008,2025-06-23,38000.0
ING008,2025-06-24,38350.0
ING008,2025-06-25,38380.0
ING008,2025-06-26,38620.0
ING008,2025-06-27,38560.0
ING008,2025-06-28,38610.0
ING008,2025-06-29,39020.0
ING008,2025-06-30,39200.0
ING008,2025-07-01,39060.0
ING008,2025-07-02,39520.0
ING008,2025-07-03,38530.0
ING008,2025-07-04,39280.0
ING008,2025-07-05,38550.0
ING008,2025-07-06,38270.0
ING008,2025-07-07,38230.0
ING008,2025-07-08,38160.0
ING008,2025-07-09,38530.0
ING008,2025-07-10,38090.0
ING008,2025-07-11,38180.0
ING008,2025-07-12,37940.0
ING008,2025-07-13,38050.0
ING008,2025-07-14,38010.0
ING008,2025-07-15,38040.0
ING008,2025-07-16,37820.0
ING008,2025-07-17,37620.0
ING008,2025-07-18,37750.0
ING008,2025-07-19,38120.0
ING008,2025-07-20,37870.0
ING008,2025-07-21,37540.0
ING008,2025-07-22,37790.0
ING008,2025-07-23,37790.0
ING008,2025-07-24,38110.0
ING008,2025-07-25,37750.0
ING008,2025-07-26,37070.0
ING008,2025-07-27,36910.0
ING008,2025-07-28,36670.0
ING008,2025-07-29,36700.0
ING008,2025-07-30,36510.0
ING008,2025-07-31,36870.0
ING008,2025-08-01,36810.0
ING008,2025-08-02,36920.0
ING008,2025-08-03,37030.0
ING008,2025-08-04,37150.0
ING008,2025-08-05,37180.0
ING008,2025-08-06,37420.0
ING008,2025-08-07,37140.0
ING008,2025-08-08,37720.0
ING008,2025-08-09,37640.0
ING008,2025-08-10,37150.0
ING008,2025-08-11,37260.0
ING008,2025-08-12,36970.0
ING008,2025-08-13,37280.0
ING008,2025-08-14,38160.0
ING008,2025-08-15,37850.0
ING008,2025-08-16,37980.0
ING008,2025-08-17,37310.0
ING008,2025-08-18,37520.0
ING008,2025-08-19,37200.0
ING008,2025-08-20,37000.0
ING008,2025-08-21,36630.0
ING008,2025-08-22,36980.0
ING008,2025-08-23,37420.0
ING008,2025-08-24,37450.0
ING008,2025-08-25,37150.0
ING008,2025-08-26,37800.0
ING008,2025-08-27,37530.0
ING008,2025-08-28,36720.0
ING008,2025-08-29,36960.0
ING008,2025-08-30,36590.0
ING008,2025-08-31,37040.0
ING008,2025-09-01,36950.0
ING008,2025-09-02,37230.0
ING008,2025-09-03,37810.0
ING008,2025-09-04,37360.0
ING008,2025-09-05,37180.0
ING008,2025-09-06,37190.0
ING008,2025-09-07,37830.0
ING008,2025-09-08,37590.0
ING008,2025-09-09,37380.0
ING008,2025-09-10,37600.0
ING008,2025-09-11,37400.0
ING008,2025-09-12,37500.0
ING008,2025-09-13,36930.0
ING008,2025-09-14,37840.0
ING008,2025-09-15,37330.0
ING008,2025-09-16,37250.0
ING008,2025-09-17,37280.0
ING008,2025-09-18,38050.0
ING008,2025-09-19,37550.0
ING008,2025-09-20,38340.0
ING008,2025-09-21,38620.0
ING008,2025-09-22,38760.0
ING008,2025-09-23,38350.0
ING008,2025-09-24,38550.0
ING008,2025-09-25,38250.0
ING008,2025-09-26,38740.0
ING008,2025-09-27,38330.0
ING008,2025-09-28,38280.0
ING008,2025-09-29,38060.0
ING008,2025-09-30,37680.0
ING008,2025-10-01,37990.0
ING008,2025-10-02,38210.0
ING008,2025-10-03,38670.0
ING008,2025-10-04,37960.0
ING008,2025-10-05,38380.0
ING008,2025-10-06,39340.0
ING008,2025-10-07,39100.0
ING008,2025-10-08,39790.0
ING008,2025-10-09,39610.0
ING008,2025-10-10,39010.0
ING008,2025-10-11,38850.0
ING008,2025-10-12,39220.0
ING008,2025-10-13,38850.0
ING008,2025-10-14,38580.0
ING008,2025-10-15,38790.0
ING008,2025-10-16,38770.0
ING008,2025-10-17,38960.0
ING008,2025-10-18,39020.0
ING008,2025-10-19,39160.0
ING008,2025-10-20,38950.0
ING008,2025-10-21,39000.0
ING008,2025-10-22,38610.0
ING008,2025-10-23,39090.0
ING008,2025-10-24,38800.0
ING008,2025-10-25,39210.0
ING008,2025-10-26,39070.0
ING008,2025-10-27,39110.0
ING008,2025-10-28,38870.0
ING008,2025-10-29,38450.0
ING008,2025-10-30,37770.0
ING008,2025-10-31,37390.0
ING008,2025-11-01,37310.0
ING008,2025-11-02,37440.0
ING008,2025-11-03,37870.0
ING008,2025-11-04,37720.0
ING008,2025-11-05,37410.0
ING008,2025-11-06,36900.0
ING008,2025-11-07,37150.0
ING008,2025-11-08,37740.0
ING008,2025-11-09,38260.0
ING008,2025-11-10,38530.0
ING008,2025-11-11,38770.0
ING008,2025-11-12,39400.0
ING008,2025-11-13,39470.0
ING008,2025-11-14,39660.0
ING008,2025-11-15,39470.0
ING008,2025-11-16,38890.0
ING008,2025-11-17,38600.0
ING008,2025-11-18,38590.0
ING008,2025-11-19,38600.0
ING008,2025-11-20,39330.0
ING008,2025-11-21,39310.0
ING008,2025-11-22,39710.0
ING008,2025-11-23,39480.0
ING008,2025-11-24,39300.0
ING008,2025-11-25,38750.0
ING008,2025-11-26,38440.0
ING008,2025-11-27,38640.0
ING008,2025-11-28,38630.0
ING008,2025-11-29,38980.0
ING008,2025-11-30,39020.0
ING008,2025-12-01,38850.0
ING008,2025-12-02,39660.0
ING008,2025-12-03,39560.0
ING008,2025-12-04,39950.0
ING008,2025-12-05,39720.0
ING008,2025-12-06,39930.0
ING008,2025-12-07,40210.0
ING008,2025-12-08,40200.0
ING008,2025-12-09,39200.0
ING008,2025-12-10,39170.0
ING008,2025-12-11,39610.0
ING008,2025-12-12,39750.0
ING008,2025-12-13,39860.0
ING008,2025-12-14,39120.0
ING008,2025-12-15,38810.0
ING008,2025-12-16,38950.0
ING008,2025-12-17,39090.0
ING008,2025-12-18,39520.0
ING008,2025-12-19,39410.0
ING008,2025-12-20,39520.0
ING008,2025-12-21,39480.0
ING008,2025-12-22,39040.0
ING008,2025-12-23,38150.0
ING008,2025-12-24,38330.0
ING008,2025-12-25,38400.0
ING008,2025-12-26,38170.0
ING008,2025-12-27,37560.0
ING008,2025-12-28,37850.0
ING008,2025-12-29,37780.0
ING008,2025-12-30,38030.0
ING008,2025-12-31,38770.0
ING008,2026-01-01,37940.0
ING008,2026-01-02,37700.0
ING008,2026-01-03,37660.0
ING008,2026-01-04,38260.0
ING008,2026-01-05,37640.0
ING008,2026-01-06,38430.0
ING008,2026-01-07,38490.0
ING008,2026-01-08,38460.0
ING008,2026-01-09,38380.0
ING008,2026-01-10,38220.0
ING008,2026-01-11,38640.0
ING008,2026-01-12,38230.0
ING008,2026-01-13,38380.0
ING008,2026-01-14,38240.0
ING008,2026-01-15,37960.0
ING008,2026-01-16,38990.0
ING008,2026-01-17,39130.0
ING008,2026-01-18,39340.0
ING008,2026-01-19,39740.0
ING008,2026-01-20,39130.0
ING008,2026-01-21,39780.0
ING008,2026-01-22,38750.0
ING008,2026-01-23,38450.0
ING008,2026-01-24,38280.0
ING008,2026-01-25,38520.0
ING008,2026-01-26,38610.0
ING008,2026-01-27,38540.0
ING008,2026-01-28,38540.0
ING008,2026-01-29,38170.0
ING008,2026-01-30,37620.0
ING008,2026-01-31,37950.0
ING008,2026-02-01,38250.0
ING008,2026-02-02,38880.0
ING008,2026-02-03,38560.0
ING008,2026-02-04,38830.0
ING008,2026-02-05,38710.0
ING008,2026-02-06,39170.0
ING008,2026-02-07,39540.0
ING008,2026-02-08,39570.0
ING008,2026-02-09,39400.0
ING008,2026-02-10,39730.0
ING008,2026-02-11,39930.0
ING008,2026-02-12,39600.0
ING008,2026-02-13,39040.0
ING008,2026-02-14,38910.0
ING008,2026-02-15,39480.0
ING008,2026-02-16,39890.0
ING008,2026-02-17,39400.0
ING008,2026-02-18,38910.0
ING008,2026-02-19,39390.0
ING008,2026-02-20,38920.0
ING008,2026-02-21,39110.0
ING008,2026-02-22,38850.0
ING008,2026-02-23,39470.0
ING008,2026-02-24,39130.0
ING008,2026-02-25,39550.0
ING008,2026-02-26,39580.0
ING008,2026-02-27,39640.0
ING008,2026-02-28,38830.0
ING008,2026-03-01,37980.0
ING008,2026-03-02,37930.0
ING008,2026-03-03,38070.0
ING008,2026-03-04,37670.0
ING008,2026-03-05,37300.0
ING008,2026-03-06,37590.0
ING008,2026-03-07,37870.0
ING008,2026-03-08,37860.0
ING008,2026-03-09,38200.0
ING008,2026-03-10,37780.0
ING008,2026-03-11,37690.0
ING008,2026-03-12,38380.0
ING008,2026-03-13,38430.0
ING008,2026-03-14,38490.0
ING008,2026-03-15,39400.0
ING008,2026-03-16,38830.0
ING008,2026-03-17,39130.0
ING008,2026-03-18,39760.0
ING008,2026-03-19,39580.0
ING008,2026-03-20,39880.0
ING008,2026-03-21,39450.0
ING008,2026-03-22,39150.0
ING008,2026-03-23,39280.0
ING008,2026-03-24,39570.0
ING008,2026-03-25,39960.0
ING008,2026-03-26,40510.0
ING008,2026-03-27,40400.0
ING008,2026-03-28,40780.0
ING008,2026-03-29,40550.0
ING008,2026-03-30,40810.0
ING008,2026-03-31,40800.0
ING008,2026-04-01,40870.0
ING008,2026-04-02,40930.0
ING008,2026-04-03,40210.0
ING008,2026-04-04,39710.0
ING008,2026-04-05,39710.0
ING008,2026-04-06,39020.0
ING008,2026-04-07,39330.0
ING008,2026-04-08,39640.0
ING008,2026-04-09,39730.0
ING008,2026-04-10,39260.0
ING008,2026-04-11,39770.0
ING008,2026-04-12,40510.0
ING008,2026-04-13,40490.0
ING008,2026-04-14,40610.0
ING008,2026-04-15,40600.0
ING008,2026-04-16,40720.0
ING008,2026-04-17,40580.0
ING008,2026-04-18,40490.0
ING008,2026-04-19,40760.0
ING008,2026-04-20,41570.0
ING008,2026-04-21,40900.0
ING008,2026-04-22,40760.0
ING008,2026-04-23,40210.0
ING008,2026-04-24,40760.0
ING008,2026-04-25,40450.0
ING008,2026-04-26,39820.0
ING008,2026-04-27,40020.0
ING008,2026-04-28,40640.0
ING008,2026-04-29,40810.0
ING008,2026-04-30,40800.0
ING008,2026-05-01,40860.0
ING008,2026-05-02,41310.0
ING008,2026-05-03,40860.0
ING008,2026-05-04,40720.0
ING008,2026-05-05,40460.0
ING008,2026-05-06,39940.0
ING008,2026-05-07,39760.0
ING008,2026-05-08,40150.0
ING008,2026-05-09,40310.0
ING008,2026-05-10,40490.0
ING008,2026-05-11,40480.0
ING008,2026-05-12,40610.0
ING008,2026-05-13,40220.0
ING008,2026-05-14,40040.0
ING008,2026-05-15,40060.0
ING008,2026-05-16,40120.0
ING008,2026-05-17,40190.0
ING008,2026-05-18,40070.0
ING008,2026-05-19,39880.0
ING008,2026-05-20,41050.0
ING008,2026-05-21,41300.0
ING008,2026-05-22,41350.0
ING008,2026-05-23,41140.0
ING008,2026-05-24,40860.0
ING008,2026-05-25,40720.0
ING008,2026-05-26,40750.0
ING008,2026-05-27,39950.0
ING008,2026-05-28,39300.0
ING008,2026-05-29,39040.0
ING008,2026-05-30,39120.0
ING008,2026-05-31,39030.0
ING008,2026-06-01,39600.0
ING008,2026-06-02,39010.0
ING008,2026-06-03,38720.0
ING008,2026-06-04,39320.0
ING008,2026-06-05,39360.0
ING008,2026-06-06,39690.0
ING008,2026-06-07,40450.0
ING008,2026-06-08,40120.0
ING008,2026-06-09,40030.0
ING008,2026-06-10,39880.0
ING008,2026-06-11,39090.0
ING008,2026-06-12,38970.0
ING008,2026-06-13,39320.0
ING008,2026-06-14,39520.0
ING008,2026-06-15,39740.0
ING008,2026-06-16,39560.0
ING008,2026-06-17,39290.0
ING008,2026-06-18,39770.0
ING008,2026-06-19,39550.0
ING008,2026-06-20,39640.0
ING008,2026-06-21,39680.0
ING008,2026-06-22,40220.0
ING008,2026-06-23,40540.0
ING008,2026-06-24,39980.0
ING008,2026-06-25,39480.0
ING008,2026-06-26,39690.0
ING008,2026-06-27,39640.0
ING008,2026-06-28,39440.0
ING008,2026-06-29,39820.0
ING008,2026-06-30,39860.0
ING009,2023-07-01,28010.0
ING009,2023-07-02,28140.0
ING009,2023-07-03,28070.0
ING009,2023-07-04,28330.0
ING009,2023-07-05,28180.0
ING009,2023-07-06,28280.0
ING009,2023-07-07,28510.0
ING009,2023-07-08,28260.0
ING009,2023-07-09,28190.0
ING009,2023-07-10,28370.0
ING009,2023-07-11,28550.0
ING009,2023-07-12,28490.0
ING009,2023-07-13,28350.0
ING009,2023-07-14,28490.0
ING009,2023-07-15,28670.0
ING009,2023-07-16,28440.0
ING009,2023-07-17,28220.0
ING009,2023-07-18,28250.0
ING009,2023-07-19,28350.0
ING009,2023-07-20,28280.0
ING009,2023-07-21,28380.0
ING009,2023-07-22,28250.0
ING009,2023-07-23,27880.0
ING009,2023-07-24,27820.0
ING009,2023-07-25,27850.0
ING009,2023-07-26,27810.0
ING009,2023-07-27,27630.0
ING009,2023-07-28,27350.0
ING009,2023-07-29,27300.0
ING009,2023-07-30,27490.0
ING009,2023-07-31,27730.0
ING009,2023-08-01,27950.0
ING009,2023-08-02,27820.0
ING009,2023-08-03,27640.0
ING009,2023-08-04,27740.0
ING009,2023-08-05,27870.0
ING009,2023-08-06,27950.0
ING009,2023-08-07,27620.0
ING009,2023-08-08,27500.0
ING009,2023-08-09,27520.0
ING009,2023-08-10,27640.0
ING009,2023-08-11,27790.0
ING009,2023-08-12,27830.0
ING009,2023-08-13,27900.0
ING009,2023-08-14,27930.0
ING009,2023-08-15,28050.0
ING009,2023-08-16,28110.0
ING009,2023-08-17,28120.0
ING009,2023-08-18,28080.0
ING009,2023-08-19,28100.0
ING009,2023-08-20,28180.0
ING009,2023-08-21,28220.0
ING009,2023-08-22,28280.0
ING009,2023-08-23,28500.0
ING009,2023-08-24,28530.0
ING009,2023-08-25,28400.0
ING009,2023-08-26,28540.0
ING009,2023-08-27,28290.0
ING009,2023-08-28,28110.0
ING009,2023-08-29,28170.0
ING009,2023-08-30,28250.0
ING009,2023-08-31,28040.0
ING009,2023-09-01,27980.0
ING009,2023-09-02,27890.0
ING009,2023-09-03,27830.0
ING009,2023-09-04,28000.0
ING009,2023-09-05,28130.0
ING009,2023-09-06,28130.0
ING009,2023-09-07,28040.0
ING009,2023-09-08,27830.0
ING009,2023-09-09,28080.0
ING009,2023-09-10,28190.0
ING009,2023-09-11,28070.0
ING009,2023-09-12,28200.0
ING009,2023-09-13,28190.0
ING009,2023-09-14,28150.0
ING009,2023-09-15,28220.0
ING009,2023-09-16,28100.0
ING009,2023-09-17,28050.0
ING009,2023-09-18,28080.0
ING009,2023-09-19,28000.0
ING009,2023-09-20,28130.0
ING009,2023-09-21,28450.0
ING009,2023-09-22,28310.0
ING009,2023-09-23,28030.0
ING009,2023-09-24,27700.0
ING009,2023-09-25,27710.0
ING009,2023-09-26,27620.0
ING009,2023-09-27,27690.0
ING009,2023-09-28,27740.0
ING009,2023-09-29,27500.0
ING009,2023-09-30,27230.0
ING009,2023-10-01,27340.0
ING009,2023-10-02,27410.0
ING009,2023-10-03,27380.0
ING009,2023-10-04,27150.0
ING009,2023-10-05,27280.0
ING009,2023-10-06,27550.0
ING009,2023-10-07,27630.0
ING009,2023-10-08,27520.0
ING009,2023-10-09,27570.0
ING009,2023-10-10,27380.0
ING009,2023-10-11,27600.0
ING009,2023-10-12,27650.0
ING009,2023-10-13,27390.0
ING009,2023-10-14,27380.0
ING009,2023-10-15,27510.0
ING009,2023-10-16,27490.0
ING009,2023-10-17,27490.0
ING009,2023-10-18,27330.0
ING009,2023-10-19,27470.0
ING009,2023-10-20,27410.0
ING009,2023-10-21,27090.0
ING009,2023-10-22,27090.0
ING009,2023-10-23,27320.0
ING009,2023-10-24,27310.0
ING009,2023-10-25,27650.0
ING009,2023-10-26,27760.0
ING009,2023-10-27,27840.0
ING009,2023-10-28,27850.0
ING009,2023-10-29,27860.0
ING009,2023-10-30,27840.0
ING009,2023-10-31,27820.0
ING009,2023-11-01,27940.0
ING009,2023-11-02,27800.0
ING009,2023-11-03,27650.0
ING009,2023-11-04,27500.0
ING009,2023-11-05,27890.0
ING009,2023-11-06,28000.0
ING009,2023-11-07,28070.0
ING009,2023-11-08,27910.0
ING009,2023-11-09,28040.0
ING009,2023-11-10,28040.0
ING009,2023-11-11,28090.0
ING009,2023-11-12,27950.0
ING009,2023-11-13,28000.0
ING009,2023-11-14,27950.0
ING009,2023-11-15,27840.0
ING009,2023-11-16,27990.0
ING009,2023-11-17,27760.0
ING009,2023-11-18,27880.0
ING009,2023-11-19,28030.0
ING009,2023-11-20,27900.0
ING009,2023-11-21,27790.0
ING009,2023-11-22,27780.0
ING009,2023-11-23,27860.0
ING009,2023-11-24,27870.0
ING009,2023-11-25,27970.0
ING009,2023-11-26,28290.0
ING009,2023-11-27,28210.0
ING009,2023-11-28,27940.0
ING009,2023-11-29,28100.0
ING009,2023-11-30,28400.0
ING009,2023-12-01,28470.0
ING009,2023-12-02,28290.0
ING009,2023-12-03,28280.0
ING009,2023-12-04,28100.0
ING009,2023-12-05,28230.0
ING009,2023-12-06,28010.0
ING009,2023-12-07,27990.0
ING009,2023-12-08,27840.0
ING009,2023-12-09,27900.0
ING009,2023-12-10,27870.0
ING009,2023-12-11,27930.0
ING009,2023-12-12,27960.0
ING009,2023-12-13,27820.0
ING009,2023-12-14,27960.0
ING009,2023-12-15,27980.0
ING009,2023-12-16,27840.0
ING009,2023-12-17,28250.0
ING009,2023-12-18,28340.0
ING009,2023-12-19,28330.0
ING009,2023-12-20,28580.0
ING009,2023-12-21,28880.0
ING009,2023-12-22,28840.0
ING009,2023-12-23,28880.0
ING009,2023-12-24,28700.0
ING009,2023-12-25,28670.0
ING009,2023-12-26,28630.0
ING009,2023-12-27,28660.0
ING009,2023-12-28,28710.0
ING009,2023-12-29,28790.0
ING009,2023-12-30,28820.0
ING009,2023-12-31,28610.0
ING009,2024-01-01,28450.0
ING009,2024-01-02,28360.0
ING009,2024-01-03,28320.0
ING009,2024-01-04,28510.0
ING009,2024-01-05,28320.0
ING009,2024-01-06,28270.0
ING009,2024-01-07,28450.0
ING009,2024-01-08,28400.0
ING009,2024-01-09,28490.0
ING009,2024-01-10,28470.0
ING009,2024-01-11,28520.0
ING009,2024-01-12,28490.0
ING009,2024-01-13,28610.0
ING009,2024-01-14,28350.0
ING009,2024-01-15,28300.0
ING009,2024-01-16,28360.0
ING009,2024-01-17,28470.0
ING009,2024-01-18,28720.0
ING009,2024-01-19,28650.0
ING009,2024-01-20,28900.0
ING009,2024-01-21,28780.0
ING009,2024-01-22,28990.0
ING009,2024-01-23,29110.0
ING009,2024-01-24,28930.0
ING009,2024-01-25,28970.0
ING009,2024-01-26,28950.0
ING009,2024-01-27,29040.0
ING009,2024-01-28,28980.0
ING009,2024-01-29,28910.0
ING009,2024-01-30,29130.0
ING009,2024-01-31,29090.0
ING009,2024-02-01,29200.0
ING009,2024-02-02,29140.0
ING009,2024-02-03,29400.0
ING009,2024-02-04,29250.0
ING009,2024-02-05,29110.0
ING009,2024-02-06,29350.0
ING009,2024-02-07,29240.0
ING009,2024-02-08,29480.0
ING009,2024-02-09,29590.0
ING009,2024-02-10,29520.0
ING009,2024-02-11,29170.0
ING009,2024-02-12,29150.0
ING009,2024-02-13,29140.0
ING009,2024-02-14,29320.0
ING009,2024-02-15,29550.0
ING009,2024-02-16,29390.0
ING009,2024-02-17,29490.0
ING009,2024-02-18,29580.0
ING009,2024-02-19,29720.0
ING009,2024-02-20,29750.0
ING009,2024-02-21,29380.0
ING009,2024-02-22,29320.0
ING009,2024-02-23,29090.0
ING009,2024-02-24,29040.0
ING009,2024-02-25,29190.0
ING009,2024-02-26,29220.0
ING009,2024-02-27,29390.0
ING009,2024-02-28,29410.0
ING009,2024-02-29,29160.0
ING009,2024-03-01,28720.0
ING009,2024-03-02,28740.0
ING009,2024-03-03,28710.0
ING009,2024-03-04,28550.0
ING009,2024-03-05,28270.0
ING009,2024-03-06,28170.0
ING009,2024-03-07,28170.0
ING009,2024-03-08,28310.0
ING009,2024-03-09,28370.0
ING009,2024-03-10,28660.0
ING009,2024-03-11,28490.0
ING009,2024-03-12,28650.0
ING009,2024-03-13,28670.0
ING009,2024-03-14,28790.0
ING009,2024-03-15,28720.0
ING009,2024-03-16,28900.0
ING009,2024-03-17,28950.0
ING009,2024-03-18,28820.0
ING009,2024-03-19,28820.0
ING009,2024-03-20,28780.0
ING009,2024-03-21,28860.0
ING009,2024-03-22,28660.0
ING009,2024-03-23,28670.0
ING009,2024-03-24,28740.0
ING009,2024-03-25,28750.0
ING009,2024-03-26,28980.0
ING009,2024-03-27,29100.0
ING009,2024-03-28,29090.0
ING009,2024-03-29,29110.0
ING009,2024-03-30,29150.0
ING009,2024-03-31,29200.0
ING009,2024-04-01,28870.0
ING009,2024-04-02,28820.0
ING009,2024-04-03,28570.0
ING009,2024-04-04,28800.0
ING009,2024-04-05,28800.0
ING009,2024-04-06,28770.0
ING009,2024-04-07,28920.0
ING009,2024-04-08,28990.0
ING009,2024-04-09,28790.0
ING009,2024-04-10,28790.0
ING009,2024-04-11,28730.0
ING009,2024-04-12,28450.0
ING009,2024-04-13,28350.0
ING009,2024-04-14,28350.0
ING009,2024-04-15,28360.0
ING009,2024-04-16,28130.0
ING009,2024-04-17,28370.0
ING009,2024-04-18,28380.0
ING009,2024-04-19,28410.0
ING009,2024-04-20,28500.0
ING009,2024-04-21,28390.0
ING009,2024-04-22,28490.0
ING009,2024-04-23,28450.0
ING009,2024-04-24,28320.0
ING009,2024-04-25,28450.0
ING009,2024-04-26,28720.0
ING009,2024-04-27,28850.0
ING009,2024-04-28,29010.0
ING009,2024-04-29,28920.0
ING009,2024-04-30,28650.0
ING009,2024-05-01,28920.0
ING009,2024-05-02,29260.0
ING009,2024-05-03,29510.0
ING009,2024-05-04,29420.0
ING009,2024-05-05,29210.0
ING009,2024-05-06,29010.0
ING009,2024-05-07,28730.0
ING009,2024-05-08,28720.0
ING009,2024-05-09,29000.0
ING009,2024-05-10,28980.0
ING009,2024-05-11,29030.0
ING009,2024-05-12,29260.0
ING009,2024-05-13,29170.0
ING009,2024-05-14,29510.0
ING009,2024-05-15,29810.0
ING009,2024-05-16,29750.0
ING009,2024-05-17,29620.0
ING009,2024-05-18,29700.0
ING009,2024-05-19,29610.0
ING009,2024-05-20,29380.0
ING009,2024-05-21,29580.0
ING009,2024-05-22,29750.0
ING009,2024-05-23,29740.0
ING009,2024-05-24,29490.0
ING009,2024-05-25,29260.0
ING009,2024-05-26,29270.0
ING009,2024-05-27,29170.0
ING009,2024-05-28,29110.0
ING009,2024-05-29,29270.0
ING009,2024-05-30,29380.0
ING009,2024-05-31,29600.0
ING009,2024-06-01,29400.0
ING009,2024-06-02,29330.0
ING009,2024-06-03,29440.0
ING009,2024-06-04,29500.0
ING009,2024-06-05,29730.0
ING009,2024-06-06,29770.0
ING009,2024-06-07,30040.0
ING009,2024-06-08,30080.0
ING009,2024-06-09,30210.0
ING009,2024-06-10,30100.0
ING009,2024-06-11,30050.0
ING009,2024-06-12,30150.0
ING009,2024-06-13,30370.0
ING009,2024-06-14,30430.0
ING009,2024-06-15,30350.0
ING009,2024-06-16,30510.0
ING009,2024-06-17,30070.0
ING009,2024-06-18,29780.0
ING009,2024-06-19,29860.0
ING009,2024-06-20,29830.0
ING009,2024-06-21,29890.0
ING009,2024-06-22,29860.0
ING009,2024-06-23,29920.0
ING009,2024-06-24,29740.0
ING009,2024-06-25,29810.0
ING009,2024-06-26,29940.0
ING009,2024-06-27,30100.0
ING009,2024-06-28,30390.0
ING009,2024-06-29,30370.0
ING009,2024-06-30,30350.0
ING009,2024-07-01,30040.0
ING009,2024-07-02,29900.0
ING009,2024-07-03,29830.0
ING009,2024-07-04,29970.0
ING009,2024-07-05,29830.0
ING009,2024-07-06,29930.0
ING009,2024-07-07,29890.0
ING009,2024-07-08,29820.0
ING009,2024-07-09,29830.0
ING009,2024-07-10,29730.0
ING009,2024-07-11,29630.0
ING009,2024-07-12,29320.0
ING009,2024-07-13,29270.0
ING009,2024-07-14,29180.0
ING009,2024-07-15,29090.0
ING009,2024-07-16,29170.0
ING009,2024-07-17,29280.0
ING009,2024-07-18,29310.0
ING009,2024-07-19,29470.0
ING009,2024-07-20,29560.0
ING009,2024-07-21,29490.0
ING009,2024-07-22,29390.0
ING009,2024-07-23,29440.0
ING009,2024-07-24,29520.0
ING009,2024-07-25,29740.0
ING009,2024-07-26,29910.0
ING009,2024-07-27,29790.0
ING009,2024-07-28,29740.0
ING009,2024-07-29,29830.0
ING009,2024-07-30,29980.0
ING009,2024-07-31,30100.0
ING009,2024-08-01,30040.0
ING009,2024-08-02,29790.0
ING009,2024-08-03,29590.0
ING009,2024-08-04,29620.0
ING009,2024-08-05,29660.0
ING009,2024-08-06,29450.0
ING009,2024-08-07,29450.0
ING009,2024-08-08,29540.0
ING009,2024-08-09,29340.0
ING009,2024-08-10,29520.0
ING009,2024-08-11,29440.0
ING009,2024-08-12,29640.0
ING009,2024-08-13,29530.0
ING009,2024-08-14,29350.0
ING009,2024-08-15,29270.0
ING009,2024-08-16,29250.0
ING009,2024-08-17,29190.0
ING009,2024-08-18,29150.0
ING009,2024-08-19,29220.0
ING009,2024-08-20,29190.0
ING009,2024-08-21,29180.0
ING009,2024-08-22,28900.0
ING009,2024-08-23,28990.0
ING009,2024-08-24,28990.0
ING009,2024-08-25,29270.0
ING009,2024-08-26,29120.0
ING009,2024-08-27,28820.0
ING009,2024-08-28,28950.0
ING009,2024-08-29,29020.0
ING009,2024-08-30,28870.0
ING009,2024-08-31,28630.0
ING009,2024-09-01,28930.0
ING009,2024-09-02,29180.0
ING009,2024-09-03,28770.0
ING009,2024-09-04,28720.0
ING009,2024-09-05,29030.0
ING009,2024-09-06,28970.0
ING009,2024-09-07,28900.0
ING009,2024-09-08,28880.0
ING009,2024-09-09,28710.0
ING009,2024-09-10,28460.0
ING009,2024-09-11,28680.0
ING009,2024-09-12,28400.0
ING009,2024-09-13,28490.0
ING009,2024-09-14,28680.0
ING009,2024-09-15,28470.0
ING009,2024-09-16,28360.0
ING009,2024-09-17,28620.0
ING009,2024-09-18,28740.0
ING009,2024-09-19,28670.0
ING009,2024-09-20,28910.0
ING009,2024-09-21,29130.0
ING009,2024-09-22,29190.0
ING009,2024-09-23,29050.0
ING009,2024-09-24,29000.0
ING009,2024-09-25,29060.0
ING009,2024-09-26,29050.0
ING009,2024-09-27,29220.0
ING009,2024-09-28,28980.0
ING009,2024-09-29,28750.0
ING009,2024-09-30,28810.0
ING009,2024-10-01,28760.0
ING009,2024-10-02,28680.0
ING009,2024-10-03,28420.0
ING009,2024-10-04,28480.0
ING009,2024-10-05,28510.0
ING009,2024-10-06,28670.0
ING009,2024-10-07,28720.0
ING009,2024-10-08,28730.0
ING009,2024-10-09,28960.0
ING009,2024-10-10,28770.0
ING009,2024-10-11,28890.0
ING009,2024-10-12,28640.0
ING009,2024-10-13,28540.0
ING009,2024-10-14,28380.0
ING009,2024-10-15,28560.0
ING009,2024-10-16,28600.0
ING009,2024-10-17,28640.0
ING009,2024-10-18,28490.0
ING009,2024-10-19,28490.0
ING009,2024-10-20,28410.0
ING009,2024-10-21,28530.0
ING009,2024-10-22,28410.0
ING009,2024-10-23,28690.0
ING009,2024-10-24,28440.0
ING009,2024-10-25,28360.0
ING009,2024-10-26,28700.0
ING009,2024-10-27,28660.0
ING009,2024-10-28,28480.0
ING009,2024-10-29,28570.0
ING009,2024-10-30,28540.0
ING009,2024-10-31,28450.0
ING009,2024-11-01,28310.0
ING009,2024-11-02,28840.0
ING009,2024-11-03,28830.0
ING009,2024-11-04,28540.0
ING009,2024-11-05,28840.0
ING009,2024-11-06,28980.0
ING009,2024-11-07,28870.0
ING009,2024-11-08,28750.0
ING009,2024-11-09,28900.0
ING009,2024-11-10,28890.0
ING009,2024-11-11,28600.0
ING009,2024-11-12,28950.0
ING009,2024-11-13,28900.0
ING009,2024-11-14,29190.0
ING009,2024-11-15,29420.0
ING009,2024-11-16,29260.0
ING009,2024-11-17,29450.0
ING009,2024-11-18,29340.0
ING009,2024-11-19,29040.0
ING009,2024-11-20,28990.0
ING009,2024-11-21,29090.0
ING009,2024-11-22,29030.0
ING009,2024-11-23,29010.0
ING009,2024-11-24,29230.0
ING009,2024-11-25,29270.0
ING009,2024-11-26,29140.0
ING009,2024-11-27,29280.0
ING009,2024-11-28,29330.0
ING009,2024-11-29,28920.0
ING009,2024-11-30,29020.0
ING009,2024-12-01,29120.0
ING009,2024-12-02,29140.0
ING009,2024-12-03,29320.0
ING009,2024-12-04,29220.0
ING009,2024-12-05,29290.0
ING009,2024-12-06,29050.0
ING009,2024-12-07,29140.0
ING009,2024-12-08,29490.0
ING009,2024-12-09,29330.0
ING009,2024-12-10,29220.0
ING009,2024-12-11,29120.0
ING009,2024-12-12,29170.0
ING009,2024-12-13,29010.0
ING009,2024-12-14,29110.0
ING009,2024-12-15,29280.0
ING009,2024-12-16,29390.0
ING009,2024-12-17,29110.0
ING009,2024-12-18,29300.0
ING009,2024-12-19,29470.0
ING009,2024-12-20,29620.0
ING009,2024-12-21,29690.0
ING009,2024-12-22,29720.0
ING009,2024-12-23,29890.0
ING009,2024-12-24,30200.0
ING009,2024-12-25,30020.0
ING009,2024-12-26,30180.0
ING009,2024-12-27,30140.0
ING009,2024-12-28,30100.0
ING009,2024-12-29,29820.0
ING009,2024-12-30,29760.0
ING009,2024-12-31,29590.0
ING009,2025-01-01,29520.0
ING009,2025-01-02,29340.0
ING009,2025-01-03,29280.0
ING009,2025-01-04,29240.0
ING009,2025-01-05,29280.0
ING009,2025-01-06,29030.0
ING009,2025-01-07,28820.0
ING009,2025-01-08,28920.0
ING009,2025-01-09,28830.0
ING009,2025-01-10,29050.0
ING009,2025-01-11,29120.0
ING009,2025-01-12,29260.0
ING009,2025-01-13,29520.0
ING009,2025-01-14,29480.0
ING009,2025-01-15,29390.0
ING009,2025-01-16,29550.0
ING009,2025-01-17,29650.0
ING009,2025-01-18,29620.0
ING009,2025-01-19,29860.0
ING009,2025-01-20,29820.0
ING009,2025-01-21,29820.0
ING009,2025-01-22,29820.0
ING009,2025-01-23,29660.0
ING009,2025-01-24,29680.0
ING009,2025-01-25,29920.0
ING009,2025-01-26,29990.0
ING009,2025-01-27,29980.0
ING009,2025-01-28,29940.0
ING009,2025-01-29,29990.0
ING009,2025-01-30,30110.0
ING009,2025-01-31,30190.0
ING009,2025-02-01,30110.0
ING009,2025-02-02,30150.0
ING009,2025-02-03,30220.0
ING009,2025-02-04,30030.0
ING009,2025-02-05,30040.0
ING009,2025-02-06,29670.0
ING009,2025-02-07,29750.0
ING009,2025-02-08,29870.0
ING009,2025-02-09,29990.0
ING009,2025-02-10,29920.0
ING009,2025-02-11,29960.0
ING009,2025-02-12,30190.0
ING009,2025-02-13,30410.0
ING009,2025-02-14,30380.0
ING009,2025-02-15,30370.0
ING009,2025-02-16,30530.0
ING009,2025-02-17,30250.0
ING009,2025-02-18,30170.0
ING009,2025-02-19,30380.0
ING009,2025-02-20,30520.0
ING009,2025-02-21,30540.0
ING009,2025-02-22,30260.0
ING009,2025-02-23,30230.0
ING009,2025-02-24,30110.0
ING009,2025-02-25,30150.0
ING009,2025-02-26,30000.0
ING009,2025-02-27,29820.0
ING009,2025-02-28,29480.0
ING009,2025-03-01,29700.0
ING009,2025-03-02,29640.0
ING009,2025-03-03,29680.0
ING009,2025-03-04,29690.0
ING009,2025-03-05,29520.0
ING009,2025-03-06,29330.0
ING009,2025-03-07,29190.0
ING009,2025-03-08,29100.0
ING009,2025-03-09,29200.0
ING009,2025-03-10,29100.0
ING009,2025-03-11,29440.0
ING009,2025-03-12,29630.0
ING009,2025-03-13,29780.0
ING009,2025-03-14,29770.0
ING009,2025-03-15,30030.0
ING009,2025-03-16,29990.0
ING009,2025-03-17,29980.0
ING009,2025-03-18,30000.0
ING009,2025-03-19,30120.0
ING009,2025-03-20,30220.0
ING009,2025-03-21,30120.0
ING009,2025-03-22,30020.0
ING009,2025-03-23,30130.0
ING009,2025-03-24,30240.0
ING009,2025-03-25,30160.0
ING009,2025-03-26,29880.0
ING009,2025-03-27,29850.0
ING009,2025-03-28,29960.0
ING009,2025-03-29,30260.0
ING009,2025-03-30,30040.0
ING009,2025-03-31,29970.0
ING009,2025-04-01,29900.0
ING009,2025-04-02,30130.0
ING009,2025-04-03,30120.0
ING009,2025-04-04,29960.0
ING009,2025-04-05,30050.0
ING009,2025-04-06,29980.0
ING009,2025-04-07,29780.0
ING009,2025-04-08,29640.0
ING009,2025-04-09,29950.0
ING009,2025-04-10,30010.0
ING009,2025-04-11,30030.0
ING009,2025-04-12,29990.0
ING009,2025-04-13,30040.0
ING009,2025-04-14,30080.0
ING009,2025-04-15,30130.0
ING009,2025-04-16,30140.0
ING009,2025-04-17,30280.0
ING009,2025-04-18,30270.0
ING009,2025-04-19,30090.0
ING009,2025-04-20,29990.0
ING009,2025-04-21,29660.0
ING009,2025-04-22,30020.0
ING009,2025-04-23,30160.0
ING009,2025-04-24,30020.0
ING009,2025-04-25,29970.0
ING009,2025-04-26,29870.0
ING009,2025-04-27,30130.0
ING009,2025-04-28,29890.0
ING009,2025-04-29,29920.0
ING009,2025-04-30,29910.0
ING009,2025-05-01,30050.0
ING009,2025-05-02,30040.0
ING009,2025-05-03,29740.0
ING009,2025-05-04,29720.0
ING009,2025-05-05,29570.0
ING009,2025-05-06,29610.0
ING009,2025-05-07,29870.0
ING009,2025-05-08,29590.0
ING009,2025-05-09,29480.0
ING009,2025-05-10,29420.0
ING009,2025-05-11,29390.0
ING009,2025-05-12,29550.0
ING009,2025-05-13,29550.0
ING009,2025-05-14,29640.0
ING009,2025-05-15,29560.0
ING009,2025-05-16,29630.0
ING009,2025-05-17,29780.0
ING009,2025-05-18,29670.0
ING009,2025-05-19,29830.0
ING009,2025-05-20,29850.0
ING009,2025-05-21,30040.0
ING009,2025-05-22,30010.0
ING009,2025-05-23,30080.0
ING009,2025-05-24,30070.0
ING009,2025-05-25,30060.0
ING009,2025-05-26,30110.0
ING009,2025-05-27,30200.0
ING009,2025-05-28,29990.0
ING009,2025-05-29,30240.0
ING009,2025-05-30,29920.0
ING009,2025-05-31,29810.0
ING009,2025-06-01,29820.0
ING009,2025-06-02,29900.0
ING009,2025-06-03,30180.0
ING009,2025-06-04,29870.0
ING009,2025-06-05,29800.0
ING009,2025-06-06,29460.0
ING009,2025-06-07,29500.0
ING009,2025-06-08,29580.0
ING009,2025-06-09,29870.0
ING009,2025-06-10,29910.0
ING009,2025-06-11,30100.0
ING009,2025-06-12,30200.0
ING009,2025-06-13,30130.0
ING009,2025-06-14,29890.0
ING009,2025-06-15,29960.0
ING009,2025-06-16,29720.0
ING009,2025-06-17,29960.0
ING009,2025-06-18,29940.0
ING009,2025-06-19,30160.0
ING009,2025-06-20,30080.0
ING009,2025-06-21,30130.0
ING009,2025-06-22,30170.0
ING009,2025-06-23,30170.0
ING009,2025-06-24,30100.0
ING009,2025-06-25,30170.0
ING009,2025-06-26,30020.0
ING009,2025-06-27,29820.0
ING009,2025-06-28,30050.0
ING009,2025-06-29,30180.0
ING009,2025-06-30,30200.0
ING009,2025-07-01,30480.0
ING009,2025-07-02,30420.0
ING009,2025-07-03,30640.0
ING009,2025-07-04,30650.0
ING009,2025-07-05,30450.0
ING009,2025-07-06,30760.0
ING009,2025-07-07,30900.0
ING009,2025-07-08,30850.0
ING009,2025-07-09,30940.0
ING009,2025-07-10,30840.0
ING009,2025-07-11,30950.0
ING009,2025-07-12,30510.0
ING009,2025-07-13,30330.0
ING009,2025-07-14,30490.0
ING009,2025-07-15,30440.0
ING009,2025-07-16,30470.0
ING009,2025-07-17,30230.0
ING009,2025-07-18,30550.0
ING009,2025-07-19,30730.0
ING009,2025-07-20,30680.0
ING009,2025-07-21,30590.0
ING009,2025-07-22,30750.0
ING009,2025-07-23,31060.0
ING009,2025-07-24,31180.0
ING009,2025-07-25,31510.0
ING009,2025-07-26,31290.0
ING009,2025-07-27,31110.0
ING009,2025-07-28,30870.0
ING009,2025-07-29,30910.0
ING009,2025-07-30,30910.0
ING009,2025-07-31,30860.0
ING009,2025-08-01,30970.0
ING009,2025-08-02,31150.0
ING009,2025-08-03,30850.0
ING009,2025-08-04,30720.0
ING009,2025-08-05,30840.0
ING009,2025-08-06,30740.0
ING009,2025-08-07,30590.0
ING009,2025-08-08,30750.0
ING009,2025-08-09,30510.0
ING009,2025-08-10,30450.0
ING009,2025-08-11,30500.0
ING009,2025-08-12,30400.0
ING009,2025-08-13,30530.0
ING009,2025-08-14,30430.0
ING009,2025-08-15,30660.0
ING009,2025-08-16,30630.0
ING009,2025-08-17,30730.0
ING009,2025-08-18,30840.0
ING009,2025-08-19,30710.0
ING009,2025-08-20,30350.0
ING009,2025-08-21,30410.0
ING009,2025-08-22,30420.0
ING009,2025-08-23,30520.0
ING009,2025-08-24,30470.0
ING009,2025-08-25,30400.0
ING009,2025-08-26,30740.0
ING009,2025-08-27,30470.0
ING009,2025-08-28,30590.0
ING009,2025-08-29,30490.0
ING009,2025-08-30,30430.0
ING009,2025-08-31,30380.0
ING009,2025-09-01,30240.0
ING009,2025-09-02,30350.0
ING009,2025-09-03,30590.0
ING009,2025-09-04,30660.0
ING009,2025-09-05,30670.0
ING009,2025-09-06,30490.0
ING009,2025-09-07,30570.0
ING009,2025-09-08,30930.0
ING009,2025-09-09,30840.0
ING009,2025-09-10,30760.0
ING009,2025-09-11,30650.0
ING009,2025-09-12,30560.0
ING009,2025-09-13,30090.0
ING009,2025-09-14,30180.0
ING009,2025-09-15,30050.0
ING009,2025-09-16,29800.0
ING009,2025-09-17,29960.0
ING009,2025-09-18,29810.0
ING009,2025-09-19,29790.0
ING009,2025-09-20,30070.0
ING009,2025-09-21,29850.0
ING009,2025-09-22,29630.0
ING009,2025-09-23,29720.0
ING009,2025-09-24,29950.0
ING009,2025-09-25,29710.0
ING009,2025-09-26,29820.0
ING009,2025-09-27,29950.0
ING009,2025-09-28,29630.0
ING009,2025-09-29,29810.0
ING009,2025-09-30,30000.0
ING009,2025-10-01,29970.0
ING009,2025-10-02,30210.0
ING009,2025-10-03,30420.0
ING009,2025-10-04,30440.0
ING009,2025-10-05,30370.0
ING009,2025-10-06,30210.0
ING009,2025-10-07,30220.0
ING009,2025-10-08,30340.0
ING009,2025-10-09,30290.0
ING009,2025-10-10,29940.0
ING009,2025-10-11,30180.0
ING009,2025-10-12,30230.0
ING009,2025-10-13,30180.0
ING009,2025-10-14,30350.0
ING009,2025-10-15,30610.0
ING009,2025-10-16,30140.0
ING009,2025-10-17,30240.0
ING009,2025-10-18,30010.0
ING009,2025-10-19,30130.0
ING009,2025-10-20,30170.0
ING009,2025-10-21,30300.0
ING009,2025-10-22,30230.0
ING009,2025-10-23,29930.0
ING009,2025-10-24,29890.0
ING009,2025-10-25,29990.0
ING009,2025-10-26,30190.0
ING009,2025-10-27,30020.0
ING009,2025-10-28,30220.0
ING009,2025-10-29,30130.0
ING009,2025-10-30,30220.0
ING009,2025-10-31,30150.0
ING009,2025-11-01,30200.0
ING009,2025-11-02,30370.0
ING009,2025-11-03,30180.0
ING009,2025-11-04,30090.0
ING009,2025-11-05,30150.0
ING009,2025-11-06,30580.0
ING009,2025-11-07,30430.0
ING009,2025-11-08,30790.0
ING009,2025-11-09,31120.0
ING009,2025-11-10,31080.0
ING009,2025-11-11,31010.0
ING009,2025-11-12,30870.0
ING009,2025-11-13,30850.0
ING009,2025-11-14,30600.0
ING009,2025-11-15,30590.0
ING009,2025-11-16,30850.0
ING009,2025-11-17,30740.0
ING009,2025-11-18,30690.0
ING009,2025-11-19,30410.0
ING009,2025-11-20,30480.0
ING009,2025-11-21,30540.0
ING009,2025-11-22,30560.0
ING009,2025-11-23,30530.0
ING009,2025-11-24,30490.0
ING009,2025-11-25,30580.0
ING009,2025-11-26,30580.0
ING009,2025-11-27,30640.0
ING009,2025-11-28,30680.0
ING009,2025-11-29,30870.0
ING009,2025-11-30,30970.0
ING009,2025-12-01,30990.0
ING009,2025-12-02,31240.0
ING009,2025-12-03,31280.0
ING009,2025-12-04,31470.0
ING009,2025-12-05,31540.0
ING009,2025-12-06,31190.0
ING009,2025-12-07,31380.0
ING009,2025-12-08,31370.0
ING009,2025-12-09,31330.0
ING009,2025-12-10,31350.0
ING009,2025-12-11,31260.0
ING009,2025-12-12,31270.0
ING009,2025-12-13,31150.0
ING009,2025-12-14,31340.0
ING009,2025-12-15,31290.0
ING009,2025-12-16,31200.0
ING009,2025-12-17,31030.0
ING009,2025-12-18,31060.0
ING009,2025-12-19,31070.0
ING009,2025-12-20,31120.0
ING009,2025-12-21,30930.0
ING009,2025-12-22,30660.0
ING009,2025-12-23,30770.0
ING009,2025-12-24,31020.0
ING009,2025-12-25,30840.0
ING009,2025-12-26,31100.0
ING009,2025-12-27,31130.0
ING009,2025-12-28,31110.0
ING009,2025-12-29,31030.0
ING009,2025-12-30,30790.0
ING009,2025-12-31,30950.0
ING009,2026-01-01,30820.0
ING009,2026-01-02,30690.0
ING009,2026-01-03,30860.0
ING009,2026-01-04,30540.0
ING009,2026-01-05,30300.0
ING009,2026-01-06,30320.0
ING009,2026-01-07,30400.0
ING009,2026-01-08,30500.0
ING009,2026-01-09,30460.0
ING009,2026-01-10,30910.0
ING009,2026-01-11,30870.0
ING009,2026-01-12,30830.0
ING009,2026-01-13,30690.0
ING009,2026-01-14,30720.0
ING009,2026-01-15,30830.0
ING009,2026-01-16,31040.0
ING009,2026-01-17,30780.0
ING009,2026-01-18,30740.0
ING009,2026-01-19,30820.0
ING009,2026-01-20,30920.0
ING009,2026-01-21,30920.0
ING009,2026-01-22,31010.0
ING009,2026-01-23,30870.0
ING009,2026-01-24,31130.0
ING009,2026-01-25,31280.0
ING009,2026-01-26,31040.0
ING009,2026-01-27,30850.0
ING009,2026-01-28,30670.0
ING009,2026-01-29,30800.0
ING009,2026-01-30,30590.0
ING009,2026-01-31,30550.0
ING009,2026-02-01,30640.0
ING009,2026-02-02,30640.0
ING009,2026-02-03,30700.0
ING009,2026-02-04,30530.0
ING009,2026-02-05,30650.0
ING009,2026-02-06,30560.0
ING009,2026-02-07,30530.0
ING009,2026-02-08,30590.0
ING009,2026-02-09,30620.0
ING009,2026-02-10,30640.0
ING009,2026-02-11,30530.0
ING009,2026-02-12,30500.0
ING009,2026-02-13,30520.0
ING009,2026-02-14,30310.0
ING009,2026-02-15,30260.0
ING009,2026-02-16,30360.0
ING009,2026-02-17,30180.0
ING009,2026-02-18,30410.0
ING009,2026-02-19,30650.0
ING009,2026-02-20,30460.0
ING009,2026-02-21,30710.0
ING009,2026-02-22,30700.0
ING009,2026-02-23,30780.0
ING009,2026-02-24,30710.0
ING009,2026-02-25,30880.0
ING009,2026-02-26,30950.0
ING009,2026-02-27,30820.0
ING009,2026-02-28,30630.0
ING009,2026-03-01,30400.0
ING009,2026-03-02,30460.0
ING009,2026-03-03,30590.0
ING009,2026-03-04,30720.0
ING009,2026-03-05,30710.0
ING009,2026-03-06,30530.0
ING009,2026-03-07,30440.0
ING009,2026-03-08,30660.0
ING009,2026-03-09,30600.0
ING009,2026-03-10,30640.0
ING009,2026-03-11,30480.0
ING009,2026-03-12,30560.0
ING009,2026-03-13,30510.0
ING009,2026-03-14,30710.0
ING009,2026-03-15,30860.0
ING009,2026-03-16,30780.0
ING009,2026-03-17,30780.0
ING009,2026-03-18,30700.0
ING009,2026-03-19,30480.0
ING009,2026-03-20,30360.0
ING009,2026-03-21,30430.0
ING009,2026-03-22,30510.0
ING009,2026-03-23,30570.0
ING009,2026-03-24,30540.0
ING009,2026-03-25,30720.0
ING009,2026-03-26,30750.0
ING009,2026-03-27,30880.0
ING009,2026-03-28,30600.0
ING009,2026-03-29,29960.0
ING009,2026-03-30,30060.0
ING009,2026-03-31,29880.0
ING009,2026-04-01,29900.0
ING009,2026-04-02,29910.0
ING009,2026-04-03,30230.0
ING009,2026-04-04,30340.0
ING009,2026-04-05,30410.0
ING009,2026-04-06,30590.0
ING009,2026-04-07,30670.0
ING009,2026-04-08,30620.0
ING009,2026-04-09,30820.0
ING009,2026-04-10,30650.0
ING009,2026-04-11,30730.0
ING009,2026-04-12,30490.0
ING009,2026-04-13,30550.0
ING009,2026-04-14,30610.0
ING009,2026-04-15,30920.0
ING009,2026-04-16,30670.0
ING009,2026-04-17,30590.0
ING009,2026-04-18,30760.0
ING009,2026-04-19,30830.0
ING009,2026-04-20,30880.0
ING009,2026-04-21,30730.0
ING009,2026-04-22,30650.0
ING009,2026-04-23,30890.0
ING009,2026-04-24,30890.0
ING009,2026-04-25,30970.0
ING009,2026-04-26,30960.0
ING009,2026-04-27,30770.0
ING009,2026-04-28,30950.0
ING009,2026-04-29,31040.0
ING009,2026-04-30,31440.0
ING009,2026-05-01,31250.0
ING009,2026-05-02,31390.0
ING009,2026-05-03,31160.0
ING009,2026-05-04,31180.0
ING009,2026-05-05,31350.0
ING009,2026-05-06,30990.0
ING009,2026-05-07,30970.0
ING009,2026-05-08,30880.0
ING009,2026-05-09,30780.0
ING009,2026-05-10,30870.0
ING009,2026-05-11,31070.0
ING009,2026-05-12,31060.0
ING009,2026-05-13,31100.0
ING009,2026-05-14,31130.0
ING009,2026-05-15,31130.0
ING009,2026-05-16,30950.0
ING009,2026-05-17,31150.0
ING009,2026-05-18,31210.0
ING009,2026-05-19,31270.0
ING009,2026-05-20,31140.0
ING009,2026-05-21,31060.0
ING009,2026-05-22,31040.0
ING009,2026-05-23,30790.0
ING009,2026-05-24,30530.0
ING009,2026-05-25,30470.0
ING009,2026-05-26,30600.0
ING009,2026-05-27,30520.0
ING009,2026-05-28,30380.0
ING009,2026-05-29,30290.0
ING009,2026-05-30,30260.0
ING009,2026-05-31,30250.0
ING009,2026-06-01,30670.0
ING009,2026-06-02,30880.0
ING009,2026-06-03,31070.0
ING009,2026-06-04,31280.0
ING009,2026-06-05,31110.0
ING009,2026-06-06,30910.0
ING009,2026-06-07,30740.0
ING009,2026-06-08,31000.0
ING009,2026-06-09,30920.0
ING009,2026-06-10,30730.0
ING009,2026-06-11,30680.0
ING009,2026-06-12,30680.0
ING009,2026-06-13,30750.0
ING009,2026-06-14,30820.0
ING009,2026-06-15,30710.0
ING009,2026-06-16,30850.0
ING009,2026-06-17,30770.0
ING009,2026-06-18,30770.0
ING009,2026-06-19,30910.0
ING009,2026-06-20,30830.0
ING009,2026-06-21,30760.0
ING009,2026-06-22,30880.0
ING009,2026-06-23,30760.0
ING009,2026-06-24,30730.0
ING009,2026-06-25,30850.0
ING009,2026-06-26,31220.0
ING009,2026-06-27,31330.0
ING009,2026-06-28,31410.0
ING009,2026-06-29,31500.0
ING009,2026-06-30,31310.0
ING010,2023-07-01,18010.0
ING010,2023-07-02,18010.0
ING010,2023-07-03,18050.0
ING010,2023-07-04,18060.0
ING010,2023-07-05,18110.0
ING010,2023-07-06,18060.0
ING010,2023-07-07,18070.0
ING010,2023-07-08,17910.0
ING010,2023-07-09,17880.0
ING010,2023-07-10,18060.0
ING010,2023-07-11,18100.0
ING010,2023-07-12,18090.0
ING010,2023-07-13,18330.0
ING010,2023-07-14,18140.0
ING010,2023-07-15,17990.0
ING010,2023-07-16,18210.0
ING010,2023-07-17,18210.0
ING010,2023-07-18,18170.0
ING010,2023-07-19,18010.0
ING010,2023-07-20,18070.0
ING010,2023-07-21,18140.0
ING010,2023-07-22,17990.0
ING010,2023-07-23,17980.0
ING010,2023-07-24,17940.0
ING010,2023-07-25,17980.0
ING010,2023-07-26,17840.0
ING010,2023-07-27,18010.0
ING010,2023-07-28,18130.0
ING010,2023-07-29,18080.0
ING010,2023-07-30,18050.0
ING010,2023-07-31,18030.0
ING010,2023-08-01,17930.0
ING010,2023-08-02,17890.0
ING010,2023-08-03,17860.0
ING010,2023-08-04,18070.0
ING010,2023-08-05,18190.0
ING010,2023-08-06,18300.0
ING010,2023-08-07,18340.0
ING010,2023-08-08,18190.0
ING010,2023-08-09,18170.0
ING010,2023-08-10,18290.0
ING010,2023-08-11,18120.0
ING010,2023-08-12,18200.0
ING010,2023-08-13,18490.0
ING010,2023-08-14,18600.0
ING010,2023-08-15,18750.0
ING010,2023-08-16,18750.0
ING010,2023-08-17,18840.0
ING010,2023-08-18,18710.0
ING010,2023-08-19,18780.0
ING010,2023-08-20,18830.0
ING010,2023-08-21,18830.0
ING010,2023-08-22,18960.0
ING010,2023-08-23,18850.0
ING010,2023-08-24,18790.0
ING010,2023-08-25,18760.0
ING010,2023-08-26,18600.0
ING010,2023-08-27,18610.0
ING010,2023-08-28,18370.0
ING010,2023-08-29,18480.0
ING010,2023-08-30,18470.0
ING010,2023-08-31,18390.0
ING010,2023-09-01,18270.0
ING010,2023-09-02,18230.0
ING010,2023-09-03,18320.0
ING010,2023-09-04,18370.0
ING010,2023-09-05,18270.0
ING010,2023-09-06,18870.0
ING010,2023-09-07,19670.0
ING010,2023-09-08,20270.0
ING010,2023-09-09,20980.0
ING010,2023-09-10,21690.0
ING010,2023-09-11,22420.0
ING010,2023-09-12,23230.0
ING010,2023-09-13,23680.0
ING010,2023-09-14,24000.0
ING010,2023-09-15,24530.0
ING010,2023-09-16,25470.0
ING010,2023-09-17,26430.0
ING010,2023-09-18,27330.0
ING010,2023-09-19,27820.0
ING010,2023-09-20,27970.0
ING010,2023-09-21,28000.0
ING010,2023-09-22,28350.0
ING010,2023-09-23,28760.0
ING010,2023-09-24,29440.0
ING010,2023-09-25,30000.0
ING010,2023-09-26,30390.0
ING010,2023-09-27,30500.0
ING010,2023-09-28,30580.0
ING010,2023-09-29,30880.0
ING010,2023-09-30,31250.0
ING010,2023-10-01,31510.0
ING010,2023-10-02,31410.0
ING010,2023-10-03,31660.0
ING010,2023-10-04,31810.0
ING010,2023-10-05,31600.0
ING010,2023-10-06,31420.0
ING010,2023-10-07,31530.0
ING010,2023-10-08,31400.0
ING010,2023-10-09,31630.0
ING010,2023-10-10,31570.0
ING010,2023-10-11,31250.0
ING010,2023-10-12,31010.0
ING010,2023-10-13,30740.0
ING010,2023-10-14,30280.0
ING010,2023-10-15,29750.0
ING010,2023-10-16,29540.0
ING010,2023-10-17,29320.0
ING010,2023-10-18,29000.0
ING010,2023-10-19,28820.0
ING010,2023-10-20,28190.0
ING010,2023-10-21,27970.0
ING010,2023-10-22,27220.0
ING010,2023-10-23,26440.0
ING010,2023-10-24,25520.0
ING010,2023-10-25,24850.0
ING010,2023-10-26,24150.0
ING010,2023-10-27,23610.0
ING010,2023-10-28,23000.0
ING010,2023-10-29,22150.0
ING010,2023-10-30,21430.0
ING010,2023-10-31,20710.0
ING010,2023-11-01,19790.0
ING010,2023-11-02,18990.0
ING010,2023-11-03,18240.0
ING010,2023-11-04,17760.0
ING010,2023-11-05,17810.0
ING010,2023-11-06,17920.0
ING010,2023-11-07,17740.0
ING010,2023-11-08,17920.0
ING010,2023-11-09,18100.0
ING010,2023-11-10,17860.0
ING010,2023-11-11,17790.0
ING010,2023-11-12,17880.0
ING010,2023-11-13,17980.0
ING010,2023-11-14,17910.0
ING010,2023-11-15,17880.0
ING010,2023-11-16,17830.0
ING010,2023-11-17,17870.0
ING010,2023-11-18,18040.0
ING010,2023-11-19,17950.0
ING010,2023-11-20,18090.0
ING010,2023-11-21,18000.0
ING010,2023-11-22,17910.0
ING010,2023-11-23,18030.0
ING010,2023-11-24,18160.0
ING010,2023-11-25,18280.0
ING010,2023-11-26,18110.0
ING010,2023-11-27,18060.0
ING010,2023-11-28,18180.0
ING010,2023-11-29,18190.0
ING010,2023-11-30,18060.0
ING010,2023-12-01,18130.0
ING010,2023-12-02,18050.0
ING010,2023-12-03,18290.0
ING010,2023-12-04,18480.0
ING010,2023-12-05,18550.0
ING010,2023-12-06,18710.0
ING010,2023-12-07,18700.0
ING010,2023-12-08,18770.0
ING010,2023-12-09,18940.0
ING010,2023-12-10,18940.0
ING010,2023-12-11,18880.0
ING010,2023-12-12,18630.0
ING010,2023-12-13,18610.0
ING010,2023-12-14,18700.0
ING010,2023-12-15,18800.0
ING010,2023-12-16,18840.0
ING010,2023-12-17,18740.0
ING010,2023-12-18,18470.0
ING010,2023-12-19,18410.0
ING010,2023-12-20,18360.0
ING010,2023-12-21,18320.0
ING010,2023-12-22,18400.0
ING010,2023-12-23,18650.0
ING010,2023-12-24,18650.0
ING010,2023-12-25,18610.0
ING010,2023-12-26,18560.0
ING010,2023-12-27,18570.0
ING010,2023-12-28,18450.0
ING010,2023-12-29,18460.0
ING010,2023-12-30,18510.0
ING010,2023-12-31,18530.0
ING010,2024-01-01,18580.0
ING010,2024-01-02,18630.0
ING010,2024-01-03,18390.0
ING010,2024-01-04,18470.0
ING010,2024-01-05,18380.0
ING010,2024-01-06,18240.0
ING010,2024-01-07,18110.0
ING010,2024-01-08,18180.0
ING010,2024-01-09,18160.0
ING010,2024-01-10,17960.0
ING010,2024-01-11,18040.0
ING010,2024-01-12,17880.0
ING010,2024-01-13,17920.0
ING010,2024-01-14,17970.0
ING010,2024-01-15,18100.0
ING010,2024-01-16,18340.0
ING010,2024-01-17,18170.0
ING010,2024-01-18,18180.0
ING010,2024-01-19,18150.0
ING010,2024-01-20,18220.0
ING010,2024-01-21,18260.0
ING010,2024-01-22,18220.0
ING010,2024-01-23,18170.0
ING010,2024-01-24,18050.0
ING010,2024-01-25,18190.0
ING010,2024-01-26,18260.0
ING010,2024-01-27,18380.0
ING010,2024-01-28,18340.0
ING010,2024-01-29,18260.0
ING010,2024-01-30,18140.0
ING010,2024-01-31,18200.0
ING010,2024-02-01,18080.0
ING010,2024-02-02,18330.0
ING010,2024-02-03,18170.0
ING010,2024-02-04,18210.0
ING010,2024-02-05,18420.0
ING010,2024-02-06,18500.0
ING010,2024-02-07,18520.0
ING010,2024-02-08,18390.0
ING010,2024-02-09,18220.0
ING010,2024-02-10,18330.0
ING010,2024-02-11,18520.0
ING010,2024-02-12,18460.0
ING010,2024-02-13,18320.0
ING010,2024-02-14,18020.0
ING010,2024-02-15,17920.0
ING010,2024-02-16,17930.0
ING010,2024-02-17,18160.0
ING010,2024-02-18,18260.0
ING010,2024-02-19,18300.0
ING010,2024-02-20,18260.0
ING010,2024-02-21,18200.0
ING010,2024-02-22,18390.0
ING010,2024-02-23,18420.0
ING010,2024-02-24,18160.0
ING010,2024-02-25,18090.0
ING010,2024-02-26,18000.0
ING010,2024-02-27,17950.0
ING010,2024-02-28,18050.0
ING010,2024-02-29,18060.0
ING010,2024-03-01,18070.0
ING010,2024-03-02,18260.0
ING010,2024-03-03,18180.0
ING010,2024-03-04,18430.0
ING010,2024-03-05,18350.0
ING010,2024-03-06,18370.0
ING010,2024-03-07,18340.0
ING010,2024-03-08,18360.0
ING010,2024-03-09,18420.0
ING010,2024-03-10,18480.0
ING010,2024-03-11,18390.0
ING010,2024-03-12,18250.0
ING010,2024-03-13,18580.0
ING010,2024-03-14,18520.0
ING010,2024-03-15,18600.0
ING010,2024-03-16,18400.0
ING010,2024-03-17,18370.0
ING010,2024-03-18,18360.0
ING010,2024-03-19,18430.0
ING010,2024-03-20,18090.0
ING010,2024-03-21,18130.0
ING010,2024-03-22,18000.0
ING010,2024-03-23,18070.0
ING010,2024-03-24,17960.0
ING010,2024-03-25,17880.0
ING010,2024-03-26,17880.0
ING010,2024-03-27,17780.0
ING010,2024-03-28,17760.0
ING010,2024-03-29,17650.0
ING010,2024-03-30,17460.0
ING010,2024-03-31,17640.0
ING010,2024-04-01,17530.0
ING010,2024-04-02,17550.0
ING010,2024-04-03,17700.0
ING010,2024-04-04,17660.0
ING010,2024-04-05,17600.0
ING010,2024-04-06,17680.0
ING010,2024-04-07,17860.0
ING010,2024-04-08,17750.0
ING010,2024-04-09,17770.0
ING010,2024-04-10,17590.0
ING010,2024-04-11,17590.0
ING010,2024-04-12,17650.0
ING010,2024-04-13,17580.0
ING010,2024-04-14,17580.0
ING010,2024-04-15,17450.0
ING010,2024-04-16,17510.0
ING010,2024-04-17,17700.0
ING010,2024-04-18,17610.0
ING010,2024-04-19,17580.0
ING010,2024-04-20,17690.0
ING010,2024-04-21,17890.0
ING010,2024-04-22,17730.0
ING010,2024-04-23,17750.0
ING010,2024-04-24,17830.0
ING010,2024-04-25,17860.0
ING010,2024-04-26,17580.0
ING010,2024-04-27,17700.0
ING010,2024-04-28,17930.0
ING010,2024-04-29,17980.0
ING010,2024-04-30,17880.0
ING010,2024-05-01,17850.0
ING010,2024-05-02,18110.0
ING010,2024-05-03,18250.0
ING010,2024-05-04,18350.0
ING010,2024-05-05,18410.0
ING010,2024-05-06,18340.0
ING010,2024-05-07,18320.0
ING010,2024-05-08,18330.0
ING010,2024-05-09,18410.0
ING010,2024-05-10,18610.0
ING010,2024-05-11,18750.0
ING010,2024-05-12,18570.0
ING010,2024-05-13,18600.0
ING010,2024-05-14,18690.0
ING010,2024-05-15,18770.0
ING010,2024-05-16,18680.0
ING010,2024-05-17,19050.0
ING010,2024-05-18,18870.0
ING010,2024-05-19,18720.0
ING010,2024-05-20,18740.0
ING010,2024-05-21,19010.0
ING010,2024-05-22,18880.0
ING010,2024-05-23,18840.0
ING010,2024-05-24,18960.0
ING010,2024-05-25,18940.0
ING010,2024-05-26,18890.0
ING010,2024-05-27,18950.0
ING010,2024-05-28,18970.0
ING010,2024-05-29,19080.0
ING010,2024-05-30,19220.0
ING010,2024-05-31,19230.0
ING010,2024-06-01,19240.0
ING010,2024-06-02,19240.0
ING010,2024-06-03,19270.0
ING010,2024-06-04,19250.0
ING010,2024-06-05,19220.0
ING010,2024-06-06,19340.0
ING010,2024-06-07,19500.0
ING010,2024-06-08,19270.0
ING010,2024-06-09,19240.0
ING010,2024-06-10,19130.0
ING010,2024-06-11,19070.0
ING010,2024-06-12,19100.0
ING010,2024-06-13,19160.0
ING010,2024-06-14,19120.0
ING010,2024-06-15,18860.0
ING010,2024-06-16,18730.0
ING010,2024-06-17,18840.0
ING010,2024-06-18,18490.0
ING010,2024-06-19,18650.0
ING010,2024-06-20,18720.0
ING010,2024-06-21,18880.0
ING010,2024-06-22,18850.0
ING010,2024-06-23,18580.0
ING010,2024-06-24,18640.0
ING010,2024-06-25,18810.0
ING010,2024-06-26,18920.0
ING010,2024-06-27,18820.0
ING010,2024-06-28,18830.0
ING010,2024-06-29,18760.0
ING010,2024-06-30,18650.0
ING010,2024-07-01,18780.0
ING010,2024-07-02,18620.0
ING010,2024-07-03,18520.0
ING010,2024-07-04,18390.0
ING010,2024-07-05,18220.0
ING010,2024-07-06,18260.0
ING010,2024-07-07,18430.0
ING010,2024-07-08,18420.0
ING010,2024-07-09,18250.0
ING010,2024-07-10,18380.0
ING010,2024-07-11,18610.0
ING010,2024-07-12,18530.0
ING010,2024-07-13,18480.0
ING010,2024-07-14,18560.0
ING010,2024-07-15,18780.0
ING010,2024-07-16,18710.0
ING010,2024-07-17,18540.0
ING010,2024-07-18,18630.0
ING010,2024-07-19,18740.0
ING010,2024-07-20,18740.0
ING010,2024-07-21,18670.0
ING010,2024-07-22,18800.0
ING010,2024-07-23,18870.0
ING010,2024-07-24,18770.0
ING010,2024-07-25,18770.0
ING010,2024-07-26,18600.0
ING010,2024-07-27,18700.0
ING010,2024-07-28,18670.0
ING010,2024-07-29,18620.0
ING010,2024-07-30,18620.0
ING010,2024-07-31,18640.0
ING010,2024-08-01,18760.0
ING010,2024-08-02,18830.0
ING010,2024-08-03,18810.0
ING010,2024-08-04,18900.0
ING010,2024-08-05,18950.0
ING010,2024-08-06,18890.0
ING010,2024-08-07,18870.0
ING010,2024-08-08,18850.0
ING010,2024-08-09,18910.0
ING010,2024-08-10,18860.0
ING010,2024-08-11,18800.0
ING010,2024-08-12,19050.0
ING010,2024-08-13,19160.0
ING010,2024-08-14,19040.0
ING010,2024-08-15,19100.0
ING010,2024-08-16,19100.0
ING010,2024-08-17,19140.0
ING010,2024-08-18,19140.0
ING010,2024-08-19,19270.0
ING010,2024-08-20,19300.0
ING010,2024-08-21,19260.0
ING010,2024-08-22,19370.0
ING010,2024-08-23,19380.0
ING010,2024-08-24,19360.0
ING010,2024-08-25,19380.0
ING010,2024-08-26,19340.0
ING010,2024-08-27,19310.0
ING010,2024-08-28,19220.0
ING010,2024-08-29,19100.0
ING010,2024-08-30,18960.0
ING010,2024-08-31,18780.0
ING010,2024-09-01,18670.0
ING010,2024-09-02,18660.0
ING010,2024-09-03,18680.0
ING010,2024-09-04,18660.0
ING010,2024-09-05,18370.0
ING010,2024-09-06,18590.0
ING010,2024-09-07,18740.0
ING010,2024-09-08,18800.0
ING010,2024-09-09,19050.0
ING010,2024-09-10,18920.0
ING010,2024-09-11,19150.0
ING010,2024-09-12,19010.0
ING010,2024-09-13,19040.0
ING010,2024-09-14,18870.0
ING010,2024-09-15,18870.0
ING010,2024-09-16,18920.0
ING010,2024-09-17,18900.0
ING010,2024-09-18,18990.0
ING010,2024-09-19,18990.0
ING010,2024-09-20,18920.0
ING010,2024-09-21,18850.0
ING010,2024-09-22,18950.0
ING010,2024-09-23,18870.0
ING010,2024-09-24,18980.0
ING010,2024-09-25,19130.0
ING010,2024-09-26,18910.0
ING010,2024-09-27,19050.0
ING010,2024-09-28,19300.0
ING010,2024-09-29,19320.0
ING010,2024-09-30,19370.0
ING010,2024-10-01,19480.0
ING010,2024-10-02,19420.0
ING010,2024-10-03,19410.0
ING010,2024-10-04,19220.0
ING010,2024-10-05,19220.0
ING010,2024-10-06,19270.0
ING010,2024-10-07,19320.0
ING010,2024-10-08,19430.0
ING010,2024-10-09,19310.0
ING010,2024-10-10,19220.0
ING010,2024-10-11,19450.0
ING010,2024-10-12,19400.0
ING010,2024-10-13,19400.0
ING010,2024-10-14,19370.0
ING010,2024-10-15,19250.0
ING010,2024-10-16,19430.0
ING010,2024-10-17,19340.0
ING010,2024-10-18,19180.0
ING010,2024-10-19,19110.0
ING010,2024-10-20,18850.0
ING010,2024-10-21,18770.0
ING010,2024-10-22,18660.0
ING010,2024-10-23,18750.0
ING010,2024-10-24,18680.0
ING010,2024-10-25,18800.0
ING010,2024-10-26,18990.0
ING010,2024-10-27,19080.0
ING010,2024-10-28,19050.0
ING010,2024-10-29,19060.0
ING010,2024-10-30,18870.0
ING010,2024-10-31,18850.0
ING010,2024-11-01,18750.0
ING010,2024-11-02,18850.0
ING010,2024-11-03,19180.0
ING010,2024-11-04,19230.0
ING010,2024-11-05,18970.0
ING010,2024-11-06,18920.0
ING010,2024-11-07,18940.0
ING010,2024-11-08,18950.0
ING010,2024-11-09,18860.0
ING010,2024-11-10,18900.0
ING010,2024-11-11,18750.0
ING010,2024-11-12,18640.0
ING010,2024-11-13,18740.0
ING010,2024-11-14,18620.0
ING010,2024-11-15,18710.0
ING010,2024-11-16,18550.0
ING010,2024-11-17,18800.0
ING010,2024-11-18,18710.0
ING010,2024-11-19,18700.0
ING010,2024-11-20,18750.0
ING010,2024-11-21,18690.0
ING010,2024-11-22,18730.0
ING010,2024-11-23,18810.0
ING010,2024-11-24,18940.0
ING010,2024-11-25,19050.0
ING010,2024-11-26,19020.0
ING010,2024-11-27,19010.0
ING010,2024-11-28,19300.0
ING010,2024-11-29,19410.0
ING010,2024-11-30,19270.0
ING010,2024-12-01,19270.0
ING010,2024-12-02,19220.0
ING010,2024-12-03,19190.0
ING010,2024-12-04,19030.0
ING010,2024-12-05,18980.0
ING010,2024-12-06,19210.0
ING010,2024-12-07,19270.0
ING010,2024-12-08,18950.0
ING010,2024-12-09,19100.0
ING010,2024-12-10,19240.0
ING010,2024-12-11,19180.0
ING010,2024-12-12,19270.0
ING010,2024-12-13,19150.0
ING010,2024-12-14,19080.0
ING010,2024-12-15,19270.0
ING010,2024-12-16,19230.0
ING010,2024-12-17,18980.0
ING010,2024-12-18,18980.0
ING010,2024-12-19,18970.0
ING010,2024-12-20,19130.0
ING010,2024-12-21,19130.0
ING010,2024-12-22,19070.0
ING010,2024-12-23,19200.0
ING010,2024-12-24,19210.0
ING010,2024-12-25,19110.0
ING010,2024-12-26,19250.0
ING010,2024-12-27,19270.0
ING010,2024-12-28,19260.0
ING010,2024-12-29,19270.0
ING010,2024-12-30,19130.0
ING010,2024-12-31,19060.0
ING010,2025-01-01,19060.0
ING010,2025-01-02,19040.0
ING010,2025-01-03,19200.0
ING010,2025-01-04,19220.0
ING010,2025-01-05,19320.0
ING010,2025-01-06,19310.0
ING010,2025-01-07,19440.0
ING010,2025-01-08,19470.0
ING010,2025-01-09,19450.0
ING010,2025-01-10,19430.0
ING010,2025-01-11,19300.0
ING010,2025-01-12,19350.0
ING010,2025-01-13,19330.0
ING010,2025-01-14,19260.0
ING010,2025-01-15,19390.0
ING010,2025-01-16,19220.0
ING010,2025-01-17,19160.0
ING010,2025-01-18,19290.0
ING010,2025-01-19,19320.0
ING010,2025-01-20,19300.0
ING010,2025-01-21,19330.0
ING010,2025-01-22,19340.0
ING010,2025-01-23,19140.0
ING010,2025-01-24,19090.0
ING010,2025-01-25,19300.0
ING010,2025-01-26,19210.0
ING010,2025-01-27,19160.0
ING010,2025-01-28,19090.0
ING010,2025-01-29,19090.0
ING010,2025-01-30,19020.0
ING010,2025-01-31,19080.0
ING010,2025-02-01,19110.0
ING010,2025-02-02,19210.0
ING010,2025-02-03,19070.0
ING010,2025-02-04,19040.0
ING010,2025-02-05,19010.0
ING010,2025-02-06,19080.0
ING010,2025-02-07,18980.0
ING010,2025-02-08,19110.0
ING010,2025-02-09,19260.0
ING010,2025-02-10,19130.0
ING010,2025-02-11,19070.0
ING010,2025-02-12,19010.0
ING010,2025-02-13,19350.0
ING010,2025-02-14,19280.0
ING010,2025-02-15,19490.0
ING010,2025-02-16,19310.0
ING010,2025-02-17,19180.0
ING010,2025-02-18,19100.0
ING010,2025-02-19,18990.0
ING010,2025-02-20,18970.0
ING010,2025-02-21,18890.0
ING010,2025-02-22,18800.0
ING010,2025-02-23,18970.0
ING010,2025-02-24,19130.0
ING010,2025-02-25,19260.0
ING010,2025-02-26,19320.0
ING010,2025-02-27,19320.0
ING010,2025-02-28,19260.0
ING010,2025-03-01,19130.0
ING010,2025-03-02,19180.0
ING010,2025-03-03,19040.0
ING010,2025-03-04,18920.0
ING010,2025-03-05,19080.0
ING010,2025-03-06,19320.0
ING010,2025-03-07,19370.0
ING010,2025-03-08,19500.0
ING010,2025-03-09,19460.0
ING010,2025-03-10,19270.0
ING010,2025-03-11,19350.0
ING010,2025-03-12,19410.0
ING010,2025-03-13,19410.0
ING010,2025-03-14,19370.0
ING010,2025-03-15,19490.0
ING010,2025-03-16,19350.0
ING010,2025-03-17,19250.0
ING010,2025-03-18,19120.0
ING010,2025-03-19,19140.0
ING010,2025-03-20,19000.0
ING010,2025-03-21,18930.0
ING010,2025-03-22,18860.0
ING010,2025-03-23,18840.0
ING010,2025-03-24,18680.0
ING010,2025-03-25,18720.0
ING010,2025-03-26,18900.0
ING010,2025-03-27,18930.0
ING010,2025-03-28,19140.0
ING010,2025-03-29,19320.0
ING010,2025-03-30,19410.0
ING010,2025-03-31,19420.0
ING010,2025-04-01,19410.0
ING010,2025-04-02,19500.0
ING010,2025-04-03,19440.0
ING010,2025-04-04,19190.0
ING010,2025-04-05,19260.0
ING010,2025-04-06,19120.0
ING010,2025-04-07,19000.0
ING010,2025-04-08,19020.0
ING010,2025-04-09,19020.0
ING010,2025-04-10,18850.0
ING010,2025-04-11,18900.0
ING010,2025-04-12,19040.0
ING010,2025-04-13,18910.0
ING010,2025-04-14,19090.0
ING010,2025-04-15,18900.0
ING010,2025-04-16,19190.0
ING010,2025-04-17,19140.0
ING010,2025-04-18,19170.0
ING010,2025-04-19,18930.0
ING010,2025-04-20,18940.0
ING010,2025-04-21,18990.0
ING010,2025-04-22,19000.0
ING010,2025-04-23,18940.0
ING010,2025-04-24,18840.0
ING010,2025-04-25,19010.0
ING010,2025-04-26,19020.0
ING010,2025-04-27,19230.0
ING010,2025-04-28,19170.0
ING010,2025-04-29,19120.0
ING010,2025-04-30,19240.0
ING010,2025-05-01,19040.0
ING010,2025-05-02,18900.0
ING010,2025-05-03,19060.0
ING010,2025-05-04,18920.0
ING010,2025-05-05,18710.0
ING010,2025-05-06,18980.0
ING010,2025-05-07,18820.0
ING010,2025-05-08,18870.0
ING010,2025-05-09,18900.0
ING010,2025-05-10,18570.0
ING010,2025-05-11,18580.0
ING010,2025-05-12,18670.0
ING010,2025-05-13,18750.0
ING010,2025-05-14,18890.0
ING010,2025-05-15,18870.0
ING010,2025-05-16,18980.0
ING010,2025-05-17,18910.0
ING010,2025-05-18,18760.0
ING010,2025-05-19,18620.0
ING010,2025-05-20,18480.0
ING010,2025-05-21,18650.0
ING010,2025-05-22,18490.0
ING010,2025-05-23,18570.0
ING010,2025-05-24,18580.0
ING010,2025-05-25,18600.0
ING010,2025-05-26,18810.0
ING010,2025-05-27,18790.0
ING010,2025-05-28,18890.0
ING010,2025-05-29,18920.0
ING010,2025-05-30,18930.0
ING010,2025-05-31,19240.0
ING010,2025-06-01,19060.0
ING010,2025-06-02,19240.0
ING010,2025-06-03,19330.0
ING010,2025-06-04,19270.0
ING010,2025-06-05,19490.0
ING010,2025-06-06,19250.0
ING010,2025-06-07,19190.0
ING010,2025-06-08,19050.0
ING010,2025-06-09,19120.0
ING010,2025-06-10,18990.0
ING010,2025-06-11,19070.0
ING010,2025-06-12,19060.0
ING010,2025-06-13,19020.0
ING010,2025-06-14,19090.0
ING010,2025-06-15,19070.0
ING010,2025-06-16,18950.0
ING010,2025-06-17,19320.0
ING010,2025-06-18,19270.0
ING010,2025-06-19,19000.0
ING010,2025-06-20,18910.0
ING010,2025-06-21,18780.0
ING010,2025-06-22,18910.0
ING010,2025-06-23,18980.0
ING010,2025-06-24,19050.0
ING010,2025-06-25,19020.0
ING010,2025-06-26,19010.0
ING010,2025-06-27,18980.0
ING010,2025-06-28,19000.0
ING010,2025-06-29,19120.0
ING010,2025-06-30,19180.0
ING010,2025-07-01,19260.0
ING010,2025-07-02,19330.0
ING010,2025-07-03,19450.0
ING010,2025-07-04,19480.0
ING010,2025-07-05,19530.0
ING010,2025-07-06,19670.0
ING010,2025-07-07,19580.0
ING010,2025-07-08,19460.0
ING010,2025-07-09,19310.0
ING010,2025-07-10,19340.0
ING010,2025-07-11,19120.0
ING010,2025-07-12,19190.0
ING010,2025-07-13,19190.0
ING010,2025-07-14,19350.0
ING010,2025-07-15,19270.0
ING010,2025-07-16,19260.0
ING010,2025-07-17,19410.0
ING010,2025-07-18,19590.0
ING010,2025-07-19,19490.0
ING010,2025-07-20,19520.0
ING010,2025-07-21,19550.0
ING010,2025-07-22,19600.0
ING010,2025-07-23,19560.0
ING010,2025-07-24,19710.0
ING010,2025-07-25,19470.0
ING010,2025-07-26,19410.0
ING010,2025-07-27,19470.0
ING010,2025-07-28,19530.0
ING010,2025-07-29,19700.0
ING010,2025-07-30,19840.0
ING010,2025-07-31,19790.0
ING010,2025-08-01,19940.0
ING010,2025-08-02,19830.0
ING010,2025-08-03,19930.0
ING010,2025-08-04,20140.0
ING010,2025-08-05,20260.0
ING010,2025-08-06,20230.0
ING010,2025-08-07,20160.0
ING010,2025-08-08,19930.0
ING010,2025-08-09,19950.0
ING010,2025-08-10,19790.0
ING010,2025-08-11,19670.0
ING010,2025-08-12,19520.0
ING010,2025-08-13,19460.0
ING010,2025-08-14,19460.0
ING010,2025-08-15,19500.0
ING010,2025-08-16,19420.0
ING010,2025-08-17,19560.0
ING010,2025-08-18,19540.0
ING010,2025-08-19,19440.0
ING010,2025-08-20,19470.0
ING010,2025-08-21,19720.0
ING010,2025-08-22,19760.0
ING010,2025-08-23,19700.0
ING010,2025-08-24,19500.0
ING010,2025-08-25,19470.0
ING010,2025-08-26,19510.0
ING010,2025-08-27,19460.0
ING010,2025-08-28,19260.0
ING010,2025-08-29,19160.0
ING010,2025-08-30,19370.0
ING010,2025-08-31,19560.0
ING010,2025-09-01,19450.0
ING010,2025-09-02,19540.0
ING010,2025-09-03,19390.0
ING010,2025-09-04,19580.0
ING010,2025-09-05,19610.0
ING010,2025-09-06,19720.0
ING010,2025-09-07,19500.0
ING010,2025-09-08,19590.0
ING010,2025-09-09,19590.0
ING010,2025-09-10,19700.0
ING010,2025-09-11,19810.0
ING010,2025-09-12,19800.0
ING010,2025-09-13,19720.0
ING010,2025-09-14,19810.0
ING010,2025-09-15,19790.0
ING010,2025-09-16,19670.0
ING010,2025-09-17,19550.0
ING010,2025-09-18,19370.0
ING010,2025-09-19,19310.0
ING010,2025-09-20,19470.0
ING010,2025-09-21,19500.0
ING010,2025-09-22,19440.0
ING010,2025-09-23,19550.0
ING010,2025-09-24,19440.0
ING010,2025-09-25,19460.0
ING010,2025-09-26,19450.0
ING010,2025-09-27,19560.0
ING010,2025-09-28,19360.0
ING010,2025-09-29,19270.0
ING010,2025-09-30,19080.0
ING010,2025-10-01,19070.0
ING010,2025-10-02,19250.0
ING010,2025-10-03,19210.0
ING010,2025-10-04,19160.0
ING010,2025-10-05,19300.0
ING010,2025-10-06,19450.0
ING010,2025-10-07,19450.0
ING010,2025-10-08,19540.0
ING010,2025-10-09,19410.0
ING010,2025-10-10,19600.0
ING010,2025-10-11,19870.0
ING010,2025-10-12,19920.0
ING010,2025-10-13,19650.0
ING010,2025-10-14,19580.0
ING010,2025-10-15,19660.0
ING010,2025-10-16,19600.0
ING010,2025-10-17,19770.0
ING010,2025-10-18,19840.0
ING010,2025-10-19,19740.0
ING010,2025-10-20,19740.0
ING010,2025-10-21,19620.0
ING010,2025-10-22,19600.0
ING010,2025-10-23,19530.0
ING010,2025-10-24,19690.0
ING010,2025-10-25,19960.0
ING010,2025-10-26,19760.0
ING010,2025-10-27,19510.0
ING010,2025-10-28,19490.0
ING010,2025-10-29,19310.0
ING010,2025-10-30,19330.0
ING010,2025-10-31,19450.0
ING010,2025-11-01,19650.0
ING010,2025-11-02,19670.0
ING010,2025-11-03,19650.0
ING010,2025-11-04,19400.0
ING010,2025-11-05,19420.0
ING010,2025-11-06,19440.0
ING010,2025-11-07,19540.0
ING010,2025-11-08,19450.0
ING010,2025-11-09,19410.0
ING010,2025-11-10,19240.0
ING010,2025-11-11,18980.0
ING010,2025-11-12,18870.0
ING010,2025-11-13,18720.0
ING010,2025-11-14,18810.0
ING010,2025-11-15,18790.0
ING010,2025-11-16,18770.0
ING010,2025-11-17,18690.0
ING010,2025-11-18,18330.0
ING010,2025-11-19,18590.0
ING010,2025-11-20,18520.0
ING010,2025-11-21,18530.0
ING010,2025-11-22,18410.0
ING010,2025-11-23,18600.0
ING010,2025-11-24,18670.0
ING010,2025-11-25,18620.0
ING010,2025-11-26,18630.0
ING010,2025-11-27,18890.0
ING010,2025-11-28,18930.0
ING010,2025-11-29,18940.0
ING010,2025-11-30,18870.0
ING010,2025-12-01,18670.0
ING010,2025-12-02,18700.0
ING010,2025-12-03,18800.0
ING010,2025-12-04,18980.0
ING010,2025-12-05,18740.0
ING010,2025-12-06,18650.0
ING010,2025-12-07,18630.0
ING010,2025-12-08,18690.0
ING010,2025-12-09,18720.0
ING010,2025-12-10,18760.0
ING010,2025-12-11,18860.0
ING010,2025-12-12,18790.0
ING010,2025-12-13,18960.0
ING010,2025-12-14,19050.0
ING010,2025-12-15,19050.0
ING010,2025-12-16,19290.0
ING010,2025-12-17,19510.0
ING010,2025-12-18,19640.0
ING010,2025-12-19,19260.0
ING010,2025-12-20,19490.0
ING010,2025-12-21,19600.0
ING010,2025-12-22,19870.0
ING010,2025-12-23,20020.0
ING010,2025-12-24,20210.0
ING010,2025-12-25,20300.0
ING010,2025-12-26,20440.0
ING010,2025-12-27,20660.0
ING010,2025-12-28,20640.0
ING010,2025-12-29,20400.0
ING010,2025-12-30,20330.0
ING010,2025-12-31,20360.0
ING010,2026-01-01,20340.0
ING010,2026-01-02,20160.0
ING010,2026-01-03,19930.0
ING010,2026-01-04,19830.0
ING010,2026-01-05,19930.0
ING010,2026-01-06,20130.0
ING010,2026-01-07,20230.0
ING010,2026-01-08,20340.0
ING010,2026-01-09,20300.0
ING010,2026-01-10,20060.0
ING010,2026-01-11,19990.0
ING010,2026-01-12,19950.0
ING010,2026-01-13,19880.0
ING010,2026-01-14,19890.0
ING010,2026-01-15,19940.0
ING010,2026-01-16,20040.0
ING010,2026-01-17,20000.0
ING010,2026-01-18,19750.0
ING010,2026-01-19,19690.0
ING010,2026-01-20,19700.0
ING010,2026-01-21,19870.0
ING010,2026-01-22,19790.0
ING010,2026-01-23,19860.0
ING010,2026-01-24,19900.0
ING010,2026-01-25,19900.0
ING010,2026-01-26,20010.0
ING010,2026-01-27,19920.0
ING010,2026-01-28,19850.0
ING010,2026-01-29,19850.0
ING010,2026-01-30,19770.0
ING010,2026-01-31,19840.0
ING010,2026-02-01,19750.0
ING010,2026-02-02,19780.0
ING010,2026-02-03,19770.0
ING010,2026-02-04,19810.0
ING010,2026-02-05,19750.0
ING010,2026-02-06,19710.0
ING010,2026-02-07,19740.0
ING010,2026-02-08,19770.0
ING010,2026-02-09,19770.0
ING010,2026-02-10,19990.0
ING010,2026-02-11,19860.0
ING010,2026-02-12,19860.0
ING010,2026-02-13,19660.0
ING010,2026-02-14,19720.0
ING010,2026-02-15,19590.0
ING010,2026-02-16,19570.0
ING010,2026-02-17,19540.0
ING010,2026-02-18,19590.0
ING010,2026-02-19,19540.0
ING010,2026-02-20,19480.0
ING010,2026-02-21,19680.0
ING010,2026-02-22,19730.0
ING010,2026-02-23,19670.0
ING010,2026-02-24,19650.0
ING010,2026-02-25,19870.0
ING010,2026-02-26,19840.0
ING010,2026-02-27,19760.0
ING010,2026-02-28,19680.0
ING010,2026-03-01,19620.0
ING010,2026-03-02,19560.0
ING010,2026-03-03,19420.0
ING010,2026-03-04,19300.0
ING010,2026-03-05,19230.0
ING010,2026-03-06,19340.0
ING010,2026-03-07,19320.0
ING010,2026-03-08,19330.0
ING010,2026-03-09,19520.0
ING010,2026-03-10,19700.0
ING010,2026-03-11,19680.0
ING010,2026-03-12,19610.0
ING010,2026-03-13,19520.0
ING010,2026-03-14,19630.0
ING010,2026-03-15,19620.0
ING010,2026-03-16,19590.0
ING010,2026-03-17,19500.0
ING010,2026-03-18,19430.0
ING010,2026-03-19,19490.0
ING010,2026-03-20,19350.0
ING010,2026-03-21,19510.0
ING010,2026-03-22,19460.0
ING010,2026-03-23,19470.0
ING010,2026-03-24,19330.0
ING010,2026-03-25,19360.0
ING010,2026-03-26,19350.0
ING010,2026-03-27,19370.0
ING010,2026-03-28,19590.0
ING010,2026-03-29,19630.0
ING010,2026-03-30,19550.0
ING010,2026-03-31,19480.0
ING010,2026-04-01,19580.0
ING010,2026-04-02,19760.0
ING010,2026-04-03,19810.0
ING010,2026-04-04,19900.0
ING010,2026-04-05,19990.0
ING010,2026-04-06,20160.0
ING010,2026-04-07,19910.0
ING010,2026-04-08,20000.0
ING010,2026-04-09,20120.0
ING010,2026-04-10,19950.0
ING010,2026-04-11,19840.0
ING010,2026-04-12,19740.0
ING010,2026-04-13,19660.0
ING010,2026-04-14,19620.0
ING010,2026-04-15,19670.0
ING010,2026-04-16,19790.0
ING010,2026-04-17,19940.0
ING010,2026-04-18,19840.0
ING010,2026-04-19,19740.0
ING010,2026-04-20,19920.0
ING010,2026-04-21,20010.0
ING010,2026-04-22,20020.0
ING010,2026-04-23,20080.0
ING010,2026-04-24,20070.0
ING010,2026-04-25,20140.0
ING010,2026-04-26,20090.0
ING010,2026-04-27,20120.0
ING010,2026-04-28,19930.0
ING010,2026-04-29,19850.0
ING010,2026-04-30,19770.0
ING010,2026-05-01,19740.0
ING010,2026-05-02,19630.0
ING010,2026-05-03,19590.0
ING010,2026-05-04,19420.0
ING010,2026-05-05,19520.0
ING010,2026-05-06,19540.0
ING010,2026-05-07,19350.0
ING010,2026-05-08,19280.0
ING010,2026-05-09,19360.0
ING010,2026-05-10,19330.0
ING010,2026-05-11,19270.0
ING010,2026-05-12,19300.0
ING010,2026-05-13,19390.0
ING010,2026-05-14,19240.0
ING010,2026-05-15,19350.0
ING010,2026-05-16,19290.0
ING010,2026-05-17,19320.0
ING010,2026-05-18,19360.0
ING010,2026-05-19,19330.0
ING010,2026-05-20,19230.0
ING010,2026-05-21,19240.0
ING010,2026-05-22,19490.0
ING010,2026-05-23,19350.0
ING010,2026-05-24,19600.0
ING010,2026-05-25,19590.0
ING010,2026-05-26,19620.0
ING010,2026-05-27,19500.0
ING010,2026-05-28,19440.0
ING010,2026-05-29,19410.0
ING010,2026-05-30,19310.0
ING010,2026-05-31,19320.0
ING010,2026-06-01,19310.0
ING010,2026-06-02,19580.0
ING010,2026-06-03,19460.0
ING010,2026-06-04,19510.0
ING010,2026-06-05,19570.0
ING010,2026-06-06,19460.0
ING010,2026-06-07,19580.0
ING010,2026-06-08,19560.0
ING010,2026-06-09,19270.0
ING010,2026-06-10,19400.0
ING010,2026-06-11,19290.0
ING010,2026-06-12,19200.0
ING010,2026-06-13,19330.0
ING010,2026-06-14,19330.0
ING010,2026-06-15,19490.0
ING010,2026-06-16,19670.0
ING010,2026-06-17,19610.0
ING010,2026-06-18,19740.0
ING010,2026-06-19,19660.0
ING010,2026-06-20,19970.0
ING010,2026-06-21,19890.0
ING010,2026-06-22,20030.0
ING010,2026-06-23,20140.0
ING010,2026-06-24,20180.0
ING010,2026-06-25,20100.0
ING010,2026-06-26,20080.0
ING010,2026-06-27,19810.0
ING010,2026-06-28,19860.0
ING010,2026-06-29,19920.0
ING010,2026-06-30,19950.0
ING011,2023-07-01,11890.0
ING011,2023-07-02,11850.0
ING011,2023-07-03,11830.0
ING011,2023-07-04,11850.0
ING011,2023-07-05,11870.0
ING011,2023-07-06,11870.0
ING011,2023-07-07,11900.0
ING011,2023-07-08,11870.0
ING011,2023-07-09,11900.0
ING011,2023-07-10,11920.0
ING011,2023-07-11,11940.0
ING011,2023-07-12,11940.0
ING011,2023-07-13,12010.0
ING011,2023-07-14,12020.0
ING011,2023-07-15,11990.0
ING011,2023-07-16,12000.0
ING011,2023-07-17,12030.0
ING011,2023-07-18,12010.0
ING011,2023-07-19,12050.0
ING011,2023-07-20,12060.0
ING011,2023-07-21,11970.0
ING011,2023-07-22,11990.0
ING011,2023-07-23,11970.0
ING011,2023-07-24,12000.0
ING011,2023-07-25,12030.0
ING011,2023-07-26,12040.0
ING011,2023-07-27,12100.0
ING011,2023-07-28,12090.0
ING011,2023-07-29,12110.0
ING011,2023-07-30,12130.0
ING011,2023-07-31,12130.0
ING011,2023-08-01,12150.0
ING011,2023-08-02,12120.0
ING011,2023-08-03,12100.0
ING011,2023-08-04,12050.0
ING011,2023-08-05,12060.0
ING011,2023-08-06,12070.0
ING011,2023-08-07,12110.0
ING011,2023-08-08,12140.0
ING011,2023-08-09,12120.0
ING011,2023-08-10,12080.0
ING011,2023-08-11,12090.0
ING011,2023-08-12,12130.0
ING011,2023-08-13,12150.0
ING011,2023-08-14,12190.0
ING011,2023-08-15,12170.0
ING011,2023-08-16,12150.0
ING011,2023-08-17,12120.0
ING011,2023-08-18,12120.0
ING011,2023-08-19,12110.0
ING011,2023-08-20,12120.0
ING011,2023-08-21,12110.0
ING011,2023-08-22,12100.0
ING011,2023-08-23,12070.0
ING011,2023-08-24,12110.0
ING011,2023-08-25,12110.0
ING011,2023-08-26,12100.0
ING011,2023-08-27,12070.0
ING011,2023-08-28,12020.0
ING011,2023-08-29,12070.0
ING011,2023-08-30,12090.0
ING011,2023-08-31,12030.0
ING011,2023-09-01,12060.0
ING011,2023-09-02,12100.0
ING011,2023-09-03,12100.0
ING011,2023-09-04,12160.0
ING011,2023-09-05,12160.0
ING011,2023-09-06,12110.0
ING011,2023-09-07,12120.0
ING011,2023-09-08,12130.0
ING011,2023-09-09,12100.0
ING011,2023-09-10,12120.0
ING011,2023-09-11,12060.0
ING011,2023-09-12,12100.0
ING011,2023-09-13,12070.0
ING011,2023-09-14,12030.0
ING011,2023-09-15,12030.0
ING011,2023-09-16,12050.0
ING011,2023-09-17,12060.0
ING011,2023-09-18,12040.0
ING011,2023-09-19,12020.0
ING011,2023-09-20,11990.0
ING011,2023-09-21,11980.0
ING011,2023-09-22,12030.0
ING011,2023-09-23,12030.0
ING011,2023-09-24,12070.0
ING011,2023-09-25,12120.0
ING011,2023-09-26,12100.0
ING011,2023-09-27,12090.0
ING011,2023-09-28,12170.0
ING011,2023-09-29,12220.0
ING011,2023-09-30,12160.0
ING011,2023-10-01,12170.0
ING011,2023-10-02,12170.0
ING011,2023-10-03,12190.0
ING011,2023-10-04,12160.0
ING011,2023-10-05,12130.0
ING011,2023-10-06,12110.0
ING011,2023-10-07,12090.0
ING011,2023-10-08,12120.0
ING011,2023-10-09,12080.0
ING011,2023-10-10,12060.0
ING011,2023-10-11,12000.0
ING011,2023-10-12,12040.0
ING011,2023-10-13,12090.0
ING011,2023-10-14,12080.0
ING011,2023-10-15,12070.0
ING011,2023-10-16,12090.0
ING011,2023-10-17,12150.0
ING011,2023-10-18,12160.0
ING011,2023-10-19,12140.0
ING011,2023-10-20,12080.0
ING011,2023-10-21,12040.0
ING011,2023-10-22,12050.0
ING011,2023-10-23,12030.0
ING011,2023-10-24,12050.0
ING011,2023-10-25,12030.0
ING011,2023-10-26,12000.0
ING011,2023-10-27,11960.0
ING011,2023-10-28,12030.0
ING011,2023-10-29,12070.0
ING011,2023-10-30,12140.0
ING011,2023-10-31,12160.0
ING011,2023-11-01,12140.0
ING011,2023-11-02,12190.0
ING011,2023-11-03,12190.0
ING011,2023-11-04,12190.0
ING011,2023-11-05,12190.0
ING011,2023-11-06,12080.0
ING011,2023-11-07,12150.0
ING011,2023-11-08,12160.0
ING011,2023-11-09,12180.0
ING011,2023-11-10,12170.0
ING011,2023-11-11,12180.0
ING011,2023-11-12,12160.0
ING011,2023-11-13,12180.0
ING011,2023-11-14,12130.0
ING011,2023-11-15,12140.0
ING011,2023-11-16,12170.0
ING011,2023-11-17,12160.0
ING011,2023-11-18,12170.0
ING011,2023-11-19,12140.0
ING011,2023-11-20,12110.0
ING011,2023-11-21,12120.0
ING011,2023-11-22,12150.0
ING011,2023-11-23,12080.0
ING011,2023-11-24,12110.0
ING011,2023-11-25,12090.0
ING011,2023-11-26,12090.0
ING011,2023-11-27,12050.0
ING011,2023-11-28,12020.0
ING011,2023-11-29,12070.0
ING011,2023-11-30,12070.0
ING011,2023-12-01,12070.0
ING011,2023-12-02,12070.0
ING011,2023-12-03,12090.0
ING011,2023-12-04,12120.0
ING011,2023-12-05,12120.0
ING011,2023-12-06,12160.0
ING011,2023-12-07,12200.0
ING011,2023-12-08,12210.0
ING011,2023-12-09,12220.0
ING011,2023-12-10,12240.0
ING011,2023-12-11,12250.0
ING011,2023-12-12,12290.0
ING011,2023-12-13,12310.0
ING011,2023-12-14,12270.0
ING011,2023-12-15,12230.0
ING011,2023-12-16,12210.0
ING011,2023-12-17,12240.0
ING011,2023-12-18,12180.0
ING011,2023-12-19,12200.0
ING011,2023-12-20,12210.0
ING011,2023-12-21,12260.0
ING011,2023-12-22,12260.0
ING011,2023-12-23,12210.0
ING011,2023-12-24,12180.0
ING011,2023-12-25,12140.0
ING011,2023-12-26,12120.0
ING011,2023-12-27,12120.0
ING011,2023-12-28,12090.0
ING011,2023-12-29,12150.0
ING011,2023-12-30,12100.0
ING011,2023-12-31,12160.0
ING011,2024-01-01,12210.0
ING011,2024-01-02,12240.0
ING011,2024-01-03,12220.0
ING011,2024-01-04,12230.0
ING011,2024-01-05,12180.0
ING011,2024-01-06,12220.0
ING011,2024-01-07,12220.0
ING011,2024-01-08,12210.0
ING011,2024-01-09,12160.0
ING011,2024-01-10,12080.0
ING011,2024-01-11,12050.0
ING011,2024-01-12,12100.0
ING011,2024-01-13,12090.0
ING011,2024-01-14,12100.0
ING011,2024-01-15,12130.0
ING011,2024-01-16,12200.0
ING011,2024-01-17,12250.0
ING011,2024-01-18,12220.0
ING011,2024-01-19,12150.0
ING011,2024-01-20,12240.0
ING011,2024-01-21,12320.0
ING011,2024-01-22,12330.0
ING011,2024-01-23,12280.0
ING011,2024-01-24,12310.0
ING011,2024-01-25,12310.0
ING011,2024-01-26,12300.0
ING011,2024-01-27,12330.0
ING011,2024-01-28,12340.0
ING011,2024-01-29,12300.0
ING011,2024-01-30,12280.0
ING011,2024-01-31,12310.0
ING011,2024-02-01,12320.0
ING011,2024-02-02,12330.0
ING011,2024-02-03,12360.0
ING011,2024-02-04,12350.0
ING011,2024-02-05,12350.0
ING011,2024-02-06,12230.0
ING011,2024-02-07,12210.0
ING011,2024-02-08,12240.0
ING011,2024-02-09,12230.0
ING011,2024-02-10,12220.0
ING011,2024-02-11,12180.0
ING011,2024-02-12,12230.0
ING011,2024-02-13,12250.0
ING011,2024-02-14,12280.0
ING011,2024-02-15,12220.0
ING011,2024-02-16,12220.0
ING011,2024-02-17,12210.0
ING011,2024-02-18,12210.0
ING011,2024-02-19,12190.0
ING011,2024-02-20,12180.0
ING011,2024-02-21,12220.0
ING011,2024-02-22,12160.0
ING011,2024-02-23,12230.0
ING011,2024-02-24,12250.0
ING011,2024-02-25,12250.0
ING011,2024-02-26,12290.0
ING011,2024-02-27,12240.0
ING011,2024-02-28,12220.0
ING011,2024-02-29,12220.0
ING011,2024-03-01,12270.0
ING011,2024-03-02,12270.0
ING011,2024-03-03,12290.0
ING011,2024-03-04,12270.0
ING011,2024-03-05,12290.0
ING011,2024-03-06,12350.0
ING011,2024-03-07,12390.0
ING011,2024-03-08,12380.0
ING011,2024-03-09,12400.0
ING011,2024-03-10,12420.0
ING011,2024-03-11,12440.0
ING011,2024-03-12,12470.0
ING011,2024-03-13,12500.0
ING011,2024-03-14,12490.0
ING011,2024-03-15,12510.0
ING011,2024-03-16,12480.0
ING011,2024-03-17,12440.0
ING011,2024-03-18,12430.0
ING011,2024-03-19,12420.0
ING011,2024-03-20,12360.0
ING011,2024-03-21,12390.0
ING011,2024-03-22,12290.0
ING011,2024-03-23,12390.0
ING011,2024-03-24,12440.0
ING011,2024-03-25,12430.0
ING011,2024-03-26,12420.0
ING011,2024-03-27,12430.0
ING011,2024-03-28,12410.0
ING011,2024-03-29,12410.0
ING011,2024-03-30,12400.0
ING011,2024-03-31,12400.0
ING011,2024-04-01,12400.0
ING011,2024-04-02,12350.0
ING011,2024-04-03,12350.0
ING011,2024-04-04,12360.0
ING011,2024-04-05,12370.0
ING011,2024-04-06,12360.0
ING011,2024-04-07,12400.0
ING011,2024-04-08,12390.0
ING011,2024-04-09,12390.0
ING011,2024-04-10,12440.0
ING011,2024-04-11,12430.0
ING011,2024-04-12,12440.0
ING011,2024-04-13,12430.0
ING011,2024-04-14,12470.0
ING011,2024-04-15,12460.0
ING011,2024-04-16,12500.0
ING011,2024-04-17,12490.0
ING011,2024-04-18,12460.0
ING011,2024-04-19,12480.0
ING011,2024-04-20,12460.0
ING011,2024-04-21,12480.0
ING011,2024-04-22,12380.0
ING011,2024-04-23,12380.0
ING011,2024-04-24,12360.0
ING011,2024-04-25,12330.0
ING011,2024-04-26,12310.0
ING011,2024-04-27,12290.0
ING011,2024-04-28,12300.0
ING011,2024-04-29,12250.0
ING011,2024-04-30,12270.0
ING011,2024-05-01,12330.0
ING011,2024-05-02,12340.0
ING011,2024-05-03,12370.0
ING011,2024-05-04,12410.0
ING011,2024-05-05,12460.0
ING011,2024-05-06,12520.0
ING011,2024-05-07,12500.0
ING011,2024-05-08,12470.0
ING011,2024-05-09,12490.0
ING011,2024-05-10,12520.0
ING011,2024-05-11,12540.0
ING011,2024-05-12,12600.0
ING011,2024-05-13,12590.0
ING011,2024-05-14,12600.0
ING011,2024-05-15,12550.0
ING011,2024-05-16,12620.0
ING011,2024-05-17,12600.0
ING011,2024-05-18,12580.0
ING011,2024-05-19,12560.0
ING011,2024-05-20,12530.0
ING011,2024-05-21,12500.0
ING011,2024-05-22,12480.0
ING011,2024-05-23,12430.0
ING011,2024-05-24,12400.0
ING011,2024-05-25,12470.0
ING011,2024-05-26,12490.0
ING011,2024-05-27,12530.0
ING011,2024-05-28,12560.0
ING011,2024-05-29,12620.0
ING011,2024-05-30,12550.0
ING011,2024-05-31,12500.0
ING011,2024-06-01,12470.0
ING011,2024-06-02,12450.0
ING011,2024-06-03,12440.0
ING011,2024-06-04,12420.0
ING011,2024-06-05,12430.0
ING011,2024-06-06,12430.0
ING011,2024-06-07,12410.0
ING011,2024-06-08,12330.0
ING011,2024-06-09,12300.0
ING011,2024-06-10,12290.0
ING011,2024-06-11,12290.0
ING011,2024-06-12,12260.0
ING011,2024-06-13,12250.0
ING011,2024-06-14,12220.0
ING011,2024-06-15,12230.0
ING011,2024-06-16,12200.0
ING011,2024-06-17,12180.0
ING011,2024-06-18,12150.0
ING011,2024-06-19,12160.0
ING011,2024-06-20,12140.0
ING011,2024-06-21,12190.0
ING011,2024-06-22,12220.0
ING011,2024-06-23,12230.0
ING011,2024-06-24,12210.0
ING011,2024-06-25,12240.0
ING011,2024-06-26,12280.0
ING011,2024-06-27,12290.0
ING011,2024-06-28,12360.0
ING011,2024-06-29,12380.0
ING011,2024-06-30,12420.0
ING011,2024-07-01,12430.0
ING011,2024-07-02,12460.0
ING011,2024-07-03,12430.0
ING011,2024-07-04,12410.0
ING011,2024-07-05,12430.0
ING011,2024-07-06,12450.0
ING011,2024-07-07,12470.0
ING011,2024-07-08,12510.0
ING011,2024-07-09,12450.0
ING011,2024-07-10,12420.0
ING011,2024-07-11,12430.0
ING011,2024-07-12,12410.0
ING011,2024-07-13,12540.0
ING011,2024-07-14,12550.0
ING011,2024-07-15,12550.0
ING011,2024-07-16,12530.0
ING011,2024-07-17,12510.0
ING011,2024-07-18,12510.0
ING011,2024-07-19,12510.0
ING011,2024-07-20,12500.0
ING011,2024-07-21,12490.0
ING011,2024-07-22,12540.0
ING011,2024-07-23,12580.0
ING011,2024-07-24,12590.0
ING011,2024-07-25,12540.0
ING011,2024-07-26,12560.0
ING011,2024-07-27,12610.0
ING011,2024-07-28,12650.0
ING011,2024-07-29,12670.0
ING011,2024-07-30,12720.0
ING011,2024-07-31,12710.0
ING011,2024-08-01,12720.0
ING011,2024-08-02,12690.0
ING011,2024-08-03,12690.0
ING011,2024-08-04,12730.0
ING011,2024-08-05,12700.0
ING011,2024-08-06,12660.0
ING011,2024-08-07,12660.0
ING011,2024-08-08,12640.0
ING011,2024-08-09,12660.0
ING011,2024-08-10,12640.0
ING011,2024-08-11,12690.0
ING011,2024-08-12,12640.0
ING011,2024-08-13,12680.0
ING011,2024-08-14,12650.0
ING011,2024-08-15,12580.0
ING011,2024-08-16,12580.0
ING011,2024-08-17,12570.0
ING011,2024-08-18,12530.0
ING011,2024-08-19,12470.0
ING011,2024-08-20,12470.0
ING011,2024-08-21,12510.0
ING011,2024-08-22,12540.0
ING011,2024-08-23,12540.0
ING011,2024-08-24,12560.0
ING011,2024-08-25,12560.0
ING011,2024-08-26,12500.0
ING011,2024-08-27,12460.0
ING011,2024-08-28,12450.0
ING011,2024-08-29,12450.0
ING011,2024-08-30,12490.0
ING011,2024-08-31,12520.0
ING011,2024-09-01,12540.0
ING011,2024-09-02,12530.0
ING011,2024-09-03,12490.0
ING011,2024-09-04,12510.0
ING011,2024-09-05,12530.0
ING011,2024-09-06,12440.0
ING011,2024-09-07,12420.0
ING011,2024-09-08,12400.0
ING011,2024-09-09,12420.0
ING011,2024-09-10,12390.0
ING011,2024-09-11,12400.0
ING011,2024-09-12,12400.0
ING011,2024-09-13,12410.0
ING011,2024-09-14,12390.0
ING011,2024-09-15,12380.0
ING011,2024-09-16,12350.0
ING011,2024-09-17,12370.0
ING011,2024-09-18,12400.0
ING011,2024-09-19,12390.0
ING011,2024-09-20,12450.0
ING011,2024-09-21,12450.0
ING011,2024-09-22,12510.0
ING011,2024-09-23,12490.0
ING011,2024-09-24,12420.0
ING011,2024-09-25,12440.0
ING011,2024-09-26,12460.0
ING011,2024-09-27,12470.0
ING011,2024-09-28,12450.0
ING011,2024-09-29,12460.0
ING011,2024-09-30,12450.0
ING011,2024-10-01,12440.0
ING011,2024-10-02,12480.0
ING011,2024-10-03,12500.0
ING011,2024-10-04,12520.0
ING011,2024-10-05,12520.0
ING011,2024-10-06,12510.0
ING011,2024-10-07,12470.0
ING011,2024-10-08,12470.0
ING011,2024-10-09,12360.0
ING011,2024-10-10,12350.0
ING011,2024-10-11,12360.0
ING011,2024-10-12,12390.0
ING011,2024-10-13,12390.0
ING011,2024-10-14,12420.0
ING011,2024-10-15,12350.0
ING011,2024-10-16,12360.0
ING011,2024-10-17,12310.0
ING011,2024-10-18,12280.0
ING011,2024-10-19,12290.0
ING011,2024-10-20,12360.0
ING011,2024-10-21,12380.0
ING011,2024-10-22,12400.0
ING011,2024-10-23,12410.0
ING011,2024-10-24,12390.0
ING011,2024-10-25,12390.0
ING011,2024-10-26,12410.0
ING011,2024-10-27,12380.0
ING011,2024-10-28,12410.0
ING011,2024-10-29,12410.0
ING011,2024-10-30,12450.0
ING011,2024-10-31,12490.0
ING011,2024-11-01,12440.0
ING011,2024-11-02,12430.0
ING011,2024-11-03,12410.0
ING011,2024-11-04,12360.0
ING011,2024-11-05,12330.0
ING011,2024-11-06,12440.0
ING011,2024-11-07,12470.0
ING011,2024-11-08,12550.0
ING011,2024-11-09,12580.0
ING011,2024-11-10,12560.0
ING011,2024-11-11,12550.0
ING011,2024-11-12,12580.0
ING011,2024-11-13,12600.0
ING011,2024-11-14,12580.0
ING011,2024-11-15,12530.0
ING011,2024-11-16,12650.0
ING011,2024-11-17,12650.0
ING011,2024-11-18,12640.0
ING011,2024-11-19,12640.0
ING011,2024-11-20,12640.0
ING011,2024-11-21,12640.0
ING011,2024-11-22,12690.0
ING011,2024-11-23,12690.0
ING011,2024-11-24,12640.0
ING011,2024-11-25,12640.0
ING011,2024-11-26,12620.0
ING011,2024-11-27,12680.0
ING011,2024-11-28,12720.0
ING011,2024-11-29,12720.0
ING011,2024-11-30,12670.0
ING011,2024-12-01,12630.0
ING011,2024-12-02,12630.0
ING011,2024-12-03,12650.0
ING011,2024-12-04,12640.0
ING011,2024-12-05,12620.0
ING011,2024-12-06,12600.0
ING011,2024-12-07,12610.0
ING011,2024-12-08,12530.0
ING011,2024-12-09,12490.0
ING011,2024-12-10,12480.0
ING011,2024-12-11,12540.0
ING011,2024-12-12,12510.0
ING011,2024-12-13,12530.0
ING011,2024-12-14,12550.0
ING011,2024-12-15,12600.0
ING011,2024-12-16,12650.0
ING011,2024-12-17,12650.0
ING011,2024-12-18,12640.0
ING011,2024-12-19,12620.0
ING011,2024-12-20,12610.0
ING011,2024-12-21,12600.0
ING011,2024-12-22,12630.0
ING011,2024-12-23,12650.0
ING011,2024-12-24,12670.0
ING011,2024-12-25,12720.0
ING011,2024-12-26,12790.0
ING011,2024-12-27,12790.0
ING011,2024-12-28,12820.0
ING011,2024-12-29,12810.0
ING011,2024-12-30,12840.0
ING011,2024-12-31,12880.0
ING011,2025-01-01,12900.0
ING011,2025-01-02,12900.0
ING011,2025-01-03,12870.0
ING011,2025-01-04,12810.0
ING011,2025-01-05,12800.0
ING011,2025-01-06,12860.0
ING011,2025-01-07,12840.0
ING011,2025-01-08,12860.0
ING011,2025-01-09,12880.0
ING011,2025-01-10,12870.0
ING011,2025-01-11,12910.0
ING011,2025-01-12,12790.0
ING011,2025-01-13,12750.0
ING011,2025-01-14,12710.0
ING011,2025-01-15,12690.0
ING011,2025-01-16,12700.0
ING011,2025-01-17,12710.0
ING011,2025-01-18,12730.0
ING011,2025-01-19,12750.0
ING011,2025-01-20,12720.0
ING011,2025-01-21,12680.0
ING011,2025-01-22,12690.0
ING011,2025-01-23,12670.0
ING011,2025-01-24,12620.0
ING011,2025-01-25,12660.0
ING011,2025-01-26,12720.0
ING011,2025-01-27,12780.0
ING011,2025-01-28,12780.0
ING011,2025-01-29,12800.0
ING011,2025-01-30,12850.0
ING011,2025-01-31,12820.0
ING011,2025-02-01,12860.0
ING011,2025-02-02,12870.0
ING011,2025-02-03,12890.0
ING011,2025-02-04,12890.0
ING011,2025-02-05,12930.0
ING011,2025-02-06,12930.0
ING011,2025-02-07,12870.0
ING011,2025-02-08,12920.0
ING011,2025-02-09,12880.0
ING011,2025-02-10,12920.0
ING011,2025-02-11,12910.0
ING011,2025-02-12,12940.0
ING011,2025-02-13,12980.0
ING011,2025-02-14,12980.0
ING011,2025-02-15,12990.0
ING011,2025-02-16,13000.0
ING011,2025-02-17,12910.0
ING011,2025-02-18,12910.0
ING011,2025-02-19,12860.0
ING011,2025-02-20,12870.0
ING011,2025-02-21,12820.0
ING011,2025-02-22,12780.0
ING011,2025-02-23,12840.0
ING011,2025-02-24,12870.0
ING011,2025-02-25,12870.0
ING011,2025-02-26,12870.0
ING011,2025-02-27,12860.0
ING011,2025-02-28,12880.0
ING011,2025-03-01,12850.0
ING011,2025-03-02,12880.0
ING011,2025-03-03,12870.0
ING011,2025-03-04,12850.0
ING011,2025-03-05,12850.0
ING011,2025-03-06,12830.0
ING011,2025-03-07,12840.0
ING011,2025-03-08,12820.0
ING011,2025-03-09,12830.0
ING011,2025-03-10,12880.0
ING011,2025-03-11,12850.0
ING011,2025-03-12,12840.0
ING011,2025-03-13,12860.0
ING011,2025-03-14,12840.0
ING011,2025-03-15,12850.0
ING011,2025-03-16,12870.0
ING011,2025-03-17,12910.0
ING011,2025-03-18,12880.0
ING011,2025-03-19,12850.0
ING011,2025-03-20,12830.0
ING011,2025-03-21,12800.0
ING011,2025-03-22,12820.0
ING011,2025-03-23,12780.0
ING011,2025-03-24,12870.0
ING011,2025-03-25,12910.0
ING011,2025-03-26,12910.0
ING011,2025-03-27,12930.0
ING011,2025-03-28,12870.0
ING011,2025-03-29,12960.0
ING011,2025-03-30,12930.0
ING011,2025-03-31,12920.0
ING011,2025-04-01,12850.0
ING011,2025-04-02,12870.0
ING011,2025-04-03,12830.0
ING011,2025-04-04,12830.0
ING011,2025-04-05,12810.0
ING011,2025-04-06,12780.0
ING011,2025-04-07,12750.0
ING011,2025-04-08,12770.0
ING011,2025-04-09,12720.0
ING011,2025-04-10,12700.0
ING011,2025-04-11,12730.0
ING011,2025-04-12,12830.0
ING011,2025-04-13,12850.0
ING011,2025-04-14,12820.0
ING011,2025-04-15,12810.0
ING011,2025-04-16,12810.0
ING011,2025-04-17,12800.0
ING011,2025-04-18,12840.0
ING011,2025-04-19,12850.0
ING011,2025-04-20,12880.0
ING011,2025-04-21,12870.0
ING011,2025-04-22,12920.0
ING011,2025-04-23,12910.0
ING011,2025-04-24,12870.0
ING011,2025-04-25,12950.0
ING011,2025-04-26,12880.0
ING011,2025-04-27,12850.0
ING011,2025-04-28,12830.0
ING011,2025-04-29,12920.0
ING011,2025-04-30,12990.0
ING011,2025-05-01,13040.0
ING011,2025-05-02,13020.0
ING011,2025-05-03,13100.0
ING011,2025-05-04,13100.0
ING011,2025-05-05,13120.0
ING011,2025-05-06,13120.0
ING011,2025-05-07,13110.0
ING011,2025-05-08,13090.0
ING011,2025-05-09,13070.0
ING011,2025-05-10,13080.0
ING011,2025-05-11,13090.0
ING011,2025-05-12,13070.0
ING011,2025-05-13,13120.0
ING011,2025-05-14,13000.0
ING011,2025-05-15,13020.0
ING011,2025-05-16,13040.0
ING011,2025-05-17,13070.0
ING011,2025-05-18,13060.0
ING011,2025-05-19,13060.0
ING011,2025-05-20,13090.0
ING011,2025-05-21,13130.0
ING011,2025-05-22,13110.0
ING011,2025-05-23,13110.0
ING011,2025-05-24,13160.0
ING011,2025-05-25,13070.0
ING011,2025-05-26,13040.0
ING011,2025-05-27,13090.0
ING011,2025-05-28,13120.0
ING011,2025-05-29,13120.0
ING011,2025-05-30,13100.0
ING011,2025-05-31,13060.0
ING011,2025-06-01,13030.0
ING011,2025-06-02,13080.0
ING011,2025-06-03,13050.0
ING011,2025-06-04,13050.0
ING011,2025-06-05,13010.0
ING011,2025-06-06,13040.0
ING011,2025-06-07,13020.0
ING011,2025-06-08,13010.0
ING011,2025-06-09,12940.0
ING011,2025-06-10,12880.0
ING011,2025-06-11,12890.0
ING011,2025-06-12,12840.0
ING011,2025-06-13,12920.0
ING011,2025-06-14,12850.0
ING011,2025-06-15,12830.0
ING011,2025-06-16,12830.0
ING011,2025-06-17,12820.0
ING011,2025-06-18,12790.0
ING011,2025-06-19,12760.0
ING011,2025-06-20,12740.0
ING011,2025-06-21,12740.0
ING011,2025-06-22,12820.0
ING011,2025-06-23,12830.0
ING011,2025-06-24,12880.0
ING011,2025-06-25,12900.0
ING011,2025-06-26,12940.0
ING011,2025-06-27,12840.0
ING011,2025-06-28,12840.0
ING011,2025-06-29,12890.0
ING011,2025-06-30,12870.0
ING011,2025-07-01,12940.0
ING011,2025-07-02,12990.0
ING011,2025-07-03,12980.0
ING011,2025-07-04,12960.0
ING011,2025-07-05,12920.0
ING011,2025-07-06,12900.0
ING011,2025-07-07,12860.0
ING011,2025-07-08,12880.0
ING011,2025-07-09,12830.0
ING011,2025-07-10,12860.0
ING011,2025-07-11,12890.0
ING011,2025-07-12,12830.0
ING011,2025-07-13,12900.0
ING011,2025-07-14,12920.0
ING011,2025-07-15,12950.0
ING011,2025-07-16,12920.0
ING011,2025-07-17,12950.0
ING011,2025-07-18,12990.0
ING011,2025-07-19,12990.0
ING011,2025-07-20,13060.0
ING011,2025-07-21,13060.0
ING011,2025-07-22,13100.0
ING011,2025-07-23,13100.0
ING011,2025-07-24,13120.0
ING011,2025-07-25,13050.0
ING011,2025-07-26,13060.0
ING011,2025-07-27,13030.0
ING011,2025-07-28,13000.0
ING011,2025-07-29,13060.0
ING011,2025-07-30,13050.0
ING011,2025-07-31,13010.0
ING011,2025-08-01,13000.0
ING011,2025-08-02,12950.0
ING011,2025-08-03,13010.0
ING011,2025-08-04,12980.0
ING011,2025-08-05,13000.0
ING011,2025-08-06,13050.0
ING011,2025-08-07,13030.0
ING011,2025-08-08,13050.0
ING011,2025-08-09,13010.0
ING011,2025-08-10,13100.0
ING011,2025-08-11,13130.0
ING011,2025-08-12,13120.0
ING011,2025-08-13,13080.0
ING011,2025-08-14,13080.0
ING011,2025-08-15,13060.0
ING011,2025-08-16,13130.0
ING011,2025-08-17,13080.0
ING011,2025-08-18,13080.0
ING011,2025-08-19,13080.0
ING011,2025-08-20,13070.0
ING011,2025-08-21,13070.0
ING011,2025-08-22,13060.0
ING011,2025-08-23,13090.0
ING011,2025-08-24,13110.0
ING011,2025-08-25,13120.0
ING011,2025-08-26,13010.0
ING011,2025-08-27,13020.0
ING011,2025-08-28,12960.0
ING011,2025-08-29,12990.0
ING011,2025-08-30,13040.0
ING011,2025-08-31,13010.0
ING011,2025-09-01,13000.0
ING011,2025-09-02,12980.0
ING011,2025-09-03,13030.0
ING011,2025-09-04,13030.0
ING011,2025-09-05,13100.0
ING011,2025-09-06,13110.0
ING011,2025-09-07,13120.0
ING011,2025-09-08,13110.0
ING011,2025-09-09,13140.0
ING011,2025-09-10,13070.0
ING011,2025-09-11,13080.0
ING011,2025-09-12,13070.0
ING011,2025-09-13,13100.0
ING011,2025-09-14,13090.0
ING011,2025-09-15,13050.0
ING011,2025-09-16,13050.0
ING011,2025-09-17,13010.0
ING011,2025-09-18,12950.0
ING011,2025-09-19,12980.0
ING011,2025-09-20,13000.0
ING011,2025-09-21,13020.0
ING011,2025-09-22,13070.0
ING011,2025-09-23,13050.0
ING011,2025-09-24,13000.0
ING011,2025-09-25,13000.0
ING011,2025-09-26,12990.0
ING011,2025-09-27,12970.0
ING011,2025-09-28,12970.0
ING011,2025-09-29,12950.0
ING011,2025-09-30,12890.0
ING011,2025-10-01,12890.0
ING011,2025-10-02,12850.0
ING011,2025-10-03,12870.0
ING011,2025-10-04,12860.0
ING011,2025-10-05,12910.0
ING011,2025-10-06,12980.0
ING011,2025-10-07,13010.0
ING011,2025-10-08,12960.0
ING011,2025-10-09,13020.0
ING011,2025-10-10,13080.0
ING011,2025-10-11,13080.0
ING011,2025-10-12,13130.0
ING011,2025-10-13,13110.0
ING011,2025-10-14,13040.0
ING011,2025-10-15,13020.0
ING011,2025-10-16,13080.0
ING011,2025-10-17,13030.0
ING011,2025-10-18,13030.0
ING011,2025-10-19,13040.0
ING011,2025-10-20,13020.0
ING011,2025-10-21,13010.0
ING011,2025-10-22,13020.0
ING011,2025-10-23,13000.0
ING011,2025-10-24,12960.0
ING011,2025-10-25,12970.0
ING011,2025-10-26,13020.0
ING011,2025-10-27,13060.0
ING011,2025-10-28,13030.0
ING011,2025-10-29,12990.0
ING011,2025-10-30,12980.0
ING011,2025-10-31,13050.0
ING011,2025-11-01,13080.0
ING011,2025-11-02,13100.0
ING011,2025-11-03,13140.0
ING011,2025-11-04,13150.0
ING011,2025-11-05,13150.0
ING011,2025-11-06,13180.0
ING011,2025-11-07,13150.0
ING011,2025-11-08,13100.0
ING011,2025-11-09,13130.0
ING011,2025-11-10,13180.0
ING011,2025-11-11,13130.0
ING011,2025-11-12,13160.0
ING011,2025-11-13,13220.0
ING011,2025-11-14,13220.0
ING011,2025-11-15,13180.0
ING011,2025-11-16,13190.0
ING011,2025-11-17,13160.0
ING011,2025-11-18,13140.0
ING011,2025-11-19,13160.0
ING011,2025-11-20,13100.0
ING011,2025-11-21,13050.0
ING011,2025-11-22,13060.0
ING011,2025-11-23,13060.0
ING011,2025-11-24,13080.0
ING011,2025-11-25,13150.0
ING011,2025-11-26,13150.0
ING011,2025-11-27,13170.0
ING011,2025-11-28,13140.0
ING011,2025-11-29,13170.0
ING011,2025-11-30,13150.0
ING011,2025-12-01,13150.0
ING011,2025-12-02,13150.0
ING011,2025-12-03,13190.0
ING011,2025-12-04,13140.0
ING011,2025-12-05,13060.0
ING011,2025-12-06,13050.0
ING011,2025-12-07,13080.0
ING011,2025-12-08,13090.0
ING011,2025-12-09,13140.0
ING011,2025-12-10,13150.0
ING011,2025-12-11,13130.0
ING011,2025-12-12,13050.0
ING011,2025-12-13,13050.0
ING011,2025-12-14,13090.0
ING011,2025-12-15,13080.0
ING011,2025-12-16,13090.0
ING011,2025-12-17,13110.0
ING011,2025-12-18,13080.0
ING011,2025-12-19,13110.0
ING011,2025-12-20,13170.0
ING011,2025-12-21,13160.0
ING011,2025-12-22,13120.0
ING011,2025-12-23,13120.0
ING011,2025-12-24,13050.0
ING011,2025-12-25,13070.0
ING011,2025-12-26,13090.0
ING011,2025-12-27,13160.0
ING011,2025-12-28,13150.0
ING011,2025-12-29,13170.0
ING011,2025-12-30,13140.0
ING011,2025-12-31,13130.0
ING011,2026-01-01,13080.0
ING011,2026-01-02,13080.0
ING011,2026-01-03,13070.0
ING011,2026-01-04,13090.0
ING011,2026-01-05,13070.0
ING011,2026-01-06,13080.0
ING011,2026-01-07,13080.0
ING011,2026-01-08,13070.0
ING011,2026-01-09,13080.0
ING011,2026-01-10,13090.0
ING011,2026-01-11,13120.0
ING011,2026-01-12,13120.0
ING011,2026-01-13,13120.0
ING011,2026-01-14,13120.0
ING011,2026-01-15,13100.0
ING011,2026-01-16,13090.0
ING011,2026-01-17,13170.0
ING011,2026-01-18,13140.0
ING011,2026-01-19,13130.0
ING011,2026-01-20,13120.0
ING011,2026-01-21,13120.0
ING011,2026-01-22,13110.0
ING011,2026-01-23,13130.0
ING011,2026-01-24,13070.0
ING011,2026-01-25,13120.0
ING011,2026-01-26,13150.0
ING011,2026-01-27,13110.0
ING011,2026-01-28,13030.0
ING011,2026-01-29,13010.0
ING011,2026-01-30,13010.0
ING011,2026-01-31,13110.0
ING011,2026-02-01,13140.0
ING011,2026-02-02,13080.0
ING011,2026-02-03,13060.0
ING011,2026-02-04,13070.0
ING011,2026-02-05,13090.0
ING011,2026-02-06,13050.0
ING011,2026-02-07,13060.0
ING011,2026-02-08,13040.0
ING011,2026-02-09,13010.0
ING011,2026-02-10,13030.0
ING011,2026-02-11,13070.0
ING011,2026-02-12,13110.0
ING011,2026-02-13,13140.0
ING011,2026-02-14,13130.0
ING011,2026-02-15,13160.0
ING011,2026-02-16,13180.0
ING011,2026-02-17,13190.0
ING011,2026-02-18,13170.0
ING011,2026-02-19,13150.0
ING011,2026-02-20,13160.0
ING011,2026-02-21,13260.0
ING011,2026-02-22,13270.0
ING011,2026-02-23,13250.0
ING011,2026-02-24,13220.0
ING011,2026-02-25,13200.0
ING011,2026-02-26,13280.0
ING011,2026-02-27,13270.0
ING011,2026-02-28,13300.0
ING011,2026-03-01,13290.0
ING011,2026-03-02,13300.0
ING011,2026-03-03,13330.0
ING011,2026-03-04,13300.0
ING011,2026-03-05,13280.0
ING011,2026-03-06,13340.0
ING011,2026-03-07,13370.0
ING011,2026-03-08,13400.0
ING011,2026-03-09,13420.0
ING011,2026-03-10,13430.0
ING011,2026-03-11,13500.0
ING011,2026-03-12,13490.0
ING011,2026-03-13,13500.0
ING011,2026-03-14,13440.0
ING011,2026-03-15,13400.0
ING011,2026-03-16,13350.0
ING011,2026-03-17,13390.0
ING011,2026-03-18,13300.0
ING011,2026-03-19,13280.0
ING011,2026-03-20,13180.0
ING011,2026-03-21,13150.0
ING011,2026-03-22,13140.0
ING011,2026-03-23,13200.0
ING011,2026-03-24,13220.0
ING011,2026-03-25,13200.0
ING011,2026-03-26,13240.0
ING011,2026-03-27,13250.0
ING011,2026-03-28,13250.0
ING011,2026-03-29,13210.0
ING011,2026-03-30,13180.0
ING011,2026-03-31,13160.0
ING011,2026-04-01,13170.0
ING011,2026-04-02,13180.0
ING011,2026-04-03,13240.0
ING011,2026-04-04,13260.0
ING011,2026-04-05,13160.0
ING011,2026-04-06,13180.0
ING011,2026-04-07,13140.0
ING011,2026-04-08,13110.0
ING011,2026-04-09,13090.0
ING011,2026-04-10,13080.0
ING011,2026-04-11,13050.0
ING011,2026-04-12,13070.0
ING011,2026-04-13,13030.0
ING011,2026-04-14,13060.0
ING011,2026-04-15,13150.0
ING011,2026-04-16,13110.0
ING011,2026-04-17,13120.0
ING011,2026-04-18,13040.0
ING011,2026-04-19,13040.0
ING011,2026-04-20,13080.0
ING011,2026-04-21,13120.0
ING011,2026-04-22,13130.0
ING011,2026-04-23,13180.0
ING011,2026-04-24,13280.0
ING011,2026-04-25,13340.0
ING011,2026-04-26,13320.0
ING011,2026-04-27,13270.0
ING011,2026-04-28,13260.0
ING011,2026-04-29,13230.0
ING011,2026-04-30,13260.0
ING011,2026-05-01,13220.0
ING011,2026-05-02,13220.0
ING011,2026-05-03,13260.0
ING011,2026-05-04,13260.0
ING011,2026-05-05,13230.0
ING011,2026-05-06,13280.0
ING011,2026-05-07,13220.0
ING011,2026-05-08,13210.0
ING011,2026-05-09,13220.0
ING011,2026-05-10,13230.0
ING011,2026-05-11,13240.0
ING011,2026-05-12,13270.0
ING011,2026-05-13,13280.0
ING011,2026-05-14,13270.0
ING011,2026-05-15,13260.0
ING011,2026-05-16,13240.0
ING011,2026-05-17,13280.0
ING011,2026-05-18,13260.0
ING011,2026-05-19,13300.0
ING011,2026-05-20,13300.0
ING011,2026-05-21,13290.0
ING011,2026-05-22,13310.0
ING011,2026-05-23,13290.0
ING011,2026-05-24,13320.0
ING011,2026-05-25,13330.0
ING011,2026-05-26,13310.0
ING011,2026-05-27,13340.0
ING011,2026-05-28,13360.0
ING011,2026-05-29,13400.0
ING011,2026-05-30,13440.0
ING011,2026-05-31,13450.0
ING011,2026-06-01,13410.0
ING011,2026-06-02,13500.0
ING011,2026-06-03,13440.0
ING011,2026-06-04,13470.0
ING011,2026-06-05,13490.0
ING011,2026-06-06,13440.0
ING011,2026-06-07,13430.0
ING011,2026-06-08,13430.0
ING011,2026-06-09,13480.0
ING011,2026-06-10,13450.0
ING011,2026-06-11,13440.0
ING011,2026-06-12,13350.0
ING011,2026-06-13,13420.0
ING011,2026-06-14,13380.0
ING011,2026-06-15,13390.0
ING011,2026-06-16,13390.0
ING011,2026-06-17,13390.0
ING011,2026-06-18,13420.0
ING011,2026-06-19,13480.0
ING011,2026-06-20,13490.0
ING011,2026-06-21,13510.0
ING011,2026-06-22,13520.0
ING011,2026-06-23,13550.0
ING011,2026-06-24,13530.0
ING011,2026-06-25,13560.0
ING011,2026-06-26,13590.0
ING011,2026-06-27,13620.0
ING011,2026-06-28,13590.0
ING011,2026-06-29,13580.0
ING011,2026-06-30,13580.0
ING012,2023-07-01,15910.0
ING012,2023-07-02,16020.0
ING012,2023-07-03,16020.0
ING012,2023-07-04,16030.0
ING012,2023-07-05,16000.0
ING012,2023-07-06,15910.0
ING012,2023-07-07,15880.0
ING012,2023-07-08,15900.0
ING012,2023-07-09,15950.0
ING012,2023-07-10,15960.0
ING012,2023-07-11,15990.0
ING012,2023-07-12,15970.0
ING012,2023-07-13,16000.0
ING012,2023-07-14,16100.0
ING012,2023-07-15,16140.0
ING012,2023-07-16,16180.0
ING012,2023-07-17,16200.0
ING012,2023-07-18,16090.0
ING012,2023-07-19,16020.0
ING012,2023-07-20,16050.0
ING012,2023-07-21,16050.0
ING012,2023-07-22,16080.0
ING012,2023-07-23,16180.0
ING012,2023-07-24,16220.0
ING012,2023-07-25,16290.0
ING012,2023-07-26,16290.0
ING012,2023-07-27,16220.0
ING012,2023-07-28,16210.0
ING012,2023-07-29,16150.0
ING012,2023-07-30,16250.0
ING012,2023-07-31,16290.0
ING012,2023-08-01,16310.0
ING012,2023-08-02,16380.0
ING012,2023-08-03,16230.0
ING012,2023-08-04,16260.0
ING012,2023-08-05,16170.0
ING012,2023-08-06,16160.0
ING012,2023-08-07,16140.0
ING012,2023-08-08,16170.0
ING012,2023-08-09,16180.0
ING012,2023-08-10,16260.0
ING012,2023-08-11,16220.0
ING012,2023-08-12,16250.0
ING012,2023-08-13,16260.0
ING012,2023-08-14,16140.0
ING012,2023-08-15,16080.0
ING012,2023-08-16,16070.0
ING012,2023-08-17,16140.0
ING012,2023-08-18,16170.0
ING012,2023-08-19,16090.0
ING012,2023-08-20,16080.0
ING012,2023-08-21,16210.0
ING012,2023-08-22,16210.0
ING012,2023-08-23,16180.0
ING012,2023-08-24,16210.0
ING012,2023-08-25,16250.0
ING012,2023-08-26,16220.0
ING012,2023-08-27,16240.0
ING012,2023-08-28,16220.0
ING012,2023-08-29,16260.0
ING012,2023-08-30,16260.0
ING012,2023-08-31,16280.0
ING012,2023-09-01,16230.0
ING012,2023-09-02,16170.0
ING012,2023-09-03,16220.0
ING012,2023-09-04,16210.0
ING012,2023-09-05,16230.0
ING012,2023-09-06,16200.0
ING012,2023-09-07,16260.0
ING012,2023-09-08,16210.0
ING012,2023-09-09,16200.0
ING012,2023-09-10,16240.0
ING012,2023-09-11,16310.0
ING012,2023-09-12,16270.0
ING012,2023-09-13,16390.0
ING012,2023-09-14,16400.0
ING012,2023-09-15,16320.0
ING012,2023-09-16,16330.0
ING012,2023-09-17,16300.0
ING012,2023-09-18,16320.0
ING012,2023-09-19,16300.0
ING012,2023-09-20,16300.0
ING012,2023-09-21,16240.0
ING012,2023-09-22,16290.0
ING012,2023-09-23,16210.0
ING012,2023-09-24,16140.0
ING012,2023-09-25,16160.0
ING012,2023-09-26,16260.0
ING012,2023-09-27,16240.0
ING012,2023-09-28,16280.0
ING012,2023-09-29,16340.0
ING012,2023-09-30,16380.0
ING012,2023-10-01,16350.0
ING012,2023-10-02,16270.0
ING012,2023-10-03,16130.0
ING012,2023-10-04,16110.0
ING012,2023-10-05,16190.0
ING012,2023-10-06,16120.0
ING012,2023-10-07,16160.0
ING012,2023-10-08,16100.0
ING012,2023-10-09,16110.0
ING012,2023-10-10,16160.0
ING012,2023-10-11,16120.0
ING012,2023-10-12,16140.0
ING012,2023-10-13,16110.0
ING012,2023-10-14,16160.0
ING012,2023-10-15,16180.0
ING012,2023-10-16,16180.0
ING012,2023-10-17,16280.0
ING012,2023-10-18,16320.0
ING012,2023-10-19,16270.0
ING012,2023-10-20,16260.0
ING012,2023-10-21,16250.0
ING012,2023-10-22,16250.0
ING012,2023-10-23,16410.0
ING012,2023-10-24,16430.0
ING012,2023-10-25,16280.0
ING012,2023-10-26,16250.0
ING012,2023-10-27,16120.0
ING012,2023-10-28,16100.0
ING012,2023-10-29,15980.0
ING012,2023-10-30,15940.0
ING012,2023-10-31,15850.0
ING012,2023-11-01,15900.0
ING012,2023-11-02,15910.0
ING012,2023-11-03,15950.0
ING012,2023-11-04,15950.0
ING012,2023-11-05,15880.0
ING012,2023-11-06,15930.0
ING012,2023-11-07,16070.0
ING012,2023-11-08,16100.0
ING012,2023-11-09,16080.0
ING012,2023-11-10,16000.0
ING012,2023-11-11,15950.0
ING012,2023-11-12,15990.0
ING012,2023-11-13,16070.0
ING012,2023-11-14,16100.0
ING012,2023-11-15,16160.0
ING012,2023-11-16,16210.0
ING012,2023-11-17,16240.0
ING012,2023-11-18,16200.0
ING012,2023-11-19,16210.0
ING012,2023-11-20,16160.0
ING012,2023-11-21,16170.0
ING012,2023-11-22,16190.0
ING012,2023-11-23,16300.0
ING012,2023-11-24,16220.0
ING012,2023-11-25,16250.0
ING012,2023-11-26,16340.0
ING012,2023-11-27,16390.0
ING012,2023-11-28,16440.0
ING012,2023-11-29,16460.0
ING012,2023-11-30,16540.0
ING012,2023-12-01,16450.0
ING012,2023-12-02,16360.0
ING012,2023-12-03,16350.0
ING012,2023-12-04,16210.0
ING012,2023-12-05,16290.0
ING012,2023-12-06,16370.0
ING012,2023-12-07,16340.0
ING012,2023-12-08,16310.0
ING012,2023-12-09,16300.0
ING012,2023-12-10,16310.0
ING012,2023-12-11,16310.0
ING012,2023-12-12,16350.0
ING012,2023-12-13,16330.0
ING012,2023-12-14,16390.0
ING012,2023-12-15,16420.0
ING012,2023-12-16,16370.0
ING012,2023-12-17,16450.0
ING012,2023-12-18,16360.0
ING012,2023-12-19,16350.0
ING012,2023-12-20,16410.0
ING012,2023-12-21,16360.0
ING012,2023-12-22,16370.0
ING012,2023-12-23,16410.0
ING012,2023-12-24,16350.0
ING012,2023-12-25,16340.0
ING012,2023-12-26,16330.0
ING012,2023-12-27,16290.0
ING012,2023-12-28,16440.0
ING012,2023-12-29,16390.0
ING012,2023-12-30,16450.0
ING012,2023-12-31,16420.0
ING012,2024-01-01,16340.0
ING012,2024-01-02,16350.0
ING012,2024-01-03,16390.0
ING012,2024-01-04,16440.0
ING012,2024-01-05,16540.0
ING012,2024-01-06,16720.0
ING012,2024-01-07,16710.0
ING012,2024-01-08,16650.0
ING012,2024-01-09,16660.0
ING012,2024-01-10,16630.0
ING012,2024-01-11,16680.0
ING012,2024-01-12,16580.0
ING012,2024-01-13,16720.0
ING012,2024-01-14,16750.0
ING012,2024-01-15,16620.0
ING012,2024-01-16,16570.0
ING012,2024-01-17,16610.0
ING012,2024-01-18,16670.0
ING012,2024-01-19,16570.0
ING012,2024-01-20,16610.0
ING012,2024-01-21,16470.0
ING012,2024-01-22,16460.0
ING012,2024-01-23,16520.0
ING012,2024-01-24,16480.0
ING012,2024-01-25,16380.0
ING012,2024-01-26,16390.0
ING012,2024-01-27,16350.0
ING012,2024-01-28,16390.0
ING012,2024-01-29,16330.0
ING012,2024-01-30,16280.0
ING012,2024-01-31,16160.0
ING012,2024-02-01,16180.0
ING012,2024-02-02,16180.0
ING012,2024-02-03,16120.0
ING012,2024-02-04,16140.0
ING012,2024-02-05,16220.0
ING012,2024-02-06,16210.0
ING012,2024-02-07,16240.0
ING012,2024-02-08,16260.0
ING012,2024-02-09,16190.0
ING012,2024-02-10,16340.0
ING012,2024-02-11,16310.0
ING012,2024-02-12,16350.0
ING012,2024-02-13,16410.0
ING012,2024-02-14,16400.0
ING012,2024-02-15,16440.0
ING012,2024-02-16,16450.0
ING012,2024-02-17,16360.0
ING012,2024-02-18,16340.0
ING012,2024-02-19,16300.0
ING012,2024-02-20,16280.0
ING012,2024-02-21,16200.0
ING012,2024-02-22,16280.0
ING012,2024-02-23,16390.0
ING012,2024-02-24,16460.0
ING012,2024-02-25,16540.0
ING012,2024-02-26,16510.0
ING012,2024-02-27,16460.0
ING012,2024-02-28,16410.0
ING012,2024-02-29,16450.0
ING012,2024-03-01,16470.0
ING012,2024-03-02,16460.0
ING012,2024-03-03,16540.0
ING012,2024-03-04,16560.0
ING012,2024-03-05,16500.0
ING012,2024-03-06,16460.0
ING012,2024-03-07,16500.0
ING012,2024-03-08,16560.0
ING012,2024-03-09,16590.0
ING012,2024-03-10,16710.0
ING012,2024-03-11,16800.0
ING012,2024-03-12,16810.0
ING012,2024-03-13,16740.0
ING012,2024-03-14,16640.0
ING012,2024-03-15,16600.0
ING012,2024-03-16,16640.0
ING012,2024-03-17,16750.0
ING012,2024-03-18,16760.0
ING012,2024-03-19,16820.0
ING012,2024-03-20,16790.0
ING012,2024-03-21,16810.0
ING012,2024-03-22,16850.0
ING012,2024-03-23,16700.0
ING012,2024-03-24,16660.0
ING012,2024-03-25,16720.0
ING012,2024-03-26,16720.0
ING012,2024-03-27,16630.0
ING012,2024-03-28,16470.0
ING012,2024-03-29,16450.0
ING012,2024-03-30,16440.0
ING012,2024-03-31,16390.0
ING012,2024-04-01,16400.0
ING012,2024-04-02,16440.0
ING012,2024-04-03,16480.0
ING012,2024-04-04,16330.0
ING012,2024-04-05,16260.0
ING012,2024-04-06,16250.0
ING012,2024-04-07,16300.0
ING012,2024-04-08,16340.0
ING012,2024-04-09,16380.0
ING012,2024-04-10,16360.0
ING012,2024-04-11,16340.0
ING012,2024-04-12,16310.0
ING012,2024-04-13,16360.0
ING012,2024-04-14,16310.0
ING012,2024-04-15,16380.0
ING012,2024-04-16,16400.0
ING012,2024-04-17,16400.0
ING012,2024-04-18,16360.0
ING012,2024-04-19,16280.0
ING012,2024-04-20,16250.0
ING012,2024-04-21,16250.0
ING012,2024-04-22,16110.0
ING012,2024-04-23,16120.0
ING012,2024-04-24,16200.0
ING012,2024-04-25,16250.0
ING012,2024-04-26,16230.0
ING012,2024-04-27,16250.0
ING012,2024-04-28,16230.0
ING012,2024-04-29,16250.0
ING012,2024-04-30,16360.0
ING012,2024-05-01,16430.0
ING012,2024-05-02,16470.0
ING012,2024-05-03,16440.0
ING012,2024-05-04,16500.0
ING012,2024-05-05,16390.0
ING012,2024-05-06,16380.0
ING012,2024-05-07,16430.0
ING012,2024-05-08,16480.0
ING012,2024-05-09,16530.0
ING012,2024-05-10,16550.0
ING012,2024-05-11,16540.0
ING012,2024-05-12,16570.0
ING012,2024-05-13,16510.0
ING012,2024-05-14,16460.0
ING012,2024-05-15,16470.0
ING012,2024-05-16,16480.0
ING012,2024-05-17,16370.0
ING012,2024-05-18,16410.0
ING012,2024-05-19,16470.0
ING012,2024-05-20,16470.0
ING012,2024-05-21,16620.0
ING012,2024-05-22,16580.0
ING012,2024-05-23,16550.0
ING012,2024-05-24,16530.0
ING012,2024-05-25,16530.0
ING012,2024-05-26,16510.0
ING012,2024-05-27,16420.0
ING012,2024-05-28,16400.0
ING012,2024-05-29,16400.0
ING012,2024-05-30,16490.0
ING012,2024-05-31,16630.0
ING012,2024-06-01,16720.0
ING012,2024-06-02,16660.0
ING012,2024-06-03,16610.0
ING012,2024-06-04,16600.0
ING012,2024-06-05,16710.0
ING012,2024-06-06,16700.0
ING012,2024-06-07,16610.0
ING012,2024-06-08,16580.0
ING012,2024-06-09,16630.0
ING012,2024-06-10,16670.0
ING012,2024-06-11,16650.0
ING012,2024-06-12,16690.0
ING012,2024-06-13,16540.0
ING012,2024-06-14,16550.0
ING012,2024-06-15,16610.0
ING012,2024-06-16,16560.0
ING012,2024-06-17,16510.0
ING012,2024-06-18,16400.0
ING012,2024-06-19,16510.0
ING012,2024-06-20,16470.0
ING012,2024-06-21,16490.0
ING012,2024-06-22,16540.0
ING012,2024-06-23,16640.0
ING012,2024-06-24,16630.0
ING012,2024-06-25,16590.0
ING012,2024-06-26,16610.0
ING012,2024-06-27,16690.0
ING012,2024-06-28,16680.0
ING012,2024-06-29,16610.0
ING012,2024-06-30,16520.0
ING012,2024-07-01,16440.0
ING012,2024-07-02,16510.0
ING012,2024-07-03,16500.0
ING012,2024-07-04,16460.0
ING012,2024-07-05,16430.0
ING012,2024-07-06,16440.0
ING012,2024-07-07,16440.0
ING012,2024-07-08,16430.0
ING012,2024-07-09,16530.0
ING012,2024-07-10,16630.0
ING012,2024-07-11,16530.0
ING012,2024-07-12,16560.0
ING012,2024-07-13,16520.0
ING012,2024-07-14,16510.0
ING012,2024-07-15,16540.0
ING012,2024-07-16,16530.0
ING012,2024-07-17,16550.0
ING012,2024-07-18,16600.0
ING012,2024-07-19,16620.0
ING012,2024-07-20,16580.0
ING012,2024-07-21,16550.0
ING012,2024-07-22,16460.0
ING012,2024-07-23,16420.0
ING012,2024-07-24,16560.0
ING012,2024-07-25,16510.0
ING012,2024-07-26,16440.0
ING012,2024-07-27,16480.0
ING012,2024-07-28,16480.0
ING012,2024-07-29,16480.0
ING012,2024-07-30,16580.0
ING012,2024-07-31,16620.0
ING012,2024-08-01,16590.0
ING012,2024-08-02,16570.0
ING012,2024-08-03,16540.0
ING012,2024-08-04,16610.0
ING012,2024-08-05,16590.0
ING012,2024-08-06,16480.0
ING012,2024-08-07,16490.0
ING012,2024-08-08,16400.0
ING012,2024-08-09,16560.0
ING012,2024-08-10,16500.0
ING012,2024-08-11,16500.0
ING012,2024-08-12,16530.0
ING012,2024-08-13,16520.0
ING012,2024-08-14,16510.0
ING012,2024-08-15,16550.0
ING012,2024-08-16,16660.0
ING012,2024-08-17,16710.0
ING012,2024-08-18,16810.0
ING012,2024-08-19,16730.0
ING012,2024-08-20,16750.0
ING012,2024-08-21,16760.0
ING012,2024-08-22,16780.0
ING012,2024-08-23,16870.0
ING012,2024-08-24,16850.0
ING012,2024-08-25,16820.0
ING012,2024-08-26,16850.0
ING012,2024-08-27,16730.0
ING012,2024-08-28,16710.0
ING012,2024-08-29,16710.0
ING012,2024-08-30,16650.0
ING012,2024-08-31,16720.0
ING012,2024-09-01,16660.0
ING012,2024-09-02,16650.0
ING012,2024-09-03,16680.0
ING012,2024-09-04,16770.0
ING012,2024-09-05,16770.0
ING012,2024-09-06,16830.0
ING012,2024-09-07,16870.0
ING012,2024-09-08,16870.0
ING012,2024-09-09,16790.0
ING012,2024-09-10,16700.0
ING012,2024-09-11,16710.0
ING012,2024-09-12,16680.0
ING012,2024-09-13,16740.0
ING012,2024-09-14,16790.0
ING012,2024-09-15,16780.0
ING012,2024-09-16,16710.0
ING012,2024-09-17,16740.0
ING012,2024-09-18,16680.0
ING012,2024-09-19,16640.0
ING012,2024-09-20,16580.0
ING012,2024-09-21,16580.0
ING012,2024-09-22,16670.0
ING012,2024-09-23,16670.0
ING012,2024-09-24,16650.0
ING012,2024-09-25,16560.0
ING012,2024-09-26,16610.0
ING012,2024-09-27,16570.0
ING012,2024-09-28,16590.0
ING012,2024-09-29,16570.0
ING012,2024-09-30,16640.0
ING012,2024-10-01,16640.0
ING012,2024-10-02,16640.0
ING012,2024-10-03,16680.0
ING012,2024-10-04,16820.0
ING012,2024-10-05,16880.0
ING012,2024-10-06,16870.0
ING012,2024-10-07,16870.0
ING012,2024-10-08,16830.0
ING012,2024-10-09,16770.0
ING012,2024-10-10,16740.0
ING012,2024-10-11,16690.0
ING012,2024-10-12,16740.0
ING012,2024-10-13,16670.0
ING012,2024-10-14,16770.0
ING012,2024-10-15,16820.0
ING012,2024-10-16,16820.0
ING012,2024-10-17,16820.0
ING012,2024-10-18,16790.0
ING012,2024-10-19,16810.0
ING012,2024-10-20,16880.0
ING012,2024-10-21,16830.0
ING012,2024-10-22,16730.0
ING012,2024-10-23,16780.0
ING012,2024-10-24,16810.0
ING012,2024-10-25,16740.0
ING012,2024-10-26,16700.0
ING012,2024-10-27,16650.0
ING012,2024-10-28,16610.0
ING012,2024-10-29,16600.0
ING012,2024-10-30,16600.0
ING012,2024-10-31,16570.0
ING012,2024-11-01,16540.0
ING012,2024-11-02,16540.0
ING012,2024-11-03,16560.0
ING012,2024-11-04,16560.0
ING012,2024-11-05,16650.0
ING012,2024-11-06,16690.0
ING012,2024-11-07,16600.0
ING012,2024-11-08,16650.0
ING012,2024-11-09,16700.0
ING012,2024-11-10,16680.0
ING012,2024-11-11,16590.0
ING012,2024-11-12,16610.0
ING012,2024-11-13,16620.0
ING012,2024-11-14,16560.0
ING012,2024-11-15,16480.0
ING012,2024-11-16,16500.0
ING012,2024-11-17,16500.0
ING012,2024-11-18,16490.0
ING012,2024-11-19,16510.0
ING012,2024-11-20,16460.0
ING012,2024-11-21,16450.0
ING012,2024-11-22,16510.0
ING012,2024-11-23,16500.0
ING012,2024-11-24,16420.0
ING012,2024-11-25,16410.0
ING012,2024-11-26,16370.0
ING012,2024-11-27,16410.0
ING012,2024-11-28,16460.0
ING012,2024-11-29,16370.0
ING012,2024-11-30,16450.0
ING012,2024-12-01,16400.0
ING012,2024-12-02,16530.0
ING012,2024-12-03,16540.0
ING012,2024-12-04,16480.0
ING012,2024-12-05,16430.0
ING012,2024-12-06,16480.0
ING012,2024-12-07,16470.0
ING012,2024-12-08,16490.0
ING012,2024-12-09,16610.0
ING012,2024-12-10,16590.0
ING012,2024-12-11,16610.0
ING012,2024-12-12,16710.0
ING012,2024-12-13,16740.0
ING012,2024-12-14,16650.0
ING012,2024-12-15,16690.0
ING012,2024-12-16,16630.0
ING012,2024-12-17,16740.0
ING012,2024-12-18,16700.0
ING012,2024-12-19,16900.0
ING012,2024-12-20,16990.0
ING012,2024-12-21,16940.0
ING012,2024-12-22,16940.0
ING012,2024-12-23,16990.0
ING012,2024-12-24,17040.0
ING012,2024-12-25,17060.0
ING012,2024-12-26,17140.0
ING012,2024-12-27,17120.0
ING012,2024-12-28,17090.0
ING012,2024-12-29,17060.0
ING012,2024-12-30,17110.0
ING012,2024-12-31,17130.0
ING012,2025-01-01,17140.0
ING012,2025-01-02,17180.0
ING012,2025-01-03,17040.0
ING012,2025-01-04,17050.0
ING012,2025-01-05,17060.0
ING012,2025-01-06,17170.0
ING012,2025-01-07,17060.0
ING012,2025-01-08,17150.0
ING012,2025-01-09,17150.0
ING012,2025-01-10,17170.0
ING012,2025-01-11,17270.0
ING012,2025-01-12,17290.0
ING012,2025-01-13,17300.0
ING012,2025-01-14,17300.0
ING012,2025-01-15,17260.0
ING012,2025-01-16,17240.0
ING012,2025-01-17,17180.0
ING012,2025-01-18,17170.0
ING012,2025-01-19,17010.0
ING012,2025-01-20,17040.0
ING012,2025-01-21,17030.0
ING012,2025-01-22,17010.0
ING012,2025-01-23,17020.0
ING012,2025-01-24,16930.0
ING012,2025-01-25,17050.0
ING012,2025-01-26,17050.0
ING012,2025-01-27,17030.0
ING012,2025-01-28,16970.0
ING012,2025-01-29,16980.0
ING012,2025-01-30,17070.0
ING012,2025-01-31,17130.0
ING012,2025-02-01,17180.0
ING012,2025-02-02,17210.0
ING012,2025-02-03,17170.0
ING012,2025-02-04,17070.0
ING012,2025-02-05,17060.0
ING012,2025-02-06,17040.0
ING012,2025-02-07,17110.0
ING012,2025-02-08,17120.0
ING012,2025-02-09,17220.0
ING012,2025-02-10,17290.0
ING012,2025-02-11,17250.0
ING012,2025-02-12,17120.0
ING012,2025-02-13,17210.0
ING012,2025-02-14,17290.0
ING012,2025-02-15,17190.0
ING012,2025-02-16,17280.0
ING012,2025-02-17,17290.0
ING012,2025-02-18,17290.0
ING012,2025-02-19,17380.0
ING012,2025-02-20,17450.0
ING012,2025-02-21,17470.0
ING012,2025-02-22,17480.0
ING012,2025-02-23,17500.0
ING012,2025-02-24,17450.0
ING012,2025-02-25,17430.0
ING012,2025-02-26,17350.0
ING012,2025-02-27,17320.0
ING012,2025-02-28,17280.0
ING012,2025-03-01,17230.0
ING012,2025-03-02,17230.0
ING012,2025-03-03,17200.0
ING012,2025-03-04,17230.0
ING012,2025-03-05,17120.0
ING012,2025-03-06,17110.0
ING012,2025-03-07,17110.0
ING012,2025-03-08,17090.0
ING012,2025-03-09,17080.0
ING012,2025-03-10,16980.0
ING012,2025-03-11,17010.0
ING012,2025-03-12,17050.0
ING012,2025-03-13,17090.0
ING012,2025-03-14,17150.0
ING012,2025-03-15,17160.0
ING012,2025-03-16,17190.0
ING012,2025-03-17,17190.0
ING012,2025-03-18,17230.0
ING012,2025-03-19,17130.0
ING012,2025-03-20,17070.0
ING012,2025-03-21,17170.0
ING012,2025-03-22,17010.0
ING012,2025-03-23,17010.0
ING012,2025-03-24,17090.0
ING012,2025-03-25,17080.0
ING012,2025-03-26,17060.0
ING012,2025-03-27,17070.0
ING012,2025-03-28,17050.0
ING012,2025-03-29,17050.0
ING012,2025-03-30,17010.0
ING012,2025-03-31,17090.0
ING012,2025-04-01,17180.0
ING012,2025-04-02,17170.0
ING012,2025-04-03,17080.0
ING012,2025-04-04,17050.0
ING012,2025-04-05,17040.0
ING012,2025-04-06,17080.0
ING012,2025-04-07,17020.0
ING012,2025-04-08,16970.0
ING012,2025-04-09,17010.0
ING012,2025-04-10,17080.0
ING012,2025-04-11,17040.0
ING012,2025-04-12,16960.0
ING012,2025-04-13,17180.0
ING012,2025-04-14,17230.0
ING012,2025-04-15,17210.0
ING012,2025-04-16,17260.0
ING012,2025-04-17,17250.0
ING012,2025-04-18,17300.0
ING012,2025-04-19,17300.0
ING012,2025-04-20,17300.0
ING012,2025-04-21,17290.0
ING012,2025-04-22,17190.0
ING012,2025-04-23,17310.0
ING012,2025-04-24,17240.0
ING012,2025-04-25,17150.0
ING012,2025-04-26,17140.0
ING012,2025-04-27,17080.0
ING012,2025-04-28,17080.0
ING012,2025-04-29,17130.0
ING012,2025-04-30,17190.0
ING012,2025-05-01,17250.0
ING012,2025-05-02,17220.0
ING012,2025-05-03,17220.0
ING012,2025-05-04,17250.0
ING012,2025-05-05,17130.0
ING012,2025-05-06,17170.0
ING012,2025-05-07,17080.0
ING012,2025-05-08,17210.0
ING012,2025-05-09,17190.0
ING012,2025-05-10,17180.0
ING012,2025-05-11,17130.0
ING012,2025-05-12,17090.0
ING012,2025-05-13,17240.0
ING012,2025-05-14,17300.0
ING012,2025-05-15,17190.0
ING012,2025-05-16,17290.0
ING012,2025-05-17,17360.0
ING012,2025-05-18,17340.0
ING012,2025-05-19,17350.0
ING012,2025-05-20,17340.0
ING012,2025-05-21,17460.0
ING012,2025-05-22,17400.0
ING012,2025-05-23,17400.0
ING012,2025-05-24,17360.0
ING012,2025-05-25,17260.0
ING012,2025-05-26,17400.0
ING012,2025-05-27,17320.0
ING012,2025-05-28,17330.0
ING012,2025-05-29,17210.0
ING012,2025-05-30,17180.0
ING012,2025-05-31,17210.0
ING012,2025-06-01,17160.0
ING012,2025-06-02,17200.0
ING012,2025-06-03,17190.0
ING012,2025-06-04,17260.0
ING012,2025-06-05,17350.0
ING012,2025-06-06,17310.0
ING012,2025-06-07,17310.0
ING012,2025-06-08,17320.0
ING012,2025-06-09,17350.0
ING012,2025-06-10,17350.0
ING012,2025-06-11,17350.0
ING012,2025-06-12,17330.0
ING012,2025-06-13,17340.0
ING012,2025-06-14,17420.0
ING012,2025-06-15,17450.0
ING012,2025-06-16,17480.0
ING012,2025-06-17,17520.0
ING012,2025-06-18,17500.0
ING012,2025-06-19,17510.0
ING012,2025-06-20,17420.0
ING012,2025-06-21,17500.0
ING012,2025-06-22,17310.0
ING012,2025-06-23,17300.0
ING012,2025-06-24,17370.0
ING012,2025-06-25,17280.0
ING012,2025-06-26,17300.0
ING012,2025-06-27,17260.0
ING012,2025-06-28,17240.0
ING012,2025-06-29,17300.0
ING012,2025-06-30,17310.0
ING012,2025-07-01,17180.0
ING012,2025-07-02,17120.0
ING012,2025-07-03,17190.0
ING012,2025-07-04,17230.0
ING012,2025-07-05,17340.0
ING012,2025-07-06,17450.0
ING012,2025-07-07,17420.0
ING012,2025-07-08,17570.0
ING012,2025-07-09,17560.0
ING012,2025-07-10,17480.0
ING012,2025-07-11,17430.0
ING012,2025-07-12,17280.0
ING012,2025-07-13,17390.0
ING012,2025-07-14,17480.0
ING012,2025-07-15,17410.0
ING012,2025-07-16,17390.0
ING012,2025-07-17,17390.0
ING012,2025-07-18,17330.0
ING012,2025-07-19,17210.0
ING012,2025-07-20,17210.0
ING012,2025-07-21,17190.0
ING012,2025-07-22,17170.0
ING012,2025-07-23,17190.0
ING012,2025-07-24,17290.0
ING012,2025-07-25,17270.0
ING012,2025-07-26,17290.0
ING012,2025-07-27,17340.0
ING012,2025-07-28,17370.0
ING012,2025-07-29,17330.0
ING012,2025-07-30,17340.0
ING012,2025-07-31,17370.0
ING012,2025-08-01,17300.0
ING012,2025-08-02,17380.0
ING012,2025-08-03,17470.0
ING012,2025-08-04,17420.0
ING012,2025-08-05,17430.0
ING012,2025-08-06,17460.0
ING012,2025-08-07,17420.0
ING012,2025-08-08,17450.0
ING012,2025-08-09,17450.0
ING012,2025-08-10,17360.0
ING012,2025-08-11,17380.0
ING012,2025-08-12,17310.0
ING012,2025-08-13,17380.0
ING012,2025-08-14,17330.0
ING012,2025-08-15,17320.0
ING012,2025-08-16,17410.0
ING012,2025-08-17,17440.0
ING012,2025-08-18,17370.0
ING012,2025-08-19,17300.0
ING012,2025-08-20,17270.0
ING012,2025-08-21,17300.0
ING012,2025-08-22,17330.0
ING012,2025-08-23,17270.0
ING012,2025-08-24,17200.0
ING012,2025-08-25,17230.0
ING012,2025-08-26,17230.0
ING012,2025-08-27,17370.0
ING012,2025-08-28,17380.0
ING012,2025-08-29,17490.0
ING012,2025-08-30,17410.0
ING012,2025-08-31,17310.0
ING012,2025-09-01,17240.0
ING012,2025-09-02,17330.0
ING012,2025-09-03,17440.0
ING012,2025-09-04,17390.0
ING012,2025-09-05,17360.0
ING012,2025-09-06,17290.0
ING012,2025-09-07,17180.0
ING012,2025-09-08,17230.0
ING012,2025-09-09,17260.0
ING012,2025-09-10,17270.0
ING012,2025-09-11,17180.0
ING012,2025-09-12,17300.0
ING012,2025-09-13,17270.0
ING012,2025-09-14,17310.0
ING012,2025-09-15,17230.0
ING012,2025-09-16,17220.0
ING012,2025-09-17,17250.0
ING012,2025-09-18,17280.0
ING012,2025-09-19,17300.0
ING012,2025-09-20,17340.0
ING012,2025-09-21,17270.0
ING012,2025-09-22,17290.0
ING012,2025-09-23,17300.0
ING012,2025-09-24,17320.0
ING012,2025-09-25,17330.0
ING012,2025-09-26,17260.0
ING012,2025-09-27,17180.0
ING012,2025-09-28,17050.0
ING012,2025-09-29,17130.0
ING012,2025-09-30,17190.0
ING012,2025-10-01,17260.0
ING012,2025-10-02,17290.0
ING012,2025-10-03,17160.0
ING012,2025-10-04,17110.0
ING012,2025-10-05,17140.0
ING012,2025-10-06,17160.0
ING012,2025-10-07,17160.0
ING012,2025-10-08,17200.0
ING012,2025-10-09,17210.0
ING012,2025-10-10,17230.0
ING012,2025-10-11,17200.0
ING012,2025-10-12,17280.0
ING012,2025-10-13,17260.0
ING012,2025-10-14,17190.0
ING012,2025-10-15,17150.0
ING012,2025-10-16,17140.0
ING012,2025-10-17,17220.0
ING012,2025-10-18,17230.0
ING012,2025-10-19,17230.0
ING012,2025-10-20,17170.0
ING012,2025-10-21,17230.0
ING012,2025-10-22,17200.0
ING012,2025-10-23,17210.0
ING012,2025-10-24,17320.0
ING012,2025-10-25,17360.0
ING012,2025-10-26,17260.0
ING012,2025-10-27,17160.0
ING012,2025-10-28,17170.0
ING012,2025-10-29,17110.0
ING012,2025-10-30,17170.0
ING012,2025-10-31,17190.0
ING012,2025-11-01,17220.0
ING012,2025-11-02,17190.0
ING012,2025-11-03,17310.0
ING012,2025-11-04,17500.0
ING012,2025-11-05,17490.0
ING012,2025-11-06,17510.0
ING012,2025-11-07,17520.0
ING012,2025-11-08,17500.0
ING012,2025-11-09,17450.0
ING012,2025-11-10,17380.0
ING012,2025-11-11,17310.0
ING012,2025-11-12,17350.0
ING012,2025-11-13,17330.0
ING012,2025-11-14,17170.0
ING012,2025-11-15,17220.0
ING012,2025-11-16,17230.0
ING012,2025-11-17,17330.0
ING012,2025-11-18,17360.0
ING012,2025-11-19,17280.0
ING012,2025-11-20,17150.0
ING012,2025-11-21,17120.0
ING012,2025-11-22,17100.0
ING012,2025-11-23,17180.0
ING012,2025-11-24,17200.0
ING012,2025-11-25,17290.0
ING012,2025-11-26,17220.0
ING012,2025-11-27,17300.0
ING012,2025-11-28,17350.0
ING012,2025-11-29,17230.0
ING012,2025-11-30,17340.0
ING012,2025-12-01,17350.0
ING012,2025-12-02,17390.0
ING012,2025-12-03,17340.0
ING012,2025-12-04,17430.0
ING012,2025-12-05,17360.0
ING012,2025-12-06,17430.0
ING012,2025-12-07,17490.0
ING012,2025-12-08,17430.0
ING012,2025-12-09,17560.0
ING012,2025-12-10,17580.0
ING012,2025-12-11,17620.0
ING012,2025-12-12,17520.0
ING012,2025-12-13,17660.0
ING012,2025-12-14,17570.0
ING012,2025-12-15,17640.0
ING012,2025-12-16,17570.0
ING012,2025-12-17,17530.0
ING012,2025-12-18,17590.0
ING012,2025-12-19,17650.0
ING012,2025-12-20,17570.0
ING012,2025-12-21,17640.0
ING012,2025-12-22,17700.0
ING012,2025-12-23,17640.0
ING012,2025-12-24,17740.0
ING012,2025-12-25,17640.0
ING012,2025-12-26,17590.0
ING012,2025-12-27,17620.0
ING012,2025-12-28,17570.0
ING012,2025-12-29,17590.0
ING012,2025-12-30,17600.0
ING012,2025-12-31,17590.0
ING012,2026-01-01,17640.0
ING012,2026-01-02,17630.0
ING012,2026-01-03,17640.0
ING012,2026-01-04,17710.0
ING012,2026-01-05,17760.0
ING012,2026-01-06,17800.0
ING012,2026-01-07,17720.0
ING012,2026-01-08,17750.0
ING012,2026-01-09,17680.0
ING012,2026-01-10,17600.0
ING012,2026-01-11,17600.0
ING012,2026-01-12,17540.0
ING012,2026-01-13,17590.0
ING012,2026-01-14,17650.0
ING012,2026-01-15,17530.0
ING012,2026-01-16,17480.0
ING012,2026-01-17,17390.0
ING012,2026-01-18,17370.0
ING012,2026-01-19,17420.0
ING012,2026-01-20,17410.0
ING012,2026-01-21,17390.0
ING012,2026-01-22,17480.0
ING012,2026-01-23,17340.0
ING012,2026-01-24,17440.0
ING012,2026-01-25,17410.0
ING012,2026-01-26,17420.0
ING012,2026-01-27,17400.0
ING012,2026-01-28,17510.0
ING012,2026-01-29,17440.0
ING012,2026-01-30,17450.0
ING012,2026-01-31,17490.0
ING012,2026-02-01,17400.0
ING012,2026-02-02,17350.0
ING012,2026-02-03,17360.0
ING012,2026-02-04,17320.0
ING012,2026-02-05,17280.0
ING012,2026-02-06,17280.0
ING012,2026-02-07,17340.0
ING012,2026-02-08,17330.0
ING012,2026-02-09,17420.0
ING012,2026-02-10,17370.0
ING012,2026-02-11,17300.0
ING012,2026-02-12,17450.0
ING012,2026-02-13,17420.0
ING012,2026-02-14,17350.0
ING012,2026-02-15,17250.0
ING012,2026-02-16,17340.0
ING012,2026-02-17,17340.0
ING012,2026-02-18,17340.0
ING012,2026-02-19,17350.0
ING012,2026-02-20,17430.0
ING012,2026-02-21,17430.0
ING012,2026-02-22,17590.0
ING012,2026-02-23,17610.0
ING012,2026-02-24,17680.0
ING012,2026-02-25,17730.0
ING012,2026-02-26,17730.0
ING012,2026-02-27,17690.0
ING012,2026-02-28,17710.0
ING012,2026-03-01,17740.0
ING012,2026-03-02,17710.0
ING012,2026-03-03,17720.0
ING012,2026-03-04,17800.0
ING012,2026-03-05,17920.0
ING012,2026-03-06,17970.0
ING012,2026-03-07,18070.0
ING012,2026-03-08,18020.0
ING012,2026-03-09,18050.0
ING012,2026-03-10,18120.0
ING012,2026-03-11,18040.0
ING012,2026-03-12,17990.0
ING012,2026-03-13,18090.0
ING012,2026-03-14,18010.0
ING012,2026-03-15,17910.0
ING012,2026-03-16,18000.0
ING012,2026-03-17,18060.0
ING012,2026-03-18,18070.0
ING012,2026-03-19,18050.0
ING012,2026-03-20,18010.0
ING012,2026-03-21,18020.0
ING012,2026-03-22,18100.0
ING012,2026-03-23,18100.0
ING012,2026-03-24,18220.0
ING012,2026-03-25,18140.0
ING012,2026-03-26,18120.0
ING012,2026-03-27,18080.0
ING012,2026-03-28,17990.0
ING012,2026-03-29,17970.0
ING012,2026-03-30,17990.0
ING012,2026-03-31,18010.0
ING012,2026-04-01,18140.0
ING012,2026-04-02,18150.0
ING012,2026-04-03,18200.0
ING012,2026-04-04,18180.0
ING012,2026-04-05,18270.0
ING012,2026-04-06,18400.0
ING012,2026-04-07,18400.0
ING012,2026-04-08,18310.0
ING012,2026-04-09,18250.0
ING012,2026-04-10,18240.0
ING012,2026-04-11,18250.0
ING012,2026-04-12,18270.0
ING012,2026-04-13,18270.0
ING012,2026-04-14,18250.0
ING012,2026-04-15,18180.0
ING012,2026-04-16,18190.0
ING012,2026-04-17,18290.0
ING012,2026-04-18,18330.0
ING012,2026-04-19,18340.0
ING012,2026-04-20,18380.0
ING012,2026-04-21,18320.0
ING012,2026-04-22,18260.0
ING012,2026-04-23,18190.0
ING012,2026-04-24,18170.0
ING012,2026-04-25,18120.0
ING012,2026-04-26,18180.0
ING012,2026-04-27,18130.0
ING012,2026-04-28,18070.0
ING012,2026-04-29,18180.0
ING012,2026-04-30,18130.0
ING012,2026-05-01,18120.0
ING012,2026-05-02,18140.0
ING012,2026-05-03,18050.0
ING012,2026-05-04,18120.0
ING012,2026-05-05,18140.0
ING012,2026-05-06,18230.0
ING012,2026-05-07,18160.0
ING012,2026-05-08,18150.0
ING012,2026-05-09,18140.0
ING012,2026-05-10,18140.0
ING012,2026-05-11,18030.0
ING012,2026-05-12,18030.0
ING012,2026-05-13,17930.0
ING012,2026-05-14,17950.0
ING012,2026-05-15,17800.0
ING012,2026-05-16,17690.0
ING012,2026-05-17,17750.0
ING012,2026-05-18,17720.0
ING012,2026-05-19,17660.0
ING012,2026-05-20,17750.0
ING012,2026-05-21,17780.0
ING012,2026-05-22,17840.0
ING012,2026-05-23,17830.0
ING012,2026-05-24,18000.0
ING012,2026-05-25,17950.0
ING012,2026-05-26,18060.0
ING012,2026-05-27,18050.0
ING012,2026-05-28,17930.0
ING012,2026-05-29,17960.0
ING012,2026-05-30,17980.0
ING012,2026-05-31,17900.0
ING012,2026-06-01,17840.0
ING012,2026-06-02,17840.0
ING012,2026-06-03,17870.0
ING012,2026-06-04,17710.0
ING012,2026-06-05,17780.0
ING012,2026-06-06,17760.0
ING012,2026-06-07,17680.0
ING012,2026-06-08,17750.0
ING012,2026-06-09,17750.0
ING012,2026-06-10,17840.0
ING012,2026-06-11,17870.0
ING012,2026-06-12,17870.0
ING012,2026-06-13,17860.0
ING012,2026-06-14,17890.0
ING012,2026-06-15,17870.0
ING012,2026-06-16,17810.0
ING012,2026-06-17,17860.0
ING012,2026-06-18,17850.0
ING012,2026-06-19,17850.0
ING012,2026-06-20,17930.0
ING012,2026-06-21,17920.0
ING012,2026-06-22,17920.0
ING012,2026-06-23,17880.0
ING012,2026-06-24,17910.0
ING012,2026-06-25,17930.0
ING012,2026-06-26,17990.0
ING012,2026-06-27,17950.0
ING012,2026-06-28,17920.0
ING012,2026-06-29,17970.0
ING012,2026-06-30,17980.0
ING013,2023-07-01,21930.0
ING013,2023-07-02,22030.0
ING013,2023-07-03,21900.0
ING013,2023-07-04,21970.0
ING013,2023-07-05,21870.0
ING013,2023-07-06,22020.0
ING013,2023-07-07,21910.0
ING013,2023-07-08,22000.0
ING013,2023-07-09,21990.0
ING013,2023-07-10,21970.0
ING013,2023-07-11,21980.0
ING013,2023-07-12,22040.0
ING013,2023-07-13,21970.0
ING013,2023-07-14,21910.0
ING013,2023-07-15,21960.0
ING013,2023-07-16,21830.0
ING013,2023-07-17,21800.0
ING013,2023-07-18,22050.0
ING013,2023-07-19,21970.0
ING013,2023-07-20,22060.0
ING013,2023-07-21,22020.0
ING013,2023-07-22,22060.0
ING013,2023-07-23,22110.0
ING013,2023-07-24,22190.0
ING013,2023-07-25,22170.0
ING013,2023-07-26,22320.0
ING013,2023-07-27,22260.0
ING013,2023-07-28,22270.0
ING013,2023-07-29,22280.0
ING013,2023-07-30,22180.0
ING013,2023-07-31,22150.0
ING013,2023-08-01,22160.0
ING013,2023-08-02,22120.0
ING013,2023-08-03,22310.0
ING013,2023-08-04,22230.0
ING013,2023-08-05,22320.0
ING013,2023-08-06,22370.0
ING013,2023-08-07,22360.0
ING013,2023-08-08,22280.0
ING013,2023-08-09,22210.0
ING013,2023-08-10,22160.0
ING013,2023-08-11,22020.0
ING013,2023-08-12,21950.0
ING013,2023-08-13,21840.0
ING013,2023-08-14,21960.0
ING013,2023-08-15,22010.0
ING013,2023-08-16,22080.0
ING013,2023-08-17,22130.0
ING013,2023-08-18,22140.0
ING013,2023-08-19,22250.0
ING013,2023-08-20,22200.0
ING013,2023-08-21,22200.0
ING013,2023-08-22,22260.0
ING013,2023-08-23,22150.0
ING013,2023-08-24,22380.0
ING013,2023-08-25,22370.0
ING013,2023-08-26,22370.0
ING013,2023-08-27,22460.0
ING013,2023-08-28,22510.0
ING013,2023-08-29,22500.0
ING013,2023-08-30,22490.0
ING013,2023-08-31,22360.0
ING013,2023-09-01,22300.0
ING013,2023-09-02,22340.0
ING013,2023-09-03,22360.0
ING013,2023-09-04,22440.0
ING013,2023-09-05,22420.0
ING013,2023-09-06,22300.0
ING013,2023-09-07,22380.0
ING013,2023-09-08,22480.0
ING013,2023-09-09,22530.0
ING013,2023-09-10,22500.0
ING013,2023-09-11,22560.0
ING013,2023-09-12,22810.0
ING013,2023-09-13,22790.0
ING013,2023-09-14,22650.0
ING013,2023-09-15,22590.0
ING013,2023-09-16,22610.0
ING013,2023-09-17,22470.0
ING013,2023-09-18,22470.0
ING013,2023-09-19,22480.0
ING013,2023-09-20,22590.0
ING013,2023-09-21,22670.0
ING013,2023-09-22,22710.0
ING013,2023-09-23,22520.0
ING013,2023-09-24,22570.0
ING013,2023-09-25,22610.0
ING013,2023-09-26,22610.0
ING013,2023-09-27,22460.0
ING013,2023-09-28,22390.0
ING013,2023-09-29,22290.0
ING013,2023-09-30,22130.0
ING013,2023-10-01,22130.0
ING013,2023-10-02,22080.0
ING013,2023-10-03,22290.0
ING013,2023-10-04,22270.0
ING013,2023-10-05,22370.0
ING013,2023-10-06,22240.0
ING013,2023-10-07,22200.0
ING013,2023-10-08,22210.0
ING013,2023-10-09,22140.0
ING013,2023-10-10,22110.0
ING013,2023-10-11,22100.0
ING013,2023-10-12,22090.0
ING013,2023-10-13,22240.0
ING013,2023-10-14,22270.0
ING013,2023-10-15,22310.0
ING013,2023-10-16,22350.0
ING013,2023-10-17,22390.0
ING013,2023-10-18,22380.0
ING013,2023-10-19,22350.0
ING013,2023-10-20,22360.0
ING013,2023-10-21,22440.0
ING013,2023-10-22,22520.0
ING013,2023-10-23,22490.0
ING013,2023-10-24,22540.0
ING013,2023-10-25,22510.0
ING013,2023-10-26,22500.0
ING013,2023-10-27,22450.0
ING013,2023-10-28,22430.0
ING013,2023-10-29,22530.0
ING013,2023-10-30,22520.0
ING013,2023-10-31,22520.0
ING013,2023-11-01,22400.0
ING013,2023-11-02,22370.0
ING013,2023-11-03,22350.0
ING013,2023-11-04,22280.0
ING013,2023-11-05,22280.0
ING013,2023-11-06,22250.0
ING013,2023-11-07,22260.0
ING013,2023-11-08,22270.0
ING013,2023-11-09,22200.0
ING013,2023-11-10,22180.0
ING013,2023-11-11,22190.0
ING013,2023-11-12,22290.0
ING013,2023-11-13,22310.0
ING013,2023-11-14,22260.0
ING013,2023-11-15,22290.0
ING013,2023-11-16,22430.0
ING013,2023-11-17,22490.0
ING013,2023-11-18,22530.0
ING013,2023-11-19,22570.0
ING013,2023-11-20,22670.0
ING013,2023-11-21,22740.0
ING013,2023-11-22,22760.0
ING013,2023-11-23,22830.0
ING013,2023-11-24,22720.0
ING013,2023-11-25,22580.0
ING013,2023-11-26,22590.0
ING013,2023-11-27,22580.0
ING013,2023-11-28,22530.0
ING013,2023-11-29,22580.0
ING013,2023-11-30,22430.0
ING013,2023-12-01,22380.0
ING013,2023-12-02,22350.0
ING013,2023-12-03,22220.0
ING013,2023-12-04,22340.0
ING013,2023-12-05,22240.0
ING013,2023-12-06,22200.0
ING013,2023-12-07,22280.0
ING013,2023-12-08,22340.0
ING013,2023-12-09,22250.0
ING013,2023-12-10,22310.0
ING013,2023-12-11,22340.0
ING013,2023-12-12,22520.0
ING013,2023-12-13,22550.0
ING013,2023-12-14,22530.0
ING013,2023-12-15,22460.0
ING013,2023-12-16,22400.0
ING013,2023-12-17,22330.0
ING013,2023-12-18,22440.0
ING013,2023-12-19,22440.0
ING013,2023-12-20,22480.0
ING013,2023-12-21,22600.0
ING013,2023-12-22,22410.0
ING013,2023-12-23,22510.0
ING013,2023-12-24,22510.0
ING013,2023-12-25,22540.0
ING013,2023-12-26,22470.0
ING013,2023-12-27,22410.0
ING013,2023-12-28,22450.0
ING013,2023-12-29,22630.0
ING013,2023-12-30,22700.0
ING013,2023-12-31,22780.0
ING013,2024-01-01,22750.0
ING013,2024-01-02,22690.0
ING013,2024-01-03,22620.0
ING013,2024-01-04,22570.0
ING013,2024-01-05,22410.0
ING013,2024-01-06,22350.0
ING013,2024-01-07,22320.0
ING013,2024-01-08,22310.0
ING013,2024-01-09,22330.0
ING013,2024-01-10,22360.0
ING013,2024-01-11,22370.0
ING013,2024-01-12,22330.0
ING013,2024-01-13,22180.0
ING013,2024-01-14,22150.0
ING013,2024-01-15,22090.0
ING013,2024-01-16,22150.0
ING013,2024-01-17,22240.0
ING013,2024-01-18,22320.0
ING013,2024-01-19,22390.0
ING013,2024-01-20,22380.0
ING013,2024-01-21,22350.0
ING013,2024-01-22,22300.0
ING013,2024-01-23,22190.0
ING013,2024-01-24,22280.0
ING013,2024-01-25,22280.0
ING013,2024-01-26,22200.0
ING013,2024-01-27,22150.0
ING013,2024-01-28,22100.0
ING013,2024-01-29,22120.0
ING013,2024-01-30,22220.0
ING013,2024-01-31,22210.0
ING013,2024-02-01,22050.0
ING013,2024-02-02,22060.0
ING013,2024-02-03,22070.0
ING013,2024-02-04,22080.0
ING013,2024-02-05,22050.0
ING013,2024-02-06,22090.0
ING013,2024-02-07,22120.0
ING013,2024-02-08,22140.0
ING013,2024-02-09,22190.0
ING013,2024-02-10,22180.0
ING013,2024-02-11,22160.0
ING013,2024-02-12,22280.0
ING013,2024-02-13,22340.0
ING013,2024-02-14,22410.0
ING013,2024-02-15,22510.0
ING013,2024-02-16,22560.0
ING013,2024-02-17,22630.0
ING013,2024-02-18,22500.0
ING013,2024-02-19,22520.0
ING013,2024-02-20,22510.0
ING013,2024-02-21,22640.0
ING013,2024-02-22,22710.0
ING013,2024-02-23,22650.0
ING013,2024-02-24,22680.0
ING013,2024-02-25,22690.0
ING013,2024-02-26,22720.0
ING013,2024-02-27,22630.0
ING013,2024-02-28,22660.0
ING013,2024-02-29,22640.0
ING013,2024-03-01,22650.0
ING013,2024-03-02,22600.0
ING013,2024-03-03,22550.0
ING013,2024-03-04,22640.0
ING013,2024-03-05,22560.0
ING013,2024-03-06,22490.0
ING013,2024-03-07,22490.0
ING013,2024-03-08,22430.0
ING013,2024-03-09,22380.0
ING013,2024-03-10,22400.0
ING013,2024-03-11,22290.0
ING013,2024-03-12,22230.0
ING013,2024-03-13,22410.0
ING013,2024-03-14,22450.0
ING013,2024-03-15,22400.0
ING013,2024-03-16,22450.0
ING013,2024-03-17,22500.0
ING013,2024-03-18,22580.0
ING013,2024-03-19,22580.0
ING013,2024-03-20,22650.0
ING013,2024-03-21,22500.0
ING013,2024-03-22,22420.0
ING013,2024-03-23,22440.0
ING013,2024-03-24,22480.0
ING013,2024-03-25,22420.0
ING013,2024-03-26,22450.0
ING013,2024-03-27,22410.0
ING013,2024-03-28,22400.0
ING013,2024-03-29,22490.0
ING013,2024-03-30,22570.0
ING013,2024-03-31,22500.0
ING013,2024-04-01,22430.0
ING013,2024-04-02,22410.0
ING013,2024-04-03,22420.0
ING013,2024-04-04,22380.0
ING013,2024-04-05,22470.0
ING013,2024-04-06,22510.0
ING013,2024-04-07,22550.0
ING013,2024-04-08,22460.0
ING013,2024-04-09,22560.0
ING013,2024-04-10,22350.0
ING013,2024-04-11,22430.0
ING013,2024-04-12,22520.0
ING013,2024-04-13,22490.0
ING013,2024-04-14,22600.0
ING013,2024-04-15,22600.0
ING013,2024-04-16,22610.0
ING013,2024-04-17,22640.0
ING013,2024-04-18,22890.0
ING013,2024-04-19,22980.0
ING013,2024-04-20,23020.0
ING013,2024-04-21,22940.0
ING013,2024-04-22,22940.0
ING013,2024-04-23,22860.0
ING013,2024-04-24,22920.0
ING013,2024-04-25,22920.0
ING013,2024-04-26,22820.0
ING013,2024-04-27,22830.0
ING013,2024-04-28,22760.0
ING013,2024-04-29,22770.0
ING013,2024-04-30,22700.0
ING013,2024-05-01,22700.0
ING013,2024-05-02,22760.0
ING013,2024-05-03,22760.0
ING013,2024-05-04,22730.0
ING013,2024-05-05,22740.0
ING013,2024-05-06,22800.0
ING013,2024-05-07,22710.0
ING013,2024-05-08,22730.0
ING013,2024-05-09,22830.0
ING013,2024-05-10,22870.0
ING013,2024-05-11,22870.0
ING013,2024-05-12,22920.0
ING013,2024-05-13,22940.0
ING013,2024-05-14,22990.0
ING013,2024-05-15,22830.0
ING013,2024-05-16,22700.0
ING013,2024-05-17,22780.0
ING013,2024-05-18,22670.0
ING013,2024-05-19,22700.0
ING013,2024-05-20,22680.0
ING013,2024-05-21,22610.0
ING013,2024-05-22,22650.0
ING013,2024-05-23,22670.0
ING013,2024-05-24,22840.0
ING013,2024-05-25,22790.0
ING013,2024-05-26,22900.0
ING013,2024-05-27,22920.0
ING013,2024-05-28,22860.0
ING013,2024-05-29,22920.0
ING013,2024-05-30,22960.0
ING013,2024-05-31,22950.0
ING013,2024-06-01,22970.0
ING013,2024-06-02,22910.0
ING013,2024-06-03,22850.0
ING013,2024-06-04,22900.0
ING013,2024-06-05,22880.0
ING013,2024-06-06,22870.0
ING013,2024-06-07,22890.0
ING013,2024-06-08,22910.0
ING013,2024-06-09,22790.0
ING013,2024-06-10,22900.0
ING013,2024-06-11,22900.0
ING013,2024-06-12,22880.0
ING013,2024-06-13,22910.0
ING013,2024-06-14,22930.0
ING013,2024-06-15,22980.0
ING013,2024-06-16,23020.0
ING013,2024-06-17,23060.0
ING013,2024-06-18,23160.0
ING013,2024-06-19,23210.0
ING013,2024-06-20,23180.0
ING013,2024-06-21,23080.0
ING013,2024-06-22,23200.0
ING013,2024-06-23,23160.0
ING013,2024-06-24,23110.0
ING013,2024-06-25,22960.0
ING013,2024-06-26,22990.0
ING013,2024-06-27,22990.0
ING013,2024-06-28,22870.0
ING013,2024-06-29,22900.0
ING013,2024-06-30,22860.0
ING013,2024-07-01,23070.0
ING013,2024-07-02,23020.0
ING013,2024-07-03,22980.0
ING013,2024-07-04,22910.0
ING013,2024-07-05,23000.0
ING013,2024-07-06,22970.0
ING013,2024-07-07,22910.0
ING013,2024-07-08,22960.0
ING013,2024-07-09,22860.0
ING013,2024-07-10,22910.0
ING013,2024-07-11,23040.0
ING013,2024-07-12,23080.0
ING013,2024-07-13,23120.0
ING013,2024-07-14,23180.0
ING013,2024-07-15,23300.0
ING013,2024-07-16,23370.0
ING013,2024-07-17,23380.0
ING013,2024-07-18,23430.0
ING013,2024-07-19,23340.0
ING013,2024-07-20,23370.0
ING013,2024-07-21,23270.0
ING013,2024-07-22,23230.0
ING013,2024-07-23,22980.0
ING013,2024-07-24,23010.0
ING013,2024-07-25,22950.0
ING013,2024-07-26,23040.0
ING013,2024-07-27,23060.0
ING013,2024-07-28,23140.0
ING013,2024-07-29,23050.0
ING013,2024-07-30,23130.0
ING013,2024-07-31,23280.0
ING013,2024-08-01,23320.0
ING013,2024-08-02,23370.0
ING013,2024-08-03,23360.0
ING013,2024-08-04,23300.0
ING013,2024-08-05,23340.0
ING013,2024-08-06,23210.0
ING013,2024-08-07,23160.0
ING013,2024-08-08,23020.0
ING013,2024-08-09,22960.0
ING013,2024-08-10,23010.0
ING013,2024-08-11,23050.0
ING013,2024-08-12,23050.0
ING013,2024-08-13,23060.0
ING013,2024-08-14,22910.0
ING013,2024-08-15,22890.0
ING013,2024-08-16,22840.0
ING013,2024-08-17,22800.0
ING013,2024-08-18,22850.0
ING013,2024-08-19,22790.0
ING013,2024-08-20,22760.0
ING013,2024-08-21,22610.0
ING013,2024-08-22,22610.0
ING013,2024-08-23,22540.0
ING013,2024-08-24,22570.0
ING013,2024-08-25,22520.0
ING013,2024-08-26,22550.0
ING013,2024-08-27,22570.0
ING013,2024-08-28,22720.0
ING013,2024-08-29,22770.0
ING013,2024-08-30,22640.0
ING013,2024-08-31,22560.0
ING013,2024-09-01,22590.0
ING013,2024-09-02,22540.0
ING013,2024-09-03,22340.0
ING013,2024-09-04,22480.0
ING013,2024-09-05,22560.0
ING013,2024-09-06,22630.0
ING013,2024-09-07,22600.0
ING013,2024-09-08,22660.0
ING013,2024-09-09,22620.0
ING013,2024-09-10,22660.0
ING013,2024-09-11,22610.0
ING013,2024-09-12,22750.0
ING013,2024-09-13,22640.0
ING013,2024-09-14,22760.0
ING013,2024-09-15,22780.0
ING013,2024-09-16,22750.0
ING013,2024-09-17,22780.0
ING013,2024-09-18,22850.0
ING013,2024-09-19,22970.0
ING013,2024-09-20,23000.0
ING013,2024-09-21,22930.0
ING013,2024-09-22,22950.0
ING013,2024-09-23,23090.0
ING013,2024-09-24,23200.0
ING013,2024-09-25,23260.0
ING013,2024-09-26,23310.0
ING013,2024-09-27,23360.0
ING013,2024-09-28,23430.0
ING013,2024-09-29,23380.0
ING013,2024-09-30,23260.0
ING013,2024-10-01,23260.0
ING013,2024-10-02,23190.0
ING013,2024-10-03,23100.0
ING013,2024-10-04,23050.0
ING013,2024-10-05,23240.0
ING013,2024-10-06,23250.0
ING013,2024-10-07,23270.0
ING013,2024-10-08,23170.0
ING013,2024-10-09,23020.0
ING013,2024-10-10,22970.0
ING013,2024-10-11,23080.0
ING013,2024-10-12,23110.0
ING013,2024-10-13,23160.0
ING013,2024-10-14,23220.0
ING013,2024-10-15,23170.0
ING013,2024-10-16,23270.0
ING013,2024-10-17,23220.0
ING013,2024-10-18,23320.0
ING013,2024-10-19,23350.0
ING013,2024-10-20,23200.0
ING013,2024-10-21,23140.0
ING013,2024-10-22,23000.0
ING013,2024-10-23,23100.0
ING013,2024-10-24,23100.0
ING013,2024-10-25,22930.0
ING013,2024-10-26,22970.0
ING013,2024-10-27,22940.0
ING013,2024-10-28,22840.0
ING013,2024-10-29,22980.0
ING013,2024-10-30,23000.0
ING013,2024-10-31,22990.0
ING013,2024-11-01,22970.0
ING013,2024-11-02,22860.0
ING013,2024-11-03,22780.0
ING013,2024-11-04,22900.0
ING013,2024-11-05,22870.0
ING013,2024-11-06,22890.0
ING013,2024-11-07,22750.0
ING013,2024-11-08,22670.0
ING013,2024-11-09,22740.0
ING013,2024-11-10,22800.0
ING013,2024-11-11,22950.0
ING013,2024-11-12,23070.0
ING013,2024-11-13,23060.0
ING013,2024-11-14,23100.0
ING013,2024-11-15,23080.0
ING013,2024-11-16,23250.0
ING013,2024-11-17,23330.0
ING013,2024-11-18,23340.0
ING013,2024-11-19,23350.0
ING013,2024-11-20,23460.0
ING013,2024-11-21,23490.0
ING013,2024-11-22,23600.0
ING013,2024-11-23,23410.0
ING013,2024-11-24,23440.0
ING013,2024-11-25,23390.0
ING013,2024-11-26,23510.0
ING013,2024-11-27,23620.0
ING013,2024-11-28,23600.0
ING013,2024-11-29,23700.0
ING013,2024-11-30,23820.0
ING013,2024-12-01,23800.0
ING013,2024-12-02,23960.0
ING013,2024-12-03,23920.0
ING013,2024-12-04,23870.0
ING013,2024-12-05,23910.0
ING013,2024-12-06,23850.0
ING013,2024-12-07,23830.0
ING013,2024-12-08,23910.0
ING013,2024-12-09,23880.0
ING013,2024-12-10,23720.0
ING013,2024-12-11,23720.0
ING013,2024-12-12,23650.0
ING013,2024-12-13,23690.0
ING013,2024-12-14,23730.0
ING013,2024-12-15,23820.0
ING013,2024-12-16,23860.0
ING013,2024-12-17,23920.0
ING013,2024-12-18,23830.0
ING013,2024-12-19,23870.0
ING013,2024-12-20,23990.0
ING013,2024-12-21,23900.0
ING013,2024-12-22,24010.0
ING013,2024-12-23,23940.0
ING013,2024-12-24,23840.0
ING013,2024-12-25,23830.0
ING013,2024-12-26,23860.0
ING013,2024-12-27,23910.0
ING013,2024-12-28,23800.0
ING013,2024-12-29,23810.0
ING013,2024-12-30,23730.0
ING013,2024-12-31,23600.0
ING013,2025-01-01,23510.0
ING013,2025-01-02,23450.0
ING013,2025-01-03,23480.0
ING013,2025-01-04,23560.0
ING013,2025-01-05,23440.0
ING013,2025-01-06,23460.0
ING013,2025-01-07,23360.0
ING013,2025-01-08,23410.0
ING013,2025-01-09,23360.0
ING013,2025-01-10,23280.0
ING013,2025-01-11,23340.0
ING013,2025-01-12,23300.0
ING013,2025-01-13,23280.0
ING013,2025-01-14,23110.0
ING013,2025-01-15,23200.0
ING013,2025-01-16,23270.0
ING013,2025-01-17,23270.0
ING013,2025-01-18,23160.0
ING013,2025-01-19,23260.0
ING013,2025-01-20,23220.0
ING013,2025-01-21,23190.0
ING013,2025-01-22,23380.0
ING013,2025-01-23,23320.0
ING013,2025-01-24,23380.0
ING013,2025-01-25,23430.0
ING013,2025-01-26,23450.0
ING013,2025-01-27,23470.0
ING013,2025-01-28,23500.0
ING013,2025-01-29,23510.0
ING013,2025-01-30,23500.0
ING013,2025-01-31,23610.0
ING013,2025-02-01,23500.0
ING013,2025-02-02,23580.0
ING013,2025-02-03,23630.0
ING013,2025-02-04,23670.0
ING013,2025-02-05,23750.0
ING013,2025-02-06,23720.0
ING013,2025-02-07,23560.0
ING013,2025-02-08,23550.0
ING013,2025-02-09,23470.0
ING013,2025-02-10,23410.0
ING013,2025-02-11,23310.0
ING013,2025-02-12,23280.0
ING013,2025-02-13,23240.0
ING013,2025-02-14,23070.0
ING013,2025-02-15,23140.0
ING013,2025-02-16,23330.0
ING013,2025-02-17,23380.0
ING013,2025-02-18,23370.0
ING013,2025-02-19,23370.0
ING013,2025-02-20,23340.0
ING013,2025-02-21,23350.0
ING013,2025-02-22,23350.0
ING013,2025-02-23,23290.0
ING013,2025-02-24,23430.0
ING013,2025-02-25,23320.0
ING013,2025-02-26,23380.0
ING013,2025-02-27,23380.0
ING013,2025-02-28,23530.0
ING013,2025-03-01,23550.0
ING013,2025-03-02,23520.0
ING013,2025-03-03,23500.0
ING013,2025-03-04,23500.0
ING013,2025-03-05,23410.0
ING013,2025-03-06,23360.0
ING013,2025-03-07,23220.0
ING013,2025-03-08,23170.0
ING013,2025-03-09,23190.0
ING013,2025-03-10,23230.0
ING013,2025-03-11,23090.0
ING013,2025-03-12,23100.0
ING013,2025-03-13,23160.0
ING013,2025-03-14,23170.0
ING013,2025-03-15,23130.0
ING013,2025-03-16,23120.0
ING013,2025-03-17,23100.0
ING013,2025-03-18,23070.0
ING013,2025-03-19,23110.0
ING013,2025-03-20,23300.0
ING013,2025-03-21,23260.0
ING013,2025-03-22,23250.0
ING013,2025-03-23,23260.0
ING013,2025-03-24,23220.0
ING013,2025-03-25,23320.0
ING013,2025-03-26,23140.0
ING013,2025-03-27,23120.0
ING013,2025-03-28,23210.0
ING013,2025-03-29,23200.0
ING013,2025-03-30,23150.0
ING013,2025-03-31,23210.0
ING013,2025-04-01,23290.0
ING013,2025-04-02,23320.0
ING013,2025-04-03,23270.0
ING013,2025-04-04,23320.0
ING013,2025-04-05,23300.0
ING013,2025-04-06,23370.0
ING013,2025-04-07,23500.0
ING013,2025-04-08,23300.0
ING013,2025-04-09,23320.0
ING013,2025-04-10,23200.0
ING013,2025-04-11,23400.0
ING013,2025-04-12,23380.0
ING013,2025-04-13,23440.0
ING013,2025-04-14,23450.0
ING013,2025-04-15,23390.0
ING013,2025-04-16,23330.0
ING013,2025-04-17,23470.0
ING013,2025-04-18,23540.0
ING013,2025-04-19,23700.0
ING013,2025-04-20,23700.0
ING013,2025-04-21,23710.0
ING013,2025-04-22,23690.0
ING013,2025-04-23,23660.0
ING013,2025-04-24,23580.0
ING013,2025-04-25,23580.0
ING013,2025-04-26,23520.0
ING013,2025-04-27,23560.0
ING013,2025-04-28,23580.0
ING013,2025-04-29,23600.0
ING013,2025-04-30,23730.0
ING013,2025-05-01,23720.0
ING013,2025-05-02,23780.0
ING013,2025-05-03,23930.0
ING013,2025-05-04,24010.0
ING013,2025-05-05,24080.0
ING013,2025-05-06,24030.0
ING013,2025-05-07,24030.0
ING013,2025-05-08,23910.0
ING013,2025-05-09,23930.0
ING013,2025-05-10,23940.0
ING013,2025-05-11,23930.0
ING013,2025-05-12,23990.0
ING013,2025-05-13,23880.0
ING013,2025-05-14,24000.0
ING013,2025-05-15,24050.0
ING013,2025-05-16,24020.0
ING013,2025-05-17,23990.0
ING013,2025-05-18,24010.0
ING013,2025-05-19,24110.0
ING013,2025-05-20,24100.0
ING013,2025-05-21,24090.0
ING013,2025-05-22,24070.0
ING013,2025-05-23,24180.0
ING013,2025-05-24,24130.0
ING013,2025-05-25,24110.0
ING013,2025-05-26,24200.0
ING013,2025-05-27,24180.0
ING013,2025-05-28,24240.0
ING013,2025-05-29,24150.0
ING013,2025-05-30,24110.0
ING013,2025-05-31,24200.0
ING013,2025-06-01,24120.0
ING013,2025-06-02,24090.0
ING013,2025-06-03,24090.0
ING013,2025-06-04,23990.0
ING013,2025-06-05,23950.0
ING013,2025-06-06,23940.0
ING013,2025-06-07,23940.0
ING013,2025-06-08,24020.0
ING013,2025-06-09,24130.0
ING013,2025-06-10,24040.0
ING013,2025-06-11,24030.0
ING013,2025-06-12,24070.0
ING013,2025-06-13,24170.0
ING013,2025-06-14,24200.0
ING013,2025-06-15,24200.0
ING013,2025-06-16,24230.0
ING013,2025-06-17,24250.0
ING013,2025-06-18,24160.0
ING013,2025-06-19,24150.0
ING013,2025-06-20,24240.0
ING013,2025-06-21,24200.0
ING013,2025-06-22,24190.0
ING013,2025-06-23,24150.0
ING013,2025-06-24,23950.0
ING013,2025-06-25,23940.0
ING013,2025-06-26,23950.0
ING013,2025-06-27,23900.0
ING013,2025-06-28,23810.0
ING013,2025-06-29,23740.0
ING013,2025-06-30,23800.0
ING013,2025-07-01,23950.0
ING013,2025-07-02,24040.0
ING013,2025-07-03,23930.0
ING013,2025-07-04,23990.0
ING013,2025-07-05,23920.0
ING013,2025-07-06,23870.0
ING013,2025-07-07,23830.0
ING013,2025-07-08,23880.0
ING013,2025-07-09,23950.0
ING013,2025-07-10,23940.0
ING013,2025-07-11,23920.0
ING013,2025-07-12,23950.0
ING013,2025-07-13,23990.0
ING013,2025-07-14,24070.0
ING013,2025-07-15,23960.0
ING013,2025-07-16,23950.0
ING013,2025-07-17,23860.0
ING013,2025-07-18,23850.0
ING013,2025-07-19,23830.0
ING013,2025-07-20,23830.0
ING013,2025-07-21,23770.0
ING013,2025-07-22,23650.0
ING013,2025-07-23,23500.0
ING013,2025-07-24,23510.0
ING013,2025-07-25,23490.0
ING013,2025-07-26,23450.0
ING013,2025-07-27,23570.0
ING013,2025-07-28,23520.0
ING013,2025-07-29,23640.0
ING013,2025-07-30,23780.0
ING013,2025-07-31,23630.0
ING013,2025-08-01,23650.0
ING013,2025-08-02,23630.0
ING013,2025-08-03,23410.0
ING013,2025-08-04,23320.0
ING013,2025-08-05,23410.0
ING013,2025-08-06,23590.0
ING013,2025-08-07,23670.0
ING013,2025-08-08,23700.0
ING013,2025-08-09,23710.0
ING013,2025-08-10,23850.0
ING013,2025-08-11,24010.0
ING013,2025-08-12,23960.0
ING013,2025-08-13,23800.0
ING013,2025-08-14,23640.0
ING013,2025-08-15,23760.0
ING013,2025-08-16,23760.0
ING013,2025-08-17,23780.0
ING013,2025-08-18,23650.0
ING013,2025-08-19,23600.0
ING013,2025-08-20,23590.0
ING013,2025-08-21,23620.0
ING013,2025-08-22,23600.0
ING013,2025-08-23,23540.0
ING013,2025-08-24,23500.0
ING013,2025-08-25,23610.0
ING013,2025-08-26,23640.0
ING013,2025-08-27,23700.0
ING013,2025-08-28,23640.0
ING013,2025-08-29,23430.0
ING013,2025-08-30,23410.0
ING013,2025-08-31,23370.0
ING013,2025-09-01,23420.0
ING013,2025-09-02,23700.0
ING013,2025-09-03,23770.0
ING013,2025-09-04,23980.0
ING013,2025-09-05,24030.0
ING013,2025-09-06,23970.0
ING013,2025-09-07,24000.0
ING013,2025-09-08,24130.0
ING013,2025-09-09,24260.0
ING013,2025-09-10,24200.0
ING013,2025-09-11,24210.0
ING013,2025-09-12,24080.0
ING013,2025-09-13,24140.0
ING013,2025-09-14,24250.0
ING013,2025-09-15,24240.0
ING013,2025-09-16,24170.0
ING013,2025-09-17,24190.0
ING013,2025-09-18,24210.0
ING013,2025-09-19,24200.0
ING013,2025-09-20,24200.0
ING013,2025-09-21,24180.0
ING013,2025-09-22,24240.0
ING013,2025-09-23,24290.0
ING013,2025-09-24,24190.0
ING013,2025-09-25,24110.0
ING013,2025-09-26,24080.0
ING013,2025-09-27,24130.0
ING013,2025-09-28,24130.0
ING013,2025-09-29,24080.0
ING013,2025-09-30,24090.0
ING013,2025-10-01,24060.0
ING013,2025-10-02,24130.0
ING013,2025-10-03,24140.0
ING013,2025-10-04,24110.0
ING013,2025-10-05,24120.0
ING013,2025-10-06,24220.0
ING013,2025-10-07,24160.0
ING013,2025-10-08,24190.0
ING013,2025-10-09,24170.0
ING013,2025-10-10,24200.0
ING013,2025-10-11,24140.0
ING013,2025-10-12,24140.0
ING013,2025-10-13,24220.0
ING013,2025-10-14,24140.0
ING013,2025-10-15,24030.0
ING013,2025-10-16,23930.0
ING013,2025-10-17,23840.0
ING013,2025-10-18,23900.0
ING013,2025-10-19,23800.0
ING013,2025-10-20,23780.0
ING013,2025-10-21,23840.0
ING013,2025-10-22,23890.0
ING013,2025-10-23,23860.0
ING013,2025-10-24,23890.0
ING013,2025-10-25,23900.0
ING013,2025-10-26,23890.0
ING013,2025-10-27,23880.0
ING013,2025-10-28,24070.0
ING013,2025-10-29,24130.0
ING013,2025-10-30,24310.0
ING013,2025-10-31,24260.0
ING013,2025-11-01,24250.0
ING013,2025-11-02,24130.0
ING013,2025-11-03,24070.0
ING013,2025-11-04,24210.0
ING013,2025-11-05,24170.0
ING013,2025-11-06,24310.0
ING013,2025-11-07,24200.0
ING013,2025-11-08,24120.0
ING013,2025-11-09,24090.0
ING013,2025-11-10,24080.0
ING013,2025-11-11,24150.0
ING013,2025-11-12,24180.0
ING013,2025-11-13,24150.0
ING013,2025-11-14,24130.0
ING013,2025-11-15,24110.0
ING013,2025-11-16,24040.0
ING013,2025-11-17,23970.0
ING013,2025-11-18,24060.0
ING013,2025-11-19,23920.0
ING013,2025-11-20,24050.0
ING013,2025-11-21,24030.0
ING013,2025-11-22,23970.0
ING013,2025-11-23,24040.0
ING013,2025-11-24,24160.0
ING013,2025-11-25,24240.0
ING013,2025-11-26,24270.0
ING013,2025-11-27,24350.0
ING013,2025-11-28,24200.0
ING013,2025-11-29,24160.0
ING013,2025-11-30,24090.0
ING013,2025-12-01,24190.0
ING013,2025-12-02,24150.0
ING013,2025-12-03,24220.0
ING013,2025-12-04,24250.0
ING013,2025-12-05,24180.0
ING013,2025-12-06,24140.0
ING013,2025-12-07,24240.0
ING013,2025-12-08,24170.0
ING013,2025-12-09,24180.0
ING013,2025-12-10,24120.0
ING013,2025-12-11,24100.0
ING013,2025-12-12,24100.0
ING013,2025-12-13,24040.0
ING013,2025-12-14,23970.0
ING013,2025-12-15,24000.0
ING013,2025-12-16,23950.0
ING013,2025-12-17,23890.0
ING013,2025-12-18,23840.0
ING013,2025-12-19,23850.0
ING013,2025-12-20,23940.0
ING013,2025-12-21,24060.0
ING013,2025-12-22,24010.0
ING013,2025-12-23,24190.0
ING013,2025-12-24,24110.0
ING013,2025-12-25,24200.0
ING013,2025-12-26,24140.0
ING013,2025-12-27,24080.0
ING013,2025-12-28,24030.0
ING013,2025-12-29,24030.0
ING013,2025-12-30,24080.0
ING013,2025-12-31,24140.0
ING013,2026-01-01,24070.0
ING013,2026-01-02,24000.0
ING013,2026-01-03,23940.0
ING013,2026-01-04,23950.0
ING013,2026-01-05,23940.0
ING013,2026-01-06,23890.0
ING013,2026-01-07,23920.0
ING013,2026-01-08,24110.0
ING013,2026-01-09,24080.0
ING013,2026-01-10,24050.0
ING013,2026-01-11,24100.0
ING013,2026-01-12,24070.0
ING013,2026-01-13,24130.0
ING013,2026-01-14,24080.0
ING013,2026-01-15,24230.0
ING013,2026-01-16,24250.0
ING013,2026-01-17,24210.0
ING013,2026-01-18,24160.0
ING013,2026-01-19,24130.0
ING013,2026-01-20,24240.0
ING013,2026-01-21,24140.0
ING013,2026-01-22,24100.0
ING013,2026-01-23,24060.0
ING013,2026-01-24,24070.0
ING013,2026-01-25,24060.0
ING013,2026-01-26,23960.0
ING013,2026-01-27,23940.0
ING013,2026-01-28,23950.0
ING013,2026-01-29,23920.0
ING013,2026-01-30,23990.0
ING013,2026-01-31,24070.0
ING013,2026-02-01,24080.0
ING013,2026-02-02,24110.0
ING013,2026-02-03,23950.0
ING013,2026-02-04,23930.0
ING013,2026-02-05,24030.0
ING013,2026-02-06,24010.0
ING013,2026-02-07,23970.0
ING013,2026-02-08,24160.0
ING013,2026-02-09,24310.0
ING013,2026-02-10,24340.0
ING013,2026-02-11,24430.0
ING013,2026-02-12,24250.0
ING013,2026-02-13,24190.0
ING013,2026-02-14,24160.0
ING013,2026-02-15,24150.0
ING013,2026-02-16,24120.0
ING013,2026-02-17,23940.0
ING013,2026-02-18,23980.0
ING013,2026-02-19,24040.0
ING013,2026-02-20,24180.0
ING013,2026-02-21,24130.0
ING013,2026-02-22,24070.0
ING013,2026-02-23,23880.0
ING013,2026-02-24,23880.0
ING013,2026-02-25,23970.0
ING013,2026-02-26,23940.0
ING013,2026-02-27,24130.0
ING013,2026-02-28,24120.0
ING013,2026-03-01,24140.0
ING013,2026-03-02,24050.0
ING013,2026-03-03,24080.0
ING013,2026-03-04,23940.0
ING013,2026-03-05,24020.0
ING013,2026-03-06,24090.0
ING013,2026-03-07,24210.0
ING013,2026-03-08,24140.0
ING013,2026-03-09,24160.0
ING013,2026-03-10,24220.0
ING013,2026-03-11,24260.0
ING013,2026-03-12,24200.0
ING013,2026-03-13,24020.0
ING013,2026-03-14,24070.0
ING013,2026-03-15,24070.0
ING013,2026-03-16,24040.0
ING013,2026-03-17,24120.0
ING013,2026-03-18,24130.0
ING013,2026-03-19,24040.0
ING013,2026-03-20,23910.0
ING013,2026-03-21,23850.0
ING013,2026-03-22,24060.0
ING013,2026-03-23,24130.0
ING013,2026-03-24,24160.0
ING013,2026-03-25,24160.0
ING013,2026-03-26,24150.0
ING013,2026-03-27,24250.0
ING013,2026-03-28,24220.0
ING013,2026-03-29,24280.0
ING013,2026-03-30,24260.0
ING013,2026-03-31,24420.0
ING013,2026-04-01,24470.0
ING013,2026-04-02,24570.0
ING013,2026-04-03,24520.0
ING013,2026-04-04,24590.0
ING013,2026-04-05,24560.0
ING013,2026-04-06,24560.0
ING013,2026-04-07,24680.0
ING013,2026-04-08,24590.0
ING013,2026-04-09,24600.0
ING013,2026-04-10,24620.0
ING013,2026-04-11,24660.0
ING013,2026-04-12,24610.0
ING013,2026-04-13,24760.0
ING013,2026-04-14,24650.0
ING013,2026-04-15,24750.0
ING013,2026-04-16,24830.0
ING013,2026-04-17,24960.0
ING013,2026-04-18,24810.0
ING013,2026-04-19,24730.0
ING013,2026-04-20,24830.0
ING013,2026-04-21,24670.0
ING013,2026-04-22,24530.0
ING013,2026-04-23,24490.0
ING013,2026-04-24,24510.0
ING013,2026-04-25,24630.0
ING013,2026-04-26,24610.0
ING013,2026-04-27,24550.0
ING013,2026-04-28,24570.0
ING013,2026-04-29,24610.0
ING013,2026-04-30,24630.0
ING013,2026-05-01,24610.0
ING013,2026-05-02,24460.0
ING013,2026-05-03,24390.0
ING013,2026-05-04,24500.0
ING013,2026-05-05,24520.0
ING013,2026-05-06,24490.0
ING013,2026-05-07,24580.0
ING013,2026-05-08,24490.0
ING013,2026-05-09,24470.0
ING013,2026-05-10,24490.0
ING013,2026-05-11,24450.0
ING013,2026-05-12,24470.0
ING013,2026-05-13,24450.0
ING013,2026-05-14,24350.0
ING013,2026-05-15,24370.0
ING013,2026-05-16,24280.0
ING013,2026-05-17,24300.0
ING013,2026-05-18,24420.0
ING013,2026-05-19,24410.0
ING013,2026-05-20,24320.0
ING013,2026-05-21,24320.0
ING013,2026-05-22,24270.0
ING013,2026-05-23,24330.0
ING013,2026-05-24,24330.0
ING013,2026-05-25,24470.0
ING013,2026-05-26,24570.0
ING013,2026-05-27,24550.0
ING013,2026-05-28,24610.0
ING013,2026-05-29,24580.0
ING013,2026-05-30,24580.0
ING013,2026-05-31,24550.0
ING013,2026-06-01,24610.0
ING013,2026-06-02,24720.0
ING013,2026-06-03,24770.0
ING013,2026-06-04,24830.0
ING013,2026-06-05,24890.0
ING013,2026-06-06,24920.0
ING013,2026-06-07,24820.0
ING013,2026-06-08,24930.0
ING013,2026-06-09,25060.0
ING013,2026-06-10,25020.0
ING013,2026-06-11,24970.0
ING013,2026-06-12,24990.0
ING013,2026-06-13,25020.0
ING013,2026-06-14,24980.0
ING013,2026-06-15,24870.0
ING013,2026-06-16,24880.0
ING013,2026-06-17,24910.0
ING013,2026-06-18,24950.0
ING013,2026-06-19,24960.0
ING013,2026-06-20,24920.0
ING013,2026-06-21,24980.0
ING013,2026-06-22,24970.0
ING013,2026-06-23,24910.0
ING013,2026-06-24,24890.0
ING013,2026-06-25,24740.0
ING013,2026-06-26,24720.0
ING013,2026-06-27,24770.0
ING013,2026-06-28,24790.0
ING013,2026-06-29,24900.0
ING013,2026-06-30,24860.0
ING014,2023-07-01,125270.0
ING014,2023-07-02,125710.0
ING014,2023-07-03,126990.0
ING014,2023-07-04,126970.0
ING014,2023-07-05,126290.0
ING014,2023-07-06,126710.0
ING014,2023-07-07,127680.0
ING014,2023-07-08,127370.0
ING014,2023-07-09,127730.0
ING014,2023-07-10,128290.0
ING014,2023-07-11,128700.0
ING014,2023-07-12,128590.0
ING014,2023-07-13,128030.0
ING014,2023-07-14,127840.0
ING014,2023-07-15,127970.0
ING014,2023-07-16,128340.0
ING014,2023-07-17,128370.0
ING014,2023-07-18,128000.0
ING014,2023-07-19,128180.0
ING014,2023-07-20,128510.0
ING014,2023-07-21,128570.0
ING014,2023-07-22,127930.0
ING014,2023-07-23,127700.0
ING014,2023-07-24,128110.0
ING014,2023-07-25,127190.0
ING014,2023-07-26,125920.0
ING014,2023-07-27,126740.0
ING014,2023-07-28,126960.0
ING014,2023-07-29,127230.0
ING014,2023-07-30,126530.0
ING014,2023-07-31,126890.0
ING014,2023-08-01,126970.0
ING014,2023-08-02,126000.0
ING014,2023-08-03,126780.0
ING014,2023-08-04,126800.0
ING014,2023-08-05,126510.0
ING014,2023-08-06,126250.0
ING014,2023-08-07,125080.0
ING014,2023-08-08,125430.0
ING014,2023-08-09,125580.0
ING014,2023-08-10,125470.0
ING014,2023-08-11,126200.0
ING014,2023-08-12,125390.0
ING014,2023-08-13,125060.0
ING014,2023-08-14,124610.0
ING014,2023-08-15,124500.0
ING014,2023-08-16,124600.0
ING014,2023-08-17,124890.0
ING014,2023-08-18,124740.0
ING014,2023-08-19,124290.0
ING014,2023-08-20,125310.0
ING014,2023-08-21,126680.0
ING014,2023-08-22,126720.0
ING014,2023-08-23,126240.0
ING014,2023-08-24,127050.0
ING014,2023-08-25,126170.0
ING014,2023-08-26,125960.0
ING014,2023-08-27,125560.0
ING014,2023-08-28,124920.0
ING014,2023-08-29,124800.0
ING014,2023-08-30,124370.0
ING014,2023-08-31,124450.0
ING014,2023-09-01,124540.0
ING014,2023-09-02,124250.0
ING014,2023-09-03,124120.0
ING014,2023-09-04,124080.0
ING014,2023-09-05,124630.0
ING014,2023-09-06,124610.0
ING014,2023-09-07,125140.0
ING014,2023-09-08,125510.0
ING014,2023-09-09,125850.0
ING014,2023-09-10,126640.0
ING014,2023-09-11,125980.0
ING014,2023-09-12,125710.0
ING014,2023-09-13,126720.0
ING014,2023-09-14,126540.0
ING014,2023-09-15,124930.0
ING014,2023-09-16,124870.0
ING014,2023-09-17,125010.0
ING014,2023-09-18,123590.0
ING014,2023-09-19,124470.0
ING014,2023-09-20,124150.0
ING014,2023-09-21,124430.0
ING014,2023-09-22,124390.0
ING014,2023-09-23,123750.0
ING014,2023-09-24,123270.0
ING014,2023-09-25,122890.0
ING014,2023-09-26,123670.0
ING014,2023-09-27,123710.0
ING014,2023-09-28,123540.0
ING014,2023-09-29,123150.0
ING014,2023-09-30,123980.0
ING014,2023-10-01,124920.0
ING014,2023-10-02,125650.0
ING014,2023-10-03,125960.0
ING014,2023-10-04,126140.0
ING014,2023-10-05,125460.0
ING014,2023-10-06,125370.0
ING014,2023-10-07,125030.0
ING014,2023-10-08,124070.0
ING014,2023-10-09,124780.0
ING014,2023-10-10,124470.0
ING014,2023-10-11,125240.0
ING014,2023-10-12,125790.0
ING014,2023-10-13,126140.0
ING014,2023-10-14,126500.0
ING014,2023-10-15,126150.0
ING014,2023-10-16,127210.0
ING014,2023-10-17,127200.0
ING014,2023-10-18,127330.0
ING014,2023-10-19,126930.0
ING014,2023-10-20,126380.0
ING014,2023-10-21,126660.0
ING014,2023-10-22,126780.0
ING014,2023-10-23,126320.0
ING014,2023-10-24,125520.0
ING014,2023-10-25,124860.0
ING014,2023-10-26,125620.0
ING014,2023-10-27,125330.0
ING014,2023-10-28,125200.0
ING014,2023-10-29,126090.0
ING014,2023-10-30,125490.0
ING014,2023-10-31,125140.0
ING014,2023-11-01,124780.0
ING014,2023-11-02,125790.0
ING014,2023-11-03,126960.0
ING014,2023-11-04,127370.0
ING014,2023-11-05,127780.0
ING014,2023-11-06,127400.0
ING014,2023-11-07,128460.0
ING014,2023-11-08,128530.0
ING014,2023-11-09,128920.0
ING014,2023-11-10,128760.0
ING014,2023-11-11,128510.0
ING014,2023-11-12,129360.0
ING014,2023-11-13,129540.0
ING014,2023-11-14,130220.0
ING014,2023-11-15,130200.0
ING014,2023-11-16,129560.0
ING014,2023-11-17,129100.0
ING014,2023-11-18,129040.0
ING014,2023-11-19,128590.0
ING014,2023-11-20,127880.0
ING014,2023-11-21,128510.0
ING014,2023-11-22,128130.0
ING014,2023-11-23,128150.0
ING014,2023-11-24,128260.0
ING014,2023-11-25,127860.0
ING014,2023-11-26,128640.0
ING014,2023-11-27,127930.0
ING014,2023-11-28,128030.0
ING014,2023-11-29,128120.0
ING014,2023-11-30,128040.0
ING014,2023-12-01,127260.0
ING014,2023-12-02,127750.0
ING014,2023-12-03,128130.0
ING014,2023-12-04,127700.0
ING014,2023-12-05,128070.0
ING014,2023-12-06,128240.0
ING014,2023-12-07,127470.0
ING014,2023-12-08,126970.0
ING014,2023-12-09,127620.0
ING014,2023-12-10,127780.0
ING014,2023-12-11,127430.0
ING014,2023-12-12,126940.0
ING014,2023-12-13,126670.0
ING014,2023-12-14,126450.0
ING014,2023-12-15,126010.0
ING014,2023-12-16,125100.0
ING014,2023-12-17,125850.0
ING014,2023-12-18,126470.0
ING014,2023-12-19,125800.0
ING014,2023-12-20,125950.0
ING014,2023-12-21,125520.0
ING014,2023-12-22,125460.0
ING014,2023-12-23,125360.0
ING014,2023-12-24,125230.0
ING014,2023-12-25,126460.0
ING014,2023-12-26,126260.0
ING014,2023-12-27,125870.0
ING014,2023-12-28,125520.0
ING014,2023-12-29,126200.0
ING014,2023-12-30,125340.0
ING014,2023-12-31,125020.0
ING014,2024-01-01,125960.0
ING014,2024-01-02,126170.0
ING014,2024-01-03,126350.0
ING014,2024-01-04,127610.0
ING014,2024-01-05,127750.0
ING014,2024-01-06,127340.0
ING014,2024-01-07,127200.0
ING014,2024-01-08,126580.0
ING014,2024-01-09,127340.0
ING014,2024-01-10,127680.0
ING014,2024-01-11,128310.0
ING014,2024-01-12,128960.0
ING014,2024-01-13,128660.0
ING014,2024-01-14,128080.0
ING014,2024-01-15,128030.0
ING014,2024-01-16,127530.0
ING014,2024-01-17,127630.0
ING014,2024-01-18,128270.0
ING014,2024-01-19,128150.0
ING014,2024-01-20,128220.0
ING014,2024-01-21,128150.0
ING014,2024-01-22,128580.0
ING014,2024-01-23,128170.0
ING014,2024-01-24,126910.0
ING014,2024-01-25,127230.0
ING014,2024-01-26,127810.0
ING014,2024-01-27,128070.0
ING014,2024-01-28,127700.0
ING014,2024-01-29,127070.0
ING014,2024-01-30,127390.0
ING014,2024-01-31,127500.0
ING014,2024-02-01,127450.0
ING014,2024-02-02,128500.0
ING014,2024-02-03,127940.0
ING014,2024-02-04,128940.0
ING014,2024-02-05,128910.0
ING014,2024-02-06,127840.0
ING014,2024-02-07,127740.0
ING014,2024-02-08,128300.0
ING014,2024-02-09,128080.0
ING014,2024-02-10,127250.0
ING014,2024-02-11,127200.0
ING014,2024-02-12,126760.0
ING014,2024-02-13,127110.0
ING014,2024-02-14,127590.0
ING014,2024-02-15,127030.0
ING014,2024-02-16,126680.0
ING014,2024-02-17,127180.0
ING014,2024-02-18,126750.0
ING014,2024-02-19,126210.0
ING014,2024-02-20,125650.0
ING014,2024-02-21,125980.0
ING014,2024-02-22,126260.0
ING014,2024-02-23,125980.0
ING014,2024-02-24,126100.0
ING014,2024-02-25,127060.0
ING014,2024-02-26,126580.0
ING014,2024-02-27,125560.0
ING014,2024-02-28,125960.0
ING014,2024-02-29,126010.0
ING014,2024-03-01,125730.0
ING014,2024-03-02,126230.0
ING014,2024-03-03,126810.0
ING014,2024-03-04,125650.0
ING014,2024-03-05,125420.0
ING014,2024-03-06,126870.0
ING014,2024-03-07,127280.0
ING014,2024-03-08,127710.0
ING014,2024-03-09,128410.0
ING014,2024-03-10,128420.0
ING014,2024-03-11,128870.0
ING014,2024-03-12,129260.0
ING014,2024-03-13,129520.0
ING014,2024-03-14,129290.0
ING014,2024-03-15,129350.0
ING014,2024-03-16,128980.0
ING014,2024-03-17,128970.0
ING014,2024-03-18,128290.0
ING014,2024-03-19,127860.0
ING014,2024-03-20,127740.0
ING014,2024-03-21,127250.0
ING014,2024-03-22,127040.0
ING014,2024-03-23,127020.0
ING014,2024-03-24,127330.0
ING014,2024-03-25,127930.0
ING014,2024-03-26,127710.0
ING014,2024-03-27,128510.0
ING014,2024-03-28,129050.0
ING014,2024-03-29,129320.0
ING014,2024-03-30,129370.0
ING014,2024-03-31,129520.0
ING014,2024-04-01,130150.0
ING014,2024-04-02,130770.0
ING014,2024-04-03,131420.0
ING014,2024-04-04,131320.0
ING014,2024-04-05,131500.0
ING014,2024-04-06,132130.0
ING014,2024-04-07,131610.0
ING014,2024-04-08,131290.0
ING014,2024-04-09,131180.0
ING014,2024-04-10,131570.0
ING014,2024-04-11,131960.0
ING014,2024-04-12,131670.0
ING014,2024-04-13,130690.0
ING014,2024-04-14,130740.0
ING014,2024-04-15,130130.0
ING014,2024-04-16,129240.0
ING014,2024-04-17,128510.0
ING014,2024-04-18,128720.0
ING014,2024-04-19,129500.0
ING014,2024-04-20,129500.0
ING014,2024-04-21,129600.0
ING014,2024-04-22,130230.0
ING014,2024-04-23,129310.0
ING014,2024-04-24,129590.0
ING014,2024-04-25,129560.0
ING014,2024-04-26,129850.0
ING014,2024-04-27,129550.0
ING014,2024-04-28,129060.0
ING014,2024-04-29,129150.0
ING014,2024-04-30,130080.0
ING014,2024-05-01,130520.0
ING014,2024-05-02,130160.0
ING014,2024-05-03,129360.0
ING014,2024-05-04,128410.0
ING014,2024-05-05,129190.0
ING014,2024-05-06,128660.0
ING014,2024-05-07,128500.0
ING014,2024-05-08,129280.0
ING014,2024-05-09,128380.0
ING014,2024-05-10,129260.0
ING014,2024-05-11,129120.0
ING014,2024-05-12,128490.0
ING014,2024-05-13,128390.0
ING014,2024-05-14,128030.0
ING014,2024-05-15,128350.0
ING014,2024-05-16,128030.0
ING014,2024-05-17,127030.0
ING014,2024-05-18,127020.0
ING014,2024-05-19,126380.0
ING014,2024-05-20,126650.0
ING014,2024-05-21,126120.0
ING014,2024-05-22,126010.0
ING014,2024-05-23,126290.0
ING014,2024-05-24,126330.0
ING014,2024-05-25,126630.0
ING014,2024-05-26,127160.0
ING014,2024-05-27,126620.0
ING014,2024-05-28,126730.0
ING014,2024-05-29,125000.0
ING014,2024-05-30,125370.0
ING014,2024-05-31,125410.0
ING014,2024-06-01,125070.0
ING014,2024-06-02,125470.0
ING014,2024-06-03,126340.0
ING014,2024-06-04,126240.0
ING014,2024-06-05,125880.0
ING014,2024-06-06,126160.0
ING014,2024-06-07,125590.0
ING014,2024-06-08,125420.0
ING014,2024-06-09,126320.0
ING014,2024-06-10,126530.0
ING014,2024-06-11,125630.0
ING014,2024-06-12,124830.0
ING014,2024-06-13,125160.0
ING014,2024-06-14,125880.0
ING014,2024-06-15,125170.0
ING014,2024-06-16,125650.0
ING014,2024-06-17,126610.0
ING014,2024-06-18,127830.0
ING014,2024-06-19,128120.0
ING014,2024-06-20,128490.0
ING014,2024-06-21,127360.0
ING014,2024-06-22,128670.0
ING014,2024-06-23,128410.0
ING014,2024-06-24,127960.0
ING014,2024-06-25,127910.0
ING014,2024-06-26,128860.0
ING014,2024-06-27,130160.0
ING014,2024-06-28,130220.0
ING014,2024-06-29,130770.0
ING014,2024-06-30,130760.0
ING014,2024-07-01,130140.0
ING014,2024-07-02,130960.0
ING014,2024-07-03,130570.0
ING014,2024-07-04,131400.0
ING014,2024-07-05,132070.0
ING014,2024-07-06,132310.0
ING014,2024-07-07,133230.0
ING014,2024-07-08,134330.0
ING014,2024-07-09,134020.0
ING014,2024-07-10,133370.0
ING014,2024-07-11,132160.0
ING014,2024-07-12,133330.0
ING014,2024-07-13,132920.0
ING014,2024-07-14,133420.0
ING014,2024-07-15,132850.0
ING014,2024-07-16,133580.0
ING014,2024-07-17,133020.0
ING014,2024-07-18,132210.0
ING014,2024-07-19,131990.0
ING014,2024-07-20,131610.0
ING014,2024-07-21,131880.0
ING014,2024-07-22,131770.0
ING014,2024-07-23,132050.0
ING014,2024-07-24,131800.0
ING014,2024-07-25,131350.0
ING014,2024-07-26,130980.0
ING014,2024-07-27,132100.0
ING014,2024-07-28,132140.0
ING014,2024-07-29,130930.0
ING014,2024-07-30,130620.0
ING014,2024-07-31,130660.0
ING014,2024-08-01,131690.0
ING014,2024-08-02,132200.0
ING014,2024-08-03,131600.0
ING014,2024-08-04,132900.0
ING014,2024-08-05,132770.0
ING014,2024-08-06,133350.0
ING014,2024-08-07,132560.0
ING014,2024-08-08,131110.0
ING014,2024-08-09,130290.0
ING014,2024-08-10,128480.0
ING014,2024-08-11,129770.0
ING014,2024-08-12,129930.0
ING014,2024-08-13,129440.0
ING014,2024-08-14,129760.0
ING014,2024-08-15,129910.0
ING014,2024-08-16,130290.0
ING014,2024-08-17,130990.0
ING014,2024-08-18,130810.0
ING014,2024-08-19,130310.0
ING014,2024-08-20,130800.0
ING014,2024-08-21,131240.0
ING014,2024-08-22,131270.0
ING014,2024-08-23,132470.0
ING014,2024-08-24,132140.0
ING014,2024-08-25,131570.0
ING014,2024-08-26,131760.0
ING014,2024-08-27,131330.0
ING014,2024-08-28,131590.0
ING014,2024-08-29,131080.0
ING014,2024-08-30,130840.0
ING014,2024-08-31,131910.0
ING014,2024-09-01,131630.0
ING014,2024-09-02,131140.0
ING014,2024-09-03,131790.0
ING014,2024-09-04,131150.0
ING014,2024-09-05,130750.0
ING014,2024-09-06,131080.0
ING014,2024-09-07,131600.0
ING014,2024-09-08,132260.0
ING014,2024-09-09,131770.0
ING014,2024-09-10,132070.0
ING014,2024-09-11,131750.0
ING014,2024-09-12,131380.0
ING014,2024-09-13,132030.0
ING014,2024-09-14,131680.0
ING014,2024-09-15,131800.0
ING014,2024-09-16,131850.0
ING014,2024-09-17,131210.0
ING014,2024-09-18,131750.0
ING014,2024-09-19,132030.0
ING014,2024-09-20,130870.0
ING014,2024-09-21,131040.0
ING014,2024-09-22,130610.0
ING014,2024-09-23,131250.0
ING014,2024-09-24,130440.0
ING014,2024-09-25,130270.0
ING014,2024-09-26,130530.0
ING014,2024-09-27,130590.0
ING014,2024-09-28,131050.0
ING014,2024-09-29,130210.0
ING014,2024-09-30,131190.0
ING014,2024-10-01,131490.0
ING014,2024-10-02,132240.0
ING014,2024-10-03,132690.0
ING014,2024-10-04,132610.0
ING014,2024-10-05,131830.0
ING014,2024-10-06,131490.0
ING014,2024-10-07,132370.0
ING014,2024-10-08,133100.0
ING014,2024-10-09,132670.0
ING014,2024-10-10,131020.0
ING014,2024-10-11,130920.0
ING014,2024-10-12,130780.0
ING014,2024-10-13,130670.0
ING014,2024-10-14,131010.0
ING014,2024-10-15,131530.0
ING014,2024-10-16,132080.0
ING014,2024-10-17,132300.0
ING014,2024-10-18,131250.0
ING014,2024-10-19,131070.0
ING014,2024-10-20,132390.0
ING014,2024-10-21,132560.0
ING014,2024-10-22,132720.0
ING014,2024-10-23,132860.0
ING014,2024-10-24,133030.0
ING014,2024-10-25,131620.0
ING014,2024-10-26,131480.0
ING014,2024-10-27,131470.0
ING014,2024-10-28,132200.0
ING014,2024-10-29,132200.0
ING014,2024-10-30,131250.0
ING014,2024-10-31,131510.0
ING014,2024-11-01,131070.0
ING014,2024-11-02,130420.0
ING014,2024-11-03,130010.0
ING014,2024-11-04,130400.0
ING014,2024-11-05,131180.0
ING014,2024-11-06,131480.0
ING014,2024-11-07,131850.0
ING014,2024-11-08,132110.0
ING014,2024-11-09,132160.0
ING014,2024-11-10,132530.0
ING014,2024-11-11,131140.0
ING014,2024-11-12,131230.0
ING014,2024-11-13,130680.0
ING014,2024-11-14,131390.0
ING014,2024-11-15,131330.0
ING014,2024-11-16,131380.0
ING014,2024-11-17,130560.0
ING014,2024-11-18,131200.0
ING014,2024-11-19,131590.0
ING014,2024-11-20,131920.0
ING014,2024-11-21,131470.0
ING014,2024-11-22,131060.0
ING014,2024-11-23,131230.0
ING014,2024-11-24,130880.0
ING014,2024-11-25,131180.0
ING014,2024-11-26,130010.0
ING014,2024-11-27,129840.0
ING014,2024-11-28,130960.0
ING014,2024-11-29,131260.0
ING014,2024-11-30,131400.0
ING014,2024-12-01,132550.0
ING014,2024-12-02,131220.0
ING014,2024-12-03,130800.0
ING014,2024-12-04,130640.0
ING014,2024-12-05,131200.0
ING014,2024-12-06,131740.0
ING014,2024-12-07,131280.0
ING014,2024-12-08,131890.0
ING014,2024-12-09,131680.0
ING014,2024-12-10,132390.0
ING014,2024-12-11,131800.0
ING014,2024-12-12,131750.0
ING014,2024-12-13,131500.0
ING014,2024-12-14,132140.0
ING014,2024-12-15,131850.0
ING014,2024-12-16,131850.0
ING014,2024-12-17,132160.0
ING014,2024-12-18,132470.0
ING014,2024-12-19,132970.0
ING014,2024-12-20,133060.0
ING014,2024-12-21,132790.0
ING014,2024-12-22,132570.0
ING014,2024-12-23,132580.0
ING014,2024-12-24,132710.0
ING014,2024-12-25,132610.0
ING014,2024-12-26,132620.0
ING014,2024-12-27,131760.0
ING014,2024-12-28,132170.0
ING014,2024-12-29,132290.0
ING014,2024-12-30,132860.0
ING014,2024-12-31,132840.0
ING014,2025-01-01,131850.0
ING014,2025-01-02,131680.0
ING014,2025-01-03,131610.0
ING014,2025-01-04,132080.0
ING014,2025-01-05,130940.0
ING014,2025-01-06,131050.0
ING014,2025-01-07,131420.0
ING014,2025-01-08,131100.0
ING014,2025-01-09,131220.0
ING014,2025-01-10,130940.0
ING014,2025-01-11,130620.0
ING014,2025-01-12,130490.0
ING014,2025-01-13,130200.0
ING014,2025-01-14,130710.0
ING014,2025-01-15,130400.0
ING014,2025-01-16,130010.0
ING014,2025-01-17,131140.0
ING014,2025-01-18,131760.0
ING014,2025-01-19,130770.0
ING014,2025-01-20,130440.0
ING014,2025-01-21,130690.0
ING014,2025-01-22,130980.0
ING014,2025-01-23,130230.0
ING014,2025-01-24,131020.0
ING014,2025-01-25,131570.0
ING014,2025-01-26,131910.0
ING014,2025-01-27,132720.0
ING014,2025-01-28,132990.0
ING014,2025-01-29,133230.0
ING014,2025-01-30,134100.0
ING014,2025-01-31,134660.0
ING014,2025-02-01,134100.0
ING014,2025-02-02,134400.0
ING014,2025-02-03,133950.0
ING014,2025-02-04,134190.0
ING014,2025-02-05,134400.0
ING014,2025-02-06,133550.0
ING014,2025-02-07,133460.0
ING014,2025-02-08,133590.0
ING014,2025-02-09,133320.0
ING014,2025-02-10,133480.0
ING014,2025-02-11,133920.0
ING014,2025-02-12,133860.0
ING014,2025-02-13,133950.0
ING014,2025-02-14,134690.0
ING014,2025-02-15,134880.0
ING014,2025-02-16,134900.0
ING014,2025-02-17,134280.0
ING014,2025-02-18,134600.0
ING014,2025-02-19,134720.0
ING014,2025-02-20,135360.0
ING014,2025-02-21,135280.0
ING014,2025-02-22,134160.0
ING014,2025-02-23,133160.0
ING014,2025-02-24,133580.0
ING014,2025-02-25,133240.0
ING014,2025-02-26,133490.0
ING014,2025-02-27,133550.0
ING014,2025-02-28,133440.0
ING014,2025-03-01,133380.0
ING014,2025-03-02,132890.0
ING014,2025-03-03,132910.0
ING014,2025-03-04,132600.0
ING014,2025-03-05,132430.0
ING014,2025-03-06,132300.0
ING014,2025-03-07,132230.0
ING014,2025-03-08,132810.0
ING014,2025-03-09,132770.0
ING014,2025-03-10,133380.0
ING014,2025-03-11,134250.0
ING014,2025-03-12,134690.0
ING014,2025-03-13,134930.0
ING014,2025-03-14,135050.0
ING014,2025-03-15,135460.0
ING014,2025-03-16,135410.0
ING014,2025-03-17,135870.0
ING014,2025-03-18,136100.0
ING014,2025-03-19,135780.0
ING014,2025-03-20,136170.0
ING014,2025-03-21,136100.0
ING014,2025-03-22,135910.0
ING014,2025-03-23,135530.0
ING014,2025-03-24,135530.0
ING014,2025-03-25,136000.0
ING014,2025-03-26,136380.0
ING014,2025-03-27,136450.0
ING014,2025-03-28,136650.0
ING014,2025-03-29,137220.0
ING014,2025-03-30,136960.0
ING014,2025-03-31,136170.0
ING014,2025-04-01,136780.0
ING014,2025-04-02,136330.0
ING014,2025-04-03,135820.0
ING014,2025-04-04,134710.0
ING014,2025-04-05,134990.0
ING014,2025-04-06,134020.0
ING014,2025-04-07,133590.0
ING014,2025-04-08,133930.0
ING014,2025-04-09,134330.0
ING014,2025-04-10,133940.0
ING014,2025-04-11,133870.0
ING014,2025-04-12,133380.0
ING014,2025-04-13,133100.0
ING014,2025-04-14,133290.0
ING014,2025-04-15,133040.0
ING014,2025-04-16,132950.0
ING014,2025-04-17,132180.0
ING014,2025-04-18,132910.0
ING014,2025-04-19,133250.0
ING014,2025-04-20,133730.0
ING014,2025-04-21,134480.0
ING014,2025-04-22,133990.0
ING014,2025-04-23,133790.0
ING014,2025-04-24,132740.0
ING014,2025-04-25,134580.0
ING014,2025-04-26,134470.0
ING014,2025-04-27,135040.0
ING014,2025-04-28,134290.0
ING014,2025-04-29,134850.0
ING014,2025-04-30,135860.0
ING014,2025-05-01,135740.0
ING014,2025-05-02,135090.0
ING014,2025-05-03,134970.0
ING014,2025-05-04,133680.0
ING014,2025-05-05,133690.0
ING014,2025-05-06,134180.0
ING014,2025-05-07,134160.0
ING014,2025-05-08,134010.0
ING014,2025-05-09,134320.0
ING014,2025-05-10,134660.0
ING014,2025-05-11,133710.0
ING014,2025-05-12,133790.0
ING014,2025-05-13,135190.0
ING014,2025-05-14,134390.0
ING014,2025-05-15,134340.0
ING014,2025-05-16,135440.0
ING014,2025-05-17,136010.0
ING014,2025-05-18,135640.0
ING014,2025-05-19,135690.0
ING014,2025-05-20,135630.0
ING014,2025-05-21,135150.0
ING014,2025-05-22,135070.0
ING014,2025-05-23,134890.0
ING014,2025-05-24,134930.0
ING014,2025-05-25,134490.0
ING014,2025-05-26,133770.0
ING014,2025-05-27,133790.0
ING014,2025-05-28,134790.0
ING014,2025-05-29,134820.0
ING014,2025-05-30,134630.0
ING014,2025-05-31,135050.0
ING014,2025-06-01,134940.0
ING014,2025-06-02,135970.0
ING014,2025-06-03,135900.0
ING014,2025-06-04,136230.0
ING014,2025-06-05,135730.0
ING014,2025-06-06,135960.0
ING014,2025-06-07,136050.0
ING014,2025-06-08,135950.0
ING014,2025-06-09,135610.0
ING014,2025-06-10,135200.0
ING014,2025-06-11,135340.0
ING014,2025-06-12,135660.0
ING014,2025-06-13,135550.0
ING014,2025-06-14,135670.0
ING014,2025-06-15,135610.0
ING014,2025-06-16,135620.0
ING014,2025-06-17,135470.0
ING014,2025-06-18,135450.0
ING014,2025-06-19,136940.0
ING014,2025-06-20,137010.0
ING014,2025-06-21,137260.0
ING014,2025-06-22,137390.0
ING014,2025-06-23,137120.0
ING014,2025-06-24,137740.0
ING014,2025-06-25,137430.0
ING014,2025-06-26,137900.0
ING014,2025-06-27,137570.0
ING014,2025-06-28,136900.0
ING014,2025-06-29,137010.0
ING014,2025-06-30,136290.0
ING014,2025-07-01,136520.0
ING014,2025-07-02,135780.0
ING014,2025-07-03,135560.0
ING014,2025-07-04,134730.0
ING014,2025-07-05,136340.0
ING014,2025-07-06,135340.0
ING014,2025-07-07,135340.0
ING014,2025-07-08,135970.0
ING014,2025-07-09,136510.0
ING014,2025-07-10,136920.0
ING014,2025-07-11,136650.0
ING014,2025-07-12,137340.0
ING014,2025-07-13,137740.0
ING014,2025-07-14,137730.0
ING014,2025-07-15,137740.0
ING014,2025-07-16,137450.0
ING014,2025-07-17,136820.0
ING014,2025-07-18,137440.0
ING014,2025-07-19,138070.0
ING014,2025-07-20,137430.0
ING014,2025-07-21,137240.0
ING014,2025-07-22,137060.0
ING014,2025-07-23,136960.0
ING014,2025-07-24,136910.0
ING014,2025-07-25,137370.0
ING014,2025-07-26,136840.0
ING014,2025-07-27,136290.0
ING014,2025-07-28,136940.0
ING014,2025-07-29,136610.0
ING014,2025-07-30,135840.0
ING014,2025-07-31,135540.0
ING014,2025-08-01,135350.0
ING014,2025-08-02,136230.0
ING014,2025-08-03,136710.0
ING014,2025-08-04,137300.0
ING014,2025-08-05,137670.0
ING014,2025-08-06,138090.0
ING014,2025-08-07,137580.0
ING014,2025-08-08,137360.0
ING014,2025-08-09,136720.0
ING014,2025-08-10,136540.0
ING014,2025-08-11,136880.0
ING014,2025-08-12,136890.0
ING014,2025-08-13,137560.0
ING014,2025-08-14,136820.0
ING014,2025-08-15,137040.0
ING014,2025-08-16,136270.0
ING014,2025-08-17,136290.0
ING014,2025-08-18,136680.0
ING014,2025-08-19,136510.0
ING014,2025-08-20,136780.0
ING014,2025-08-21,136180.0
ING014,2025-08-22,135230.0
ING014,2025-08-23,135570.0
ING014,2025-08-24,136560.0
ING014,2025-08-25,135960.0
ING014,2025-08-26,136630.0
ING014,2025-08-27,136620.0
ING014,2025-08-28,135830.0
ING014,2025-08-29,135190.0
ING014,2025-08-30,135230.0
ING014,2025-08-31,135030.0
ING014,2025-09-01,134340.0
ING014,2025-09-02,133460.0
ING014,2025-09-03,133110.0
ING014,2025-09-04,133350.0
ING014,2025-09-05,133480.0
ING014,2025-09-06,133320.0
ING014,2025-09-07,133560.0
ING014,2025-09-08,134270.0
ING014,2025-09-09,134580.0
ING014,2025-09-10,134580.0
ING014,2025-09-11,135170.0
ING014,2025-09-12,134670.0
ING014,2025-09-13,134610.0
ING014,2025-09-14,134570.0
ING014,2025-09-15,133950.0
ING014,2025-09-16,133820.0
ING014,2025-09-17,132770.0
ING014,2025-09-18,134010.0
ING014,2025-09-19,133590.0
ING014,2025-09-20,134610.0
ING014,2025-09-21,134700.0
ING014,2025-09-22,135090.0
ING014,2025-09-23,134870.0
ING014,2025-09-24,135050.0
ING014,2025-09-25,135480.0
ING014,2025-09-26,135890.0
ING014,2025-09-27,136340.0
ING014,2025-09-28,136130.0
ING014,2025-09-29,135860.0
ING014,2025-09-30,134990.0
ING014,2025-10-01,135350.0
ING014,2025-10-02,136000.0
ING014,2025-10-03,136930.0
ING014,2025-10-04,137070.0
ING014,2025-10-05,136600.0
ING014,2025-10-06,135630.0
ING014,2025-10-07,136250.0
ING014,2025-10-08,135250.0
ING014,2025-10-09,135110.0
ING014,2025-10-10,135050.0
ING014,2025-10-11,135080.0
ING014,2025-10-12,135170.0
ING014,2025-10-13,135310.0
ING014,2025-10-14,134010.0
ING014,2025-10-15,134140.0
ING014,2025-10-16,133000.0
ING014,2025-10-17,133590.0
ING014,2025-10-18,133420.0
ING014,2025-10-19,132360.0
ING014,2025-10-20,132110.0
ING014,2025-10-21,132010.0
ING014,2025-10-22,132910.0
ING014,2025-10-23,133210.0
ING014,2025-10-24,133570.0
ING014,2025-10-25,134380.0
ING014,2025-10-26,134440.0
ING014,2025-10-27,134980.0
ING014,2025-10-28,135440.0
ING014,2025-10-29,134780.0
ING014,2025-10-30,135700.0
ING014,2025-10-31,134950.0
ING014,2025-11-01,135560.0
ING014,2025-11-02,134760.0
ING014,2025-11-03,135200.0
ING014,2025-11-04,136320.0
ING014,2025-11-05,136220.0
ING014,2025-11-06,136110.0
ING014,2025-11-07,136480.0
ING014,2025-11-08,136310.0
ING014,2025-11-09,137360.0
ING014,2025-11-10,137440.0
ING014,2025-11-11,137230.0
ING014,2025-11-12,136910.0
ING014,2025-11-13,136380.0
ING014,2025-11-14,136050.0
ING014,2025-11-15,135900.0
ING014,2025-11-16,135670.0
ING014,2025-11-17,135370.0
ING014,2025-11-18,136630.0
ING014,2025-11-19,136060.0
ING014,2025-11-20,136190.0
ING014,2025-11-21,136560.0
ING014,2025-11-22,136940.0
ING014,2025-11-23,136910.0
ING014,2025-11-24,136780.0
ING014,2025-11-25,137040.0
ING014,2025-11-26,137190.0
ING014,2025-11-27,137040.0
ING014,2025-11-28,136160.0
ING014,2025-11-29,135950.0
ING014,2025-11-30,135360.0
ING014,2025-12-01,135070.0
ING014,2025-12-02,135190.0
ING014,2025-12-03,135490.0
ING014,2025-12-04,136580.0
ING014,2025-12-05,136300.0
ING014,2025-12-06,136780.0
ING014,2025-12-07,136980.0
ING014,2025-12-08,137720.0
ING014,2025-12-09,138020.0
ING014,2025-12-10,137410.0
ING014,2025-12-11,136430.0
ING014,2025-12-12,136650.0
ING014,2025-12-13,136380.0
ING014,2025-12-14,135880.0
ING014,2025-12-15,135230.0
ING014,2025-12-16,135430.0
ING014,2025-12-17,136370.0
ING014,2025-12-18,136190.0
ING014,2025-12-19,136580.0
ING014,2025-12-20,136560.0
ING014,2025-12-21,135880.0
ING014,2025-12-22,136370.0
ING014,2025-12-23,135800.0
ING014,2025-12-24,135900.0
ING014,2025-12-25,135780.0
ING014,2025-12-26,136370.0
ING014,2025-12-27,135830.0
ING014,2025-12-28,136130.0
ING014,2025-12-29,135730.0
ING014,2025-12-30,135530.0
ING014,2025-12-31,133580.0
ING014,2026-01-01,134960.0
ING014,2026-01-02,135400.0
ING014,2026-01-03,135070.0
ING014,2026-01-04,134570.0
ING014,2026-01-05,134440.0
ING014,2026-01-06,135000.0
ING014,2026-01-07,134070.0
ING014,2026-01-08,134160.0
ING014,2026-01-09,135330.0
ING014,2026-01-10,134810.0
ING014,2026-01-11,135000.0
ING014,2026-01-12,136370.0
ING014,2026-01-13,136800.0
ING014,2026-01-14,136910.0
ING014,2026-01-15,137240.0
ING014,2026-01-16,137040.0
ING014,2026-01-17,137800.0
ING014,2026-01-18,137580.0
ING014,2026-01-19,136490.0
ING014,2026-01-20,136330.0
ING014,2026-01-21,135860.0
ING014,2026-01-22,135800.0
ING014,2026-01-23,135760.0
ING014,2026-01-24,136540.0
ING014,2026-01-25,136990.0
ING014,2026-01-26,137190.0
ING014,2026-01-27,137220.0
ING014,2026-01-28,136660.0
ING014,2026-01-29,135490.0
ING014,2026-01-30,135680.0
ING014,2026-01-31,136240.0
ING014,2026-02-01,136260.0
ING014,2026-02-02,136050.0
ING014,2026-02-03,136410.0
ING014,2026-02-04,136440.0
ING014,2026-02-05,137470.0
ING014,2026-02-06,138190.0
ING014,2026-02-07,138720.0
ING014,2026-02-08,139110.0
ING014,2026-02-09,138340.0
ING014,2026-02-10,138700.0
ING014,2026-02-11,138880.0
ING014,2026-02-12,139180.0
ING014,2026-02-13,139400.0
ING014,2026-02-14,139600.0
ING014,2026-02-15,141040.0
ING014,2026-02-16,140860.0
ING014,2026-02-17,141250.0
ING014,2026-02-18,140830.0
ING014,2026-02-19,141140.0
ING014,2026-02-20,141530.0
ING014,2026-02-21,141570.0
ING014,2026-02-22,142340.0
ING014,2026-02-23,141640.0
ING014,2026-02-24,141200.0
ING014,2026-02-25,141170.0
ING014,2026-02-26,141520.0
ING014,2026-02-27,141460.0
ING014,2026-02-28,142030.0
ING014,2026-03-01,141470.0
ING014,2026-03-02,140680.0
ING014,2026-03-03,140730.0
ING014,2026-03-04,140570.0
ING014,2026-03-05,140770.0
ING014,2026-03-06,140640.0
ING014,2026-03-07,140330.0
ING014,2026-03-08,140200.0
ING014,2026-03-09,140130.0
ING014,2026-03-10,139870.0
ING014,2026-03-11,139690.0
ING014,2026-03-12,139400.0
ING014,2026-03-13,139840.0
ING014,2026-03-14,139880.0
ING014,2026-03-15,141080.0
ING014,2026-03-16,141050.0
ING014,2026-03-17,140610.0
ING014,2026-03-18,142010.0
ING014,2026-03-19,142070.0
ING014,2026-03-20,142460.0
ING014,2026-03-21,142600.0
ING014,2026-03-22,142750.0
ING014,2026-03-23,142850.0
ING014,2026-03-24,142020.0
ING014,2026-03-25,142060.0
ING014,2026-03-26,141140.0
ING014,2026-03-27,140920.0
ING014,2026-03-28,140400.0
ING014,2026-03-29,140520.0
ING014,2026-03-30,140620.0
ING014,2026-03-31,140800.0
ING014,2026-04-01,140860.0
ING014,2026-04-02,140410.0
ING014,2026-04-03,140180.0
ING014,2026-04-04,140630.0
ING014,2026-04-05,141140.0
ING014,2026-04-06,140380.0
ING014,2026-04-07,139450.0
ING014,2026-04-08,139010.0
ING014,2026-04-09,139590.0
ING014,2026-04-10,140240.0
ING014,2026-04-11,139650.0
ING014,2026-04-12,139790.0
ING014,2026-04-13,140780.0
ING014,2026-04-14,140920.0
ING014,2026-04-15,141620.0
ING014,2026-04-16,142050.0
ING014,2026-04-17,141380.0
ING014,2026-04-18,141160.0
ING014,2026-04-19,141070.0
ING014,2026-04-20,141030.0
ING014,2026-04-21,141440.0
ING014,2026-04-22,141550.0
ING014,2026-04-23,139780.0
ING014,2026-04-24,139000.0
ING014,2026-04-25,137780.0
ING014,2026-04-26,137940.0
ING014,2026-04-27,138140.0
ING014,2026-04-28,138350.0
ING014,2026-04-29,137850.0
ING014,2026-04-30,138290.0
ING014,2026-05-01,138740.0
ING014,2026-05-02,138060.0
ING014,2026-05-03,137290.0
ING014,2026-05-04,137390.0
ING014,2026-05-05,138490.0
ING014,2026-05-06,139480.0
ING014,2026-05-07,139790.0
ING014,2026-05-08,139350.0
ING014,2026-05-09,139850.0
ING014,2026-05-10,139560.0
ING014,2026-05-11,139120.0
ING014,2026-05-12,137920.0
ING014,2026-05-13,138050.0
ING014,2026-05-14,137760.0
ING014,2026-05-15,137900.0
ING014,2026-05-16,136680.0
ING014,2026-05-17,136910.0
ING014,2026-05-18,135670.0
ING014,2026-05-19,136470.0
ING014,2026-05-20,136910.0
ING014,2026-05-21,136880.0
ING014,2026-05-22,137330.0
ING014,2026-05-23,136880.0
ING014,2026-05-24,137050.0
ING014,2026-05-25,137620.0
ING014,2026-05-26,135980.0
ING014,2026-05-27,135900.0
ING014,2026-05-28,136070.0
ING014,2026-05-29,136140.0
ING014,2026-05-30,137130.0
ING014,2026-05-31,136620.0
ING014,2026-06-01,136420.0
ING014,2026-06-02,135500.0
ING014,2026-06-03,136560.0
ING014,2026-06-04,136570.0
ING014,2026-06-05,136480.0
ING014,2026-06-06,136610.0
ING014,2026-06-07,137120.0
ING014,2026-06-08,137450.0
ING014,2026-06-09,139050.0
ING014,2026-06-10,139340.0
ING014,2026-06-11,139100.0
ING014,2026-06-12,138810.0
ING014,2026-06-13,138640.0
ING014,2026-06-14,137850.0
ING014,2026-06-15,137970.0
ING014,2026-06-16,138510.0
ING014,2026-06-17,138230.0
ING014,2026-06-18,137850.0
ING014,2026-06-19,138810.0
ING014,2026-06-20,138060.0
ING014,2026-06-21,136980.0
ING014,2026-06-22,136480.0
ING014,2026-06-23,135780.0
ING014,2026-06-24,136210.0
ING014,2026-06-25,136190.0
ING014,2026-06-26,136260.0
ING014,2026-06-27,137090.0
ING014,2026-06-28,136850.0
ING014,2026-06-29,137440.0
ING014,2026-06-30,138420.0
ING015,2023-07-01,67880.0
ING015,2023-07-02,68080.0
ING015,2023-07-03,68010.0
ING015,2023-07-04,68270.0
ING015,2023-07-05,67830.0
ING015,2023-07-06,67390.0
ING015,2023-07-07,67320.0
ING015,2023-07-08,67110.0
ING015,2023-07-09,67020.0
ING015,2023-07-10,67010.0
ING015,2023-07-11,67260.0
ING015,2023-07-12,67190.0
ING015,2023-07-13,67010.0
ING015,2023-07-14,66970.0
ING015,2023-07-15,66820.0
ING015,2023-07-16,66630.0
ING015,2023-07-17,66260.0
ING015,2023-07-18,66380.0
ING015,2023-07-19,66310.0
ING015,2023-07-20,66660.0
ING015,2023-07-21,66340.0
ING015,2023-07-22,66290.0
ING015,2023-07-23,66870.0
ING015,2023-07-24,66680.0
ING015,2023-07-25,66690.0
ING015,2023-07-26,66440.0
ING015,2023-07-27,66160.0
ING015,2023-07-28,66680.0
ING015,2023-07-29,66800.0
ING015,2023-07-30,66910.0
ING015,2023-07-31,66520.0
ING015,2023-08-01,66700.0
ING015,2023-08-02,67090.0
ING015,2023-08-03,67460.0
ING015,2023-08-04,67680.0
ING015,2023-08-05,67400.0
ING015,2023-08-06,67530.0
ING015,2023-08-07,67750.0
ING015,2023-08-08,67290.0
ING015,2023-08-09,67030.0
ING015,2023-08-10,67340.0
ING015,2023-08-11,67630.0
ING015,2023-08-12,67240.0
ING015,2023-08-13,67510.0
ING015,2023-08-14,67580.0
ING015,2023-08-15,67830.0
ING015,2023-08-16,67680.0
ING015,2023-08-17,67890.0
ING015,2023-08-18,68140.0
ING015,2023-08-19,68060.0
ING015,2023-08-20,68080.0
ING015,2023-08-21,67920.0
ING015,2023-08-22,68390.0
ING015,2023-08-23,68360.0
ING015,2023-08-24,68110.0
ING015,2023-08-25,67930.0
ING015,2023-08-26,67990.0
ING015,2023-08-27,68210.0
ING015,2023-08-28,67860.0
ING015,2023-08-29,68390.0
ING015,2023-08-30,68480.0
ING015,2023-08-31,68610.0
ING015,2023-09-01,68570.0
ING015,2023-09-02,68570.0
ING015,2023-09-03,68530.0
ING015,2023-09-04,68800.0
ING015,2023-09-05,68780.0
ING015,2023-09-06,68980.0
ING015,2023-09-07,68840.0
ING015,2023-09-08,68870.0
ING015,2023-09-09,68640.0
ING015,2023-09-10,68960.0
ING015,2023-09-11,68720.0
ING015,2023-09-12,68620.0
ING015,2023-09-13,68530.0
ING015,2023-09-14,68430.0
ING015,2023-09-15,68640.0
ING015,2023-09-16,68550.0
ING015,2023-09-17,68930.0
ING015,2023-09-18,68690.0
ING015,2023-09-19,68730.0
ING015,2023-09-20,68510.0
ING015,2023-09-21,68630.0
ING015,2023-09-22,68630.0
ING015,2023-09-23,68590.0
ING015,2023-09-24,68910.0
ING015,2023-09-25,68720.0
ING015,2023-09-26,68880.0
ING015,2023-09-27,68660.0
ING015,2023-09-28,68690.0
ING015,2023-09-29,68360.0
ING015,2023-09-30,68200.0
ING015,2023-10-01,68200.0
ING015,2023-10-02,68720.0
ING015,2023-10-03,68740.0
ING015,2023-10-04,69190.0
ING015,2023-10-05,69230.0
ING015,2023-10-06,69100.0
ING015,2023-10-07,69500.0
ING015,2023-10-08,69580.0
ING015,2023-10-09,69360.0
ING015,2023-10-10,69460.0
ING015,2023-10-11,69340.0
ING015,2023-10-12,68780.0
ING015,2023-10-13,69030.0
ING015,2023-10-14,69320.0
ING015,2023-10-15,69790.0
ING015,2023-10-16,69850.0
ING015,2023-10-17,69730.0
ING015,2023-10-18,69910.0
ING015,2023-10-19,70090.0
ING015,2023-10-20,70470.0
ING015,2023-10-21,70380.0
ING015,2023-10-22,70260.0
ING015,2023-10-23,69990.0
ING015,2023-10-24,70080.0
ING015,2023-10-25,69600.0
ING015,2023-10-26,69770.0
ING015,2023-10-27,69890.0
ING015,2023-10-28,70000.0
ING015,2023-10-29,69980.0
ING015,2023-10-30,70340.0
ING015,2023-10-31,70510.0
ING015,2023-11-01,70260.0
ING015,2023-11-02,70040.0
ING015,2023-11-03,69740.0
ING015,2023-11-04,69850.0
ING015,2023-11-05,69540.0
ING015,2023-11-06,69800.0
ING015,2023-11-07,70120.0
ING015,2023-11-08,69820.0
ING015,2023-11-09,69730.0
ING015,2023-11-10,69700.0
ING015,2023-11-11,69900.0
ING015,2023-11-12,70290.0
ING015,2023-11-13,69770.0
ING015,2023-11-14,69650.0
ING015,2023-11-15,69540.0
ING015,2023-11-16,69140.0
ING015,2023-11-17,69000.0
ING015,2023-11-18,69120.0
ING015,2023-11-19,69040.0
ING015,2023-11-20,68620.0
ING015,2023-11-21,69420.0
ING015,2023-11-22,69480.0
ING015,2023-11-23,69490.0
ING015,2023-11-24,69170.0
ING015,2023-11-25,69240.0
ING015,2023-11-26,69190.0
ING015,2023-11-27,68670.0
ING015,2023-11-28,68400.0
ING015,2023-11-29,68650.0
ING015,2023-11-30,69210.0
ING015,2023-12-01,69300.0
ING015,2023-12-02,69590.0
ING015,2023-12-03,69530.0
ING015,2023-12-04,69490.0
ING015,2023-12-05,69770.0
ING015,2023-12-06,70190.0
ING015,2023-12-07,70500.0
ING015,2023-12-08,70140.0
ING015,2023-12-09,70070.0
ING015,2023-12-10,70110.0
ING015,2023-12-11,69990.0
ING015,2023-12-12,70060.0
ING015,2023-12-13,70240.0
ING015,2023-12-14,70460.0
ING015,2023-12-15,70860.0
ING015,2023-12-16,70690.0
ING015,2023-12-17,70250.0
ING015,2023-12-18,70300.0
ING015,2023-12-19,70760.0
ING015,2023-12-20,70550.0
ING015,2023-12-21,70680.0
ING015,2023-12-22,70800.0
ING015,2023-12-23,70780.0
ING015,2023-12-24,70700.0
ING015,2023-12-25,70380.0
ING015,2023-12-26,69710.0
ING015,2023-12-27,69390.0
ING015,2023-12-28,69280.0
ING015,2023-12-29,69580.0
ING015,2023-12-30,69540.0
ING015,2023-12-31,69390.0
ING015,2024-01-01,69150.0
ING015,2024-01-02,69340.0
ING015,2024-01-03,69710.0
ING015,2024-01-04,69980.0
ING015,2024-01-05,70120.0
ING015,2024-01-06,69680.0
ING015,2024-01-07,69570.0
ING015,2024-01-08,70100.0
ING015,2024-01-09,70370.0
ING015,2024-01-10,69900.0
ING015,2024-01-11,69870.0
ING015,2024-01-12,69940.0
ING015,2024-01-13,69710.0
ING015,2024-01-14,69070.0
ING015,2024-01-15,69120.0
ING015,2024-01-16,68920.0
ING015,2024-01-17,68740.0
ING015,2024-01-18,68680.0
ING015,2024-01-19,68680.0
ING015,2024-01-20,68720.0
ING015,2024-01-21,68520.0
ING015,2024-01-22,68510.0
ING015,2024-01-23,68090.0
ING015,2024-01-24,68240.0
ING015,2024-01-25,67530.0
ING015,2024-01-26,67550.0
ING015,2024-01-27,67910.0
ING015,2024-01-28,67700.0
ING015,2024-01-29,67990.0
ING015,2024-01-30,68380.0
ING015,2024-01-31,67540.0
ING015,2024-02-01,67610.0
ING015,2024-02-02,66920.0
ING015,2024-02-03,67030.0
ING015,2024-02-04,67150.0
ING015,2024-02-05,66600.0
ING015,2024-02-06,67280.0
ING015,2024-02-07,67470.0
ING015,2024-02-08,67350.0
ING015,2024-02-09,67870.0
ING015,2024-02-10,67470.0
ING015,2024-02-11,67240.0
ING015,2024-02-12,66740.0
ING015,2024-02-13,67380.0
ING015,2024-02-14,67580.0
ING015,2024-02-15,67870.0
ING015,2024-02-16,68040.0
ING015,2024-02-17,68280.0
ING015,2024-02-18,68380.0
ING015,2024-02-19,68520.0
ING015,2024-02-20,68610.0
ING015,2024-02-21,68500.0
ING015,2024-02-22,68550.0
ING015,2024-02-23,68690.0
ING015,2024-02-24,68770.0
ING015,2024-02-25,68420.0
ING015,2024-02-26,68120.0
ING015,2024-02-27,68500.0
ING015,2024-02-28,68480.0
ING015,2024-02-29,68710.0
ING015,2024-03-01,68470.0
ING015,2024-03-02,68130.0
ING015,2024-03-03,67990.0
ING015,2024-03-04,68020.0
ING015,2024-03-05,67930.0
ING015,2024-03-06,68380.0
ING015,2024-03-07,68500.0
ING015,2024-03-08,69070.0
ING015,2024-03-09,69220.0
ING015,2024-03-10,68600.0
ING015,2024-03-11,68950.0
ING015,2024-03-12,68590.0
ING015,2024-03-13,68720.0
ING015,2024-03-14,68570.0
ING015,2024-03-15,69220.0
ING015,2024-03-16,69650.0
ING015,2024-03-17,69460.0
ING015,2024-03-18,69450.0
ING015,2024-03-19,69540.0
ING015,2024-03-20,69800.0
ING015,2024-03-21,69810.0
ING015,2024-03-22,69540.0
ING015,2024-03-23,69370.0
ING015,2024-03-24,69400.0
ING015,2024-03-25,69760.0
ING015,2024-03-26,69890.0
ING015,2024-03-27,69690.0
ING015,2024-03-28,69880.0
ING015,2024-03-29,69780.0
ING015,2024-03-30,70040.0
ING015,2024-03-31,70730.0
ING015,2024-04-01,70590.0
ING015,2024-04-02,70780.0
ING015,2024-04-03,70550.0
ING015,2024-04-04,70490.0
ING015,2024-04-05,70480.0
ING015,2024-04-06,70410.0
ING015,2024-04-07,71060.0
ING015,2024-04-08,70930.0
ING015,2024-04-09,71050.0
ING015,2024-04-10,70480.0
ING015,2024-04-11,70580.0
ING015,2024-04-12,70870.0
ING015,2024-04-13,70690.0
ING015,2024-04-14,69980.0
ING015,2024-04-15,69970.0
ING015,2024-04-16,69990.0
ING015,2024-04-17,70190.0
ING015,2024-04-18,70740.0
ING015,2024-04-19,70610.0
ING015,2024-04-20,70350.0
ING015,2024-04-21,70030.0
ING015,2024-04-22,70090.0
ING015,2024-04-23,70230.0
ING015,2024-04-24,70080.0
ING015,2024-04-25,70300.0
ING015,2024-04-26,70420.0
ING015,2024-04-27,70430.0
ING015,2024-04-28,70170.0
ING015,2024-04-29,70040.0
ING015,2024-04-30,69390.0
ING015,2024-05-01,69500.0
ING015,2024-05-02,69550.0
ING015,2024-05-03,69640.0
ING015,2024-05-04,69810.0
ING015,2024-05-05,69940.0
ING015,2024-05-06,69930.0
ING015,2024-05-07,69960.0
ING015,2024-05-08,69590.0
ING015,2024-05-09,69470.0
ING015,2024-05-10,69530.0
ING015,2024-05-11,69370.0
ING015,2024-05-12,69650.0
ING015,2024-05-13,69510.0
ING015,2024-05-14,69610.0
ING015,2024-05-15,69680.0
ING015,2024-05-16,69920.0
ING015,2024-05-17,70190.0
ING015,2024-05-18,70390.0
ING015,2024-05-19,69820.0
ING015,2024-05-20,70170.0
ING015,2024-05-21,70600.0
ING015,2024-05-22,70460.0
ING015,2024-05-23,70520.0
ING015,2024-05-24,70280.0
ING015,2024-05-25,69750.0
ING015,2024-05-26,69590.0
ING015,2024-05-27,69490.0
ING015,2024-05-28,69440.0
ING015,2024-05-29,69230.0
ING015,2024-05-30,69090.0
ING015,2024-05-31,69160.0
ING015,2024-06-01,69020.0
ING015,2024-06-02,69240.0
ING015,2024-06-03,69490.0
ING015,2024-06-04,70190.0
ING015,2024-06-05,70510.0
ING015,2024-06-06,70580.0
ING015,2024-06-07,70410.0
ING015,2024-06-08,70500.0
ING015,2024-06-09,70590.0
ING015,2024-06-10,70450.0
ING015,2024-06-11,70670.0
ING015,2024-06-12,70280.0
ING015,2024-06-13,70230.0
ING015,2024-06-14,70400.0
ING015,2024-06-15,70330.0
ING015,2024-06-16,70290.0
ING015,2024-06-17,70270.0
ING015,2024-06-18,70060.0
ING015,2024-06-19,70410.0
ING015,2024-06-20,70150.0
ING015,2024-06-21,70260.0
ING015,2024-06-22,70390.0
ING015,2024-06-23,70150.0
ING015,2024-06-24,70190.0
ING015,2024-06-25,69970.0
ING015,2024-06-26,70380.0
ING015,2024-06-27,70090.0
ING015,2024-06-28,69940.0
ING015,2024-06-29,69650.0
ING015,2024-06-30,69330.0
ING015,2024-07-01,69830.0
ING015,2024-07-02,70030.0
ING015,2024-07-03,70100.0
ING015,2024-07-04,69960.0
ING015,2024-07-05,70240.0
ING015,2024-07-06,70040.0
ING015,2024-07-07,70300.0
ING015,2024-07-08,70080.0
ING015,2024-07-09,69940.0
ING015,2024-07-10,70190.0
ING015,2024-07-11,70460.0
ING015,2024-07-12,70640.0
ING015,2024-07-13,70360.0
ING015,2024-07-14,70260.0
ING015,2024-07-15,70330.0
ING015,2024-07-16,70130.0
ING015,2024-07-17,70540.0
ING015,2024-07-18,69900.0
ING015,2024-07-19,69740.0
ING015,2024-07-20,69650.0
ING015,2024-07-21,68940.0
ING015,2024-07-22,68660.0
ING015,2024-07-23,68940.0
ING015,2024-07-24,69050.0
ING015,2024-07-25,69570.0
ING015,2024-07-26,70060.0
ING015,2024-07-27,70220.0
ING015,2024-07-28,70340.0
ING015,2024-07-29,70380.0
ING015,2024-07-30,69690.0
ING015,2024-07-31,69370.0
ING015,2024-08-01,69480.0
ING015,2024-08-02,69720.0
ING015,2024-08-03,69860.0
ING015,2024-08-04,69680.0
ING015,2024-08-05,70000.0
ING015,2024-08-06,70450.0
ING015,2024-08-07,70730.0
ING015,2024-08-08,71020.0
ING015,2024-08-09,70860.0
ING015,2024-08-10,71170.0
ING015,2024-08-11,71200.0
ING015,2024-08-12,71330.0
ING015,2024-08-13,71410.0
ING015,2024-08-14,71360.0
ING015,2024-08-15,71110.0
ING015,2024-08-16,71090.0
ING015,2024-08-17,71360.0
ING015,2024-08-18,71220.0
ING015,2024-08-19,71460.0
ING015,2024-08-20,71640.0
ING015,2024-08-21,71540.0
ING015,2024-08-22,71890.0
ING015,2024-08-23,71760.0
ING015,2024-08-24,72140.0
ING015,2024-08-25,72200.0
ING015,2024-08-26,72150.0
ING015,2024-08-27,71860.0
ING015,2024-08-28,71800.0
ING015,2024-08-29,71710.0
ING015,2024-08-30,71340.0
ING015,2024-08-31,71270.0
ING015,2024-09-01,71050.0
ING015,2024-09-02,71220.0
ING015,2024-09-03,71570.0
ING015,2024-09-04,71220.0
ING015,2024-09-05,71690.0
ING015,2024-09-06,71630.0
ING015,2024-09-07,71340.0
ING015,2024-09-08,71540.0
ING015,2024-09-09,71410.0
ING015,2024-09-10,71380.0
ING015,2024-09-11,71260.0
ING015,2024-09-12,71040.0
ING015,2024-09-13,71250.0
ING015,2024-09-14,71170.0
ING015,2024-09-15,70790.0
ING015,2024-09-16,70960.0
ING015,2024-09-17,70650.0
ING015,2024-09-18,70370.0
ING015,2024-09-19,70750.0
ING015,2024-09-20,70450.0
ING015,2024-09-21,69860.0
ING015,2024-09-22,70110.0
ING015,2024-09-23,70090.0
ING015,2024-09-24,70090.0
ING015,2024-09-25,70070.0
ING015,2024-09-26,70200.0
ING015,2024-09-27,70050.0
ING015,2024-09-28,70520.0
ING015,2024-09-29,70160.0
ING015,2024-09-30,70350.0
ING015,2024-10-01,70570.0
ING015,2024-10-02,70410.0
ING015,2024-10-03,70180.0
ING015,2024-10-04,70520.0
ING015,2024-10-05,70300.0
ING015,2024-10-06,70190.0
ING015,2024-10-07,70500.0
ING015,2024-10-08,70550.0
ING015,2024-10-09,70110.0
ING015,2024-10-10,70650.0
ING015,2024-10-11,70550.0
ING015,2024-10-12,70490.0
ING015,2024-10-13,70610.0
ING015,2024-10-14,70820.0
ING015,2024-10-15,71390.0
ING015,2024-10-16,70950.0
ING015,2024-10-17,71200.0
ING015,2024-10-18,71420.0
ING015,2024-10-19,71390.0
ING015,2024-10-20,71610.0
ING015,2024-10-21,71860.0
ING015,2024-10-22,71470.0
ING015,2024-10-23,71950.0
ING015,2024-10-24,71510.0
ING015,2024-10-25,71210.0
ING015,2024-10-26,71160.0
ING015,2024-10-27,71700.0
ING015,2024-10-28,71610.0
ING015,2024-10-29,71610.0
ING015,2024-10-30,72000.0
ING015,2024-10-31,71900.0
ING015,2024-11-01,71560.0
ING015,2024-11-02,71450.0
ING015,2024-11-03,71840.0
ING015,2024-11-04,71850.0
ING015,2024-11-05,72360.0
ING015,2024-11-06,72530.0
ING015,2024-11-07,72310.0
ING015,2024-11-08,72300.0
ING015,2024-11-09,72030.0
ING015,2024-11-10,71840.0
ING015,2024-11-11,73050.0
ING015,2024-11-12,73260.0
ING015,2024-11-13,73420.0
ING015,2024-11-14,73160.0
ING015,2024-11-15,73520.0
ING015,2024-11-16,73730.0
ING015,2024-11-17,74140.0
ING015,2024-11-18,74520.0
ING015,2024-11-19,73990.0
ING015,2024-11-20,73570.0
ING015,2024-11-21,73210.0
ING015,2024-11-22,72880.0
ING015,2024-11-23,72920.0
ING015,2024-11-24,72710.0
ING015,2024-11-25,73230.0
ING015,2024-11-26,73680.0
ING015,2024-11-27,73580.0
ING015,2024-11-28,74030.0
ING015,2024-11-29,74320.0
ING015,2024-11-30,74080.0
ING015,2024-12-01,73420.0
ING015,2024-12-02,73280.0
ING015,2024-12-03,73040.0
ING015,2024-12-04,73040.0
ING015,2024-12-05,73000.0
ING015,2024-12-06,72970.0
ING015,2024-12-07,73060.0
ING015,2024-12-08,72670.0
ING015,2024-12-09,72740.0
ING015,2024-12-10,72580.0
ING015,2024-12-11,72610.0
ING015,2024-12-12,72830.0
ING015,2024-12-13,72460.0
ING015,2024-12-14,72360.0
ING015,2024-12-15,72310.0
ING015,2024-12-16,72150.0
ING015,2024-12-17,72390.0
ING015,2024-12-18,72170.0
ING015,2024-12-19,72010.0
ING015,2024-12-20,71820.0
ING015,2024-12-21,72120.0
ING015,2024-12-22,71990.0
ING015,2024-12-23,72110.0
ING015,2024-12-24,72650.0
ING015,2024-12-25,72600.0
ING015,2024-12-26,72870.0
ING015,2024-12-27,73290.0
ING015,2024-12-28,73500.0
ING015,2024-12-29,73430.0
ING015,2024-12-30,73540.0
ING015,2024-12-31,73110.0
ING015,2025-01-01,72850.0
ING015,2025-01-02,72650.0
ING015,2025-01-03,73230.0
ING015,2025-01-04,72950.0
ING015,2025-01-05,72690.0
ING015,2025-01-06,72380.0
ING015,2025-01-07,72520.0
ING015,2025-01-08,72540.0
ING015,2025-01-09,72810.0
ING015,2025-01-10,72960.0
ING015,2025-01-11,72550.0
ING015,2025-01-12,72310.0
ING015,2025-01-13,72680.0
ING015,2025-01-14,72600.0
ING015,2025-01-15,72900.0
ING015,2025-01-16,72830.0
ING015,2025-01-17,72530.0
ING015,2025-01-18,72430.0
ING015,2025-01-19,72160.0
ING015,2025-01-20,72010.0
ING015,2025-01-21,72080.0
ING015,2025-01-22,72230.0
ING015,2025-01-23,71790.0
ING015,2025-01-24,71810.0
ING015,2025-01-25,71680.0
ING015,2025-01-26,71530.0
ING015,2025-01-27,71610.0
ING015,2025-01-28,71490.0
ING015,2025-01-29,71910.0
ING015,2025-01-30,72250.0
ING015,2025-01-31,72580.0
ING015,2025-02-01,72430.0
ING015,2025-02-02,72160.0
ING015,2025-02-03,72190.0
ING015,2025-02-04,72160.0
ING015,2025-02-05,72010.0
ING015,2025-02-06,71700.0
ING015,2025-02-07,71730.0
ING015,2025-02-08,71650.0
ING015,2025-02-09,71870.0
ING015,2025-02-10,72080.0
ING015,2025-02-11,72400.0
ING015,2025-02-12,72050.0
ING015,2025-02-13,72180.0
ING015,2025-02-14,72000.0
ING015,2025-02-15,71690.0
ING015,2025-02-16,71610.0
ING015,2025-02-17,71940.0
ING015,2025-02-18,71860.0
ING015,2025-02-19,72320.0
ING015,2025-02-20,72480.0
ING015,2025-02-21,72370.0
ING015,2025-02-22,72690.0
ING015,2025-02-23,72800.0
ING015,2025-02-24,72530.0
ING015,2025-02-25,73040.0
ING015,2025-02-26,73080.0
ING015,2025-02-27,73060.0
ING015,2025-02-28,72800.0
ING015,2025-03-01,73110.0
ING015,2025-03-02,73220.0
ING015,2025-03-03,73360.0
ING015,2025-03-04,73180.0
ING015,2025-03-05,73380.0
ING015,2025-03-06,73580.0
ING015,2025-03-07,73350.0
ING015,2025-03-08,72930.0
ING015,2025-03-09,73070.0
ING015,2025-03-10,72620.0
ING015,2025-03-11,72660.0
ING015,2025-03-12,72540.0
ING015,2025-03-13,72870.0
ING015,2025-03-14,72750.0
ING015,2025-03-15,73050.0
ING015,2025-03-16,72890.0
ING015,2025-03-17,73150.0
ING015,2025-03-18,73690.0
ING015,2025-03-19,73350.0
ING015,2025-03-20,73390.0
ING015,2025-03-21,74100.0
ING015,2025-03-22,74050.0
ING015,2025-03-23,74000.0
ING015,2025-03-24,74150.0
ING015,2025-03-25,74090.0
ING015,2025-03-26,73560.0
ING015,2025-03-27,73820.0
ING015,2025-03-28,73230.0
ING015,2025-03-29,73090.0
ING015,2025-03-30,73400.0
ING015,2025-03-31,73270.0
ING015,2025-04-01,73060.0
ING015,2025-04-02,73280.0
ING015,2025-04-03,73030.0
ING015,2025-04-04,72680.0
ING015,2025-04-05,72760.0
ING015,2025-04-06,72710.0
ING015,2025-04-07,72380.0
ING015,2025-04-08,72580.0
ING015,2025-04-09,72720.0
ING015,2025-04-10,72620.0
ING015,2025-04-11,72560.0
ING015,2025-04-12,72700.0
ING015,2025-04-13,73030.0
ING015,2025-04-14,72940.0
ING015,2025-04-15,73120.0
ING015,2025-04-16,73260.0
ING015,2025-04-17,73480.0
ING015,2025-04-18,73460.0
ING015,2025-04-19,73190.0
ING015,2025-04-20,73050.0
ING015,2025-04-21,73130.0
ING015,2025-04-22,73620.0
ING015,2025-04-23,73450.0
ING015,2025-04-24,73650.0
ING015,2025-04-25,73520.0
ING015,2025-04-26,73520.0
ING015,2025-04-27,73910.0
ING015,2025-04-28,74070.0
ING015,2025-04-29,73680.0
ING015,2025-04-30,73490.0
ING015,2025-05-01,73800.0
ING015,2025-05-02,73800.0
ING015,2025-05-03,73450.0
ING015,2025-05-04,73210.0
ING015,2025-05-05,73390.0
ING015,2025-05-06,73640.0
ING015,2025-05-07,73610.0
ING015,2025-05-08,74260.0
ING015,2025-05-09,74420.0
ING015,2025-05-10,74290.0
ING015,2025-05-11,74010.0
ING015,2025-05-12,73690.0
ING015,2025-05-13,73750.0
ING015,2025-05-14,73590.0
ING015,2025-05-15,74020.0
ING015,2025-05-16,74370.0
ING015,2025-05-17,74480.0
ING015,2025-05-18,74090.0
ING015,2025-05-19,73860.0
ING015,2025-05-20,74170.0
ING015,2025-05-21,73960.0
ING015,2025-05-22,74230.0
ING015,2025-05-23,74300.0
ING015,2025-05-24,74260.0
ING015,2025-05-25,74010.0
ING015,2025-05-26,73950.0
ING015,2025-05-27,73960.0
ING015,2025-05-28,74200.0
ING015,2025-05-29,73910.0
ING015,2025-05-30,73810.0
ING015,2025-05-31,73790.0
ING015,2025-06-01,73940.0
ING015,2025-06-02,73660.0
ING015,2025-06-03,73280.0
ING015,2025-06-04,73460.0
ING015,2025-06-05,73040.0
ING015,2025-06-06,73400.0
ING015,2025-06-07,73350.0
ING015,2025-06-08,72920.0
ING015,2025-06-09,72810.0
ING015,2025-06-10,72940.0
ING015,2025-06-11,72810.0
ING015,2025-06-12,72840.0
ING015,2025-06-13,73070.0
ING015,2025-06-14,73020.0
ING015,2025-06-15,72780.0
ING015,2025-06-16,72730.0
ING015,2025-06-17,73150.0
ING015,2025-06-18,73620.0
ING015,2025-06-19,73050.0
ING015,2025-06-20,73370.0
ING015,2025-06-21,73430.0
ING015,2025-06-22,73680.0
ING015,2025-06-23,73520.0
ING015,2025-06-24,73030.0
ING015,2025-06-25,73210.0
ING015,2025-06-26,72960.0
ING015,2025-06-27,72610.0
ING015,2025-06-28,72290.0
ING015,2025-06-29,72510.0
ING015,2025-06-30,72590.0
ING015,2025-07-01,72850.0
ING015,2025-07-02,73060.0
ING015,2025-07-03,72970.0
ING015,2025-07-04,72970.0
ING015,2025-07-05,72860.0
ING015,2025-07-06,72830.0
ING015,2025-07-07,72600.0
ING015,2025-07-08,72750.0
ING015,2025-07-09,73080.0
ING015,2025-07-10,72880.0
ING015,2025-07-11,73260.0
ING015,2025-07-12,73310.0
ING015,2025-07-13,73390.0
ING015,2025-07-14,72930.0
ING015,2025-07-15,72470.0
ING015,2025-07-16,72560.0
ING015,2025-07-17,72830.0
ING015,2025-07-18,72680.0
ING015,2025-07-19,73180.0
ING015,2025-07-20,73400.0
ING015,2025-07-21,73170.0
ING015,2025-07-22,73200.0
ING015,2025-07-23,73890.0
ING015,2025-07-24,73540.0
ING015,2025-07-25,73690.0
ING015,2025-07-26,73600.0
ING015,2025-07-27,73790.0
ING015,2025-07-28,74130.0
ING015,2025-07-29,74000.0
ING015,2025-07-30,74290.0
ING015,2025-07-31,74860.0
ING015,2025-08-01,74820.0
ING015,2025-08-02,74980.0
ING015,2025-08-03,74750.0
ING015,2025-08-04,74700.0
ING015,2025-08-05,74610.0
ING015,2025-08-06,74780.0
ING015,2025-08-07,75050.0
ING015,2025-08-08,74960.0
ING015,2025-08-09,75310.0
ING015,2025-08-10,75650.0
ING015,2025-08-11,75790.0
ING015,2025-08-12,75550.0
ING015,2025-08-13,75290.0
ING015,2025-08-14,74990.0
ING015,2025-08-15,75190.0
ING015,2025-08-16,74790.0
ING015,2025-08-17,74930.0
ING015,2025-08-18,74580.0
ING015,2025-08-19,74760.0
ING015,2025-08-20,74720.0
ING015,2025-08-21,75040.0
ING015,2025-08-22,75290.0
ING015,2025-08-23,75610.0
ING015,2025-08-24,75920.0
ING015,2025-08-25,75850.0
ING015,2025-08-26,75440.0
ING015,2025-08-27,75070.0
ING015,2025-08-28,74450.0
ING015,2025-08-29,74120.0
ING015,2025-08-30,74130.0
ING015,2025-08-31,73970.0
ING015,2025-09-01,73910.0
ING015,2025-09-02,74050.0
ING015,2025-09-03,73960.0
ING015,2025-09-04,73650.0
ING015,2025-09-05,73650.0
ING015,2025-09-06,73420.0
ING015,2025-09-07,73380.0
ING015,2025-09-08,73770.0
ING015,2025-09-09,73710.0
ING015,2025-09-10,74200.0
ING015,2025-09-11,74580.0
ING015,2025-09-12,74390.0
ING015,2025-09-13,74070.0
ING015,2025-09-14,74050.0
ING015,2025-09-15,74370.0
ING015,2025-09-16,74220.0
ING015,2025-09-17,74450.0
ING015,2025-09-18,74760.0
ING015,2025-09-19,74510.0
ING015,2025-09-20,74310.0
ING015,2025-09-21,74490.0
ING015,2025-09-22,74510.0
ING015,2025-09-23,74300.0
ING015,2025-09-24,74190.0
ING015,2025-09-25,74170.0
ING015,2025-09-26,73740.0
ING015,2025-09-27,73970.0
ING015,2025-09-28,73840.0
ING015,2025-09-29,73100.0
ING015,2025-09-30,73140.0
ING015,2025-10-01,72990.0
ING015,2025-10-02,73510.0
ING015,2025-10-03,73380.0
ING015,2025-10-04,73120.0
ING015,2025-10-05,73310.0
ING015,2025-10-06,73180.0
ING015,2025-10-07,73010.0
ING015,2025-10-08,73210.0
ING015,2025-10-09,72980.0
ING015,2025-10-10,72640.0
ING015,2025-10-11,73190.0
ING015,2025-10-12,73400.0
ING015,2025-10-13,73370.0
ING015,2025-10-14,73410.0
ING015,2025-10-15,73590.0
ING015,2025-10-16,73890.0
ING015,2025-10-17,73700.0
ING015,2025-10-18,73830.0
ING015,2025-10-19,73710.0
ING015,2025-10-20,73690.0
ING015,2025-10-21,73760.0
ING015,2025-10-22,73790.0
ING015,2025-10-23,74010.0
ING015,2025-10-24,74160.0
ING015,2025-10-25,73760.0
ING015,2025-10-26,73410.0
ING015,2025-10-27,73360.0
ING015,2025-10-28,73910.0
ING015,2025-10-29,73700.0
ING015,2025-10-30,73670.0
ING015,2025-10-31,73560.0
ING015,2025-11-01,73450.0
ING015,2025-11-02,73540.0
ING015,2025-11-03,73970.0
ING015,2025-11-04,74110.0
ING015,2025-11-05,73910.0
ING015,2025-11-06,74680.0
ING015,2025-11-07,74690.0
ING015,2025-11-08,74520.0
ING015,2025-11-09,74900.0
ING015,2025-11-10,74750.0
ING015,2025-11-11,75180.0
ING015,2025-11-12,74910.0
ING015,2025-11-13,75280.0
ING015,2025-11-14,75290.0
ING015,2025-11-15,75600.0
ING015,2025-11-16,76060.0
ING015,2025-11-17,75670.0
ING015,2025-11-18,75960.0
ING015,2025-11-19,75510.0
ING015,2025-11-20,75170.0
ING015,2025-11-21,74920.0
ING015,2025-11-22,75040.0
ING015,2025-11-23,75020.0
ING015,2025-11-24,74950.0
ING015,2025-11-25,74970.0
ING015,2025-11-26,75110.0
ING015,2025-11-27,75260.0
ING015,2025-11-28,75530.0
ING015,2025-11-29,75970.0
ING015,2025-11-30,75900.0
ING015,2025-12-01,75690.0
ING015,2025-12-02,75800.0
ING015,2025-12-03,75430.0
ING015,2025-12-04,75210.0
ING015,2025-12-05,75450.0
ING015,2025-12-06,75370.0
ING015,2025-12-07,75010.0
ING015,2025-12-08,74580.0
ING015,2025-12-09,74600.0
ING015,2025-12-10,74910.0
ING015,2025-12-11,75210.0
ING015,2025-12-12,75210.0
ING015,2025-12-13,75730.0
ING015,2025-12-14,75650.0
ING015,2025-12-15,75560.0
ING015,2025-12-16,74820.0
ING015,2025-12-17,74700.0
ING015,2025-12-18,74930.0
ING015,2025-12-19,75340.0
ING015,2025-12-20,75090.0
ING015,2025-12-21,75200.0
ING015,2025-12-22,75460.0
ING015,2025-12-23,75430.0
ING015,2025-12-24,74770.0
ING015,2025-12-25,74840.0
ING015,2025-12-26,75040.0
ING015,2025-12-27,74770.0
ING015,2025-12-28,74700.0
ING015,2025-12-29,74390.0
ING015,2025-12-30,73710.0
ING015,2025-12-31,74050.0
ING015,2026-01-01,74090.0
ING015,2026-01-02,74560.0
ING015,2026-01-03,74800.0
ING015,2026-01-04,74710.0
ING015,2026-01-05,74690.0
ING015,2026-01-06,74860.0
ING015,2026-01-07,75120.0
ING015,2026-01-08,75200.0
ING015,2026-01-09,75480.0
ING015,2026-01-10,75370.0
ING015,2026-01-11,75070.0
ING015,2026-01-12,75050.0
ING015,2026-01-13,75100.0
ING015,2026-01-14,74760.0
ING015,2026-01-15,74410.0
ING015,2026-01-16,74550.0
ING015,2026-01-17,74460.0
ING015,2026-01-18,74440.0
ING015,2026-01-19,74370.0
ING015,2026-01-20,74810.0
ING015,2026-01-21,75160.0
ING015,2026-01-22,74820.0
ING015,2026-01-23,74680.0
ING015,2026-01-24,74930.0
ING015,2026-01-25,75090.0
ING015,2026-01-26,75080.0
ING015,2026-01-27,74770.0
ING015,2026-01-28,74590.0
ING015,2026-01-29,74470.0
ING015,2026-01-30,74580.0
ING015,2026-01-31,75060.0
ING015,2026-02-01,74880.0
ING015,2026-02-02,74610.0
ING015,2026-02-03,74600.0
ING015,2026-02-04,74900.0
ING015,2026-02-05,74520.0
ING015,2026-02-06,74940.0
ING015,2026-02-07,74900.0
ING015,2026-02-08,74710.0
ING015,2026-02-09,74300.0
ING015,2026-02-10,74530.0
ING015,2026-02-11,74510.0
ING015,2026-02-12,74590.0
ING015,2026-02-13,74370.0
ING015,2026-02-14,74330.0
ING015,2026-02-15,74240.0
ING015,2026-02-16,74250.0
ING015,2026-02-17,74120.0
ING015,2026-02-18,73750.0
ING015,2026-02-19,74570.0
ING015,2026-02-20,74230.0
ING015,2026-02-21,74330.0
ING015,2026-02-22,73890.0
ING015,2026-02-23,73410.0
ING015,2026-02-24,73530.0
ING015,2026-02-25,73660.0
ING015,2026-02-26,74080.0
ING015,2026-02-27,74250.0
ING015,2026-02-28,74260.0
ING015,2026-03-01,74050.0
ING015,2026-03-02,74520.0
ING015,2026-03-03,74810.0
ING015,2026-03-04,74490.0
ING015,2026-03-05,74540.0
ING015,2026-03-06,74620.0
ING015,2026-03-07,74560.0
ING015,2026-03-08,74810.0
ING015,2026-03-09,75060.0
ING015,2026-03-10,75020.0
ING015,2026-03-11,74960.0
ING015,2026-03-12,75390.0
ING015,2026-03-13,75640.0
ING015,2026-03-14,75640.0
ING015,2026-03-15,75190.0
ING015,2026-03-16,75290.0
ING015,2026-03-17,75480.0
ING015,2026-03-18,74730.0
ING015,2026-03-19,74830.0
ING015,2026-03-20,74750.0
ING015,2026-03-21,74720.0
ING015,2026-03-22,74510.0
ING015,2026-03-23,74510.0
ING015,2026-03-24,74940.0
ING015,2026-03-25,74840.0
ING015,2026-03-26,75130.0
ING015,2026-03-27,74930.0
ING015,2026-03-28,75160.0
ING015,2026-03-29,75180.0
ING015,2026-03-30,75290.0
ING015,2026-03-31,75300.0
ING015,2026-04-01,75480.0
ING015,2026-04-02,74790.0
ING015,2026-04-03,74440.0
ING015,2026-04-04,74600.0
ING015,2026-04-05,74090.0
ING015,2026-04-06,74020.0
ING015,2026-04-07,74080.0
ING015,2026-04-08,73930.0
ING015,2026-04-09,73820.0
ING015,2026-04-10,73980.0
ING015,2026-04-11,74340.0
ING015,2026-04-12,74140.0
ING015,2026-04-13,74050.0
ING015,2026-04-14,73930.0
ING015,2026-04-15,73360.0
ING015,2026-04-16,73510.0
ING015,2026-04-17,73870.0
ING015,2026-04-18,74230.0
ING015,2026-04-19,74060.0
ING015,2026-04-20,73800.0
ING015,2026-04-21,73900.0
ING015,2026-04-22,74210.0
ING015,2026-04-23,74330.0
ING015,2026-04-24,74470.0
ING015,2026-04-25,74840.0
ING015,2026-04-26,74680.0
ING015,2026-04-27,74670.0
ING015,2026-04-28,75170.0
ING015,2026-04-29,75140.0
ING015,2026-04-30,74820.0
ING015,2026-05-01,74690.0
ING015,2026-05-02,74480.0
ING015,2026-05-03,74640.0
ING015,2026-05-04,74450.0
ING015,2026-05-05,74590.0
ING015,2026-05-06,74450.0
ING015,2026-05-07,73940.0
ING015,2026-05-08,74110.0
ING015,2026-05-09,74240.0
ING015,2026-05-10,74450.0
ING015,2026-05-11,74340.0
ING015,2026-05-12,74200.0
ING015,2026-05-13,74390.0
ING015,2026-05-14,74870.0
ING015,2026-05-15,74920.0
ING015,2026-05-16,75080.0
ING015,2026-05-17,75030.0
ING015,2026-05-18,74650.0
ING015,2026-05-19,74980.0
ING015,2026-05-20,75270.0
ING015,2026-05-21,75490.0
ING015,2026-05-22,75460.0
ING015,2026-05-23,75640.0
ING015,2026-05-24,75900.0
ING015,2026-05-25,76340.0
ING015,2026-05-26,76590.0
ING015,2026-05-27,76570.0
ING015,2026-05-28,76180.0
ING015,2026-05-29,76210.0
ING015,2026-05-30,76270.0
ING015,2026-05-31,76440.0
ING015,2026-06-01,76790.0
ING015,2026-06-02,76720.0
ING015,2026-06-03,77250.0
ING015,2026-06-04,76710.0
ING015,2026-06-05,76790.0
ING015,2026-06-06,76530.0
ING015,2026-06-07,75980.0
ING015,2026-06-08,75930.0
ING015,2026-06-09,75540.0
ING015,2026-06-10,75520.0
ING015,2026-06-11,75550.0
ING015,2026-06-12,75880.0
ING015,2026-06-13,75480.0
ING015,2026-06-14,75750.0
ING015,2026-06-15,75790.0
ING015,2026-06-16,76090.0
ING015,2026-06-17,75970.0
ING015,2026-06-18,75610.0
ING015,2026-06-19,75300.0
ING015,2026-06-20,74990.0
ING015,2026-06-21,75180.0
ING015,2026-06-22,75620.0
ING015,2026-06-23,75490.0
ING015,2026-06-24,75700.0
ING015,2026-06-25,75300.0
ING015,2026-06-26,75390.0
ING015,2026-06-27,75610.0
ING015,2026-06-28,75250.0
ING015,2026-06-29,75230.0
ING015,2026-06-30,75480.0
ING016,2023-07-01,177100.0
ING016,2023-07-02,178560.0
ING016,2023-07-03,178990.0
ING016,2023-07-04,179750.0
ING016,2023-07-05,179360.0
ING016,2023-07-06,177690.0
ING016,2023-07-07,178340.0
ING016,2023-07-08,178350.0
ING016,2023-07-09,178470.0
ING016,2023-07-10,179630.0
ING016,2023-07-11,180420.0
ING016,2023-07-12,182310.0
ING016,2023-07-13,182360.0
ING016,2023-07-14,181570.0
ING016,2023-07-15,181320.0
ING016,2023-07-16,181680.0
ING016,2023-07-17,182610.0
ING016,2023-07-18,181050.0
ING016,2023-07-19,181020.0
ING016,2023-07-20,182580.0
ING016,2023-07-21,182240.0
ING016,2023-07-22,183070.0
ING016,2023-07-23,183420.0
ING016,2023-07-24,184220.0
ING016,2023-07-25,183230.0
ING016,2023-07-26,182300.0
ING016,2023-07-27,182230.0
ING016,2023-07-28,180630.0
ING016,2023-07-29,180360.0
ING016,2023-07-30,180620.0
ING016,2023-07-31,182380.0
ING016,2023-08-01,182690.0
ING016,2023-08-02,183210.0
ING016,2023-08-03,184230.0
ING016,2023-08-04,183100.0
ING016,2023-08-05,182820.0
ING016,2023-08-06,185110.0
ING016,2023-08-07,184810.0
ING016,2023-08-08,185720.0
ING016,2023-08-09,186420.0
ING016,2023-08-10,184680.0
ING016,2023-08-11,184790.0
ING016,2023-08-12,184740.0
ING016,2023-08-13,184870.0
ING016,2023-08-14,183920.0
ING016,2023-08-15,182670.0
ING016,2023-08-16,182110.0
ING016,2023-08-17,181950.0
ING016,2023-08-18,183070.0
ING016,2023-08-19,184770.0
ING016,2023-08-20,185960.0
ING016,2023-08-21,186570.0
ING016,2023-08-22,185290.0
ING016,2023-08-23,184680.0
ING016,2023-08-24,184700.0
ING016,2023-08-25,183900.0
ING016,2023-08-26,184330.0
ING016,2023-08-27,184880.0
ING016,2023-08-28,185230.0
ING016,2023-08-29,186040.0
ING016,2023-08-30,184900.0
ING016,2023-08-31,185640.0
ING016,2023-09-01,184730.0
ING016,2023-09-02,183620.0
ING016,2023-09-03,184030.0
ING016,2023-09-04,185100.0
ING016,2023-09-05,185390.0
ING016,2023-09-06,185210.0
ING016,2023-09-07,185320.0
ING016,2023-09-08,185260.0
ING016,2023-09-09,183950.0
ING016,2023-09-10,182590.0
ING016,2023-09-11,182460.0
ING016,2023-09-12,182480.0
ING016,2023-09-13,182440.0
ING016,2023-09-14,183070.0
ING016,2023-09-15,182770.0
ING016,2023-09-16,183270.0
ING016,2023-09-17,183040.0
ING016,2023-09-18,184770.0
ING016,2023-09-19,184690.0
ING016,2023-09-20,186850.0
ING016,2023-09-21,186940.0
ING016,2023-09-22,186460.0
ING016,2023-09-23,185330.0
ING016,2023-09-24,183720.0
ING016,2023-09-25,182640.0
ING016,2023-09-26,181720.0
ING016,2023-09-27,182110.0
ING016,2023-09-28,181570.0
ING016,2023-09-29,181770.0
ING016,2023-09-30,183040.0
ING016,2023-10-01,182890.0
ING016,2023-10-02,184900.0
ING016,2023-10-03,183580.0
ING016,2023-10-04,183350.0
ING016,2023-10-05,182740.0
ING016,2023-10-06,183630.0
ING016,2023-10-07,181320.0
ING016,2023-10-08,179930.0
ING016,2023-10-09,179920.0
ING016,2023-10-10,181560.0
ING016,2023-10-11,181810.0
ING016,2023-10-12,180480.0
ING016,2023-10-13,179370.0
ING016,2023-10-14,181170.0
ING016,2023-10-15,180600.0
ING016,2023-10-16,179740.0
ING016,2023-10-17,181320.0
ING016,2023-10-18,182360.0
ING016,2023-10-19,183620.0
ING016,2023-10-20,182600.0
ING016,2023-10-21,181070.0
ING016,2023-10-22,181260.0
ING016,2023-10-23,181640.0
ING016,2023-10-24,182040.0
ING016,2023-10-25,183510.0
ING016,2023-10-26,181740.0
ING016,2023-10-27,182620.0
ING016,2023-10-28,181520.0
ING016,2023-10-29,182410.0
ING016,2023-10-30,181940.0
ING016,2023-10-31,181150.0
ING016,2023-11-01,180610.0
ING016,2023-11-02,179270.0
ING016,2023-11-03,179470.0
ING016,2023-11-04,178860.0
ING016,2023-11-05,179820.0
ING016,2023-11-06,180590.0
ING016,2023-11-07,182360.0
ING016,2023-11-08,182730.0
ING016,2023-11-09,183240.0
ING016,2023-11-10,184590.0
ING016,2023-11-11,183870.0
ING016,2023-11-12,182340.0
ING016,2023-11-13,182550.0
ING016,2023-11-14,181150.0
ING016,2023-11-15,183660.0
ING016,2023-11-16,185050.0
ING016,2023-11-17,187080.0
ING016,2023-11-18,186920.0
ING016,2023-11-19,187260.0
ING016,2023-11-20,186580.0
ING016,2023-11-21,187270.0
ING016,2023-11-22,185850.0
ING016,2023-11-23,183180.0
ING016,2023-11-24,182380.0
ING016,2023-11-25,180970.0
ING016,2023-11-26,182530.0
ING016,2023-11-27,184350.0
ING016,2023-11-28,182890.0
ING016,2023-11-29,184170.0
ING016,2023-11-30,185050.0
ING016,2023-12-01,183400.0
ING016,2023-12-02,182990.0
ING016,2023-12-03,182420.0
ING016,2023-12-04,183200.0
ING016,2023-12-05,181970.0
ING016,2023-12-06,181930.0
ING016,2023-12-07,181310.0
ING016,2023-12-08,181880.0
ING016,2023-12-09,181730.0
ING016,2023-12-10,181270.0
ING016,2023-12-11,181160.0
ING016,2023-12-12,183270.0
ING016,2023-12-13,182860.0
ING016,2023-12-14,181850.0
ING016,2023-12-15,182500.0
ING016,2023-12-16,182400.0
ING016,2023-12-17,181050.0
ING016,2023-12-18,183370.0
ING016,2023-12-19,183020.0
ING016,2023-12-20,182670.0
ING016,2023-12-21,182860.0
ING016,2023-12-22,184600.0
ING016,2023-12-23,182880.0
ING016,2023-12-24,183180.0
ING016,2023-12-25,185270.0
ING016,2023-12-26,185310.0
ING016,2023-12-27,183990.0
ING016,2023-12-28,183360.0
ING016,2023-12-29,183580.0
ING016,2023-12-30,184890.0
ING016,2023-12-31,184490.0
ING016,2024-01-01,185270.0
ING016,2024-01-02,183770.0
ING016,2024-01-03,182330.0
ING016,2024-01-04,181920.0
ING016,2024-01-05,183440.0
ING016,2024-01-06,183520.0
ING016,2024-01-07,183820.0
ING016,2024-01-08,184090.0
ING016,2024-01-09,185170.0
ING016,2024-01-10,184500.0
ING016,2024-01-11,185150.0
ING016,2024-01-12,184260.0
ING016,2024-01-13,186200.0
ING016,2024-01-14,185300.0
ING016,2024-01-15,184350.0
ING016,2024-01-16,184880.0
ING016,2024-01-17,184910.0
ING016,2024-01-18,185180.0
ING016,2024-01-19,185350.0
ING016,2024-01-20,184200.0
ING016,2024-01-21,185790.0
ING016,2024-01-22,186590.0
ING016,2024-01-23,187810.0
ING016,2024-01-24,187100.0
ING016,2024-01-25,187360.0
ING016,2024-01-26,187390.0
ING016,2024-01-27,188350.0
ING016,2024-01-28,189290.0
ING016,2024-01-29,189220.0
ING016,2024-01-30,187470.0
ING016,2024-01-31,189070.0
ING016,2024-02-01,189380.0
ING016,2024-02-02,188520.0
ING016,2024-02-03,188710.0
ING016,2024-02-04,186990.0
ING016,2024-02-05,187900.0
ING016,2024-02-06,186270.0
ING016,2024-02-07,185960.0
ING016,2024-02-08,186120.0
ING016,2024-02-09,187060.0
ING016,2024-02-10,187030.0
ING016,2024-02-11,187530.0
ING016,2024-02-12,187350.0
ING016,2024-02-13,187180.0
ING016,2024-02-14,187130.0
ING016,2024-02-15,186810.0
ING016,2024-02-16,185030.0
ING016,2024-02-17,184240.0
ING016,2024-02-18,184500.0
ING016,2024-02-19,184260.0
ING016,2024-02-20,184120.0
ING016,2024-02-21,183830.0
ING016,2024-02-22,183010.0
ING016,2024-02-23,182610.0
ING016,2024-02-24,182410.0
ING016,2024-02-25,182530.0
ING016,2024-02-26,183030.0
ING016,2024-02-27,182940.0
ING016,2024-02-28,182010.0
ING016,2024-02-29,180770.0
ING016,2024-03-01,183540.0
ING016,2024-03-02,182490.0
ING016,2024-03-03,182090.0
ING016,2024-03-04,182740.0
ING016,2024-03-05,183210.0
ING016,2024-03-06,183810.0
ING016,2024-03-07,183420.0
ING016,2024-03-08,183740.0
ING016,2024-03-09,183860.0
ING016,2024-03-10,183610.0
ING016,2024-03-11,183920.0
ING016,2024-03-12,185020.0
ING016,2024-03-13,185000.0
ING016,2024-03-14,184990.0
ING016,2024-03-15,186050.0
ING016,2024-03-16,186960.0
ING016,2024-03-17,188430.0
ING016,2024-03-18,186530.0
ING016,2024-03-19,187360.0
ING016,2024-03-20,187840.0
ING016,2024-03-21,186840.0
ING016,2024-03-22,187000.0
ING016,2024-03-23,187960.0
ING016,2024-03-24,187000.0
ING016,2024-03-25,187350.0
ING016,2024-03-26,188110.0
ING016,2024-03-27,186910.0
ING016,2024-03-28,186700.0
ING016,2024-03-29,186930.0
ING016,2024-03-30,186060.0
ING016,2024-03-31,185160.0
ING016,2024-04-01,185040.0
ING016,2024-04-02,185850.0
ING016,2024-04-03,186470.0
ING016,2024-04-04,185570.0
ING016,2024-04-05,186210.0
ING016,2024-04-06,185350.0
ING016,2024-04-07,183760.0
ING016,2024-04-08,183490.0
ING016,2024-04-09,184710.0
ING016,2024-04-10,185400.0
ING016,2024-04-11,185410.0
ING016,2024-04-12,185010.0
ING016,2024-04-13,184660.0
ING016,2024-04-14,184820.0
ING016,2024-04-15,183800.0
ING016,2024-04-16,183550.0
ING016,2024-04-17,183450.0
ING016,2024-04-18,182230.0
ING016,2024-04-19,181570.0
ING016,2024-04-20,182190.0
ING016,2024-04-21,182380.0
ING016,2024-04-22,182250.0
ING016,2024-04-23,181530.0
ING016,2024-04-24,183310.0
ING016,2024-04-25,182610.0
ING016,2024-04-26,183020.0
ING016,2024-04-27,182680.0
ING016,2024-04-28,182880.0
ING016,2024-04-29,183490.0
ING016,2024-04-30,182260.0
ING016,2024-05-01,182440.0
ING016,2024-05-02,183800.0
ING016,2024-05-03,185660.0
ING016,2024-05-04,185550.0
ING016,2024-05-05,185620.0
ING016,2024-05-06,187830.0
ING016,2024-05-07,188870.0
ING016,2024-05-08,188120.0
ING016,2024-05-09,187410.0
ING016,2024-05-10,188300.0
ING016,2024-05-11,187190.0
ING016,2024-05-12,188220.0
ING016,2024-05-13,188460.0
ING016,2024-05-14,188860.0
ING016,2024-05-15,188480.0
ING016,2024-05-16,187740.0
ING016,2024-05-17,189120.0
ING016,2024-05-18,188740.0
ING016,2024-05-19,188210.0
ING016,2024-05-20,188040.0
ING016,2024-05-21,188150.0
ING016,2024-05-22,187050.0
ING016,2024-05-23,186460.0
ING016,2024-05-24,185850.0
ING016,2024-05-25,186710.0
ING016,2024-05-26,185830.0
ING016,2024-05-27,184120.0
ING016,2024-05-28,182300.0
ING016,2024-05-29,181060.0
ING016,2024-05-30,182680.0
ING016,2024-05-31,182890.0
ING016,2024-06-01,183580.0
ING016,2024-06-02,184260.0
ING016,2024-06-03,184440.0
ING016,2024-06-04,184480.0
ING016,2024-06-05,185620.0
ING016,2024-06-06,185820.0
ING016,2024-06-07,187250.0
ING016,2024-06-08,187840.0
ING016,2024-06-09,187180.0
ING016,2024-06-10,186670.0
ING016,2024-06-11,185950.0
ING016,2024-06-12,187200.0
ING016,2024-06-13,186790.0
ING016,2024-06-14,186000.0
ING016,2024-06-15,186360.0
ING016,2024-06-16,186290.0
ING016,2024-06-17,186620.0
ING016,2024-06-18,188510.0
ING016,2024-06-19,189330.0
ING016,2024-06-20,189240.0
ING016,2024-06-21,187740.0
ING016,2024-06-22,187210.0
ING016,2024-06-23,187910.0
ING016,2024-06-24,186710.0
ING016,2024-06-25,188840.0
ING016,2024-06-26,188770.0
ING016,2024-06-27,188740.0
ING016,2024-06-28,188000.0
ING016,2024-06-29,188450.0
ING016,2024-06-30,187240.0
ING016,2024-07-01,189380.0
ING016,2024-07-02,190580.0
ING016,2024-07-03,191390.0
ING016,2024-07-04,189810.0
ING016,2024-07-05,189890.0
ING016,2024-07-06,190950.0
ING016,2024-07-07,191360.0
ING016,2024-07-08,190170.0
ING016,2024-07-09,189390.0
ING016,2024-07-10,188840.0
ING016,2024-07-11,188170.0
ING016,2024-07-12,189650.0
ING016,2024-07-13,187640.0
ING016,2024-07-14,188280.0
ING016,2024-07-15,186960.0
ING016,2024-07-16,186030.0
ING016,2024-07-17,184120.0
ING016,2024-07-18,183750.0
ING016,2024-07-19,185440.0
ING016,2024-07-20,185810.0
ING016,2024-07-21,184710.0
ING016,2024-07-22,185860.0
ING016,2024-07-23,187170.0
ING016,2024-07-24,187300.0
ING016,2024-07-25,189330.0
ING016,2024-07-26,190070.0
ING016,2024-07-27,190620.0
ING016,2024-07-28,189690.0
ING016,2024-07-29,190210.0
ING016,2024-07-30,190300.0
ING016,2024-07-31,190690.0
ING016,2024-08-01,189870.0
ING016,2024-08-02,189900.0
ING016,2024-08-03,188990.0
ING016,2024-08-04,186810.0
ING016,2024-08-05,187850.0
ING016,2024-08-06,186370.0
ING016,2024-08-07,186550.0
ING016,2024-08-08,186950.0
ING016,2024-08-09,187330.0
ING016,2024-08-10,187080.0
ING016,2024-08-11,187400.0
ING016,2024-08-12,187900.0
ING016,2024-08-13,188630.0
ING016,2024-08-14,190320.0
ING016,2024-08-15,190440.0
ING016,2024-08-16,190390.0
ING016,2024-08-17,189380.0
ING016,2024-08-18,189750.0
ING016,2024-08-19,190330.0
ING016,2024-08-20,190040.0
ING016,2024-08-21,190490.0
ING016,2024-08-22,190080.0
ING016,2024-08-23,190660.0
ING016,2024-08-24,191440.0
ING016,2024-08-25,192180.0
ING016,2024-08-26,192100.0
ING016,2024-08-27,190880.0
ING016,2024-08-28,190150.0
ING016,2024-08-29,190650.0
ING016,2024-08-30,192960.0
ING016,2024-08-31,192400.0
ING016,2024-09-01,192650.0
ING016,2024-09-02,191890.0
ING016,2024-09-03,190760.0
ING016,2024-09-04,189980.0
ING016,2024-09-05,187840.0
ING016,2024-09-06,189220.0
ING016,2024-09-07,186980.0
ING016,2024-09-08,186790.0
ING016,2024-09-09,185720.0
ING016,2024-09-10,184990.0
ING016,2024-09-11,186530.0
ING016,2024-09-12,186840.0
ING016,2024-09-13,185980.0
ING016,2024-09-14,185530.0
ING016,2024-09-15,184930.0
ING016,2024-09-16,185080.0
ING016,2024-09-17,185430.0
ING016,2024-09-18,187480.0
ING016,2024-09-19,185640.0
ING016,2024-09-20,185770.0
ING016,2024-09-21,185610.0
ING016,2024-09-22,186710.0
ING016,2024-09-23,187170.0
ING016,2024-09-24,187840.0
ING016,2024-09-25,188240.0
ING016,2024-09-26,187350.0
ING016,2024-09-27,188630.0
ING016,2024-09-28,189440.0
ING016,2024-09-29,190320.0
ING016,2024-09-30,191510.0
ING016,2024-10-01,191800.0
ING016,2024-10-02,193120.0
ING016,2024-10-03,193300.0
ING016,2024-10-04,192870.0
ING016,2024-10-05,192670.0
ING016,2024-10-06,192470.0
ING016,2024-10-07,191790.0
ING016,2024-10-08,193280.0
ING016,2024-10-09,193370.0
ING016,2024-10-10,193250.0
ING016,2024-10-11,193440.0
ING016,2024-10-12,196180.0
ING016,2024-10-13,194710.0
ING016,2024-10-14,193600.0
ING016,2024-10-15,192020.0
ING016,2024-10-16,191660.0
ING016,2024-10-17,191790.0
ING016,2024-10-18,191200.0
ING016,2024-10-19,190580.0
ING016,2024-10-20,190660.0
ING016,2024-10-21,190100.0
ING016,2024-10-22,190380.0
ING016,2024-10-23,191430.0
ING016,2024-10-24,192010.0
ING016,2024-10-25,192750.0
ING016,2024-10-26,193670.0
ING016,2024-10-27,193740.0
ING016,2024-10-28,193380.0
ING016,2024-10-29,192420.0
ING016,2024-10-30,191890.0
ING016,2024-10-31,191260.0
ING016,2024-11-01,191910.0
ING016,2024-11-02,192140.0
ING016,2024-11-03,192700.0
ING016,2024-11-04,191410.0
ING016,2024-11-05,192740.0
ING016,2024-11-06,192170.0
ING016,2024-11-07,190960.0
ING016,2024-11-08,190460.0
ING016,2024-11-09,192890.0
ING016,2024-11-10,192350.0
ING016,2024-11-11,191910.0
ING016,2024-11-12,191610.0
ING016,2024-11-13,191380.0
ING016,2024-11-14,190530.0
ING016,2024-11-15,190640.0
ING016,2024-11-16,191670.0
ING016,2024-11-17,191900.0
ING016,2024-11-18,190700.0
ING016,2024-11-19,190330.0
ING016,2024-11-20,189770.0
ING016,2024-11-21,189830.0
ING016,2024-11-22,191160.0
ING016,2024-11-23,190960.0
ING016,2024-11-24,190830.0
ING016,2024-11-25,192550.0
ING016,2024-11-26,193300.0
ING016,2024-11-27,193710.0
ING016,2024-11-28,195470.0
ING016,2024-11-29,195690.0
ING016,2024-11-30,193450.0
ING016,2024-12-01,194120.0
ING016,2024-12-02,192350.0
ING016,2024-12-03,192690.0
ING016,2024-12-04,190880.0
ING016,2024-12-05,190390.0
ING016,2024-12-06,190020.0
ING016,2024-12-07,189280.0
ING016,2024-12-08,188990.0
ING016,2024-12-09,190080.0
ING016,2024-12-10,189390.0
ING016,2024-12-11,189980.0
ING016,2024-12-12,189050.0
ING016,2024-12-13,188930.0
ING016,2024-12-14,189330.0
ING016,2024-12-15,188400.0
ING016,2024-12-16,187210.0
ING016,2024-12-17,187870.0
ING016,2024-12-18,189110.0
ING016,2024-12-19,189110.0
ING016,2024-12-20,188730.0
ING016,2024-12-21,188980.0
ING016,2024-12-22,189120.0
ING016,2024-12-23,189440.0
ING016,2024-12-24,187000.0
ING016,2024-12-25,186120.0
ING016,2024-12-26,185520.0
ING016,2024-12-27,185930.0
ING016,2024-12-28,186350.0
ING016,2024-12-29,187210.0
ING016,2024-12-30,187640.0
ING016,2024-12-31,186510.0
ING016,2025-01-01,188160.0
ING016,2025-01-02,189560.0
ING016,2025-01-03,188380.0
ING016,2025-01-04,188830.0
ING016,2025-01-05,188350.0
ING016,2025-01-06,188620.0
ING016,2025-01-07,189780.0
ING016,2025-01-08,191950.0
ING016,2025-01-09,192640.0
ING016,2025-01-10,192850.0
ING016,2025-01-11,192430.0
ING016,2025-01-12,192540.0
ING016,2025-01-13,193810.0
ING016,2025-01-14,193630.0
ING016,2025-01-15,192630.0
ING016,2025-01-16,190950.0
ING016,2025-01-17,191470.0
ING016,2025-01-18,191700.0
ING016,2025-01-19,191040.0
ING016,2025-01-20,192060.0
ING016,2025-01-21,191600.0
ING016,2025-01-22,191450.0
ING016,2025-01-23,191430.0
ING016,2025-01-24,191080.0
ING016,2025-01-25,191320.0
ING016,2025-01-26,192460.0
ING016,2025-01-27,191280.0
ING016,2025-01-28,191770.0
ING016,2025-01-29,191920.0
ING016,2025-01-30,192040.0
ING016,2025-01-31,192880.0
ING016,2025-02-01,192860.0
ING016,2025-02-02,193260.0
ING016,2025-02-03,193880.0
ING016,2025-02-04,193270.0
ING016,2025-02-05,193480.0
ING016,2025-02-06,193130.0
ING016,2025-02-07,192920.0
ING016,2025-02-08,192540.0
ING016,2025-02-09,192960.0
ING016,2025-02-10,192970.0
ING016,2025-02-11,193300.0
ING016,2025-02-12,193200.0
ING016,2025-02-13,191540.0
ING016,2025-02-14,191580.0
ING016,2025-02-15,191650.0
ING016,2025-02-16,191890.0
ING016,2025-02-17,191300.0
ING016,2025-02-18,190140.0
ING016,2025-02-19,190840.0
ING016,2025-02-20,190620.0
ING016,2025-02-21,190850.0
ING016,2025-02-22,190630.0
ING016,2025-02-23,190680.0
ING016,2025-02-24,190300.0
ING016,2025-02-25,189420.0
ING016,2025-02-26,190020.0
ING016,2025-02-27,189520.0
ING016,2025-02-28,189800.0
ING016,2025-03-01,190320.0
ING016,2025-03-02,189830.0
ING016,2025-03-03,188750.0
ING016,2025-03-04,191310.0
ING016,2025-03-05,190830.0
ING016,2025-03-06,191510.0
ING016,2025-03-07,193460.0
ING016,2025-03-08,194180.0
ING016,2025-03-09,193780.0
ING016,2025-03-10,193640.0
ING016,2025-03-11,192740.0
ING016,2025-03-12,193590.0
ING016,2025-03-13,194080.0
ING016,2025-03-14,193480.0
ING016,2025-03-15,192390.0
ING016,2025-03-16,191080.0
ING016,2025-03-17,192120.0
ING016,2025-03-18,192250.0
ING016,2025-03-19,192470.0
ING016,2025-03-20,191650.0
ING016,2025-03-21,190240.0
ING016,2025-03-22,191300.0
ING016,2025-03-23,191400.0
ING016,2025-03-24,192350.0
ING016,2025-03-25,191970.0
ING016,2025-03-26,191770.0
ING016,2025-03-27,192510.0
ING016,2025-03-28,193240.0
ING016,2025-03-29,193990.0
ING016,2025-03-30,193630.0
ING016,2025-03-31,194190.0
ING016,2025-04-01,195210.0
ING016,2025-04-02,194980.0
ING016,2025-04-03,194350.0
ING016,2025-04-04,195600.0
ING016,2025-04-05,194810.0
ING016,2025-04-06,195320.0
ING016,2025-04-07,195140.0
ING016,2025-04-08,193200.0
ING016,2025-04-09,194290.0
ING016,2025-04-10,191490.0
ING016,2025-04-11,189590.0
ING016,2025-04-12,190270.0
ING016,2025-04-13,190930.0
ING016,2025-04-14,190390.0
ING016,2025-04-15,190660.0
ING016,2025-04-16,188270.0
ING016,2025-04-17,189200.0
ING016,2025-04-18,189640.0
ING016,2025-04-19,189760.0
ING016,2025-04-20,189940.0
ING016,2025-04-21,190590.0
ING016,2025-04-22,190680.0
ING016,2025-04-23,188940.0
ING016,2025-04-24,191320.0
ING016,2025-04-25,192600.0
ING016,2025-04-26,191360.0
ING016,2025-04-27,191100.0
ING016,2025-04-28,190970.0
ING016,2025-04-29,192150.0
ING016,2025-04-30,190070.0
ING016,2025-05-01,189730.0
ING016,2025-05-02,188160.0
ING016,2025-05-03,188130.0
ING016,2025-05-04,187920.0
ING016,2025-05-05,188270.0
ING016,2025-05-06,187920.0
ING016,2025-05-07,187450.0
ING016,2025-05-08,188360.0
ING016,2025-05-09,189060.0
ING016,2025-05-10,189820.0
ING016,2025-05-11,189830.0
ING016,2025-05-12,189440.0
ING016,2025-05-13,189520.0
ING016,2025-05-14,190220.0
ING016,2025-05-15,188230.0
ING016,2025-05-16,188880.0
ING016,2025-05-17,189420.0
ING016,2025-05-18,189690.0
ING016,2025-05-19,189730.0
ING016,2025-05-20,187390.0
ING016,2025-05-21,187260.0
ING016,2025-05-22,189350.0
ING016,2025-05-23,189580.0
ING016,2025-05-24,189480.0
ING016,2025-05-25,189710.0
ING016,2025-05-26,190260.0
ING016,2025-05-27,191080.0
ING016,2025-05-28,190990.0
ING016,2025-05-29,191550.0
ING016,2025-05-30,193320.0
ING016,2025-05-31,194340.0
ING016,2025-06-01,196630.0
ING016,2025-06-02,195840.0
ING016,2025-06-03,197410.0
ING016,2025-06-04,196450.0
ING016,2025-06-05,196670.0
ING016,2025-06-06,197260.0
ING016,2025-06-07,196590.0
ING016,2025-06-08,196540.0
ING016,2025-06-09,197320.0
ING016,2025-06-10,196450.0
ING016,2025-06-11,197980.0
ING016,2025-06-12,196410.0
ING016,2025-06-13,198210.0
ING016,2025-06-14,199000.0
ING016,2025-06-15,198670.0
ING016,2025-06-16,198040.0
ING016,2025-06-17,197340.0
ING016,2025-06-18,197050.0
ING016,2025-06-19,196860.0
ING016,2025-06-20,197970.0
ING016,2025-06-21,199730.0
ING016,2025-06-22,199650.0
ING016,2025-06-23,198550.0
ING016,2025-06-24,197790.0
ING016,2025-06-25,197440.0
ING016,2025-06-26,196260.0
ING016,2025-06-27,195000.0
ING016,2025-06-28,197040.0
ING016,2025-06-29,197210.0
ING016,2025-06-30,196240.0
ING016,2025-07-01,196960.0
ING016,2025-07-02,195670.0
ING016,2025-07-03,194520.0
ING016,2025-07-04,193730.0
ING016,2025-07-05,195400.0
ING016,2025-07-06,195110.0
ING016,2025-07-07,192660.0
ING016,2025-07-08,193950.0
ING016,2025-07-09,193680.0
ING016,2025-07-10,191900.0
ING016,2025-07-11,191720.0
ING016,2025-07-12,192380.0
ING016,2025-07-13,192900.0
ING016,2025-07-14,194760.0
ING016,2025-07-15,193920.0
ING016,2025-07-16,194000.0
ING016,2025-07-17,193350.0
ING016,2025-07-18,191890.0
ING016,2025-07-19,192910.0
ING016,2025-07-20,193460.0
ING016,2025-07-21,193810.0
ING016,2025-07-22,194290.0
ING016,2025-07-23,193640.0
ING016,2025-07-24,192700.0
ING016,2025-07-25,192850.0
ING016,2025-07-26,194100.0
ING016,2025-07-27,195740.0
ING016,2025-07-28,196480.0
ING016,2025-07-29,196440.0
ING016,2025-07-30,196630.0
ING016,2025-07-31,196560.0
ING016,2025-08-01,195470.0
ING016,2025-08-02,195470.0
ING016,2025-08-03,194130.0
ING016,2025-08-04,194060.0
ING016,2025-08-05,195730.0
ING016,2025-08-06,196510.0
ING016,2025-08-07,195530.0
ING016,2025-08-08,195440.0
ING016,2025-08-09,194600.0
ING016,2025-08-10,194570.0
ING016,2025-08-11,195640.0
ING016,2025-08-12,196260.0
ING016,2025-08-13,198670.0
ING016,2025-08-14,199680.0
ING016,2025-08-15,199670.0
ING016,2025-08-16,200120.0
ING016,2025-08-17,199680.0
ING016,2025-08-18,198350.0
ING016,2025-08-19,199490.0
ING016,2025-08-20,200290.0
ING016,2025-08-21,199810.0
ING016,2025-08-22,199860.0
ING016,2025-08-23,200870.0
ING016,2025-08-24,201440.0
ING016,2025-08-25,199690.0
ING016,2025-08-26,199720.0
ING016,2025-08-27,199350.0
ING016,2025-08-28,200260.0
ING016,2025-08-29,201050.0
ING016,2025-08-30,202080.0
ING016,2025-08-31,200650.0
ING016,2025-09-01,199630.0
ING016,2025-09-02,200530.0
ING016,2025-09-03,199700.0
ING016,2025-09-04,198000.0
ING016,2025-09-05,198410.0
ING016,2025-09-06,197730.0
ING016,2025-09-07,199410.0
ING016,2025-09-08,199520.0
ING016,2025-09-09,199490.0
ING016,2025-09-10,198940.0
ING016,2025-09-11,200360.0
ING016,2025-09-12,200490.0
ING016,2025-09-13,199860.0
ING016,2025-09-14,198870.0
ING016,2025-09-15,198650.0
ING016,2025-09-16,197550.0
ING016,2025-09-17,198490.0
ING016,2025-09-18,196570.0
ING016,2025-09-19,196410.0
ING016,2025-09-20,196990.0
ING016,2025-09-21,197280.0
ING016,2025-09-22,196510.0
ING016,2025-09-23,197140.0
ING016,2025-09-24,196210.0
ING016,2025-09-25,196190.0
ING016,2025-09-26,196830.0
ING016,2025-09-27,197250.0
ING016,2025-09-28,196530.0
ING016,2025-09-29,197700.0
ING016,2025-09-30,197710.0
ING016,2025-10-01,198370.0
ING016,2025-10-02,199780.0
ING016,2025-10-03,200710.0
ING016,2025-10-04,201600.0
ING016,2025-10-05,201530.0
ING016,2025-10-06,202050.0
ING016,2025-10-07,201980.0
ING016,2025-10-08,200500.0
ING016,2025-10-09,200600.0
ING016,2025-10-10,200640.0
ING016,2025-10-11,201010.0
ING016,2025-10-12,200650.0
ING016,2025-10-13,199690.0
ING016,2025-10-14,200180.0
ING016,2025-10-15,198700.0
ING016,2025-10-16,200030.0
ING016,2025-10-17,199630.0
ING016,2025-10-18,199720.0
ING016,2025-10-19,200120.0
ING016,2025-10-20,200530.0
ING016,2025-10-21,198940.0
ING016,2025-10-22,199640.0
ING016,2025-10-23,199790.0
ING016,2025-10-24,199000.0
ING016,2025-10-25,198150.0
ING016,2025-10-26,197750.0
ING016,2025-10-27,196410.0
ING016,2025-10-28,198130.0
ING016,2025-10-29,199540.0
ING016,2025-10-30,199850.0
ING016,2025-10-31,199480.0
ING016,2025-11-01,199150.0
ING016,2025-11-02,199790.0
ING016,2025-11-03,201380.0
ING016,2025-11-04,200590.0
ING016,2025-11-05,199300.0
ING016,2025-11-06,200720.0
ING016,2025-11-07,198760.0
ING016,2025-11-08,197670.0
ING016,2025-11-09,197390.0
ING016,2025-11-10,195830.0
ING016,2025-11-11,196990.0
ING016,2025-11-12,197840.0
ING016,2025-11-13,197240.0
ING016,2025-11-14,198500.0
ING016,2025-11-15,199860.0
ING016,2025-11-16,199620.0
ING016,2025-11-17,199050.0
ING016,2025-11-18,201190.0
ING016,2025-11-19,201710.0
ING016,2025-11-20,201730.0
ING016,2025-11-21,202860.0
ING016,2025-11-22,202880.0
ING016,2025-11-23,202100.0
ING016,2025-11-24,201940.0
ING016,2025-11-25,202730.0
ING016,2025-11-26,200490.0
ING016,2025-11-27,200050.0
ING016,2025-11-28,201290.0
ING016,2025-11-29,200590.0
ING016,2025-11-30,201960.0
ING016,2025-12-01,203130.0
ING016,2025-12-02,202780.0
ING016,2025-12-03,201960.0
ING016,2025-12-04,201450.0
ING016,2025-12-05,203890.0
ING016,2025-12-06,205430.0
ING016,2025-12-07,205160.0
ING016,2025-12-08,204180.0
ING016,2025-12-09,203960.0
ING016,2025-12-10,203890.0
ING016,2025-12-11,202340.0
ING016,2025-12-12,202190.0
ING016,2025-12-13,203270.0
ING016,2025-12-14,201210.0
ING016,2025-12-15,201860.0
ING016,2025-12-16,203010.0
ING016,2025-12-17,202190.0
ING016,2025-12-18,203650.0
ING016,2025-12-19,202670.0
ING016,2025-12-20,202870.0
ING016,2025-12-21,202310.0
ING016,2025-12-22,201780.0
ING016,2025-12-23,200980.0
ING016,2025-12-24,201510.0
ING016,2025-12-25,202170.0
ING016,2025-12-26,201900.0
ING016,2025-12-27,200360.0
ING016,2025-12-28,200630.0
ING016,2025-12-29,200920.0
ING016,2025-12-30,200560.0
ING016,2025-12-31,202280.0
ING016,2026-01-01,200520.0
ING016,2026-01-02,198200.0
ING016,2026-01-03,197480.0
ING016,2026-01-04,198210.0
ING016,2026-01-05,197160.0
ING016,2026-01-06,196240.0
ING016,2026-01-07,197280.0
ING016,2026-01-08,197780.0
ING016,2026-01-09,198180.0
ING016,2026-01-10,198950.0
ING016,2026-01-11,198500.0
ING016,2026-01-12,198110.0
ING016,2026-01-13,198920.0
ING016,2026-01-14,197560.0
ING016,2026-01-15,195470.0
ING016,2026-01-16,195190.0
ING016,2026-01-17,196270.0
ING016,2026-01-18,196630.0
ING016,2026-01-19,197570.0
ING016,2026-01-20,195610.0
ING016,2026-01-21,196070.0
ING016,2026-01-22,196830.0
ING016,2026-01-23,195580.0
ING016,2026-01-24,196580.0
ING016,2026-01-25,196570.0
ING016,2026-01-26,199700.0
ING016,2026-01-27,197490.0
ING016,2026-01-28,198900.0
ING016,2026-01-29,198500.0
ING016,2026-01-30,196900.0
ING016,2026-01-31,196470.0
ING016,2026-02-01,196850.0
ING016,2026-02-02,197970.0
ING016,2026-02-03,199710.0
ING016,2026-02-04,201070.0
ING016,2026-02-05,200000.0
ING016,2026-02-06,201050.0
ING016,2026-02-07,201330.0
ING016,2026-02-08,200550.0
ING016,2026-02-09,200260.0
ING016,2026-02-10,199480.0
ING016,2026-02-11,199490.0
ING016,2026-02-12,198740.0
ING016,2026-02-13,197730.0
ING016,2026-02-14,198260.0
ING016,2026-02-15,198920.0
ING016,2026-02-16,198730.0
ING016,2026-02-17,200100.0
ING016,2026-02-18,199790.0
ING016,2026-02-19,199450.0
ING016,2026-02-20,200080.0
ING016,2026-02-21,199900.0
ING016,2026-02-22,199940.0
ING016,2026-02-23,197400.0
ING016,2026-02-24,197510.0
ING016,2026-02-25,195780.0
ING016,2026-02-26,194740.0
ING016,2026-02-27,193640.0
ING016,2026-02-28,192880.0
ING016,2026-03-01,192660.0
ING016,2026-03-02,192500.0
ING016,2026-03-03,193500.0
ING016,2026-03-04,194010.0
ING016,2026-03-05,192390.0
ING016,2026-03-06,192820.0
ING016,2026-03-07,193460.0
ING016,2026-03-08,193430.0
ING016,2026-03-09,193670.0
ING016,2026-03-10,194140.0
ING016,2026-03-11,195160.0
ING016,2026-03-12,193810.0
ING016,2026-03-13,193850.0
ING016,2026-03-14,195630.0
ING016,2026-03-15,197220.0
ING016,2026-03-16,198180.0
ING016,2026-03-17,198780.0
ING016,2026-03-18,200460.0
ING016,2026-03-19,202310.0
ING016,2026-03-20,202050.0
ING016,2026-03-21,200970.0
ING016,2026-03-22,200630.0
ING016,2026-03-23,203650.0
ING016,2026-03-24,201890.0
ING016,2026-03-25,201320.0
ING016,2026-03-26,199840.0
ING016,2026-03-27,199960.0
ING016,2026-03-28,198760.0
ING016,2026-03-29,198700.0
ING016,2026-03-30,196820.0
ING016,2026-03-31,197580.0
ING016,2026-04-01,198910.0
ING016,2026-04-02,198570.0
ING016,2026-04-03,198500.0
ING016,2026-04-04,198410.0
ING016,2026-04-05,198660.0
ING016,2026-04-06,198690.0
ING016,2026-04-07,199510.0
ING016,2026-04-08,200760.0
ING016,2026-04-09,199910.0
ING016,2026-04-10,199610.0
ING016,2026-04-11,200520.0
ING016,2026-04-12,199090.0
ING016,2026-04-13,197190.0
ING016,2026-04-14,197560.0
ING016,2026-04-15,198180.0
ING016,2026-04-16,197560.0
ING016,2026-04-17,197110.0
ING016,2026-04-18,196510.0
ING016,2026-04-19,195840.0
ING016,2026-04-20,196740.0
ING016,2026-04-21,195750.0
ING016,2026-04-22,195710.0
ING016,2026-04-23,195040.0
ING016,2026-04-24,193860.0
ING016,2026-04-25,195050.0
ING016,2026-04-26,194790.0
ING016,2026-04-27,195260.0
ING016,2026-04-28,194020.0
ING016,2026-04-29,193600.0
ING016,2026-04-30,194690.0
ING016,2026-05-01,197540.0
ING016,2026-05-02,195730.0
ING016,2026-05-03,195770.0
ING016,2026-05-04,196410.0
ING016,2026-05-05,196000.0
ING016,2026-05-06,197070.0
ING016,2026-05-07,196380.0
ING016,2026-05-08,196750.0
ING016,2026-05-09,196420.0
ING016,2026-05-10,197840.0
ING016,2026-05-11,197310.0
ING016,2026-05-12,197120.0
ING016,2026-05-13,198240.0
ING016,2026-05-14,197340.0
ING016,2026-05-15,197580.0
ING016,2026-05-16,195930.0
ING016,2026-05-17,195090.0
ING016,2026-05-18,195750.0
ING016,2026-05-19,195020.0
ING016,2026-05-20,194770.0
ING016,2026-05-21,195560.0
ING016,2026-05-22,195250.0
ING016,2026-05-23,196350.0
ING016,2026-05-24,196790.0
ING016,2026-05-25,197420.0
ING016,2026-05-26,198830.0
ING016,2026-05-27,199250.0
ING016,2026-05-28,200860.0
ING016,2026-05-29,201760.0
ING016,2026-05-30,201210.0
ING016,2026-05-31,202480.0
ING016,2026-06-01,202670.0
ING016,2026-06-02,202190.0
ING016,2026-06-03,202410.0
ING016,2026-06-04,203450.0
ING016,2026-06-05,203780.0
ING016,2026-06-06,205450.0
ING016,2026-06-07,206310.0
ING016,2026-06-08,206570.0
ING016,2026-06-09,205290.0
ING016,2026-06-10,204910.0
ING016,2026-06-11,204790.0
ING016,2026-06-12,205310.0
ING016,2026-06-13,205730.0
ING016,2026-06-14,205680.0
ING016,2026-06-15,205580.0
ING016,2026-06-16,206080.0
ING016,2026-06-17,204990.0
ING016,2026-06-18,206490.0
ING016,2026-06-19,204210.0
ING016,2026-06-20,205510.0
ING016,2026-06-21,205260.0
ING016,2026-06-22,206060.0
ING016,2026-06-23,206190.0
ING016,2026-06-24,206300.0
ING016,2026-06-25,206610.0
ING016,2026-06-26,207150.0
ING016,2026-06-27,206550.0
ING016,2026-06-28,207320.0
ING016,2026-06-29,205960.0
ING016,2026-06-30,205740.0
ING017,2023-07-01,95200.0
ING017,2023-07-02,95430.0
ING017,2023-07-03,95510.0
ING017,2023-07-04,95400.0
ING017,2023-07-05,95590.0
ING017,2023-07-06,95410.0
ING017,2023-07-07,95810.0
ING017,2023-07-08,95750.0
ING017,2023-07-09,95350.0
ING017,2023-07-10,95050.0
ING017,2023-07-11,95070.0
ING017,2023-07-12,95100.0
ING017,2023-07-13,95570.0
ING017,2023-07-14,95300.0
ING017,2023-07-15,95300.0
ING017,2023-07-16,95040.0
ING017,2023-07-17,94930.0
ING017,2023-07-18,95350.0
ING017,2023-07-19,95070.0
ING017,2023-07-20,95210.0
ING017,2023-07-21,95310.0
ING017,2023-07-22,95300.0
ING017,2023-07-23,95420.0
ING017,2023-07-24,95130.0
ING017,2023-07-25,95530.0
ING017,2023-07-26,95980.0
ING017,2023-07-27,95950.0
ING017,2023-07-28,96490.0
ING017,2023-07-29,96340.0
ING017,2023-07-30,96380.0
ING017,2023-07-31,96670.0
ING017,2023-08-01,96490.0
ING017,2023-08-02,96110.0
ING017,2023-08-03,95680.0
ING017,2023-08-04,96160.0
ING017,2023-08-05,95990.0
ING017,2023-08-06,95920.0
ING017,2023-08-07,95630.0
ING017,2023-08-08,95840.0
ING017,2023-08-09,95630.0
ING017,2023-08-10,95510.0
ING017,2023-08-11,95570.0
ING017,2023-08-12,95310.0
ING017,2023-08-13,95280.0
ING017,2023-08-14,95620.0
ING017,2023-08-15,95710.0
ING017,2023-08-16,95730.0
ING017,2023-08-17,95770.0
ING017,2023-08-18,95670.0
ING017,2023-08-19,96130.0
ING017,2023-08-20,95910.0
ING017,2023-08-21,95940.0
ING017,2023-08-22,95950.0
ING017,2023-08-23,96170.0
ING017,2023-08-24,96400.0
ING017,2023-08-25,96350.0
ING017,2023-08-26,96380.0
ING017,2023-08-27,96420.0
ING017,2023-08-28,95840.0
ING017,2023-08-29,95450.0
ING017,2023-08-30,95320.0
ING017,2023-08-31,95200.0
ING017,2023-09-01,94940.0
ING017,2023-09-02,95150.0
ING017,2023-09-03,95180.0
ING017,2023-09-04,95150.0
ING017,2023-09-05,94880.0
ING017,2023-09-06,94910.0
ING017,2023-09-07,94320.0
ING017,2023-09-08,94360.0
ING017,2023-09-09,94440.0
ING017,2023-09-10,94560.0
ING017,2023-09-11,94250.0
ING017,2023-09-12,94380.0
ING017,2023-09-13,94200.0
ING017,2023-09-14,94090.0
ING017,2023-09-15,94340.0
ING017,2023-09-16,94890.0
ING017,2023-09-17,94950.0
ING017,2023-09-18,94800.0
ING017,2023-09-19,94900.0
ING017,2023-09-20,95170.0
ING017,2023-09-21,95350.0
ING017,2023-09-22,96030.0
ING017,2023-09-23,95850.0
ING017,2023-09-24,95910.0
ING017,2023-09-25,96280.0
ING017,2023-09-26,96610.0
ING017,2023-09-27,96110.0
ING017,2023-09-28,96100.0
ING017,2023-09-29,96450.0
ING017,2023-09-30,97110.0
ING017,2023-10-01,97220.0
ING017,2023-10-02,97070.0
ING017,2023-10-03,96780.0
ING017,2023-10-04,97260.0
ING017,2023-10-05,97370.0
ING017,2023-10-06,97100.0
ING017,2023-10-07,97000.0
ING017,2023-10-08,97030.0
ING017,2023-10-09,97110.0
ING017,2023-10-10,96840.0
ING017,2023-10-11,96650.0
ING017,2023-10-12,96230.0
ING017,2023-10-13,96470.0
ING017,2023-10-14,96370.0
ING017,2023-10-15,96470.0
ING017,2023-10-16,96790.0
ING017,2023-10-17,96810.0
ING017,2023-10-18,96750.0
ING017,2023-10-19,96760.0
ING017,2023-10-20,96750.0
ING017,2023-10-21,97020.0
ING017,2023-10-22,97050.0
ING017,2023-10-23,96880.0
ING017,2023-10-24,97090.0
ING017,2023-10-25,97340.0
ING017,2023-10-26,96960.0
ING017,2023-10-27,97290.0
ING017,2023-10-28,97330.0
ING017,2023-10-29,97340.0
ING017,2023-10-30,97520.0
ING017,2023-10-31,97330.0
ING017,2023-11-01,97500.0
ING017,2023-11-02,97350.0
ING017,2023-11-03,96950.0
ING017,2023-11-04,96680.0
ING017,2023-11-05,96800.0
ING017,2023-11-06,96550.0
ING017,2023-11-07,96920.0
ING017,2023-11-08,97170.0
ING017,2023-11-09,97450.0
ING017,2023-11-10,97430.0
ING017,2023-11-11,97440.0
ING017,2023-11-12,97100.0
ING017,2023-11-13,97300.0
ING017,2023-11-14,97350.0
ING017,2023-11-15,97440.0
ING017,2023-11-16,97790.0
ING017,2023-11-17,97580.0
ING017,2023-11-18,97490.0
ING017,2023-11-19,97520.0
ING017,2023-11-20,97240.0
ING017,2023-11-21,97160.0
ING017,2023-11-22,97240.0
ING017,2023-11-23,97130.0
ING017,2023-11-24,97410.0
ING017,2023-11-25,97010.0
ING017,2023-11-26,97250.0
ING017,2023-11-27,97370.0
ING017,2023-11-28,97200.0
ING017,2023-11-29,96950.0
ING017,2023-11-30,96430.0
ING017,2023-12-01,96250.0
ING017,2023-12-02,96520.0
ING017,2023-12-03,96510.0
ING017,2023-12-04,96790.0
ING017,2023-12-05,96640.0
ING017,2023-12-06,96810.0
ING017,2023-12-07,96630.0
ING017,2023-12-08,96400.0
ING017,2023-12-09,96390.0
ING017,2023-12-10,96250.0
ING017,2023-12-11,95900.0
ING017,2023-12-12,95900.0
ING017,2023-12-13,95970.0
ING017,2023-12-14,96300.0
ING017,2023-12-15,96550.0
ING017,2023-12-16,96850.0
ING017,2023-12-17,97020.0
ING017,2023-12-18,97080.0
ING017,2023-12-19,96780.0
ING017,2023-12-20,96810.0
ING017,2023-12-21,96950.0
ING017,2023-12-22,97290.0
ING017,2023-12-23,97430.0
ING017,2023-12-24,97700.0
ING017,2023-12-25,97410.0
ING017,2023-12-26,97300.0
ING017,2023-12-27,97380.0
ING017,2023-12-28,97630.0
ING017,2023-12-29,97560.0
ING017,2023-12-30,97510.0
ING017,2023-12-31,97640.0
ING017,2024-01-01,97340.0
ING017,2024-01-02,97700.0
ING017,2024-01-03,97450.0
ING017,2024-01-04,96970.0
ING017,2024-01-05,96970.0
ING017,2024-01-06,97380.0
ING017,2024-01-07,97500.0
ING017,2024-01-08,97650.0
ING017,2024-01-09,97630.0
ING017,2024-01-10,97560.0
ING017,2024-01-11,97160.0
ING017,2024-01-12,96620.0
ING017,2024-01-13,96690.0
ING017,2024-01-14,97020.0
ING017,2024-01-15,97100.0
ING017,2024-01-16,97250.0
ING017,2024-01-17,97620.0
ING017,2024-01-18,97670.0
ING017,2024-01-19,97610.0
ING017,2024-01-20,97390.0
ING017,2024-01-21,97860.0
ING017,2024-01-22,97950.0
ING017,2024-01-23,97680.0
ING017,2024-01-24,97380.0
ING017,2024-01-25,97670.0
ING017,2024-01-26,97400.0
ING017,2024-01-27,97820.0
ING017,2024-01-28,97140.0
ING017,2024-01-29,97480.0
ING017,2024-01-30,97580.0
ING017,2024-01-31,97590.0
ING017,2024-02-01,97530.0
ING017,2024-02-02,97970.0
ING017,2024-02-03,98100.0
ING017,2024-02-04,97840.0
ING017,2024-02-05,97410.0
ING017,2024-02-06,97440.0
ING017,2024-02-07,97440.0
ING017,2024-02-08,97070.0
ING017,2024-02-09,97070.0
ING017,2024-02-10,96950.0
ING017,2024-02-11,96970.0
ING017,2024-02-12,97160.0
ING017,2024-02-13,97520.0
ING017,2024-02-14,97730.0
ING017,2024-02-15,97540.0
ING017,2024-02-16,97620.0
ING017,2024-02-17,97630.0
ING017,2024-02-18,97300.0
ING017,2024-02-19,97400.0
ING017,2024-02-20,97840.0
ING017,2024-02-21,97830.0
ING017,2024-02-22,97440.0
ING017,2024-02-23,97440.0
ING017,2024-02-24,97160.0
ING017,2024-02-25,97380.0
ING017,2024-02-26,97510.0
ING017,2024-02-27,97470.0
ING017,2024-02-28,97390.0
ING017,2024-02-29,97350.0
ING017,2024-03-01,97360.0
ING017,2024-03-02,97190.0
ING017,2024-03-03,96880.0
ING017,2024-03-04,97180.0
ING017,2024-03-05,97110.0
ING017,2024-03-06,97170.0
ING017,2024-03-07,97260.0
ING017,2024-03-08,97360.0
ING017,2024-03-09,97090.0
ING017,2024-03-10,96720.0
ING017,2024-03-11,96630.0
ING017,2024-03-12,96770.0
ING017,2024-03-13,96640.0
ING017,2024-03-14,96610.0
ING017,2024-03-15,97170.0
ING017,2024-03-16,96760.0
ING017,2024-03-17,96630.0
ING017,2024-03-18,97130.0
ING017,2024-03-19,97150.0
ING017,2024-03-20,97010.0
ING017,2024-03-21,97330.0
ING017,2024-03-22,97360.0
ING017,2024-03-23,97300.0
ING017,2024-03-24,97370.0
ING017,2024-03-25,97230.0
ING017,2024-03-26,97020.0
ING017,2024-03-27,97030.0
ING017,2024-03-28,96830.0
ING017,2024-03-29,96880.0
ING017,2024-03-30,97020.0
ING017,2024-03-31,97260.0
ING017,2024-04-01,97560.0
ING017,2024-04-02,97480.0
ING017,2024-04-03,97620.0
ING017,2024-04-04,97750.0
ING017,2024-04-05,97830.0
ING017,2024-04-06,97720.0
ING017,2024-04-07,97490.0
ING017,2024-04-08,97630.0
ING017,2024-04-09,97240.0
ING017,2024-04-10,97210.0
ING017,2024-04-11,96650.0
ING017,2024-04-12,96390.0
ING017,2024-04-13,96270.0
ING017,2024-04-14,96610.0
ING017,2024-04-15,96850.0
ING017,2024-04-16,96770.0
ING017,2024-04-17,97010.0
ING017,2024-04-18,97270.0
ING017,2024-04-19,97270.0
ING017,2024-04-20,96980.0
ING017,2024-04-21,96990.0
ING017,2024-04-22,97020.0
ING017,2024-04-23,96780.0
ING017,2024-04-24,96930.0
ING017,2024-04-25,97060.0
ING017,2024-04-26,97220.0
ING017,2024-04-27,97330.0
ING017,2024-04-28,97540.0
ING017,2024-04-29,97530.0
ING017,2024-04-30,97610.0
ING017,2024-05-01,97550.0
ING017,2024-05-02,97440.0
ING017,2024-05-03,97790.0
ING017,2024-05-04,97330.0
ING017,2024-05-05,97580.0
ING017,2024-05-06,97470.0
ING017,2024-05-07,97330.0
ING017,2024-05-08,97440.0
ING017,2024-05-09,97120.0
ING017,2024-05-10,96990.0
ING017,2024-05-11,96850.0
ING017,2024-05-12,96870.0
ING017,2024-05-13,96750.0
ING017,2024-05-14,97210.0
ING017,2024-05-15,97690.0
ING017,2024-05-16,97240.0
ING017,2024-05-17,97430.0
ING017,2024-05-18,97680.0
ING017,2024-05-19,97840.0
ING017,2024-05-20,97710.0
ING017,2024-05-21,97690.0
ING017,2024-05-22,97540.0
ING017,2024-05-23,97490.0
ING017,2024-05-24,97250.0
ING017,2024-05-25,97280.0
ING017,2024-05-26,96980.0
ING017,2024-05-27,97000.0
ING017,2024-05-28,96780.0
ING017,2024-05-29,96910.0
ING017,2024-05-30,96830.0
ING017,2024-05-31,96980.0
ING017,2024-06-01,97320.0
ING017,2024-06-02,97750.0
ING017,2024-06-03,97190.0
ING017,2024-06-04,97060.0
ING017,2024-06-05,97060.0
ING017,2024-06-06,97240.0
ING017,2024-06-07,96920.0
ING017,2024-06-08,96770.0
ING017,2024-06-09,96890.0
ING017,2024-06-10,96990.0
ING017,2024-06-11,97170.0
ING017,2024-06-12,97340.0
ING017,2024-06-13,97490.0
ING017,2024-06-14,97590.0
ING017,2024-06-15,97660.0
ING017,2024-06-16,97860.0
ING017,2024-06-17,97370.0
ING017,2024-06-18,97800.0
ING017,2024-06-19,97320.0
ING017,2024-06-20,97140.0
ING017,2024-06-21,97160.0
ING017,2024-06-22,97400.0
ING017,2024-06-23,96750.0
ING017,2024-06-24,96850.0
ING017,2024-06-25,97130.0
ING017,2024-06-26,97450.0
ING017,2024-06-27,97350.0
ING017,2024-06-28,97350.0
ING017,2024-06-29,97270.0
ING017,2024-06-30,97260.0
ING017,2024-07-01,97090.0
ING017,2024-07-02,96960.0
ING017,2024-07-03,97160.0
ING017,2024-07-04,97280.0
ING017,2024-07-05,97470.0
ING017,2024-07-06,97590.0
ING017,2024-07-07,97820.0
ING017,2024-07-08,98090.0
ING017,2024-07-09,97710.0
ING017,2024-07-10,97570.0
ING017,2024-07-11,97580.0
ING017,2024-07-12,97640.0
ING017,2024-07-13,97550.0
ING017,2024-07-14,97830.0
ING017,2024-07-15,98360.0
ING017,2024-07-16,98440.0
ING017,2024-07-17,98480.0
ING017,2024-07-18,98710.0
ING017,2024-07-19,98280.0
ING017,2024-07-20,98320.0
ING017,2024-07-21,98590.0
ING017,2024-07-22,98460.0
ING017,2024-07-23,98200.0
ING017,2024-07-24,98200.0
ING017,2024-07-25,98230.0
ING017,2024-07-26,98050.0
ING017,2024-07-27,98600.0
ING017,2024-07-28,98510.0
ING017,2024-07-29,98270.0
ING017,2024-07-30,98290.0
ING017,2024-07-31,98540.0
ING017,2024-08-01,98580.0
ING017,2024-08-02,98720.0
ING017,2024-08-03,98540.0
ING017,2024-08-04,98920.0
ING017,2024-08-05,99070.0
ING017,2024-08-06,99320.0
ING017,2024-08-07,99400.0
ING017,2024-08-08,99590.0
ING017,2024-08-09,99360.0
ING017,2024-08-10,99240.0
ING017,2024-08-11,99560.0
ING017,2024-08-12,99910.0
ING017,2024-08-13,99610.0
ING017,2024-08-14,99650.0
ING017,2024-08-15,99530.0
ING017,2024-08-16,99350.0
ING017,2024-08-17,99420.0
ING017,2024-08-18,99680.0
ING017,2024-08-19,99770.0
ING017,2024-08-20,99670.0
ING017,2024-08-21,99780.0
ING017,2024-08-22,99670.0
ING017,2024-08-23,99760.0
ING017,2024-08-24,100070.0
ING017,2024-08-25,99540.0
ING017,2024-08-26,99720.0
ING017,2024-08-27,99340.0
ING017,2024-08-28,99640.0
ING017,2024-08-29,99470.0
ING017,2024-08-30,99180.0
ING017,2024-08-31,99360.0
ING017,2024-09-01,99450.0
ING017,2024-09-02,99220.0
ING017,2024-09-03,98930.0
ING017,2024-09-04,98910.0
ING017,2024-09-05,98660.0
ING017,2024-09-06,98450.0
ING017,2024-09-07,98530.0
ING017,2024-09-08,98350.0
ING017,2024-09-09,98510.0
ING017,2024-09-10,98920.0
ING017,2024-09-11,98910.0
ING017,2024-09-12,98980.0
ING017,2024-09-13,99490.0
ING017,2024-09-14,99210.0
ING017,2024-09-15,99510.0
ING017,2024-09-16,99770.0
ING017,2024-09-17,99970.0
ING017,2024-09-18,100260.0
ING017,2024-09-19,100290.0
ING017,2024-09-20,100120.0
ING017,2024-09-21,100360.0
ING017,2024-09-22,100590.0
ING017,2024-09-23,100810.0
ING017,2024-09-24,100770.0
ING017,2024-09-25,100540.0
ING017,2024-09-26,100550.0
ING017,2024-09-27,100730.0
ING017,2024-09-28,100920.0
ING017,2024-09-29,100760.0
ING017,2024-09-30,100790.0
ING017,2024-10-01,100430.0
ING017,2024-10-02,100630.0
ING017,2024-10-03,100400.0
ING017,2024-10-04,100560.0
ING017,2024-10-05,100250.0
ING017,2024-10-06,100470.0
ING017,2024-10-07,100510.0
ING017,2024-10-08,100290.0
ING017,2024-10-09,100440.0
ING017,2024-10-10,100270.0
ING017,2024-10-11,100430.0
ING017,2024-10-12,100330.0
ING017,2024-10-13,99900.0
ING017,2024-10-14,99670.0
ING017,2024-10-15,99580.0
ING017,2024-10-16,99920.0
ING017,2024-10-17,100140.0
ING017,2024-10-18,100510.0
ING017,2024-10-19,100880.0
ING017,2024-10-20,100700.0
ING017,2024-10-21,100620.0
ING017,2024-10-22,100490.0
ING017,2024-10-23,100310.0
ING017,2024-10-24,99860.0
ING017,2024-10-25,99860.0
ING017,2024-10-26,99560.0
ING017,2024-10-27,99580.0
ING017,2024-10-28,100110.0
ING017,2024-10-29,99980.0
ING017,2024-10-30,100030.0
ING017,2024-10-31,100250.0
ING017,2024-11-01,100310.0
ING017,2024-11-02,100370.0
ING017,2024-11-03,100270.0
ING017,2024-11-04,100210.0
ING017,2024-11-05,99980.0
ING017,2024-11-06,100190.0
ING017,2024-11-07,99770.0
ING017,2024-11-08,100020.0
ING017,2024-11-09,99690.0
ING017,2024-11-10,99950.0
ING017,2024-11-11,99880.0
ING017,2024-11-12,99600.0
ING017,2024-11-13,99770.0
ING017,2024-11-14,100010.0
ING017,2024-11-15,99920.0
ING017,2024-11-16,100110.0
ING017,2024-11-17,99570.0
ING017,2024-11-18,99290.0
ING017,2024-11-19,99650.0
ING017,2024-11-20,99630.0
ING017,2024-11-21,99220.0
ING017,2024-11-22,99110.0
ING017,2024-11-23,98950.0
ING017,2024-11-24,98980.0
ING017,2024-11-25,98960.0
ING017,2024-11-26,99070.0
ING017,2024-11-27,99120.0
ING017,2024-11-28,99500.0
ING017,2024-11-29,99650.0
ING017,2024-11-30,99790.0
ING017,2024-12-01,100100.0
ING017,2024-12-02,100030.0
ING017,2024-12-03,99750.0
ING017,2024-12-04,100070.0
ING017,2024-12-05,100120.0
ING017,2024-12-06,100170.0
ING017,2024-12-07,100030.0
ING017,2024-12-08,99910.0
ING017,2024-12-09,100140.0
ING017,2024-12-10,100390.0
ING017,2024-12-11,100580.0
ING017,2024-12-12,100770.0
ING017,2024-12-13,100890.0
ING017,2024-12-14,100900.0
ING017,2024-12-15,100840.0
ING017,2024-12-16,101120.0
ING017,2024-12-17,101000.0
ING017,2024-12-18,101070.0
ING017,2024-12-19,100850.0
ING017,2024-12-20,100680.0
ING017,2024-12-21,100620.0
ING017,2024-12-22,100430.0
ING017,2024-12-23,100630.0
ING017,2024-12-24,100310.0
ING017,2024-12-25,100350.0
ING017,2024-12-26,100400.0
ING017,2024-12-27,99980.0
ING017,2024-12-28,99910.0
ING017,2024-12-29,100010.0
ING017,2024-12-30,100150.0
ING017,2024-12-31,100130.0
ING017,2025-01-01,100320.0
ING017,2025-01-02,100320.0
ING017,2025-01-03,100340.0
ING017,2025-01-04,100420.0
ING017,2025-01-05,100660.0
ING017,2025-01-06,100500.0
ING017,2025-01-07,100400.0
ING017,2025-01-08,100260.0
ING017,2025-01-09,100210.0
ING017,2025-01-10,100580.0
ING017,2025-01-11,100730.0
ING017,2025-01-12,100470.0
ING017,2025-01-13,100340.0
ING017,2025-01-14,100460.0
ING017,2025-01-15,100260.0
ING017,2025-01-16,100120.0
ING017,2025-01-17,100480.0
ING017,2025-01-18,100360.0
ING017,2025-01-19,100610.0
ING017,2025-01-20,100920.0
ING017,2025-01-21,100750.0
ING017,2025-01-22,100550.0
ING017,2025-01-23,100500.0
ING017,2025-01-24,100270.0
ING017,2025-01-25,100330.0
ING017,2025-01-26,100320.0
ING017,2025-01-27,100440.0
ING017,2025-01-28,100800.0
ING017,2025-01-29,101000.0
ING017,2025-01-30,101120.0
ING017,2025-01-31,100650.0
ING017,2025-02-01,100770.0
ING017,2025-02-02,101200.0
ING017,2025-02-03,100480.0
ING017,2025-02-04,100670.0
ING017,2025-02-05,100650.0
ING017,2025-02-06,100470.0
ING017,2025-02-07,100700.0
ING017,2025-02-08,101120.0
ING017,2025-02-09,101310.0
ING017,2025-02-10,101210.0
ING017,2025-02-11,100980.0
ING017,2025-02-12,101030.0
ING017,2025-02-13,101240.0
ING017,2025-02-14,101150.0
ING017,2025-02-15,101080.0
ING017,2025-02-16,101760.0
ING017,2025-02-17,101990.0
ING017,2025-02-18,102220.0
ING017,2025-02-19,101820.0
ING017,2025-02-20,101630.0
ING017,2025-02-21,101630.0
ING017,2025-02-22,101370.0
ING017,2025-02-23,101750.0
ING017,2025-02-24,102060.0
ING017,2025-02-25,101890.0
ING017,2025-02-26,102290.0
ING017,2025-02-27,102240.0
ING017,2025-02-28,102810.0
ING017,2025-03-01,102770.0
ING017,2025-03-02,102840.0
ING017,2025-03-03,103090.0
ING017,2025-03-04,103310.0
ING017,2025-03-05,103340.0
ING017,2025-03-06,103210.0
ING017,2025-03-07,103240.0
ING017,2025-03-08,102950.0
ING017,2025-03-09,102910.0
ING017,2025-03-10,102570.0
ING017,2025-03-11,102100.0
ING017,2025-03-12,102080.0
ING017,2025-03-13,102340.0
ING017,2025-03-14,102520.0
ING017,2025-03-15,102450.0
ING017,2025-03-16,102820.0
ING017,2025-03-17,102620.0
ING017,2025-03-18,102110.0
ING017,2025-03-19,101560.0
ING017,2025-03-20,101280.0
ING017,2025-03-21,101480.0
ING017,2025-03-22,101340.0
ING017,2025-03-23,101460.0
ING017,2025-03-24,101860.0
ING017,2025-03-25,101580.0
ING017,2025-03-26,101700.0
ING017,2025-03-27,101820.0
ING017,2025-03-28,101610.0
ING017,2025-03-29,101930.0
ING017,2025-03-30,101850.0
ING017,2025-03-31,101740.0
ING017,2025-04-01,102240.0
ING017,2025-04-02,102340.0
ING017,2025-04-03,102520.0
ING017,2025-04-04,102810.0
ING017,2025-04-05,102600.0
ING017,2025-04-06,102850.0
ING017,2025-04-07,102670.0
ING017,2025-04-08,102500.0
ING017,2025-04-09,102390.0
ING017,2025-04-10,102220.0
ING017,2025-04-11,102390.0
ING017,2025-04-12,102420.0
ING017,2025-04-13,102270.0
ING017,2025-04-14,102410.0
ING017,2025-04-15,102310.0
ING017,2025-04-16,102210.0
ING017,2025-04-17,102200.0
ING017,2025-04-18,102300.0
ING017,2025-04-19,102370.0
ING017,2025-04-20,102250.0
ING017,2025-04-21,102440.0
ING017,2025-04-22,102360.0
ING017,2025-04-23,102180.0
ING017,2025-04-24,101810.0
ING017,2025-04-25,102050.0
ING017,2025-04-26,102050.0
ING017,2025-04-27,102090.0
ING017,2025-04-28,102330.0
ING017,2025-04-29,102200.0
ING017,2025-04-30,101860.0
ING017,2025-05-01,101890.0
ING017,2025-05-02,101960.0
ING017,2025-05-03,101900.0
ING017,2025-05-04,102260.0
ING017,2025-05-05,101660.0
ING017,2025-05-06,101940.0
ING017,2025-05-07,102130.0
ING017,2025-05-08,102240.0
ING017,2025-05-09,101440.0
ING017,2025-05-10,101770.0
ING017,2025-05-11,101540.0
ING017,2025-05-12,101450.0
ING017,2025-05-13,101440.0
ING017,2025-05-14,101570.0
ING017,2025-05-15,101750.0
ING017,2025-05-16,101980.0
ING017,2025-05-17,102190.0
ING017,2025-05-18,102240.0
ING017,2025-05-19,102340.0
ING017,2025-05-20,102070.0
ING017,2025-05-21,101900.0
ING017,2025-05-22,102130.0
ING017,2025-05-23,102330.0
ING017,2025-05-24,102490.0
ING017,2025-05-25,102360.0
ING017,2025-05-26,102570.0
ING017,2025-05-27,102280.0
ING017,2025-05-28,102530.0
ING017,2025-05-29,102460.0
ING017,2025-05-30,102850.0
ING017,2025-05-31,102460.0
ING017,2025-06-01,102870.0
ING017,2025-06-02,102760.0
ING017,2025-06-03,102640.0
ING017,2025-06-04,102670.0
ING017,2025-06-05,102490.0
ING017,2025-06-06,102470.0
ING017,2025-06-07,102290.0
ING017,2025-06-08,102120.0
ING017,2025-06-09,102250.0
ING017,2025-06-10,102050.0
ING017,2025-06-11,101880.0
ING017,2025-06-12,101580.0
ING017,2025-06-13,101500.0
ING017,2025-06-14,101860.0
ING017,2025-06-15,101690.0
ING017,2025-06-16,101550.0
ING017,2025-06-17,101650.0
ING017,2025-06-18,101600.0
ING017,2025-06-19,102170.0
ING017,2025-06-20,102150.0
ING017,2025-06-21,102250.0
ING017,2025-06-22,102490.0
ING017,2025-06-23,102710.0
ING017,2025-06-24,102750.0
ING017,2025-06-25,102710.0
ING017,2025-06-26,103180.0
ING017,2025-06-27,103120.0
ING017,2025-06-28,102990.0
ING017,2025-06-29,102820.0
ING017,2025-06-30,102400.0
ING017,2025-07-01,102600.0
ING017,2025-07-02,102050.0
ING017,2025-07-03,102070.0
ING017,2025-07-04,102050.0
ING017,2025-07-05,102620.0
ING017,2025-07-06,102180.0
ING017,2025-07-07,101990.0
ING017,2025-07-08,102000.0
ING017,2025-07-09,101980.0
ING017,2025-07-10,101890.0
ING017,2025-07-11,101910.0
ING017,2025-07-12,101650.0
ING017,2025-07-13,101790.0
ING017,2025-07-14,101290.0
ING017,2025-07-15,101360.0
ING017,2025-07-16,101280.0
ING017,2025-07-17,101600.0
ING017,2025-07-18,102080.0
ING017,2025-07-19,102030.0
ING017,2025-07-20,102400.0
ING017,2025-07-21,102350.0
ING017,2025-07-22,102140.0
ING017,2025-07-23,102590.0
ING017,2025-07-24,102730.0
ING017,2025-07-25,102740.0
ING017,2025-07-26,102910.0
ING017,2025-07-27,102970.0
ING017,2025-07-28,102950.0
ING017,2025-07-29,102630.0
ING017,2025-07-30,102580.0
ING017,2025-07-31,102750.0
ING017,2025-08-01,102730.0
ING017,2025-08-02,102950.0
ING017,2025-08-03,103040.0
ING017,2025-08-04,102830.0
ING017,2025-08-05,102530.0
ING017,2025-08-06,102510.0
ING017,2025-08-07,102410.0
ING017,2025-08-08,102520.0
ING017,2025-08-09,102370.0
ING017,2025-08-10,102260.0
ING017,2025-08-11,102550.0
ING017,2025-08-12,102610.0
ING017,2025-08-13,102470.0
ING017,2025-08-14,102500.0
ING017,2025-08-15,102860.0
ING017,2025-08-16,102940.0
ING017,2025-08-17,103090.0
ING017,2025-08-18,102910.0
ING017,2025-08-19,103160.0
ING017,2025-08-20,103710.0
ING017,2025-08-21,103500.0
ING017,2025-08-22,103200.0
ING017,2025-08-23,103240.0
ING017,2025-08-24,103440.0
ING017,2025-08-25,103410.0
ING017,2025-08-26,103150.0
ING017,2025-08-27,103120.0
ING017,2025-08-28,103270.0
ING017,2025-08-29,103170.0
ING017,2025-08-30,103320.0
ING017,2025-08-31,103590.0
ING017,2025-09-01,103630.0
ING017,2025-09-02,103610.0
ING017,2025-09-03,103790.0
ING017,2025-09-04,103560.0
ING017,2025-09-05,103320.0
ING017,2025-09-06,103260.0
ING017,2025-09-07,103140.0
ING017,2025-09-08,102960.0
ING017,2025-09-09,103410.0
ING017,2025-09-10,103930.0
ING017,2025-09-11,103810.0
ING017,2025-09-12,103810.0
ING017,2025-09-13,103750.0
ING017,2025-09-14,103990.0
ING017,2025-09-15,104270.0
ING017,2025-09-16,103810.0
ING017,2025-09-17,103900.0
ING017,2025-09-18,103570.0
ING017,2025-09-19,103980.0
ING017,2025-09-20,104060.0
ING017,2025-09-21,103830.0
ING017,2025-09-22,103760.0
ING017,2025-09-23,103680.0
ING017,2025-09-24,103790.0
ING017,2025-09-25,104020.0
ING017,2025-09-26,103730.0
ING017,2025-09-27,104150.0
ING017,2025-09-28,104500.0
ING017,2025-09-29,104250.0
ING017,2025-09-30,104230.0
ING017,2025-10-01,104600.0
ING017,2025-10-02,104850.0
ING017,2025-10-03,104700.0
ING017,2025-10-04,104840.0
ING017,2025-10-05,105490.0
ING017,2025-10-06,105420.0
ING017,2025-10-07,105180.0
ING017,2025-10-08,105150.0
ING017,2025-10-09,105130.0
ING017,2025-10-10,104930.0
ING017,2025-10-11,104970.0
ING017,2025-10-12,104610.0
ING017,2025-10-13,104410.0
ING017,2025-10-14,104550.0
ING017,2025-10-15,104090.0
ING017,2025-10-16,104290.0
ING017,2025-10-17,103780.0
ING017,2025-10-18,103370.0
ING017,2025-10-19,103270.0
ING017,2025-10-20,103360.0
ING017,2025-10-21,103700.0
ING017,2025-10-22,103720.0
ING017,2025-10-23,103660.0
ING017,2025-10-24,103810.0
ING017,2025-10-25,103600.0
ING017,2025-10-26,103650.0
ING017,2025-10-27,103370.0
ING017,2025-10-28,103410.0
ING017,2025-10-29,103410.0
ING017,2025-10-30,103240.0
ING017,2025-10-31,103310.0
ING017,2025-11-01,103380.0
ING017,2025-11-02,103680.0
ING017,2025-11-03,103310.0
ING017,2025-11-04,103320.0
ING017,2025-11-05,103170.0
ING017,2025-11-06,103420.0
ING017,2025-11-07,103620.0
ING017,2025-11-08,103760.0
ING017,2025-11-09,103610.0
ING017,2025-11-10,103840.0
ING017,2025-11-11,103480.0
ING017,2025-11-12,103090.0
ING017,2025-11-13,102840.0
ING017,2025-11-14,102890.0
ING017,2025-11-15,103110.0
ING017,2025-11-16,102450.0
ING017,2025-11-17,102840.0
ING017,2025-11-18,102930.0
ING017,2025-11-19,102620.0
ING017,2025-11-20,102720.0
ING017,2025-11-21,103040.0
ING017,2025-11-22,103240.0
ING017,2025-11-23,103550.0
ING017,2025-11-24,103250.0
ING017,2025-11-25,103200.0
ING017,2025-11-26,103020.0
ING017,2025-11-27,103490.0
ING017,2025-11-28,103680.0
ING017,2025-11-29,104380.0
ING017,2025-11-30,104260.0
ING017,2025-12-01,104080.0
ING017,2025-12-02,104050.0
ING017,2025-12-03,104390.0
ING017,2025-12-04,104300.0
ING017,2025-12-05,104320.0
ING017,2025-12-06,104340.0
ING017,2025-12-07,104350.0
ING017,2025-12-08,104190.0
ING017,2025-12-09,104160.0
ING017,2025-12-10,104130.0
ING017,2025-12-11,104130.0
ING017,2025-12-12,104370.0
ING017,2025-12-13,104780.0
ING017,2025-12-14,104560.0
ING017,2025-12-15,104460.0
ING017,2025-12-16,104260.0
ING017,2025-12-17,104310.0
ING017,2025-12-18,104180.0
ING017,2025-12-19,104250.0
ING017,2025-12-20,104520.0
ING017,2025-12-21,103910.0
ING017,2025-12-22,104060.0
ING017,2025-12-23,103970.0
ING017,2025-12-24,104100.0
ING017,2025-12-25,103900.0
ING017,2025-12-26,104220.0
ING017,2025-12-27,104450.0
ING017,2025-12-28,104580.0
ING017,2025-12-29,104770.0
ING017,2025-12-30,104580.0
ING017,2025-12-31,104430.0
ING017,2026-01-01,104610.0
ING017,2026-01-02,104420.0
ING017,2026-01-03,104770.0
ING017,2026-01-04,104690.0
ING017,2026-01-05,104800.0
ING017,2026-01-06,105290.0
ING017,2026-01-07,105080.0
ING017,2026-01-08,105080.0
ING017,2026-01-09,105300.0
ING017,2026-01-10,105490.0
ING017,2026-01-11,105370.0
ING017,2026-01-12,105210.0
ING017,2026-01-13,105130.0
ING017,2026-01-14,105450.0
ING017,2026-01-15,105350.0
ING017,2026-01-16,105330.0
ING017,2026-01-17,105200.0
ING017,2026-01-18,105340.0
ING017,2026-01-19,105350.0
ING017,2026-01-20,105080.0
ING017,2026-01-21,104830.0
ING017,2026-01-22,104350.0
ING017,2026-01-23,104170.0
ING017,2026-01-24,104390.0
ING017,2026-01-25,104730.0
ING017,2026-01-26,104890.0
ING017,2026-01-27,105020.0
ING017,2026-01-28,104980.0
ING017,2026-01-29,105150.0
ING017,2026-01-30,105210.0
ING017,2026-01-31,105620.0
ING017,2026-02-01,105550.0
ING017,2026-02-02,105840.0
ING017,2026-02-03,106000.0
ING017,2026-02-04,106120.0
ING017,2026-02-05,105580.0
ING017,2026-02-06,105760.0
ING017,2026-02-07,105690.0
ING017,2026-02-08,105550.0
ING017,2026-02-09,105160.0
ING017,2026-02-10,105150.0
ING017,2026-02-11,105150.0
ING017,2026-02-12,104830.0
ING017,2026-02-13,104490.0
ING017,2026-02-14,104630.0
ING017,2026-02-15,104850.0
ING017,2026-02-16,104910.0
ING017,2026-02-17,105190.0
ING017,2026-02-18,105160.0
ING017,2026-02-19,105140.0
ING017,2026-02-20,104920.0
ING017,2026-02-21,104550.0
ING017,2026-02-22,105020.0
ING017,2026-02-23,105290.0
ING017,2026-02-24,104950.0
ING017,2026-02-25,104990.0
ING017,2026-02-26,104980.0
ING017,2026-02-27,104920.0
ING017,2026-02-28,104830.0
ING017,2026-03-01,104940.0
ING017,2026-03-02,105140.0
ING017,2026-03-03,105240.0
ING017,2026-03-04,105210.0
ING017,2026-03-05,105170.0
ING017,2026-03-06,105390.0
ING017,2026-03-07,105490.0
ING017,2026-03-08,105500.0
ING017,2026-03-09,105470.0
ING017,2026-03-10,105540.0
ING017,2026-03-11,105420.0
ING017,2026-03-12,105600.0
ING017,2026-03-13,105330.0
ING017,2026-03-14,105230.0
ING017,2026-03-15,105380.0
ING017,2026-03-16,105110.0
ING017,2026-03-17,104740.0
ING017,2026-03-18,104790.0
ING017,2026-03-19,104410.0
ING017,2026-03-20,104150.0
ING017,2026-03-21,104390.0
ING017,2026-03-22,104390.0
ING017,2026-03-23,104740.0
ING017,2026-03-24,104490.0
ING017,2026-03-25,104510.0
ING017,2026-03-26,104650.0
ING017,2026-03-27,104410.0
ING017,2026-03-28,104710.0
ING017,2026-03-29,104860.0
ING017,2026-03-30,104510.0
ING017,2026-03-31,104550.0
ING017,2026-04-01,104690.0
ING017,2026-04-02,104580.0
ING017,2026-04-03,104280.0
ING017,2026-04-04,104410.0
ING017,2026-04-05,104990.0
ING017,2026-04-06,104920.0
ING017,2026-04-07,105320.0
ING017,2026-04-08,105160.0
ING017,2026-04-09,105230.0
ING017,2026-04-10,105430.0
ING017,2026-04-11,105430.0
ING017,2026-04-12,105370.0
ING017,2026-04-13,105550.0
ING017,2026-04-14,106000.0
ING017,2026-04-15,106050.0
ING017,2026-04-16,105910.0
ING017,2026-04-17,105850.0
ING017,2026-04-18,106440.0
ING017,2026-04-19,106430.0
ING017,2026-04-20,106250.0
ING017,2026-04-21,105950.0
ING017,2026-04-22,105500.0
ING017,2026-04-23,105600.0
ING017,2026-04-24,105760.0
ING017,2026-04-25,105660.0
ING017,2026-04-26,105660.0
ING017,2026-04-27,105390.0
ING017,2026-04-28,105440.0
ING017,2026-04-29,105570.0
ING017,2026-04-30,105450.0
ING017,2026-05-01,105870.0
ING017,2026-05-02,105670.0
ING017,2026-05-03,105740.0
ING017,2026-05-04,105940.0
ING017,2026-05-05,105920.0
ING017,2026-05-06,105870.0
ING017,2026-05-07,105530.0
ING017,2026-05-08,105870.0
ING017,2026-05-09,105830.0
ING017,2026-05-10,105960.0
ING017,2026-05-11,106110.0
ING017,2026-05-12,105950.0
ING017,2026-05-13,105900.0
ING017,2026-05-14,106220.0
ING017,2026-05-15,105940.0
ING017,2026-05-16,106440.0
ING017,2026-05-17,106240.0
ING017,2026-05-18,105950.0
ING017,2026-05-19,105980.0
ING017,2026-05-20,106500.0
ING017,2026-05-21,106020.0
ING017,2026-05-22,105990.0
ING017,2026-05-23,106100.0
ING017,2026-05-24,106110.0
ING017,2026-05-25,106190.0
ING017,2026-05-26,106010.0
ING017,2026-05-27,105870.0
ING017,2026-05-28,105850.0
ING017,2026-05-29,105590.0
ING017,2026-05-30,105600.0
ING017,2026-05-31,105540.0
ING017,2026-06-01,105450.0
ING017,2026-06-02,105560.0
ING017,2026-06-03,105160.0
ING017,2026-06-04,105150.0
ING017,2026-06-05,105750.0
ING017,2026-06-06,105510.0
ING017,2026-06-07,105850.0
ING017,2026-06-08,105880.0
ING017,2026-06-09,105750.0
ING017,2026-06-10,105460.0
ING017,2026-06-11,105530.0
ING017,2026-06-12,105910.0
ING017,2026-06-13,105830.0
ING017,2026-06-14,105830.0
ING017,2026-06-15,106090.0
ING017,2026-06-16,106180.0
ING017,2026-06-17,105810.0
ING017,2026-06-18,105860.0
ING017,2026-06-19,106240.0
ING017,2026-06-20,106230.0
ING017,2026-06-21,105590.0
ING017,2026-06-22,105720.0
ING017,2026-06-23,105700.0
ING017,2026-06-24,105300.0
ING017,2026-06-25,104950.0
ING017,2026-06-26,105250.0
ING017,2026-06-27,105130.0
ING017,2026-06-28,104980.0
ING017,2026-06-29,105040.0
ING017,2026-06-30,104960.0
ING018,2023-07-01,18030.0
ING018,2023-07-02,17970.0
ING018,2023-07-03,17650.0
ING018,2023-07-04,17530.0
ING018,2023-07-05,17670.0
ING018,2023-07-06,17700.0
ING018,2023-07-07,17690.0
ING018,2023-07-08,18230.0
ING018,2023-07-09,18420.0
ING018,2023-07-10,18630.0
ING018,2023-07-11,18550.0
ING018,2023-07-12,18590.0
ING018,2023-07-13,18440.0
ING018,2023-07-14,18630.0
ING018,2023-07-15,18570.0
ING018,2023-07-16,18600.0
ING018,2023-07-17,18620.0
ING018,2023-07-18,18580.0
ING018,2023-07-19,19350.0
ING018,2023-07-20,19110.0
ING018,2023-07-21,18870.0
ING018,2023-07-22,19020.0
ING018,2023-07-23,18810.0
ING018,2023-07-24,18690.0
ING018,2023-07-25,18360.0
ING018,2023-07-26,18480.0
ING018,2023-07-27,18600.0
ING018,2023-07-28,18480.0
ING018,2023-07-29,18650.0
ING018,2023-07-30,18120.0
ING018,2023-07-31,17930.0
ING018,2023-08-01,17890.0
ING018,2023-08-02,17580.0
ING018,2023-08-03,17130.0
ING018,2023-08-04,17100.0
ING018,2023-08-05,17330.0
ING018,2023-08-06,17720.0
ING018,2023-08-07,17590.0
ING018,2023-08-08,17810.0
ING018,2023-08-09,17990.0
ING018,2023-08-10,18330.0
ING018,2023-08-11,18220.0
ING018,2023-08-12,17730.0
ING018,2023-08-13,17770.0
ING018,2023-08-14,17510.0
ING018,2023-08-15,17340.0
ING018,2023-08-16,17300.0
ING018,2023-08-17,17250.0
ING018,2023-08-18,17330.0
ING018,2023-08-19,17550.0
ING018,2023-08-20,17480.0
ING018,2023-08-21,17620.0
ING018,2023-08-22,17650.0
ING018,2023-08-23,17920.0
ING018,2023-08-24,17880.0
ING018,2023-08-25,17870.0
ING018,2023-08-26,17780.0
ING018,2023-08-27,17760.0
ING018,2023-08-28,17560.0
ING018,2023-08-29,17350.0
ING018,2023-08-30,17600.0
ING018,2023-08-31,17330.0
ING018,2023-09-01,17290.0
ING018,2023-09-02,17600.0
ING018,2023-09-03,17530.0
ING018,2023-09-04,17790.0
ING018,2023-09-05,17640.0
ING018,2023-09-06,17380.0
ING018,2023-09-07,16990.0
ING018,2023-09-08,17400.0
ING018,2023-09-09,17130.0
ING018,2023-09-10,17390.0
ING018,2023-09-11,17150.0
ING018,2023-09-12,17560.0
ING018,2023-09-13,18180.0
ING018,2023-09-14,17730.0
ING018,2023-09-15,17450.0
ING018,2023-09-16,17700.0
ING018,2023-09-17,17860.0
ING018,2023-09-18,18080.0
ING018,2023-09-19,17930.0
ING018,2023-09-20,18480.0
ING018,2023-09-21,18500.0
ING018,2023-09-22,18150.0
ING018,2023-09-23,18080.0
ING018,2023-09-24,17760.0
ING018,2023-09-25,18210.0
ING018,2023-09-26,18030.0
ING018,2023-09-27,18170.0
ING018,2023-09-28,18050.0
ING018,2023-09-29,17890.0
ING018,2023-09-30,17390.0
ING018,2023-10-01,17590.0
ING018,2023-10-02,17970.0
ING018,2023-10-03,17730.0
ING018,2023-10-04,17340.0
ING018,2023-10-05,17600.0
ING018,2023-10-06,17180.0
ING018,2023-10-07,17560.0
ING018,2023-10-08,17350.0
ING018,2023-10-09,17090.0
ING018,2023-10-10,17220.0
ING018,2023-10-11,16980.0
ING018,2023-10-12,16850.0
ING018,2023-10-13,17020.0
ING018,2023-10-14,16420.0
ING018,2023-10-15,16950.0
ING018,2023-10-16,17030.0
ING018,2023-10-17,16740.0
ING018,2023-10-18,16540.0
ING018,2023-10-19,16890.0
ING018,2023-10-20,17120.0
ING018,2023-10-21,17550.0
ING018,2023-10-22,17400.0
ING018,2023-10-23,17520.0
ING018,2023-10-24,17670.0
ING018,2023-10-25,17890.0
ING018,2023-10-26,18210.0
ING018,2023-10-27,18010.0
ING018,2023-10-28,17990.0
ING018,2023-10-29,17840.0
ING018,2023-10-30,17850.0
ING018,2023-10-31,18060.0
ING018,2023-11-01,17620.0
ING018,2023-11-02,17950.0
ING018,2023-11-03,17660.0
ING018,2023-11-04,17600.0
ING018,2023-11-05,17970.0
ING018,2023-11-06,18070.0
ING018,2023-11-07,18170.0
ING018,2023-11-08,17860.0
ING018,2023-11-09,17600.0
ING018,2023-11-10,17890.0
ING018,2023-11-11,17750.0
ING018,2023-11-12,17640.0
ING018,2023-11-13,17930.0
ING018,2023-11-14,17660.0
ING018,2023-11-15,17770.0
ING018,2023-11-16,17800.0
ING018,2023-11-17,17830.0
ING018,2023-11-18,17710.0
ING018,2023-11-19,17580.0
ING018,2023-11-20,17320.0
ING018,2023-11-21,17500.0
ING018,2023-11-22,17360.0
ING018,2023-11-23,17670.0
ING018,2023-11-24,17640.0
ING018,2023-11-25,17390.0
ING018,2023-11-26,17370.0
ING018,2023-11-27,17300.0
ING018,2023-11-28,17620.0
ING018,2023-11-29,17560.0
ING018,2023-11-30,17520.0
ING018,2023-12-01,17940.0
ING018,2023-12-02,18100.0
ING018,2023-12-03,18560.0
ING018,2023-12-04,18880.0
ING018,2023-12-05,18620.0
ING018,2023-12-06,18870.0
ING018,2023-12-07,19250.0
ING018,2023-12-08,19620.0
ING018,2023-12-09,19820.0
ING018,2023-12-10,20010.0
ING018,2023-12-11,19840.0
ING018,2023-12-12,19540.0
ING018,2023-12-13,19380.0
ING018,2023-12-14,18880.0
ING018,2023-12-15,19220.0
ING018,2023-12-16,19090.0
ING018,2023-12-17,19410.0
ING018,2023-12-18,19020.0
ING018,2023-12-19,19280.0
ING018,2023-12-20,19100.0
ING018,2023-12-21,18710.0
ING018,2023-12-22,19130.0
ING018,2023-12-23,19390.0
ING018,2023-12-24,19400.0
ING018,2023-12-25,19350.0
ING018,2023-12-26,19420.0
ING018,2023-12-27,19420.0
ING018,2023-12-28,19150.0
ING018,2023-12-29,19000.0
ING018,2023-12-30,19500.0
ING018,2023-12-31,20170.0
ING018,2024-01-01,20500.0
ING018,2024-01-02,20520.0
ING018,2024-01-03,20320.0
ING018,2024-01-04,20010.0
ING018,2024-01-05,19730.0
ING018,2024-01-06,19510.0
ING018,2024-01-07,20040.0
ING018,2024-01-08,20440.0
ING018,2024-01-09,20540.0
ING018,2024-01-10,20170.0
ING018,2024-01-11,20320.0
ING018,2024-01-12,20160.0
ING018,2024-01-13,19490.0
ING018,2024-01-14,19510.0
ING018,2024-01-15,19230.0
ING018,2024-01-16,18970.0
ING018,2024-01-17,18870.0
ING018,2024-01-18,18720.0
ING018,2024-01-19,18690.0
ING018,2024-01-20,18650.0
ING018,2024-01-21,18130.0
ING018,2024-01-22,18560.0
ING018,2024-01-23,18290.0
ING018,2024-01-24,18030.0
ING018,2024-01-25,17960.0
ING018,2024-01-26,17960.0
ING018,2024-01-27,18370.0
ING018,2024-01-28,18450.0
ING018,2024-01-29,18600.0
ING018,2024-01-30,18670.0
ING018,2024-01-31,18720.0
ING018,2024-02-01,18790.0
ING018,2024-02-02,18250.0
ING018,2024-02-03,18190.0
ING018,2024-02-04,18510.0
ING018,2024-02-05,19570.0
ING018,2024-02-06,19190.0
ING018,2024-02-07,19270.0
ING018,2024-02-08,19070.0
ING018,2024-02-09,19590.0
ING018,2024-02-10,19170.0
ING018,2024-02-11,19300.0
ING018,2024-02-12,18880.0
ING018,2024-02-13,18770.0
ING018,2024-02-14,18750.0
ING018,2024-02-15,19020.0
ING018,2024-02-16,18700.0
ING018,2024-02-17,18870.0
ING018,2024-02-18,18850.0
ING018,2024-02-19,18910.0
ING018,2024-02-20,19140.0
ING018,2024-02-21,18760.0
ING018,2024-02-22,18970.0
ING018,2024-02-23,18790.0
ING018,2024-02-24,19070.0
ING018,2024-02-25,19130.0
ING018,2024-02-26,19040.0
ING018,2024-02-27,18850.0
ING018,2024-02-28,19060.0
ING018,2024-02-29,19370.0
ING018,2024-03-01,19180.0
ING018,2024-03-02,18840.0
ING018,2024-03-03,19010.0
ING018,2024-03-04,18590.0
ING018,2024-03-05,18230.0
ING018,2024-03-06,17960.0
ING018,2024-03-07,17870.0
ING018,2024-03-08,17540.0
ING018,2024-03-09,17070.0
ING018,2024-03-10,16830.0
ING018,2024-03-11,17090.0
ING018,2024-03-12,16820.0
ING018,2024-03-13,16810.0
ING018,2024-03-14,17420.0
ING018,2024-03-15,17460.0
ING018,2024-03-16,17610.0
ING018,2024-03-17,17400.0
ING018,2024-03-18,18040.0
ING018,2024-03-19,17910.0
ING018,2024-03-20,17880.0
ING018,2024-03-21,18270.0
ING018,2024-03-22,18230.0
ING018,2024-03-23,18260.0
ING018,2024-03-24,18200.0
ING018,2024-03-25,18140.0
ING018,2024-03-26,18260.0
ING018,2024-03-27,18420.0
ING018,2024-03-28,18260.0
ING018,2024-03-29,18060.0
ING018,2024-03-30,17920.0
ING018,2024-03-31,17570.0
ING018,2024-04-01,17190.0
ING018,2024-04-02,17340.0
ING018,2024-04-03,17650.0
ING018,2024-04-04,17930.0
ING018,2024-04-05,17320.0
ING018,2024-04-06,17320.0
ING018,2024-04-07,17080.0
ING018,2024-04-08,17190.0
ING018,2024-04-09,17150.0
ING018,2024-04-10,17380.0
ING018,2024-04-11,17430.0
ING018,2024-04-12,16980.0
ING018,2024-04-13,16800.0
ING018,2024-04-14,16890.0
ING018,2024-04-15,17000.0
ING018,2024-04-16,16690.0
ING018,2024-04-17,16370.0
ING018,2024-04-18,16500.0
ING018,2024-04-19,16220.0
ING018,2024-04-20,15890.0
ING018,2024-04-21,15910.0
ING018,2024-04-22,15910.0
ING018,2024-04-23,15800.0
ING018,2024-04-24,15750.0
ING018,2024-04-25,15900.0
ING018,2024-04-26,15840.0
ING018,2024-04-27,16000.0
ING018,2024-04-28,16020.0
ING018,2024-04-29,16200.0
ING018,2024-04-30,16550.0
ING018,2024-05-01,16880.0
ING018,2024-05-02,17320.0
ING018,2024-05-03,17610.0
ING018,2024-05-04,17720.0
ING018,2024-05-05,17650.0
ING018,2024-05-06,17590.0
ING018,2024-05-07,17410.0
ING018,2024-05-08,17470.0
ING018,2024-05-09,17710.0
ING018,2024-05-10,17560.0
ING018,2024-05-11,17610.0
ING018,2024-05-12,17470.0
ING018,2024-05-13,17590.0
ING018,2024-05-14,17490.0
ING018,2024-05-15,17350.0
ING018,2024-05-16,17230.0
ING018,2024-05-17,17440.0
ING018,2024-05-18,17470.0
ING018,2024-05-19,17410.0
ING018,2024-05-20,17540.0
ING018,2024-05-21,17490.0
ING018,2024-05-22,17850.0
ING018,2024-05-23,17630.0
ING018,2024-05-24,17630.0
ING018,2024-05-25,17300.0
ING018,2024-05-26,17270.0
ING018,2024-05-27,16890.0
ING018,2024-05-28,17180.0
ING018,2024-05-29,17460.0
ING018,2024-05-30,17730.0
ING018,2024-05-31,17780.0
ING018,2024-06-01,17590.0
ING018,2024-06-02,17430.0
ING018,2024-06-03,17900.0
ING018,2024-06-04,18330.0
ING018,2024-06-05,18380.0
ING018,2024-06-06,18260.0
ING018,2024-06-07,18650.0
ING018,2024-06-08,18460.0
ING018,2024-06-09,18530.0
ING018,2024-06-10,18900.0
ING018,2024-06-11,18670.0
ING018,2024-06-12,18890.0
ING018,2024-06-13,19020.0
ING018,2024-06-14,19000.0
ING018,2024-06-15,18710.0
ING018,2024-06-16,18520.0
ING018,2024-06-17,18600.0
ING018,2024-06-18,18220.0
ING018,2024-06-19,18280.0
ING018,2024-06-20,18450.0
ING018,2024-06-21,18730.0
ING018,2024-06-22,18350.0
ING018,2024-06-23,18720.0
ING018,2024-06-24,19180.0
ING018,2024-06-25,19270.0
ING018,2024-06-26,18960.0
ING018,2024-06-27,18860.0
ING018,2024-06-28,18840.0
ING018,2024-06-29,18900.0
ING018,2024-06-30,18900.0
ING018,2024-07-01,18970.0
ING018,2024-07-02,18930.0
ING018,2024-07-03,18990.0
ING018,2024-07-04,18860.0
ING018,2024-07-05,18760.0
ING018,2024-07-06,18600.0
ING018,2024-07-07,19130.0
ING018,2024-07-08,19500.0
ING018,2024-07-09,19610.0
ING018,2024-07-10,19930.0
ING018,2024-07-11,20080.0
ING018,2024-07-12,20070.0
ING018,2024-07-13,19590.0
ING018,2024-07-14,19480.0
ING018,2024-07-15,19350.0
ING018,2024-07-16,19020.0
ING018,2024-07-17,18600.0
ING018,2024-07-18,18740.0
ING018,2024-07-19,18830.0
ING018,2024-07-20,18510.0
ING018,2024-07-21,18320.0
ING018,2024-07-22,18660.0
ING018,2024-07-23,18430.0
ING018,2024-07-24,18490.0
ING018,2024-07-25,18450.0
ING018,2024-07-26,18610.0
ING018,2024-07-27,18380.0
ING018,2024-07-28,18430.0
ING018,2024-07-29,18490.0
ING018,2024-07-30,18570.0
ING018,2024-07-31,18600.0
ING018,2024-08-01,18700.0
ING018,2024-08-02,19300.0
ING018,2024-08-03,19960.0
ING018,2024-08-04,19730.0
ING018,2024-08-05,19060.0
ING018,2024-08-06,19210.0
ING018,2024-08-07,19240.0
ING018,2024-08-08,19500.0
ING018,2024-08-09,19540.0
ING018,2024-08-10,19520.0
ING018,2024-08-11,19790.0
ING018,2024-08-12,20080.0
ING018,2024-08-13,19650.0
ING018,2024-08-14,19380.0
ING018,2024-08-15,19330.0
ING018,2024-08-16,19330.0
ING018,2024-08-17,19240.0
ING018,2024-08-18,19340.0
ING018,2024-08-19,19580.0
ING018,2024-08-20,20010.0
ING018,2024-08-21,20100.0
ING018,2024-08-22,19810.0
ING018,2024-08-23,19720.0
ING018,2024-08-24,19660.0
ING018,2024-08-25,19750.0
ING018,2024-08-26,19810.0
ING018,2024-08-27,20320.0
ING018,2024-08-28,20120.0
ING018,2024-08-29,20160.0
ING018,2024-08-30,20730.0
ING018,2024-08-31,20480.0
ING018,2024-09-01,20430.0
ING018,2024-09-02,20100.0
ING018,2024-09-03,20060.0
ING018,2024-09-04,19790.0
ING018,2024-09-05,20020.0
ING018,2024-09-06,20000.0
ING018,2024-09-07,19690.0
ING018,2024-09-08,19880.0
ING018,2024-09-09,19880.0
ING018,2024-09-10,20080.0
ING018,2024-09-11,19710.0
ING018,2024-09-12,19770.0
ING018,2024-09-13,19930.0
ING018,2024-09-14,19770.0
ING018,2024-09-15,19380.0
ING018,2024-09-16,19350.0
ING018,2024-09-17,19650.0
ING018,2024-09-18,19920.0
ING018,2024-09-19,19750.0
ING018,2024-09-20,19360.0
ING018,2024-09-21,19220.0
ING018,2024-09-22,19080.0
ING018,2024-09-23,19190.0
ING018,2024-09-24,19150.0
ING018,2024-09-25,18930.0
ING018,2024-09-26,19230.0
ING018,2024-09-27,19250.0
ING018,2024-09-28,19350.0
ING018,2024-09-29,18860.0
ING018,2024-09-30,18210.0
ING018,2024-10-01,17850.0
ING018,2024-10-02,17780.0
ING018,2024-10-03,17990.0
ING018,2024-10-04,17400.0
ING018,2024-10-05,17910.0
ING018,2024-10-06,18000.0
ING018,2024-10-07,18420.0
ING018,2024-10-08,18200.0
ING018,2024-10-09,18370.0
ING018,2024-10-10,18420.0
ING018,2024-10-11,18670.0
ING018,2024-10-12,18620.0
ING018,2024-10-13,18760.0
ING018,2024-10-14,19070.0
ING018,2024-10-15,18890.0
ING018,2024-10-16,18950.0
ING018,2024-10-17,18440.0
ING018,2024-10-18,18660.0
ING018,2024-10-19,19200.0
ING018,2024-10-20,18850.0
ING018,2024-10-21,18830.0
ING018,2024-10-22,19070.0
ING018,2024-10-23,19080.0
ING018,2024-10-24,19110.0
ING018,2024-10-25,19000.0
ING018,2024-10-26,18880.0
ING018,2024-10-27,18860.0
ING018,2024-10-28,18880.0
ING018,2024-10-29,18560.0
ING018,2024-10-30,18570.0
ING018,2024-10-31,19010.0
ING018,2024-11-01,18890.0
ING018,2024-11-02,18560.0
ING018,2024-11-03,18540.0
ING018,2024-11-04,18370.0
ING018,2024-11-05,18040.0
ING018,2024-11-06,18120.0
ING018,2024-11-07,17970.0
ING018,2024-11-08,17860.0
ING018,2024-11-09,17950.0
ING018,2024-11-10,17590.0
ING018,2024-11-11,17190.0
ING018,2024-11-12,17460.0
ING018,2024-11-13,17020.0
ING018,2024-11-14,16850.0
ING018,2024-11-15,16470.0
ING018,2024-11-16,16470.0
ING018,2024-11-17,16710.0
ING018,2024-11-18,16850.0
ING018,2024-11-19,17610.0
ING018,2024-11-20,17970.0
ING018,2024-11-21,17770.0
ING018,2024-11-22,17510.0
ING018,2024-11-23,18320.0
ING018,2024-11-24,18640.0
ING018,2024-11-25,18810.0
ING018,2024-11-26,18840.0
ING018,2024-11-27,18930.0
ING018,2024-11-28,18530.0
ING018,2024-11-29,18600.0
ING018,2024-11-30,18640.0
ING018,2024-12-01,18410.0
ING018,2024-12-02,18300.0
ING018,2024-12-03,18740.0
ING018,2024-12-04,18730.0
ING018,2024-12-05,19300.0
ING018,2024-12-06,18820.0
ING018,2024-12-07,18690.0
ING018,2024-12-08,18290.0
ING018,2024-12-09,18000.0
ING018,2024-12-10,17830.0
ING018,2024-12-11,17970.0
ING018,2024-12-12,18100.0
ING018,2024-12-13,17960.0
ING018,2024-12-14,17410.0
ING018,2024-12-15,17900.0
ING018,2024-12-16,17880.0
ING018,2024-12-17,17630.0
ING018,2024-12-18,17780.0
ING018,2024-12-19,17900.0
ING018,2024-12-20,17870.0
ING018,2024-12-21,17970.0
ING018,2024-12-22,17710.0
ING018,2024-12-23,17990.0
ING018,2024-12-24,17770.0
ING018,2024-12-25,17670.0
ING018,2024-12-26,17920.0
ING018,2024-12-27,18300.0
ING018,2024-12-28,18770.0
ING018,2024-12-29,19070.0
ING018,2024-12-30,18980.0
ING018,2024-12-31,18570.0
ING018,2025-01-01,18970.0
ING018,2025-01-02,19350.0
ING018,2025-01-03,19160.0
ING018,2025-01-04,19400.0
ING018,2025-01-05,19300.0
ING018,2025-01-06,19690.0
ING018,2025-01-07,19520.0
ING018,2025-01-08,20040.0
ING018,2025-01-09,20200.0
ING018,2025-01-10,20630.0
ING018,2025-01-11,20430.0
ING018,2025-01-12,20470.0
ING018,2025-01-13,20140.0
ING018,2025-01-14,20320.0
ING018,2025-01-15,20500.0
ING018,2025-01-16,21080.0
ING018,2025-01-17,21110.0
ING018,2025-01-18,21210.0
ING018,2025-01-19,20980.0
ING018,2025-01-20,21030.0
ING018,2025-01-21,20830.0
ING018,2025-01-22,20780.0
ING018,2025-01-23,20740.0
ING018,2025-01-24,20570.0
ING018,2025-01-25,20510.0
ING018,2025-01-26,20340.0
ING018,2025-01-27,20180.0
ING018,2025-01-28,20420.0
ING018,2025-01-29,20400.0
ING018,2025-01-30,20430.0
ING018,2025-01-31,19970.0
ING018,2025-02-01,20050.0
ING018,2025-02-02,20150.0
ING018,2025-02-03,19990.0
ING018,2025-02-04,20510.0
ING018,2025-02-05,19820.0
ING018,2025-02-06,20000.0
ING018,2025-02-07,20150.0
ING018,2025-02-08,20250.0
ING018,2025-02-09,20240.0
ING018,2025-02-10,20340.0
ING018,2025-02-11,20510.0
ING018,2025-02-12,20250.0
ING018,2025-02-13,20280.0
ING018,2025-02-14,20170.0
ING018,2025-02-15,19830.0
ING018,2025-02-16,19990.0
ING018,2025-02-17,19790.0
ING018,2025-02-18,19360.0
ING018,2025-02-19,19200.0
ING018,2025-02-20,18990.0
ING018,2025-02-21,19280.0
ING018,2025-02-22,19310.0
ING018,2025-02-23,19680.0
ING018,2025-02-24,19480.0
ING018,2025-02-25,19700.0
ING018,2025-02-26,20440.0
ING018,2025-02-27,20470.0
ING018,2025-02-28,20640.0
ING018,2025-03-01,20760.0
ING018,2025-03-02,20300.0
ING018,2025-03-03,20400.0
ING018,2025-03-04,20420.0
ING018,2025-03-05,20290.0
ING018,2025-03-06,20000.0
ING018,2025-03-07,20150.0
ING018,2025-03-08,19840.0
ING018,2025-03-09,20380.0
ING018,2025-03-10,20360.0
ING018,2025-03-11,19970.0
ING018,2025-03-12,19790.0
ING018,2025-03-13,19690.0
ING018,2025-03-14,20320.0
ING018,2025-03-15,20020.0
ING018,2025-03-16,19950.0
ING018,2025-03-17,19770.0
ING018,2025-03-18,19880.0
ING018,2025-03-19,19710.0
ING018,2025-03-20,19380.0
ING018,2025-03-21,19320.0
ING018,2025-03-22,19230.0
ING018,2025-03-23,19070.0
ING018,2025-03-24,18940.0
ING018,2025-03-25,19270.0
ING018,2025-03-26,19180.0
ING018,2025-03-27,18880.0
ING018,2025-03-28,18770.0
ING018,2025-03-29,18810.0
ING018,2025-03-30,18480.0
ING018,2025-03-31,18950.0
ING018,2025-04-01,19200.0
ING018,2025-04-02,19590.0
ING018,2025-04-03,19680.0
ING018,2025-04-04,19100.0
ING018,2025-04-05,19520.0
ING018,2025-04-06,19270.0
ING018,2025-04-07,19060.0
ING018,2025-04-08,19120.0
ING018,2025-04-09,19500.0
ING018,2025-04-10,19770.0
ING018,2025-04-11,19990.0
ING018,2025-04-12,19870.0
ING018,2025-04-13,19750.0
ING018,2025-04-14,19820.0
ING018,2025-04-15,19760.0
ING018,2025-04-16,19980.0
ING018,2025-04-17,20170.0
ING018,2025-04-18,20280.0
ING018,2025-04-19,19550.0
ING018,2025-04-20,19570.0
ING018,2025-04-21,19530.0
ING018,2025-04-22,19570.0
ING018,2025-04-23,19350.0
ING018,2025-04-24,18990.0
ING018,2025-04-25,19130.0
ING018,2025-04-26,19040.0
ING018,2025-04-27,19210.0
ING018,2025-04-28,19040.0
ING018,2025-04-29,19430.0
ING018,2025-04-30,19700.0
ING018,2025-05-01,19760.0
ING018,2025-05-02,19680.0
ING018,2025-05-03,19890.0
ING018,2025-05-04,19970.0
ING018,2025-05-05,20000.0
ING018,2025-05-06,20250.0
ING018,2025-05-07,20590.0
ING018,2025-05-08,20190.0
ING018,2025-05-09,19860.0
ING018,2025-05-10,19630.0
ING018,2025-05-11,19210.0
ING018,2025-05-12,19200.0
ING018,2025-05-13,19360.0
ING018,2025-05-14,19360.0
ING018,2025-05-15,19210.0
ING018,2025-05-16,19520.0
ING018,2025-05-17,19550.0
ING018,2025-05-18,19640.0
ING018,2025-05-19,19930.0
ING018,2025-05-20,19870.0
ING018,2025-05-21,20400.0
ING018,2025-05-22,20230.0
ING018,2025-05-23,20730.0
ING018,2025-05-24,20400.0
ING018,2025-05-25,20480.0
ING018,2025-05-26,20250.0
ING018,2025-05-27,20510.0
ING018,2025-05-28,20330.0
ING018,2025-05-29,20360.0
ING018,2025-05-30,20130.0
ING018,2025-05-31,20350.0
ING018,2025-06-01,20120.0
ING018,2025-06-02,20540.0
ING018,2025-06-03,20210.0
ING018,2025-06-04,19810.0
ING018,2025-06-05,20050.0
ING018,2025-06-06,19850.0
ING018,2025-06-07,19830.0
ING018,2025-06-08,19720.0
ING018,2025-06-09,19350.0
ING018,2025-06-10,19330.0
ING018,2025-06-11,19680.0
ING018,2025-06-12,19930.0
ING018,2025-06-13,19970.0
ING018,2025-06-14,20240.0
ING018,2025-06-15,19910.0
ING018,2025-06-16,19800.0
ING018,2025-06-17,19890.0
ING018,2025-06-18,19830.0
ING018,2025-06-19,19740.0
ING018,2025-06-20,19400.0
ING018,2025-06-21,18840.0
ING018,2025-06-22,19090.0
ING018,2025-06-23,19170.0
ING018,2025-06-24,19430.0
ING018,2025-06-25,19310.0
ING018,2025-06-26,19130.0
ING018,2025-06-27,19140.0
ING018,2025-06-28,19390.0
ING018,2025-06-29,19330.0
ING018,2025-06-30,19550.0
ING018,2025-07-01,19270.0
ING018,2025-07-02,19240.0
ING018,2025-07-03,19230.0
ING018,2025-07-04,19570.0
ING018,2025-07-05,19620.0
ING018,2025-07-06,20080.0
ING018,2025-07-07,19690.0
ING018,2025-07-08,19710.0
ING018,2025-07-09,19750.0
ING018,2025-07-10,19900.0
ING018,2025-07-11,19660.0
ING018,2025-07-12,20100.0
ING018,2025-07-13,20080.0
ING018,2025-07-14,19750.0
ING018,2025-07-15,19730.0
ING018,2025-07-16,19640.0
ING018,2025-07-17,20380.0
ING018,2025-07-18,20620.0
ING018,2025-07-19,20570.0
ING018,2025-07-20,20490.0
ING018,2025-07-21,20700.0
ING018,2025-07-22,20900.0
ING018,2025-07-23,20050.0
ING018,2025-07-24,20190.0
ING018,2025-07-25,20170.0
ING018,2025-07-26,19780.0
ING018,2025-07-27,20000.0
ING018,2025-07-28,20580.0
ING018,2025-07-29,20680.0
ING018,2025-07-30,20920.0
ING018,2025-07-31,21330.0
ING018,2025-08-01,21020.0
ING018,2025-08-02,20440.0
ING018,2025-08-03,20570.0
ING018,2025-08-04,20450.0
ING018,2025-08-05,20030.0
ING018,2025-08-06,19990.0
ING018,2025-08-07,20160.0
ING018,2025-08-08,20090.0
ING018,2025-08-09,19850.0
ING018,2025-08-10,19770.0
ING018,2025-08-11,19750.0
ING018,2025-08-12,19220.0
ING018,2025-08-13,19200.0
ING018,2025-08-14,18850.0
ING018,2025-08-15,19060.0
ING018,2025-08-16,18660.0
ING018,2025-08-17,18980.0
ING018,2025-08-18,18900.0
ING018,2025-08-19,18780.0
ING018,2025-08-20,18900.0
ING018,2025-08-21,18700.0
ING018,2025-08-22,18820.0
ING018,2025-08-23,18660.0
ING018,2025-08-24,18550.0
ING018,2025-08-25,18710.0
ING018,2025-08-26,18440.0
ING018,2025-08-27,18160.0
ING018,2025-08-28,18300.0
ING018,2025-08-29,18350.0
ING018,2025-08-30,18460.0
ING018,2025-08-31,18600.0
ING018,2025-09-01,18660.0
ING018,2025-09-02,18870.0
ING018,2025-09-03,18930.0
ING018,2025-09-04,18420.0
ING018,2025-09-05,18010.0
ING018,2025-09-06,18610.0
ING018,2025-09-07,18660.0
ING018,2025-09-08,18960.0
ING018,2025-09-09,18900.0
ING018,2025-09-10,18920.0
ING018,2025-09-11,18830.0
ING018,2025-09-12,19530.0
ING018,2025-09-13,19600.0
ING018,2025-09-14,19460.0
ING018,2025-09-15,19020.0
ING018,2025-09-16,19580.0
ING018,2025-09-17,19540.0
ING018,2025-09-18,19740.0
ING018,2025-09-19,19960.0
ING018,2025-09-20,19820.0
ING018,2025-09-21,19990.0
ING018,2025-09-22,19810.0
ING018,2025-09-23,19530.0
ING018,2025-09-24,19850.0
ING018,2025-09-25,19800.0
ING018,2025-09-26,19930.0
ING018,2025-09-27,20020.0
ING018,2025-09-28,20170.0
ING018,2025-09-29,19730.0
ING018,2025-09-30,19560.0
ING018,2025-10-01,19480.0
ING018,2025-10-02,19260.0
ING018,2025-10-03,19400.0
ING018,2025-10-04,19730.0
ING018,2025-10-05,20090.0
ING018,2025-10-06,19970.0
ING018,2025-10-07,20030.0
ING018,2025-10-08,20130.0
ING018,2025-10-09,20280.0
ING018,2025-10-10,20010.0
ING018,2025-10-11,20480.0
ING018,2025-10-12,20690.0
ING018,2025-10-13,20890.0
ING018,2025-10-14,21160.0
ING018,2025-10-15,21230.0
ING018,2025-10-16,20870.0
ING018,2025-10-17,20770.0
ING018,2025-10-18,20270.0
ING018,2025-10-19,20350.0
ING018,2025-10-20,20270.0
ING018,2025-10-21,20230.0
ING018,2025-10-22,20530.0
ING018,2025-10-23,20360.0
ING018,2025-10-24,20260.0
ING018,2025-10-25,20230.0
ING018,2025-10-26,19710.0
ING018,2025-10-27,19640.0
ING018,2025-10-28,18970.0
ING018,2025-10-29,18840.0
ING018,2025-10-30,19120.0
ING018,2025-10-31,19270.0
ING018,2025-11-01,19130.0
ING018,2025-11-02,19170.0
ING018,2025-11-03,18900.0
ING018,2025-11-04,18940.0
ING018,2025-11-05,19770.0
ING018,2025-11-06,20260.0
ING018,2025-11-07,20250.0
ING018,2025-11-08,20270.0
ING018,2025-11-09,19970.0
ING018,2025-11-10,19740.0
ING018,2025-11-11,19840.0
ING018,2025-11-12,19690.0
ING018,2025-11-13,19940.0
ING018,2025-11-14,20350.0
ING018,2025-11-15,20410.0
ING018,2025-11-16,20400.0
ING018,2025-11-17,19910.0
ING018,2025-11-18,20100.0
ING018,2025-11-19,19780.0
ING018,2025-11-20,19660.0
ING018,2025-11-21,19920.0
ING018,2025-11-22,20190.0
ING018,2025-11-23,20040.0
ING018,2025-11-24,19920.0
ING018,2025-11-25,19720.0
ING018,2025-11-26,19390.0
ING018,2025-11-27,19240.0
ING018,2025-11-28,18830.0
ING018,2025-11-29,19060.0
ING018,2025-11-30,19200.0
ING018,2025-12-01,19380.0
ING018,2025-12-02,19140.0
ING018,2025-12-03,18850.0
ING018,2025-12-04,18910.0
ING018,2025-12-05,18970.0
ING018,2025-12-06,18970.0
ING018,2025-12-07,18930.0
ING018,2025-12-08,19430.0
ING018,2025-12-09,19560.0
ING018,2025-12-10,20100.0
ING018,2025-12-11,20430.0
ING018,2025-12-12,20860.0
ING018,2025-12-13,20510.0
ING018,2025-12-14,20630.0
ING018,2025-12-15,20480.0
ING018,2025-12-16,19990.0
ING018,2025-12-17,20380.0
ING018,2025-12-18,20270.0
ING018,2025-12-19,19960.0
ING018,2025-12-20,19840.0
ING018,2025-12-21,19630.0
ING018,2025-12-22,19450.0
ING018,2025-12-23,19400.0
ING018,2025-12-24,19890.0
ING018,2025-12-25,19710.0
ING018,2025-12-26,20160.0
ING018,2025-12-27,20370.0
ING018,2025-12-28,20450.0
ING018,2025-12-29,20620.0
ING018,2025-12-30,20580.0
ING018,2025-12-31,20890.0
ING018,2026-01-01,20990.0
ING018,2026-01-02,20480.0
ING018,2026-01-03,20530.0
ING018,2026-01-04,20700.0
ING018,2026-01-05,20580.0
ING018,2026-01-06,20570.0
ING018,2026-01-07,20370.0
ING018,2026-01-08,19970.0
ING018,2026-01-09,19550.0
ING018,2026-01-10,19140.0
ING018,2026-01-11,19360.0
ING018,2026-01-12,18710.0
ING018,2026-01-13,18590.0
ING018,2026-01-14,18440.0
ING018,2026-01-15,18430.0
ING018,2026-01-16,18000.0
ING018,2026-01-17,18200.0
ING018,2026-01-18,17940.0
ING018,2026-01-19,18340.0
ING018,2026-01-20,18250.0
ING018,2026-01-21,18300.0
ING018,2026-01-22,18380.0
ING018,2026-01-23,18520.0
ING018,2026-01-24,18600.0
ING018,2026-01-25,18550.0
ING018,2026-01-26,18700.0
ING018,2026-01-27,18890.0
ING018,2026-01-28,18730.0
ING018,2026-01-29,18900.0
ING018,2026-01-30,19270.0
ING018,2026-01-31,19490.0
ING018,2026-02-01,19760.0
ING018,2026-02-02,19810.0
ING018,2026-02-03,19560.0
ING018,2026-02-04,19360.0
ING018,2026-02-05,19470.0
ING018,2026-02-06,19750.0
ING018,2026-02-07,20510.0
ING018,2026-02-08,20740.0
ING018,2026-02-09,20380.0
ING018,2026-02-10,20150.0
ING018,2026-02-11,20750.0
ING018,2026-02-12,20650.0
ING018,2026-02-13,20620.0
ING018,2026-02-14,20330.0
ING018,2026-02-15,20730.0
ING018,2026-02-16,20820.0
ING018,2026-02-17,20570.0
ING018,2026-02-18,20270.0
ING018,2026-02-19,20330.0
ING018,2026-02-20,20320.0
ING018,2026-02-21,20520.0
ING018,2026-02-22,20640.0
ING018,2026-02-23,20530.0
ING018,2026-02-24,20360.0
ING018,2026-02-25,20290.0
ING018,2026-02-26,20120.0
ING018,2026-02-27,20080.0
ING018,2026-02-28,20070.0
ING018,2026-03-01,19820.0
ING018,2026-03-02,20000.0
ING018,2026-03-03,19900.0
ING018,2026-03-04,19670.0
ING018,2026-03-05,19590.0
ING018,2026-03-06,19670.0
ING018,2026-03-07,19710.0
ING018,2026-03-08,19830.0
ING018,2026-03-09,20080.0
ING018,2026-03-10,20420.0
ING018,2026-03-11,20480.0
ING018,2026-03-12,20160.0
ING018,2026-03-13,20080.0
ING018,2026-03-14,19800.0
ING018,2026-03-15,20270.0
ING018,2026-03-16,20790.0
ING018,2026-03-17,20920.0
ING018,2026-03-18,21100.0
ING018,2026-03-19,21110.0
ING018,2026-03-20,21160.0
ING018,2026-03-21,20660.0
ING018,2026-03-22,20610.0
ING018,2026-03-23,20340.0
ING018,2026-03-24,20400.0
ING018,2026-03-25,20360.0
ING018,2026-03-26,20870.0
ING018,2026-03-27,21070.0
ING018,2026-03-28,21090.0
ING018,2026-03-29,20960.0
ING018,2026-03-30,21370.0
ING018,2026-03-31,21290.0
ING018,2026-04-01,21310.0
ING018,2026-04-02,21260.0
ING018,2026-04-03,21090.0
ING018,2026-04-04,21040.0
ING018,2026-04-05,20460.0
ING018,2026-04-06,20020.0
ING018,2026-04-07,20110.0
ING018,2026-04-08,20530.0
ING018,2026-04-09,20600.0
ING018,2026-04-10,20370.0
ING018,2026-04-11,19960.0
ING018,2026-04-12,20180.0
ING018,2026-04-13,20020.0
ING018,2026-04-14,20190.0
ING018,2026-04-15,20280.0
ING018,2026-04-16,20400.0
ING018,2026-04-17,20390.0
ING018,2026-04-18,20480.0
ING018,2026-04-19,20420.0
ING018,2026-04-20,20230.0
ING018,2026-04-21,19960.0
ING018,2026-04-22,19320.0
ING018,2026-04-23,19300.0
ING018,2026-04-24,19750.0
ING018,2026-04-25,19960.0
ING018,2026-04-26,20030.0
ING018,2026-04-27,19830.0
ING018,2026-04-28,20110.0
ING018,2026-04-29,20070.0
ING018,2026-04-30,20500.0
ING018,2026-05-01,20210.0
ING018,2026-05-02,20000.0
ING018,2026-05-03,19770.0
ING018,2026-05-04,19380.0
ING018,2026-05-05,19170.0
ING018,2026-05-06,19240.0
ING018,2026-05-07,19090.0
ING018,2026-05-08,18090.0
ING018,2026-05-09,18480.0
ING018,2026-05-10,18110.0
ING018,2026-05-11,18360.0
ING018,2026-05-12,18460.0
ING018,2026-05-13,19110.0
ING018,2026-05-14,19430.0
ING018,2026-05-15,19320.0
ING018,2026-05-16,19170.0
ING018,2026-05-17,19620.0
ING018,2026-05-18,19240.0
ING018,2026-05-19,19340.0
ING018,2026-05-20,19340.0
ING018,2026-05-21,19280.0
ING018,2026-05-22,19420.0
ING018,2026-05-23,19500.0
ING018,2026-05-24,19660.0
ING018,2026-05-25,19720.0
ING018,2026-05-26,19850.0
ING018,2026-05-27,19880.0
ING018,2026-05-28,19720.0
ING018,2026-05-29,19740.0
ING018,2026-05-30,19560.0
ING018,2026-05-31,19380.0
ING018,2026-06-01,19320.0
ING018,2026-06-02,19330.0
ING018,2026-06-03,19380.0
ING018,2026-06-04,19660.0
ING018,2026-06-05,19550.0
ING018,2026-06-06,19630.0
ING018,2026-06-07,19690.0
ING018,2026-06-08,19550.0
ING018,2026-06-09,19590.0
ING018,2026-06-10,19890.0
ING018,2026-06-11,19950.0
ING018,2026-06-12,20020.0
ING018,2026-06-13,19840.0
ING018,2026-06-14,20380.0
ING018,2026-06-15,20200.0
ING018,2026-06-16,19740.0
ING018,2026-06-17,19990.0
ING018,2026-06-18,19970.0
ING018,2026-06-19,19900.0
ING018,2026-06-20,19760.0
ING018,2026-06-21,20290.0
ING018,2026-06-22,20370.0
ING018,2026-06-23,20510.0
ING018,2026-06-24,20540.0
ING018,2026-06-25,20590.0
ING018,2026-06-26,20950.0
ING018,2026-06-27,20840.0
ING018,2026-06-28,20410.0
ING018,2026-06-29,20630.0
ING018,2026-06-30,20740.0
ING019,2023-07-01,14010.0
ING019,2023-07-02,14070.0
ING019,2023-07-03,14020.0
ING019,2023-07-04,14020.0
ING019,2023-07-05,14010.0
ING019,2023-07-06,13930.0
ING019,2023-07-07,14090.0
ING019,2023-07-08,13900.0
ING019,2023-07-09,14210.0
ING019,2023-07-10,14310.0
ING019,2023-07-11,14070.0
ING019,2023-07-12,14040.0
ING019,2023-07-13,14020.0
ING019,2023-07-14,14070.0
ING019,2023-07-15,13940.0
ING019,2023-07-16,13950.0
ING019,2023-07-17,13940.0
ING019,2023-07-18,13850.0
ING019,2023-07-19,13750.0
ING019,2023-07-20,13880.0
ING019,2023-07-21,13670.0
ING019,2023-07-22,13750.0
ING019,2023-07-23,13860.0
ING019,2023-07-24,13840.0
ING019,2023-07-25,13860.0
ING019,2023-07-26,14020.0
ING019,2023-07-27,13930.0
ING019,2023-07-28,13860.0
ING019,2023-07-29,13800.0
ING019,2023-07-30,13960.0
ING019,2023-07-31,14130.0
ING019,2023-08-01,13950.0
ING019,2023-08-02,14080.0
ING019,2023-08-03,14180.0
ING019,2023-08-04,14370.0
ING019,2023-08-05,14410.0
ING019,2023-08-06,14380.0
ING019,2023-08-07,14510.0
ING019,2023-08-08,14580.0
ING019,2023-08-09,14830.0
ING019,2023-08-10,14920.0
ING019,2023-08-11,14890.0
ING019,2023-08-12,14700.0
ING019,2023-08-13,14600.0
ING019,2023-08-14,14390.0
ING019,2023-08-15,14350.0
ING019,2023-08-16,14450.0
ING019,2023-08-17,14430.0
ING019,2023-08-18,14540.0
ING019,2023-08-19,14560.0
ING019,2023-08-20,14490.0
ING019,2023-08-21,14480.0
ING019,2023-08-22,14520.0
ING019,2023-08-23,14510.0
ING019,2023-08-24,14510.0
ING019,2023-08-25,14390.0
ING019,2023-08-26,14320.0
ING019,2023-08-27,14590.0
ING019,2023-08-28,14720.0
ING019,2023-08-29,14510.0
ING019,2023-08-30,14190.0
ING019,2023-08-31,14190.0
ING019,2023-09-01,14300.0
ING019,2023-09-02,14220.0
ING019,2023-09-03,14350.0
ING019,2023-09-04,14340.0
ING019,2023-09-05,14310.0
ING019,2023-09-06,14390.0
ING019,2023-09-07,14310.0
ING019,2023-09-08,14270.0
ING019,2023-09-09,14340.0
ING019,2023-09-10,14330.0
ING019,2023-09-11,14560.0
ING019,2023-09-12,14620.0
ING019,2023-09-13,14680.0
ING019,2023-09-14,14640.0
ING019,2023-09-15,14730.0
ING019,2023-09-16,14650.0
ING019,2023-09-17,14660.0
ING019,2023-09-18,14520.0
ING019,2023-09-19,14630.0
ING019,2023-09-20,14640.0
ING019,2023-09-21,14870.0
ING019,2023-09-22,15130.0
ING019,2023-09-23,15180.0
ING019,2023-09-24,15130.0
ING019,2023-09-25,14960.0
ING019,2023-09-26,15040.0
ING019,2023-09-27,15020.0
ING019,2023-09-28,15040.0
ING019,2023-09-29,15210.0
ING019,2023-09-30,15060.0
ING019,2023-10-01,14890.0
ING019,2023-10-02,14830.0
ING019,2023-10-03,14900.0
ING019,2023-10-04,14930.0
ING019,2023-10-05,14780.0
ING019,2023-10-06,14840.0
ING019,2023-10-07,14660.0
ING019,2023-10-08,14520.0
ING019,2023-10-09,14490.0
ING019,2023-10-10,14400.0
ING019,2023-10-11,14500.0
ING019,2023-10-12,14520.0
ING019,2023-10-13,14730.0
ING019,2023-10-14,14670.0
ING019,2023-10-15,14630.0
ING019,2023-10-16,14760.0
ING019,2023-10-17,14720.0
ING019,2023-10-18,14880.0
ING019,2023-10-19,14910.0
ING019,2023-10-20,14580.0
ING019,2023-10-21,14700.0
ING019,2023-10-22,14790.0
ING019,2023-10-23,14880.0
ING019,2023-10-24,14610.0
ING019,2023-10-25,14500.0
ING019,2023-10-26,14410.0
ING019,2023-10-27,14290.0
ING019,2023-10-28,14510.0
ING019,2023-10-29,14490.0
ING019,2023-10-30,14470.0
ING019,2023-10-31,14520.0
ING019,2023-11-01,14580.0
ING019,2023-11-02,14140.0
ING019,2023-11-03,14060.0
ING019,2023-11-04,13890.0
ING019,2023-11-05,13960.0
ING019,2023-11-06,13930.0
ING019,2023-11-07,13950.0
ING019,2023-11-08,13700.0
ING019,2023-11-09,13680.0
ING019,2023-11-10,13850.0
ING019,2023-11-11,14050.0
ING019,2023-11-12,14140.0
ING019,2023-11-13,13980.0
ING019,2023-11-14,14150.0
ING019,2023-11-15,14240.0
ING019,2023-11-16,14230.0
ING019,2023-11-17,13970.0
ING019,2023-11-18,14100.0
ING019,2023-11-19,14030.0
ING019,2023-11-20,14090.0
ING019,2023-11-21,14100.0
ING019,2023-11-22,14300.0
ING019,2023-11-23,14280.0
ING019,2023-11-24,14280.0
ING019,2023-11-25,14470.0
ING019,2023-11-26,14380.0
ING019,2023-11-27,14470.0
ING019,2023-11-28,14440.0
ING019,2023-11-29,14300.0
ING019,2023-11-30,14300.0
ING019,2023-12-01,14380.0
ING019,2023-12-02,14540.0
ING019,2023-12-03,14710.0
ING019,2023-12-04,14650.0
ING019,2023-12-05,14510.0
ING019,2023-12-06,14460.0
ING019,2023-12-07,14300.0
ING019,2023-12-08,14270.0
ING019,2023-12-09,14220.0
ING019,2023-12-10,14310.0
ING019,2023-12-11,14030.0
ING019,2023-12-12,13950.0
ING019,2023-12-13,13880.0
ING019,2023-12-14,14040.0
ING019,2023-12-15,13910.0
ING019,2023-12-16,13960.0
ING019,2023-12-17,13960.0
ING019,2023-12-18,14110.0
ING019,2023-12-19,14190.0
ING019,2023-12-20,14210.0
ING019,2023-12-21,14140.0
ING019,2023-12-22,13910.0
ING019,2023-12-23,13960.0
ING019,2023-12-24,14040.0
ING019,2023-12-25,13860.0
ING019,2023-12-26,13720.0
ING019,2023-12-27,13780.0
ING019,2023-12-28,13850.0
ING019,2023-12-29,13750.0
ING019,2023-12-30,13700.0
ING019,2023-12-31,13500.0
ING019,2024-01-01,13710.0
ING019,2024-01-02,13580.0
ING019,2024-01-03,13680.0
ING019,2024-01-04,13710.0
ING019,2024-01-05,13900.0
ING019,2024-01-06,13820.0
ING019,2024-01-07,13850.0
ING019,2024-01-08,13660.0
ING019,2024-01-09,13440.0
ING019,2024-01-10,13560.0
ING019,2024-01-11,13370.0
ING019,2024-01-12,13390.0
ING019,2024-01-13,13560.0
ING019,2024-01-14,13700.0
ING019,2024-01-15,13640.0
ING019,2024-01-16,13470.0
ING019,2024-01-17,13580.0
ING019,2024-01-18,13790.0
ING019,2024-01-19,13730.0
ING019,2024-01-20,13660.0
ING019,2024-01-21,13620.0
ING019,2024-01-22,13730.0
ING019,2024-01-23,13910.0
ING019,2024-01-24,13780.0
ING019,2024-01-25,13620.0
ING019,2024-01-26,13950.0
ING019,2024-01-27,13940.0
ING019,2024-01-28,13990.0
ING019,2024-01-29,13920.0
ING019,2024-01-30,14010.0
ING019,2024-01-31,14140.0
ING019,2024-02-01,14190.0
ING019,2024-02-02,14420.0
ING019,2024-02-03,14370.0
ING019,2024-02-04,14340.0
ING019,2024-02-05,14360.0
ING019,2024-02-06,14420.0
ING019,2024-02-07,14450.0
ING019,2024-02-08,14280.0
ING019,2024-02-09,14320.0
ING019,2024-02-10,14280.0
ING019,2024-02-11,14210.0
ING019,2024-02-12,14220.0
ING019,2024-02-13,14100.0
ING019,2024-02-14,13970.0
ING019,2024-02-15,13660.0
ING019,2024-02-16,13920.0
ING019,2024-02-17,14010.0
ING019,2024-02-18,14010.0
ING019,2024-02-19,13940.0
ING019,2024-02-20,13600.0
ING019,2024-02-21,13550.0
ING019,2024-02-22,13680.0
ING019,2024-02-23,13830.0
ING019,2024-02-24,13940.0
ING019,2024-02-25,13980.0
ING019,2024-02-26,14160.0
ING019,2024-02-27,14130.0
ING019,2024-02-28,14280.0
ING019,2024-02-29,14240.0
ING019,2024-03-01,14130.0
ING019,2024-03-02,14020.0
ING019,2024-03-03,13900.0
ING019,2024-03-04,14010.0
ING019,2024-03-05,13940.0
ING019,2024-03-06,13830.0
ING019,2024-03-07,13940.0
ING019,2024-03-08,14010.0
ING019,2024-03-09,14150.0
ING019,2024-03-10,14230.0
ING019,2024-03-11,14140.0
ING019,2024-03-12,14160.0
ING019,2024-03-13,14190.0
ING019,2024-03-14,14080.0
ING019,2024-03-15,13960.0
ING019,2024-03-16,13900.0
ING019,2024-03-17,14180.0
ING019,2024-03-18,14140.0
ING019,2024-03-19,14300.0
ING019,2024-03-20,14250.0
ING019,2024-03-21,14370.0
ING019,2024-03-22,14490.0
ING019,2024-03-23,14600.0
ING019,2024-03-24,14640.0
ING019,2024-03-25,14800.0
ING019,2024-03-26,14830.0
ING019,2024-03-27,15030.0
ING019,2024-03-28,14790.0
ING019,2024-03-29,14820.0
ING019,2024-03-30,14830.0
ING019,2024-03-31,14690.0
ING019,2024-04-01,14750.0
ING019,2024-04-02,14550.0
ING019,2024-04-03,14460.0
ING019,2024-04-04,14210.0
ING019,2024-04-05,14410.0
ING019,2024-04-06,14390.0
ING019,2024-04-07,14660.0
ING019,2024-04-08,14750.0
ING019,2024-04-09,14790.0
ING019,2024-04-10,14700.0
ING019,2024-04-11,14560.0
ING019,2024-04-12,14620.0
ING019,2024-04-13,14600.0
ING019,2024-04-14,14420.0
ING019,2024-04-15,14230.0
ING019,2024-04-16,14120.0
ING019,2024-04-17,14370.0
ING019,2024-04-18,14650.0
ING019,2024-04-19,14670.0
ING019,2024-04-20,14670.0
ING019,2024-04-21,14620.0
ING019,2024-04-22,14490.0
ING019,2024-04-23,14670.0
ING019,2024-04-24,14890.0
ING019,2024-04-25,14760.0
ING019,2024-04-26,14730.0
ING019,2024-04-27,14660.0
ING019,2024-04-28,14600.0
ING019,2024-04-29,14740.0
ING019,2024-04-30,14560.0
ING019,2024-05-01,14620.0
ING019,2024-05-02,14700.0
ING019,2024-05-03,14670.0
ING019,2024-05-04,14770.0
ING019,2024-05-05,14780.0
ING019,2024-05-06,14920.0
ING019,2024-05-07,14700.0
ING019,2024-05-08,14650.0
ING019,2024-05-09,14630.0
ING019,2024-05-10,14290.0
ING019,2024-05-11,14160.0
ING019,2024-05-12,14070.0
ING019,2024-05-13,14210.0
ING019,2024-05-14,14140.0
ING019,2024-05-15,14050.0
ING019,2024-05-16,14180.0
ING019,2024-05-17,13990.0
ING019,2024-05-18,13750.0
ING019,2024-05-19,13740.0
ING019,2024-05-20,13600.0
ING019,2024-05-21,13470.0
ING019,2024-05-22,13590.0
ING019,2024-05-23,13750.0
ING019,2024-05-24,13880.0
ING019,2024-05-25,14050.0
ING019,2024-05-26,14230.0
ING019,2024-05-27,13980.0
ING019,2024-05-28,14060.0
ING019,2024-05-29,14020.0
ING019,2024-05-30,13950.0
ING019,2024-05-31,14050.0
ING019,2024-06-01,13850.0
ING019,2024-06-02,13670.0
ING019,2024-06-03,13790.0
ING019,2024-06-04,13890.0
ING019,2024-06-05,13940.0
ING019,2024-06-06,13850.0
ING019,2024-06-07,13980.0
ING019,2024-06-08,14090.0
ING019,2024-06-09,14130.0
ING019,2024-06-10,14000.0
ING019,2024-06-11,13970.0
ING019,2024-06-12,14100.0
ING019,2024-06-13,14290.0
ING019,2024-06-14,14260.0
ING019,2024-06-15,14250.0
ING019,2024-06-16,14240.0
ING019,2024-06-17,14290.0
ING019,2024-06-18,14230.0
ING019,2024-06-19,13880.0
ING019,2024-06-20,14060.0
ING019,2024-06-21,14310.0
ING019,2024-06-22,14250.0
ING019,2024-06-23,14130.0
ING019,2024-06-24,14130.0
ING019,2024-06-25,14130.0
ING019,2024-06-26,14280.0
ING019,2024-06-27,14300.0
ING019,2024-06-28,14210.0
ING019,2024-06-29,14060.0
ING019,2024-06-30,14200.0
ING019,2024-07-01,14290.0
ING019,2024-07-02,14440.0
ING019,2024-07-03,14320.0
ING019,2024-07-04,14570.0
ING019,2024-07-05,14350.0
ING019,2024-07-06,14450.0
ING019,2024-07-07,14210.0
ING019,2024-07-08,14130.0
ING019,2024-07-09,14350.0
ING019,2024-07-10,14470.0
ING019,2024-07-11,14400.0
ING019,2024-07-12,14350.0
ING019,2024-07-13,14370.0
ING019,2024-07-14,14450.0
ING019,2024-07-15,14610.0
ING019,2024-07-16,14550.0
ING019,2024-07-17,14350.0
ING019,2024-07-18,14380.0
ING019,2024-07-19,14330.0
ING019,2024-07-20,14180.0
ING019,2024-07-21,14240.0
ING019,2024-07-22,14230.0
ING019,2024-07-23,14290.0
ING019,2024-07-24,14190.0
ING019,2024-07-25,14270.0
ING019,2024-07-26,14120.0
ING019,2024-07-27,14040.0
ING019,2024-07-28,14040.0
ING019,2024-07-29,14290.0
ING019,2024-07-30,14400.0
ING019,2024-07-31,14550.0
ING019,2024-08-01,14730.0
ING019,2024-08-02,15180.0
ING019,2024-08-03,15160.0
ING019,2024-08-04,15310.0
ING019,2024-08-05,15400.0
ING019,2024-08-06,15490.0
ING019,2024-08-07,15670.0
ING019,2024-08-08,15560.0
ING019,2024-08-09,15450.0
ING019,2024-08-10,15450.0
ING019,2024-08-11,15390.0
ING019,2024-08-12,15390.0
ING019,2024-08-13,15550.0
ING019,2024-08-14,15440.0
ING019,2024-08-15,15360.0
ING019,2024-08-16,15350.0
ING019,2024-08-17,15280.0
ING019,2024-08-18,15010.0
ING019,2024-08-19,14920.0
ING019,2024-08-20,14990.0
ING019,2024-08-21,15150.0
ING019,2024-08-22,14980.0
ING019,2024-08-23,14820.0
ING019,2024-08-24,14810.0
ING019,2024-08-25,14540.0
ING019,2024-08-26,14490.0
ING019,2024-08-27,14280.0
ING019,2024-08-28,14470.0
ING019,2024-08-29,14390.0
ING019,2024-08-30,14610.0
ING019,2024-08-31,14750.0
ING019,2024-09-01,14660.0
ING019,2024-09-02,14530.0
ING019,2024-09-03,14510.0
ING019,2024-09-04,14510.0
ING019,2024-09-05,14560.0
ING019,2024-09-06,14460.0
ING019,2024-09-07,14570.0
ING019,2024-09-08,14610.0
ING019,2024-09-09,14570.0
ING019,2024-09-10,14480.0
ING019,2024-09-11,14470.0
ING019,2024-09-12,14380.0
ING019,2024-09-13,14400.0
ING019,2024-09-14,14420.0
ING019,2024-09-15,14470.0
ING019,2024-09-16,14700.0
ING019,2024-09-17,14680.0
ING019,2024-09-18,14810.0
ING019,2024-09-19,14830.0
ING019,2024-09-20,14800.0
ING019,2024-09-21,14780.0
ING019,2024-09-22,14760.0
ING019,2024-09-23,14800.0
ING019,2024-09-24,14670.0
ING019,2024-09-25,14490.0
ING019,2024-09-26,14580.0
ING019,2024-09-27,14700.0
ING019,2024-09-28,14790.0
ING019,2024-09-29,14810.0
ING019,2024-09-30,14900.0
ING019,2024-10-01,14980.0
ING019,2024-10-02,15060.0
ING019,2024-10-03,14940.0
ING019,2024-10-04,14790.0
ING019,2024-10-05,14730.0
ING019,2024-10-06,14730.0
ING019,2024-10-07,14700.0
ING019,2024-10-08,14460.0
ING019,2024-10-09,14690.0
ING019,2024-10-10,14660.0
ING019,2024-10-11,14680.0
ING019,2024-10-12,14840.0
ING019,2024-10-13,14540.0
ING019,2024-10-14,14490.0
ING019,2024-10-15,14450.0
ING019,2024-10-16,14420.0
ING019,2024-10-17,14410.0
ING019,2024-10-18,14610.0
ING019,2024-10-19,14700.0
ING019,2024-10-20,14830.0
ING019,2024-10-21,14830.0
ING019,2024-10-22,14650.0
ING019,2024-10-23,14390.0
ING019,2024-10-24,14210.0
ING019,2024-10-25,14280.0
ING019,2024-10-26,14310.0
ING019,2024-10-27,14310.0
ING019,2024-10-28,14280.0
ING019,2024-10-29,14560.0
ING019,2024-10-30,14460.0
ING019,2024-10-31,14600.0
ING019,2024-11-01,14600.0
ING019,2024-11-02,14600.0
ING019,2024-11-03,14760.0
ING019,2024-11-04,14940.0
ING019,2024-11-05,14900.0
ING019,2024-11-06,15000.0
ING019,2024-11-07,15030.0
ING019,2024-11-08,15020.0
ING019,2024-11-09,15030.0
ING019,2024-11-10,14930.0
ING019,2024-11-11,14880.0
ING019,2024-11-12,14810.0
ING019,2024-11-13,14920.0
ING019,2024-11-14,14900.0
ING019,2024-11-15,14730.0
ING019,2024-11-16,14640.0
ING019,2024-11-17,14240.0
ING019,2024-11-18,14210.0
ING019,2024-11-19,14240.0
ING019,2024-11-20,14250.0
ING019,2024-11-21,14530.0
ING019,2024-11-22,14610.0
ING019,2024-11-23,14690.0
ING019,2024-11-24,14480.0
ING019,2024-11-25,14450.0
ING019,2024-11-26,14410.0
ING019,2024-11-27,14330.0
ING019,2024-11-28,14250.0
ING019,2024-11-29,14050.0
ING019,2024-11-30,13930.0
ING019,2024-12-01,14080.0
ING019,2024-12-02,14100.0
ING019,2024-12-03,14070.0
ING019,2024-12-04,14110.0
ING019,2024-12-05,14290.0
ING019,2024-12-06,14310.0
ING019,2024-12-07,14410.0
ING019,2024-12-08,14320.0
ING019,2024-12-09,14270.0
ING019,2024-12-10,14340.0
ING019,2024-12-11,14600.0
ING019,2024-12-12,14790.0
ING019,2024-12-13,14870.0
ING019,2024-12-14,14880.0
ING019,2024-12-15,15060.0
ING019,2024-12-16,15140.0
ING019,2024-12-17,14840.0
ING019,2024-12-18,14710.0
ING019,2024-12-19,14750.0
ING019,2024-12-20,14530.0
ING019,2024-12-21,14430.0
ING019,2024-12-22,14370.0
ING019,2024-12-23,14360.0
ING019,2024-12-24,14340.0
ING019,2024-12-25,14330.0
ING019,2024-12-26,14460.0
ING019,2024-12-27,14450.0
ING019,2024-12-28,14420.0
ING019,2024-12-29,14270.0
ING019,2024-12-30,14430.0
ING019,2024-12-31,14360.0
ING019,2025-01-01,14250.0
ING019,2025-01-02,14310.0
ING019,2025-01-03,14240.0
ING019,2025-01-04,14200.0
ING019,2025-01-05,14270.0
ING019,2025-01-06,14250.0
ING019,2025-01-07,14580.0
ING019,2025-01-08,14580.0
ING019,2025-01-09,14670.0
ING019,2025-01-10,14440.0
ING019,2025-01-11,14350.0
ING019,2025-01-12,14240.0
ING019,2025-01-13,14150.0
ING019,2025-01-14,14240.0
ING019,2025-01-15,14400.0
ING019,2025-01-16,14470.0
ING019,2025-01-17,14460.0
ING019,2025-01-18,14400.0
ING019,2025-01-19,14560.0
ING019,2025-01-20,14840.0
ING019,2025-01-21,14860.0
ING019,2025-01-22,14980.0
ING019,2025-01-23,15020.0
ING019,2025-01-24,15100.0
ING019,2025-01-25,14950.0
ING019,2025-01-26,14880.0
ING019,2025-01-27,14930.0
ING019,2025-01-28,15080.0
ING019,2025-01-29,14970.0
ING019,2025-01-30,14710.0
ING019,2025-01-31,14650.0
ING019,2025-02-01,14790.0
ING019,2025-02-02,14600.0
ING019,2025-02-03,14470.0
ING019,2025-02-04,14510.0
ING019,2025-02-05,14510.0
ING019,2025-02-06,14610.0
ING019,2025-02-07,14470.0
ING019,2025-02-08,14450.0
ING019,2025-02-09,14620.0
ING019,2025-02-10,14480.0
ING019,2025-02-11,14690.0
ING019,2025-02-12,14570.0
ING019,2025-02-13,14690.0
ING019,2025-02-14,14660.0
ING019,2025-02-15,14520.0
ING019,2025-02-16,14480.0
ING019,2025-02-17,14570.0
ING019,2025-02-18,14590.0
ING019,2025-02-19,14750.0
ING019,2025-02-20,14940.0
ING019,2025-02-21,14790.0
ING019,2025-02-22,14630.0
ING019,2025-02-23,14480.0
ING019,2025-02-24,14390.0
ING019,2025-02-25,14560.0
ING019,2025-02-26,14650.0
ING019,2025-02-27,14590.0
ING019,2025-02-28,14610.0
ING019,2025-03-01,14800.0
ING019,2025-03-02,15050.0
ING019,2025-03-03,15080.0
ING019,2025-03-04,14730.0
ING019,2025-03-05,14780.0
ING019,2025-03-06,14910.0
ING019,2025-03-07,14940.0
ING019,2025-03-08,15030.0
ING019,2025-03-09,15070.0
ING019,2025-03-10,14910.0
ING019,2025-03-11,14800.0
ING019,2025-03-12,14770.0
ING019,2025-03-13,14910.0
ING019,2025-03-14,14820.0
ING019,2025-03-15,14880.0
ING019,2025-03-16,14920.0
ING019,2025-03-17,15120.0
ING019,2025-03-18,15110.0
ING019,2025-03-19,14880.0
ING019,2025-03-20,14970.0
ING019,2025-03-21,15240.0
ING019,2025-03-22,15310.0
ING019,2025-03-23,15200.0
ING019,2025-03-24,15050.0
ING019,2025-03-25,14930.0
ING019,2025-03-26,15180.0
ING019,2025-03-27,15130.0
ING019,2025-03-28,15040.0
ING019,2025-03-29,15010.0
ING019,2025-03-30,14970.0
ING019,2025-03-31,15170.0
ING019,2025-04-01,15030.0
ING019,2025-04-02,15180.0
ING019,2025-04-03,15190.0
ING019,2025-04-04,15330.0
ING019,2025-04-05,15510.0
ING019,2025-04-06,15490.0
ING019,2025-04-07,15430.0
ING019,2025-04-08,15420.0
ING019,2025-04-09,15380.0
ING019,2025-04-10,15150.0
ING019,2025-04-11,15340.0
ING019,2025-04-12,15360.0
ING019,2025-04-13,15190.0
ING019,2025-04-14,14920.0
ING019,2025-04-15,14630.0
ING019,2025-04-16,14750.0
ING019,2025-04-17,14680.0
ING019,2025-04-18,14640.0
ING019,2025-04-19,14720.0
ING019,2025-04-20,14670.0
ING019,2025-04-21,14760.0
ING019,2025-04-22,14780.0
ING019,2025-04-23,14780.0
ING019,2025-04-24,14600.0
ING019,2025-04-25,14510.0
ING019,2025-04-26,14620.0
ING019,2025-04-27,14550.0
ING019,2025-04-28,14730.0
ING019,2025-04-29,15040.0
ING019,2025-04-30,15120.0
ING019,2025-05-01,15300.0
ING019,2025-05-02,15380.0
ING019,2025-05-03,15290.0
ING019,2025-05-04,15310.0
ING019,2025-05-05,15550.0
ING019,2025-05-06,15460.0
ING019,2025-05-07,15300.0
ING019,2025-05-08,15150.0
ING019,2025-05-09,15110.0
ING019,2025-05-10,14980.0
ING019,2025-05-11,15200.0
ING019,2025-05-12,15220.0
ING019,2025-05-13,15330.0
ING019,2025-05-14,15280.0
ING019,2025-05-15,15120.0
ING019,2025-05-16,14960.0
ING019,2025-05-17,14850.0
ING019,2025-05-18,14900.0
ING019,2025-05-19,14970.0
ING019,2025-05-20,15050.0
ING019,2025-05-21,14870.0
ING019,2025-05-22,14880.0
ING019,2025-05-23,14760.0
ING019,2025-05-24,14820.0
ING019,2025-05-25,14890.0
ING019,2025-05-26,14760.0
ING019,2025-05-27,14890.0
ING019,2025-05-28,15200.0
ING019,2025-05-29,15300.0
ING019,2025-05-30,15260.0
ING019,2025-05-31,15210.0
ING019,2025-06-01,15180.0
ING019,2025-06-02,15080.0
ING019,2025-06-03,15110.0
ING019,2025-06-04,14970.0
ING019,2025-06-05,14730.0
ING019,2025-06-06,14780.0
ING019,2025-06-07,14800.0
ING019,2025-06-08,14740.0
ING019,2025-06-09,14600.0
ING019,2025-06-10,14660.0
ING019,2025-06-11,14550.0
ING019,2025-06-12,14560.0
ING019,2025-06-13,14810.0
ING019,2025-06-14,14910.0
ING019,2025-06-15,14750.0
ING019,2025-06-16,14600.0
ING019,2025-06-17,14650.0
ING019,2025-06-18,14500.0
ING019,2025-06-19,14270.0
ING019,2025-06-20,14380.0
ING019,2025-06-21,14460.0
ING019,2025-06-22,14550.0
ING019,2025-06-23,14610.0
ING019,2025-06-24,14630.0
ING019,2025-06-25,14570.0
ING019,2025-06-26,14660.0
ING019,2025-06-27,14880.0
ING019,2025-06-28,14820.0
ING019,2025-06-29,14710.0
ING019,2025-06-30,14590.0
ING019,2025-07-01,14510.0
ING019,2025-07-02,14560.0
ING019,2025-07-03,14320.0
ING019,2025-07-04,14420.0
ING019,2025-07-05,14530.0
ING019,2025-07-06,14340.0
ING019,2025-07-07,14250.0
ING019,2025-07-08,14310.0
ING019,2025-07-09,14330.0
ING019,2025-07-10,14440.0
ING019,2025-07-11,14450.0
ING019,2025-07-12,14650.0
ING019,2025-07-13,14630.0
ING019,2025-07-14,14530.0
ING019,2025-07-15,14430.0
ING019,2025-07-16,14560.0
ING019,2025-07-17,14590.0
ING019,2025-07-18,14700.0
ING019,2025-07-19,14800.0
ING019,2025-07-20,14560.0
ING019,2025-07-21,14450.0
ING019,2025-07-22,14350.0
ING019,2025-07-23,14290.0
ING019,2025-07-24,14280.0
ING019,2025-07-25,14450.0
ING019,2025-07-26,14640.0
ING019,2025-07-27,14630.0
ING019,2025-07-28,14620.0
ING019,2025-07-29,14560.0
ING019,2025-07-30,14600.0
ING019,2025-07-31,14660.0
ING019,2025-08-01,14780.0
ING019,2025-08-02,14900.0
ING019,2025-08-03,14630.0
ING019,2025-08-04,14630.0
ING019,2025-08-05,14840.0
ING019,2025-08-06,14800.0
ING019,2025-08-07,14960.0
ING019,2025-08-08,14930.0
ING019,2025-08-09,14970.0
ING019,2025-08-10,14830.0
ING019,2025-08-11,14710.0
ING019,2025-08-12,14830.0
ING019,2025-08-13,14960.0
ING019,2025-08-14,14970.0
ING019,2025-08-15,14830.0
ING019,2025-08-16,14850.0
ING019,2025-08-17,15030.0
ING019,2025-08-18,15260.0
ING019,2025-08-19,15210.0
ING019,2025-08-20,15000.0
ING019,2025-08-21,15120.0
ING019,2025-08-22,15090.0
ING019,2025-08-23,15210.0
ING019,2025-08-24,15250.0
ING019,2025-08-25,15130.0
ING019,2025-08-26,15150.0
ING019,2025-08-27,15310.0
ING019,2025-08-28,15290.0
ING019,2025-08-29,15160.0
ING019,2025-08-30,14960.0
ING019,2025-08-31,14870.0
ING019,2025-09-01,14840.0
ING019,2025-09-02,14960.0
ING019,2025-09-03,14830.0
ING019,2025-09-04,15050.0
ING019,2025-09-05,14890.0
ING019,2025-09-06,15200.0
ING019,2025-09-07,15420.0
ING019,2025-09-08,15430.0
ING019,2025-09-09,15210.0
ING019,2025-09-10,15200.0
ING019,2025-09-11,15160.0
ING019,2025-09-12,15000.0
ING019,2025-09-13,15050.0
ING019,2025-09-14,14950.0
ING019,2025-09-15,14880.0
ING019,2025-09-16,14870.0
ING019,2025-09-17,14820.0
ING019,2025-09-18,15100.0
ING019,2025-09-19,15040.0
ING019,2025-09-20,15100.0
ING019,2025-09-21,15130.0
ING019,2025-09-22,15180.0
ING019,2025-09-23,15240.0
ING019,2025-09-24,15350.0
ING019,2025-09-25,15380.0
ING019,2025-09-26,15400.0
ING019,2025-09-27,15400.0
ING019,2025-09-28,15380.0
ING019,2025-09-29,15260.0
ING019,2025-09-30,15250.0
ING019,2025-10-01,15280.0
ING019,2025-10-02,15330.0
ING019,2025-10-03,15350.0
ING019,2025-10-04,15320.0
ING019,2025-10-05,15310.0
ING019,2025-10-06,15230.0
ING019,2025-10-07,15280.0
ING019,2025-10-08,15250.0
ING019,2025-10-09,15270.0
ING019,2025-10-10,15400.0
ING019,2025-10-11,15300.0
ING019,2025-10-12,15380.0
ING019,2025-10-13,15380.0
ING019,2025-10-14,15630.0
ING019,2025-10-15,15580.0
ING019,2025-10-16,15650.0
ING019,2025-10-17,15640.0
ING019,2025-10-18,15450.0
ING019,2025-10-19,15370.0
ING019,2025-10-20,15480.0
ING019,2025-10-21,15420.0
ING019,2025-10-22,15130.0
ING019,2025-10-23,15130.0
ING019,2025-10-24,15000.0
ING019,2025-10-25,15040.0
ING019,2025-10-26,15240.0
ING019,2025-10-27,15340.0
ING019,2025-10-28,15540.0
ING019,2025-10-29,15450.0
ING019,2025-10-30,15430.0
ING019,2025-10-31,15290.0
ING019,2025-11-01,15210.0
ING019,2025-11-02,15090.0
ING019,2025-11-03,14940.0
ING019,2025-11-04,15130.0
ING019,2025-11-05,14880.0
ING019,2025-11-06,15070.0
ING019,2025-11-07,15240.0
ING019,2025-11-08,15310.0
ING019,2025-11-09,15170.0
ING019,2025-11-10,14980.0
ING019,2025-11-11,14930.0
ING019,2025-11-12,15020.0
ING019,2025-11-13,15040.0
ING019,2025-11-14,14920.0
ING019,2025-11-15,15090.0
ING019,2025-11-16,15310.0
ING019,2025-11-17,15280.0
ING019,2025-11-18,15300.0
ING019,2025-11-19,15110.0
ING019,2025-11-20,15070.0
ING019,2025-11-21,15150.0
ING019,2025-11-22,15200.0
ING019,2025-11-23,15150.0
ING019,2025-11-24,15120.0
ING019,2025-11-25,15080.0
ING019,2025-11-26,15060.0
ING019,2025-11-27,15120.0
ING019,2025-11-28,14890.0
ING019,2025-11-29,14900.0
ING019,2025-11-30,14970.0
ING019,2025-12-01,14920.0
ING019,2025-12-02,14880.0
ING019,2025-12-03,14840.0
ING019,2025-12-04,14810.0
ING019,2025-12-05,14840.0
ING019,2025-12-06,14880.0
ING019,2025-12-07,14640.0
ING019,2025-12-08,14760.0
ING019,2025-12-09,14750.0
ING019,2025-12-10,15030.0
ING019,2025-12-11,14890.0
ING019,2025-12-12,14810.0
ING019,2025-12-13,14810.0
ING019,2025-12-14,14890.0
ING019,2025-12-15,14670.0
ING019,2025-12-16,14600.0
ING019,2025-12-17,14720.0
ING019,2025-12-18,14630.0
ING019,2025-12-19,14840.0
ING019,2025-12-20,14810.0
ING019,2025-12-21,14730.0
ING019,2025-12-22,14840.0
ING019,2025-12-23,15070.0
ING019,2025-12-24,15130.0
ING019,2025-12-25,15310.0
ING019,2025-12-26,15520.0
ING019,2025-12-27,15400.0
ING019,2025-12-28,15520.0
ING019,2025-12-29,15320.0
ING019,2025-12-30,15380.0
ING019,2025-12-31,15370.0
ING019,2026-01-01,15530.0
ING019,2026-01-02,15670.0
ING019,2026-01-03,15730.0
ING019,2026-01-04,15750.0
ING019,2026-01-05,15800.0
ING019,2026-01-06,15790.0
ING019,2026-01-07,15760.0
ING019,2026-01-08,15920.0
ING019,2026-01-09,16090.0
ING019,2026-01-10,16040.0
ING019,2026-01-11,16040.0
ING019,2026-01-12,16020.0
ING019,2026-01-13,15790.0
ING019,2026-01-14,15730.0
ING019,2026-01-15,15910.0
ING019,2026-01-16,15800.0
ING019,2026-01-17,16040.0
ING019,2026-01-18,16160.0
ING019,2026-01-19,16170.0
ING019,2026-01-20,16210.0
ING019,2026-01-21,16050.0
ING019,2026-01-22,15990.0
ING019,2026-01-23,16140.0
ING019,2026-01-24,16030.0
ING019,2026-01-25,16140.0
ING019,2026-01-26,15930.0
ING019,2026-01-27,15750.0
ING019,2026-01-28,15980.0
ING019,2026-01-29,15950.0
ING019,2026-01-30,15860.0
ING019,2026-01-31,16010.0
ING019,2026-02-01,16140.0
ING019,2026-02-02,16220.0
ING019,2026-02-03,16110.0
ING019,2026-02-04,16040.0
ING019,2026-02-05,16050.0
ING019,2026-02-06,16110.0
ING019,2026-02-07,16010.0
ING019,2026-02-08,16000.0
ING019,2026-02-09,16010.0
ING019,2026-02-10,16150.0
ING019,2026-02-11,16210.0
ING019,2026-02-12,15980.0
ING019,2026-02-13,15930.0
ING019,2026-02-14,15790.0
ING019,2026-02-15,15840.0
ING019,2026-02-16,15940.0
ING019,2026-02-17,15930.0
ING019,2026-02-18,15870.0
ING019,2026-02-19,15860.0
ING019,2026-02-20,15870.0
ING019,2026-02-21,15770.0
ING019,2026-02-22,15600.0
ING019,2026-02-23,15340.0
ING019,2026-02-24,15510.0
ING019,2026-02-25,15570.0
ING019,2026-02-26,15610.0
ING019,2026-02-27,15760.0
ING019,2026-02-28,15590.0
ING019,2026-03-01,15370.0
ING019,2026-03-02,15420.0
ING019,2026-03-03,15460.0
ING019,2026-03-04,15250.0
ING019,2026-03-05,15300.0
ING019,2026-03-06,15260.0
ING019,2026-03-07,15170.0
ING019,2026-03-08,15150.0
ING019,2026-03-09,14860.0
ING019,2026-03-10,14820.0
ING019,2026-03-11,14760.0
ING019,2026-03-12,14870.0
ING019,2026-03-13,14880.0
ING019,2026-03-14,14990.0
ING019,2026-03-15,14700.0
ING019,2026-03-16,14630.0
ING019,2026-03-17,14750.0
ING019,2026-03-18,14750.0
ING019,2026-03-19,14890.0
ING019,2026-03-20,14700.0
ING019,2026-03-21,14830.0
ING019,2026-03-22,14790.0
ING019,2026-03-23,14730.0
ING019,2026-03-24,14890.0
ING019,2026-03-25,15070.0
ING019,2026-03-26,15230.0
ING019,2026-03-27,15500.0
ING019,2026-03-28,15660.0
ING019,2026-03-29,15550.0
ING019,2026-03-30,15570.0
ING019,2026-03-31,15520.0
ING019,2026-04-01,15780.0
ING019,2026-04-02,15910.0
ING019,2026-04-03,15870.0
ING019,2026-04-04,15960.0
ING019,2026-04-05,15780.0
ING019,2026-04-06,15800.0
ING019,2026-04-07,15670.0
ING019,2026-04-08,15450.0
ING019,2026-04-09,15560.0
ING019,2026-04-10,15670.0
ING019,2026-04-11,15720.0
ING019,2026-04-12,15690.0
ING019,2026-04-13,15530.0
ING019,2026-04-14,15380.0
ING019,2026-04-15,15270.0
ING019,2026-04-16,15250.0
ING019,2026-04-17,15410.0
ING019,2026-04-18,15550.0
ING019,2026-04-19,15340.0
ING019,2026-04-20,15270.0
ING019,2026-04-21,15190.0
ING019,2026-04-22,14890.0
ING019,2026-04-23,15000.0
ING019,2026-04-24,14990.0
ING019,2026-04-25,15010.0
ING019,2026-04-26,15210.0
ING019,2026-04-27,15240.0
ING019,2026-04-28,15200.0
ING019,2026-04-29,15290.0
ING019,2026-04-30,15440.0
ING019,2026-05-01,15480.0
ING019,2026-05-02,15580.0
ING019,2026-05-03,15560.0
ING019,2026-05-04,15550.0
ING019,2026-05-05,15570.0
ING019,2026-05-06,15470.0
ING019,2026-05-07,15410.0
ING019,2026-05-08,15590.0
ING019,2026-05-09,15840.0
ING019,2026-05-10,16030.0
ING019,2026-05-11,15840.0
ING019,2026-05-12,15650.0
ING019,2026-05-13,15500.0
ING019,2026-05-14,15520.0
ING019,2026-05-15,15170.0
ING019,2026-05-16,15120.0
ING019,2026-05-17,15320.0
ING019,2026-05-18,15460.0
ING019,2026-05-19,15410.0
ING019,2026-05-20,15360.0
ING019,2026-05-21,15450.0
ING019,2026-05-22,15570.0
ING019,2026-05-23,15510.0
ING019,2026-05-24,15480.0
ING019,2026-05-25,15420.0
ING019,2026-05-26,15260.0
ING019,2026-05-27,15250.0
ING019,2026-05-28,15230.0
ING019,2026-05-29,15100.0
ING019,2026-05-30,15200.0
ING019,2026-05-31,15290.0
ING019,2026-06-01,15390.0
ING019,2026-06-02,15310.0
ING019,2026-06-03,15070.0
ING019,2026-06-04,15160.0
ING019,2026-06-05,15100.0
ING019,2026-06-06,15020.0
ING019,2026-06-07,14890.0
ING019,2026-06-08,14890.0
ING019,2026-06-09,15130.0
ING019,2026-06-10,15090.0
ING019,2026-06-11,14980.0
ING019,2026-06-12,15100.0
ING019,2026-06-13,15150.0
ING019,2026-06-14,14910.0
ING019,2026-06-15,15030.0
ING019,2026-06-16,15330.0
ING019,2026-06-17,15020.0
ING019,2026-06-18,14890.0
ING019,2026-06-19,14570.0
ING019,2026-06-20,14620.0
ING019,2026-06-21,14790.0
ING019,2026-06-22,14850.0
ING019,2026-06-23,15070.0
ING019,2026-06-24,15200.0
ING019,2026-06-25,15440.0
ING019,2026-06-26,15600.0
ING019,2026-06-27,15550.0
ING019,2026-06-28,15570.0
ING019,2026-06-29,15460.0
ING019,2026-06-30,15440.0
ING020,2023-07-01,12010.0
ING020,2023-07-02,12000.0
ING020,2023-07-03,12250.0
ING020,2023-07-04,12180.0
ING020,2023-07-05,11990.0
ING020,2023-07-06,11820.0
ING020,2023-07-07,11960.0
ING020,2023-07-08,11690.0
ING020,2023-07-09,11670.0
ING020,2023-07-10,11940.0
ING020,2023-07-11,12000.0
ING020,2023-07-12,11990.0
ING020,2023-07-13,11980.0
ING020,2023-07-14,11790.0
ING020,2023-07-15,11630.0
ING020,2023-07-16,11610.0
ING020,2023-07-17,11690.0
ING020,2023-07-18,11890.0
ING020,2023-07-19,11910.0
ING020,2023-07-20,12180.0
ING020,2023-07-21,12480.0
ING020,2023-07-22,12610.0
ING020,2023-07-23,12810.0
ING020,2023-07-24,12580.0
ING020,2023-07-25,12340.0
ING020,2023-07-26,12420.0
ING020,2023-07-27,12140.0
ING020,2023-07-28,12080.0
ING020,2023-07-29,12230.0
ING020,2023-07-30,12490.0
ING020,2023-07-31,12420.0
ING020,2023-08-01,12270.0
ING020,2023-08-02,12320.0
ING020,2023-08-03,12100.0
ING020,2023-08-04,12070.0
ING020,2023-08-05,12070.0
ING020,2023-08-06,12060.0
ING020,2023-08-07,12080.0
ING020,2023-08-08,11910.0
ING020,2023-08-09,11780.0
ING020,2023-08-10,11650.0
ING020,2023-08-11,11360.0
ING020,2023-08-12,11460.0
ING020,2023-08-13,11660.0
ING020,2023-08-14,11840.0
ING020,2023-08-15,11800.0
ING020,2023-08-16,11650.0
ING020,2023-08-17,11820.0
ING020,2023-08-18,11950.0
ING020,2023-08-19,12000.0
ING020,2023-08-20,12340.0
ING020,2023-08-21,12320.0
ING020,2023-08-22,12260.0
ING020,2023-08-23,12170.0
ING020,2023-08-24,11870.0
ING020,2023-08-25,12000.0
ING020,2023-08-26,11990.0
ING020,2023-08-27,12090.0
ING020,2023-08-28,12440.0
ING020,2023-08-29,12350.0
ING020,2023-08-30,11890.0
ING020,2023-08-31,11990.0
ING020,2023-09-01,12030.0
ING020,2023-09-02,11890.0
ING020,2023-09-03,11970.0
ING020,2023-09-04,12130.0
ING020,2023-09-05,11950.0
ING020,2023-09-06,11900.0
ING020,2023-09-07,12190.0
ING020,2023-09-08,12050.0
ING020,2023-09-09,12060.0
ING020,2023-09-10,11560.0
ING020,2023-09-11,11300.0
ING020,2023-09-12,11370.0
ING020,2023-09-13,11640.0
ING020,2023-09-14,11400.0
ING020,2023-09-15,11450.0
ING020,2023-09-16,11410.0
ING020,2023-09-17,11630.0
ING020,2023-09-18,11420.0
ING020,2023-09-19,11540.0
ING020,2023-09-20,11440.0
ING020,2023-09-21,11520.0
ING020,2023-09-22,11560.0
ING020,2023-09-23,11540.0
ING020,2023-09-24,11660.0
ING020,2023-09-25,11690.0
ING020,2023-09-26,11690.0
ING020,2023-09-27,11640.0
ING020,2023-09-28,11680.0
ING020,2023-09-29,11740.0
ING020,2023-09-30,11570.0
ING020,2023-10-01,11530.0
ING020,2023-10-02,11360.0
ING020,2023-10-03,11390.0
ING020,2023-10-04,11310.0
ING020,2023-10-05,11500.0
ING020,2023-10-06,11660.0
ING020,2023-10-07,11510.0
ING020,2023-10-08,11540.0
ING020,2023-10-09,11690.0
ING020,2023-10-10,11680.0
ING020,2023-10-11,11560.0
ING020,2023-10-12,11380.0
ING020,2023-10-13,11580.0
ING020,2023-10-14,11780.0
ING020,2023-10-15,11760.0
ING020,2023-10-16,11930.0
ING020,2023-10-17,11370.0
ING020,2023-10-18,11660.0
ING020,2023-10-19,11660.0
ING020,2023-10-20,11710.0
ING020,2023-10-21,11670.0
ING020,2023-10-22,11960.0
ING020,2023-10-23,11770.0
ING020,2023-10-24,12070.0
ING020,2023-10-25,12150.0
ING020,2023-10-26,12270.0
ING020,2023-10-27,12200.0
ING020,2023-10-28,11950.0
ING020,2023-10-29,12140.0
ING020,2023-10-30,12200.0
ING020,2023-10-31,12460.0
ING020,2023-11-01,12400.0
ING020,2023-11-02,12310.0
ING020,2023-11-03,12570.0
ING020,2023-11-04,12920.0
ING020,2023-11-05,12880.0
ING020,2023-11-06,12700.0
ING020,2023-11-07,12830.0
ING020,2023-11-08,12750.0
ING020,2023-11-09,12840.0
ING020,2023-11-10,12750.0
ING020,2023-11-11,13020.0
ING020,2023-11-12,12850.0
ING020,2023-11-13,12910.0
ING020,2023-11-14,12780.0
ING020,2023-11-15,12690.0
ING020,2023-11-16,12590.0
ING020,2023-11-17,12710.0
ING020,2023-11-18,12860.0
ING020,2023-11-19,12930.0
ING020,2023-11-20,12870.0
ING020,2023-11-21,12870.0
ING020,2023-11-22,13010.0
ING020,2023-11-23,13140.0
ING020,2023-11-24,12580.0
ING020,2023-11-25,12510.0
ING020,2023-11-26,12450.0
ING020,2023-11-27,12560.0
ING020,2023-11-28,12530.0
ING020,2023-11-29,12650.0
ING020,2023-11-30,12420.0
ING020,2023-12-01,12460.0
ING020,2023-12-02,12620.0
ING020,2023-12-03,12320.0
ING020,2023-12-04,12800.0
ING020,2023-12-05,13000.0
ING020,2023-12-06,12960.0
ING020,2023-12-07,12760.0
ING020,2023-12-08,12700.0
ING020,2023-12-09,12690.0
ING020,2023-12-10,12750.0
ING020,2023-12-11,13010.0
ING020,2023-12-12,12880.0
ING020,2023-12-13,12960.0
ING020,2023-12-14,12670.0
ING020,2023-12-15,12570.0
ING020,2023-12-16,12620.0
ING020,2023-12-17,12740.0
ING020,2023-12-18,12570.0
ING020,2023-12-19,12460.0
ING020,2023-12-20,12730.0
ING020,2023-12-21,12930.0
ING020,2023-12-22,12940.0
ING020,2023-12-23,12470.0
ING020,2023-12-24,12940.0
ING020,2023-12-25,12900.0
ING020,2023-12-26,12810.0
ING020,2023-12-27,12680.0
ING020,2023-12-28,12730.0
ING020,2023-12-29,12780.0
ING020,2023-12-30,12930.0
ING020,2023-12-31,12720.0
ING020,2024-01-01,12640.0
ING020,2024-01-02,13010.0
ING020,2024-01-03,13010.0
ING020,2024-01-04,12940.0
ING020,2024-01-05,12730.0
ING020,2024-01-06,12800.0
ING020,2024-01-07,12970.0
ING020,2024-01-08,13100.0
ING020,2024-01-09,13010.0
ING020,2024-01-10,13040.0
ING020,2024-01-11,13320.0
ING020,2024-01-12,13480.0
ING020,2024-01-13,13260.0
ING020,2024-01-14,12720.0
ING020,2024-01-15,12760.0
ING020,2024-01-16,12890.0
ING020,2024-01-17,12650.0
ING020,2024-01-18,12630.0
ING020,2024-01-19,12560.0
ING020,2024-01-20,12560.0
ING020,2024-01-21,12440.0
ING020,2024-01-22,12680.0
ING020,2024-01-23,12690.0
ING020,2024-01-24,12500.0
ING020,2024-01-25,12670.0
ING020,2024-01-26,12400.0
ING020,2024-01-27,12640.0
ING020,2024-01-28,12820.0
ING020,2024-01-29,13060.0
ING020,2024-01-30,12990.0
ING020,2024-01-31,12860.0
ING020,2024-02-01,12840.0
ING020,2024-02-02,12800.0
ING020,2024-02-03,12650.0
ING020,2024-02-04,12520.0
ING020,2024-02-05,12440.0
ING020,2024-02-06,12210.0
ING020,2024-02-07,12340.0
ING020,2024-02-08,12330.0
ING020,2024-02-09,12270.0
ING020,2024-02-10,12060.0
ING020,2024-02-11,11850.0
ING020,2024-02-12,12240.0
ING020,2024-02-13,12120.0
ING020,2024-02-14,12250.0
ING020,2024-02-15,12280.0
ING020,2024-02-16,11750.0
ING020,2024-02-17,12120.0
ING020,2024-02-18,12260.0
ING020,2024-02-19,12120.0
ING020,2024-02-20,12120.0
ING020,2024-02-21,11910.0
ING020,2024-02-22,12280.0
ING020,2024-02-23,12110.0
ING020,2024-02-24,12020.0
ING020,2024-02-25,11890.0
ING020,2024-02-26,11930.0
ING020,2024-02-27,12210.0
ING020,2024-02-28,12560.0
ING020,2024-02-29,12470.0
ING020,2024-03-01,12540.0
ING020,2024-03-02,12540.0
ING020,2024-03-03,12340.0
ING020,2024-03-04,12810.0
ING020,2024-03-05,13050.0
ING020,2024-03-06,13050.0
ING020,2024-03-07,13310.0
ING020,2024-03-08,13500.0
ING020,2024-03-09,13450.0
ING020,2024-03-10,13460.0
ING020,2024-03-11,13690.0
ING020,2024-03-12,13450.0
ING020,2024-03-13,13710.0
ING020,2024-03-14,13600.0
ING020,2024-03-15,13830.0
ING020,2024-03-16,13750.0
ING020,2024-03-17,13750.0
ING020,2024-03-18,13670.0
ING020,2024-03-19,13500.0
ING020,2024-03-20,13390.0
ING020,2024-03-21,13610.0
ING020,2024-03-22,13100.0
ING020,2024-03-23,12820.0
ING020,2024-03-24,12660.0
ING020,2024-03-25,12440.0
ING020,2024-03-26,12720.0
ING020,2024-03-27,12950.0
ING020,2024-03-28,13030.0
ING020,2024-03-29,12870.0
ING020,2024-03-30,13110.0
ING020,2024-03-31,12760.0
ING020,2024-04-01,13150.0
ING020,2024-04-02,12980.0
ING020,2024-04-03,12900.0
ING020,2024-04-04,12790.0
ING020,2024-04-05,12570.0
ING020,2024-04-06,12930.0
ING020,2024-04-07,13050.0
ING020,2024-04-08,13250.0
ING020,2024-04-09,12970.0
ING020,2024-04-10,12970.0
ING020,2024-04-11,13040.0
ING020,2024-04-12,13060.0
ING020,2024-04-13,12810.0
ING020,2024-04-14,12990.0
ING020,2024-04-15,12980.0
ING020,2024-04-16,12770.0
ING020,2024-04-17,12390.0
ING020,2024-04-18,12510.0
ING020,2024-04-19,12970.0
ING020,2024-04-20,12750.0
ING020,2024-04-21,12770.0
ING020,2024-04-22,12960.0
ING020,2024-04-23,12690.0
ING020,2024-04-24,12580.0
ING020,2024-04-25,12410.0
ING020,2024-04-26,12590.0
ING020,2024-04-27,12840.0
ING020,2024-04-28,12850.0
ING020,2024-04-29,12660.0
ING020,2024-04-30,12570.0
ING020,2024-05-01,12440.0
ING020,2024-05-02,12250.0
ING020,2024-05-03,12230.0
ING020,2024-05-04,12350.0
ING020,2024-05-05,12450.0
ING020,2024-05-06,12450.0
ING020,2024-05-07,12460.0
ING020,2024-05-08,12440.0
ING020,2024-05-09,12190.0
ING020,2024-05-10,12230.0
ING020,2024-05-11,12130.0
ING020,2024-05-12,11880.0
ING020,2024-05-13,11980.0
ING020,2024-05-14,11880.0
ING020,2024-05-15,11960.0
ING020,2024-05-16,12140.0
ING020,2024-05-17,11970.0
ING020,2024-05-18,12010.0
ING020,2024-05-19,11690.0
ING020,2024-05-20,12020.0
ING020,2024-05-21,11780.0
ING020,2024-05-22,11710.0
ING020,2024-05-23,12000.0
ING020,2024-05-24,11980.0
ING020,2024-05-25,11770.0
ING020,2024-05-26,11940.0
ING020,2024-05-27,12100.0
ING020,2024-05-28,12000.0
ING020,2024-05-29,11920.0
ING020,2024-05-30,11860.0
ING020,2024-05-31,11850.0
ING020,2024-06-01,11510.0
ING020,2024-06-02,11530.0
ING020,2024-06-03,11910.0
ING020,2024-06-04,11770.0
ING020,2024-06-05,11690.0
ING020,2024-06-06,11500.0
ING020,2024-06-07,11670.0
ING020,2024-06-08,11940.0
ING020,2024-06-09,12190.0
ING020,2024-06-10,11960.0
ING020,2024-06-11,12080.0
ING020,2024-06-12,12380.0
ING020,2024-06-13,12480.0
ING020,2024-06-14,12570.0
ING020,2024-06-15,12470.0
ING020,2024-06-16,12520.0
ING020,2024-06-17,12750.0
ING020,2024-06-18,12800.0
ING020,2024-06-19,12540.0
ING020,2024-06-20,12450.0
ING020,2024-06-21,12680.0
ING020,2024-06-22,12740.0
ING020,2024-06-23,12750.0
ING020,2024-06-24,12630.0
ING020,2024-06-25,12850.0
ING020,2024-06-26,13150.0
ING020,2024-06-27,13360.0
ING020,2024-06-28,13590.0
ING020,2024-06-29,13460.0
ING020,2024-06-30,13320.0
ING020,2024-07-01,13250.0
ING020,2024-07-02,13220.0
ING020,2024-07-03,13450.0
ING020,2024-07-04,13630.0
ING020,2024-07-05,13680.0
ING020,2024-07-06,13340.0
ING020,2024-07-07,12980.0
ING020,2024-07-08,13000.0
ING020,2024-07-09,13140.0
ING020,2024-07-10,13090.0
ING020,2024-07-11,13430.0
ING020,2024-07-12,13180.0
ING020,2024-07-13,12910.0
ING020,2024-07-14,12760.0
ING020,2024-07-15,12610.0
ING020,2024-07-16,12710.0
ING020,2024-07-17,12620.0
ING020,2024-07-18,12320.0
ING020,2024-07-19,12500.0
ING020,2024-07-20,12160.0
ING020,2024-07-21,11970.0
ING020,2024-07-22,11690.0
ING020,2024-07-23,11770.0
ING020,2024-07-24,11840.0
ING020,2024-07-25,12240.0
ING020,2024-07-26,12430.0
ING020,2024-07-27,12710.0
ING020,2024-07-28,12760.0
ING020,2024-07-29,12560.0
ING020,2024-07-30,12580.0
ING020,2024-07-31,12690.0
ING020,2024-08-01,12820.0
ING020,2024-08-02,12710.0
ING020,2024-08-03,12800.0
ING020,2024-08-04,12600.0
ING020,2024-08-05,12400.0
ING020,2024-08-06,12190.0
ING020,2024-08-07,12210.0
ING020,2024-08-08,12000.0
ING020,2024-08-09,11950.0
ING020,2024-08-10,12150.0
ING020,2024-08-11,11970.0
ING020,2024-08-12,11900.0
ING020,2024-08-13,11950.0
ING020,2024-08-14,12030.0
ING020,2024-08-15,11960.0
ING020,2024-08-16,12140.0
ING020,2024-08-17,12270.0
ING020,2024-08-18,12500.0
ING020,2024-08-19,12490.0
ING020,2024-08-20,12390.0
ING020,2024-08-21,12270.0
ING020,2024-08-22,12340.0
ING020,2024-08-23,12280.0
ING020,2024-08-24,12190.0
ING020,2024-08-25,12120.0
ING020,2024-08-26,12010.0
ING020,2024-08-27,12070.0
ING020,2024-08-28,11830.0
ING020,2024-08-29,11920.0
ING020,2024-08-30,12080.0
ING020,2024-08-31,12000.0
ING020,2024-09-01,12390.0
ING020,2024-09-02,12410.0
ING020,2024-09-03,12110.0
ING020,2024-09-04,12080.0
ING020,2024-09-05,12120.0
ING020,2024-09-06,12230.0
ING020,2024-09-07,12200.0
ING020,2024-09-08,12020.0
ING020,2024-09-09,11840.0
ING020,2024-09-10,11750.0
ING020,2024-09-11,11680.0
ING020,2024-09-12,11510.0
ING020,2024-09-13,11420.0
ING020,2024-09-14,11610.0
ING020,2024-09-15,11970.0
ING020,2024-09-16,12150.0
ING020,2024-09-17,12420.0
ING020,2024-09-18,12620.0
ING020,2024-09-19,12770.0
ING020,2024-09-20,12700.0
ING020,2024-09-21,12720.0
ING020,2024-09-22,12630.0
ING020,2024-09-23,12590.0
ING020,2024-09-24,12600.0
ING020,2024-09-25,12740.0
ING020,2024-09-26,12810.0
ING020,2024-09-27,12770.0
ING020,2024-09-28,12770.0
ING020,2024-09-29,12850.0
ING020,2024-09-30,12960.0
ING020,2024-10-01,12650.0
ING020,2024-10-02,12440.0
ING020,2024-10-03,12670.0
ING020,2024-10-04,12650.0
ING020,2024-10-05,12570.0
ING020,2024-10-06,12520.0
ING020,2024-10-07,12470.0
ING020,2024-10-08,12590.0
ING020,2024-10-09,12380.0
ING020,2024-10-10,12390.0
ING020,2024-10-11,12450.0
ING020,2024-10-12,12530.0
ING020,2024-10-13,12580.0
ING020,2024-10-14,12680.0
ING020,2024-10-15,12570.0
ING020,2024-10-16,12390.0
ING020,2024-10-17,12870.0
ING020,2024-10-18,12800.0
ING020,2024-10-19,12760.0
ING020,2024-10-20,12880.0
ING020,2024-10-21,13180.0
ING020,2024-10-22,13050.0
ING020,2024-10-23,12830.0
ING020,2024-10-24,12580.0
ING020,2024-10-25,12890.0
ING020,2024-10-26,12680.0
ING020,2024-10-27,12670.0
ING020,2024-10-28,12480.0
ING020,2024-10-29,12210.0
ING020,2024-10-30,12180.0
ING020,2024-10-31,12020.0
ING020,2024-11-01,11920.0
ING020,2024-11-02,12340.0
ING020,2024-11-03,12440.0
ING020,2024-11-04,12630.0
ING020,2024-11-05,12790.0
ING020,2024-11-06,12760.0
ING020,2024-11-07,12670.0
ING020,2024-11-08,12720.0
ING020,2024-11-09,12750.0
ING020,2024-11-10,12630.0
ING020,2024-11-11,12660.0
ING020,2024-11-12,12520.0
ING020,2024-11-13,12500.0
ING020,2024-11-14,12440.0
ING020,2024-11-15,12210.0
ING020,2024-11-16,11780.0
ING020,2024-11-17,11640.0
ING020,2024-11-18,12040.0
ING020,2024-11-19,12010.0
ING020,2024-11-20,12190.0
ING020,2024-11-21,11810.0
ING020,2024-11-22,11660.0
ING020,2024-11-23,11450.0
ING020,2024-11-24,11470.0
ING020,2024-11-25,12000.0
ING020,2024-11-26,12120.0
ING020,2024-11-27,12470.0
ING020,2024-11-28,12430.0
ING020,2024-11-29,12710.0
ING020,2024-11-30,13110.0
ING020,2024-12-01,13060.0
ING020,2024-12-02,12940.0
ING020,2024-12-03,12680.0
ING020,2024-12-04,12620.0
ING020,2024-12-05,12640.0
ING020,2024-12-06,13030.0
ING020,2024-12-07,12760.0
ING020,2024-12-08,12770.0
ING020,2024-12-09,12420.0
ING020,2024-12-10,12350.0
ING020,2024-12-11,12430.0
ING020,2024-12-12,12540.0
ING020,2024-12-13,12660.0
ING020,2024-12-14,12740.0
ING020,2024-12-15,12850.0
ING020,2024-12-16,12850.0
ING020,2024-12-17,12640.0
ING020,2024-12-18,12290.0
ING020,2024-12-19,12200.0
ING020,2024-12-20,12200.0
ING020,2024-12-21,12470.0
ING020,2024-12-22,12460.0
ING020,2024-12-23,12440.0
ING020,2024-12-24,12530.0
ING020,2024-12-25,12480.0
ING020,2024-12-26,12650.0
ING020,2024-12-27,13030.0
ING020,2024-12-28,13440.0
ING020,2024-12-29,13420.0
ING020,2024-12-30,13450.0
ING020,2024-12-31,13720.0
ING020,2025-01-01,13640.0
ING020,2025-01-02,13720.0
ING020,2025-01-03,13460.0
ING020,2025-01-04,13360.0
ING020,2025-01-05,13550.0
ING020,2025-01-06,13370.0
ING020,2025-01-07,13310.0
ING020,2025-01-08,12980.0
ING020,2025-01-09,13360.0
ING020,2025-01-10,13570.0
ING020,2025-01-11,13560.0
ING020,2025-01-12,13620.0
ING020,2025-01-13,13650.0
ING020,2025-01-14,13870.0
ING020,2025-01-15,13710.0
ING020,2025-01-16,13810.0
ING020,2025-01-17,13960.0
ING020,2025-01-18,14130.0
ING020,2025-01-19,13630.0
ING020,2025-01-20,13470.0
ING020,2025-01-21,13240.0
ING020,2025-01-22,13240.0
ING020,2025-01-23,12830.0
ING020,2025-01-24,12430.0
ING020,2025-01-25,12870.0
ING020,2025-01-26,12980.0
ING020,2025-01-27,12990.0
ING020,2025-01-28,13050.0
ING020,2025-01-29,13060.0
ING020,2025-01-30,13240.0
ING020,2025-01-31,13100.0
ING020,2025-02-01,13110.0
ING020,2025-02-02,13140.0
ING020,2025-02-03,12920.0
ING020,2025-02-04,13160.0
ING020,2025-02-05,13050.0
ING020,2025-02-06,13230.0
ING020,2025-02-07,13230.0
ING020,2025-02-08,13520.0
ING020,2025-02-09,13290.0
ING020,2025-02-10,13050.0
ING020,2025-02-11,12870.0
ING020,2025-02-12,12890.0
ING020,2025-02-13,13180.0
ING020,2025-02-14,13460.0
ING020,2025-02-15,12990.0
ING020,2025-02-16,13020.0
ING020,2025-02-17,12390.0
ING020,2025-02-18,12570.0
ING020,2025-02-19,12790.0
ING020,2025-02-20,12780.0
ING020,2025-02-21,12800.0
ING020,2025-02-22,12810.0
ING020,2025-02-23,12660.0
ING020,2025-02-24,12750.0
ING020,2025-02-25,12710.0
ING020,2025-02-26,12890.0
ING020,2025-02-27,12870.0
ING020,2025-02-28,12700.0
ING020,2025-03-01,12410.0
ING020,2025-03-02,12070.0
ING020,2025-03-03,12360.0
ING020,2025-03-04,12290.0
ING020,2025-03-05,12380.0
ING020,2025-03-06,12750.0
ING020,2025-03-07,12640.0
ING020,2025-03-08,12530.0
ING020,2025-03-09,12520.0
ING020,2025-03-10,12540.0
ING020,2025-03-11,12920.0
ING020,2025-03-12,13210.0
ING020,2025-03-13,13310.0
ING020,2025-03-14,13560.0
ING020,2025-03-15,13490.0
ING020,2025-03-16,13520.0
ING020,2025-03-17,13420.0
ING020,2025-03-18,13150.0
ING020,2025-03-19,13360.0
ING020,2025-03-20,13440.0
ING020,2025-03-21,13410.0
ING020,2025-03-22,13380.0
ING020,2025-03-23,13060.0
ING020,2025-03-24,12860.0
ING020,2025-03-25,12930.0
ING020,2025-03-26,12820.0
ING020,2025-03-27,12780.0
ING020,2025-03-28,12760.0
ING020,2025-03-29,12640.0
ING020,2025-03-30,12460.0
ING020,2025-03-31,12170.0
ING020,2025-04-01,12170.0
ING020,2025-04-02,12330.0
ING020,2025-04-03,12040.0
ING020,2025-04-04,12070.0
ING020,2025-04-05,12170.0
ING020,2025-04-06,12010.0
ING020,2025-04-07,12320.0
ING020,2025-04-08,12280.0
ING020,2025-04-09,12290.0
ING020,2025-04-10,12280.0
ING020,2025-04-11,11970.0
ING020,2025-04-12,12210.0
ING020,2025-04-13,12060.0
ING020,2025-04-14,12050.0
ING020,2025-04-15,12210.0
ING020,2025-04-16,12520.0
ING020,2025-04-17,12330.0
ING020,2025-04-18,12270.0
ING020,2025-04-19,12570.0
ING020,2025-04-20,12670.0
ING020,2025-04-21,12810.0
ING020,2025-04-22,12610.0
ING020,2025-04-23,12550.0
ING020,2025-04-24,12540.0
ING020,2025-04-25,12390.0
ING020,2025-04-26,12090.0
ING020,2025-04-27,12030.0
ING020,2025-04-28,12330.0
ING020,2025-04-29,12370.0
ING020,2025-04-30,12660.0
ING020,2025-05-01,12710.0
ING020,2025-05-02,12570.0
ING020,2025-05-03,12830.0
ING020,2025-05-04,12870.0
ING020,2025-05-05,13060.0
ING020,2025-05-06,12850.0
ING020,2025-05-07,13050.0
ING020,2025-05-08,13240.0
ING020,2025-05-09,13280.0
ING020,2025-05-10,13110.0
ING020,2025-05-11,13090.0
ING020,2025-05-12,13200.0
ING020,2025-05-13,13230.0
ING020,2025-05-14,13330.0
ING020,2025-05-15,13500.0
ING020,2025-05-16,13340.0
ING020,2025-05-17,13100.0
ING020,2025-05-18,13080.0
ING020,2025-05-19,13010.0
ING020,2025-05-20,13160.0
ING020,2025-05-21,12940.0
ING020,2025-05-22,13130.0
ING020,2025-05-23,13380.0
ING020,2025-05-24,13360.0
ING020,2025-05-25,13350.0
ING020,2025-05-26,13180.0
ING020,2025-05-27,13060.0
ING020,2025-05-28,12970.0
ING020,2025-05-29,13250.0
ING020,2025-05-30,13220.0
ING020,2025-05-31,12950.0
ING020,2025-06-01,13000.0
ING020,2025-06-02,13150.0
ING020,2025-06-03,13140.0
ING020,2025-06-04,13410.0
ING020,2025-06-05,13530.0
ING020,2025-06-06,13300.0
ING020,2025-06-07,13180.0
ING020,2025-06-08,13210.0
ING020,2025-06-09,12870.0
ING020,2025-06-10,12940.0
ING020,2025-06-11,12600.0
ING020,2025-06-12,12820.0
ING020,2025-06-13,13000.0
ING020,2025-06-14,13090.0
ING020,2025-06-15,12950.0
ING020,2025-06-16,12990.0
ING020,2025-06-17,12880.0
ING020,2025-06-18,12690.0
ING020,2025-06-19,12640.0
ING020,2025-06-20,12790.0
ING020,2025-06-21,12800.0
ING020,2025-06-22,13090.0
ING020,2025-06-23,13230.0
ING020,2025-06-24,13340.0
ING020,2025-06-25,13010.0
ING020,2025-06-26,12960.0
ING020,2025-06-27,12750.0
ING020,2025-06-28,12730.0
ING020,2025-06-29,12610.0
ING020,2025-06-30,12550.0
ING020,2025-07-01,12770.0
ING020,2025-07-02,12880.0
ING020,2025-07-03,13070.0
ING020,2025-07-04,12760.0
ING020,2025-07-05,12780.0
ING020,2025-07-06,12980.0
ING020,2025-07-07,13270.0
ING020,2025-07-08,12950.0
ING020,2025-07-09,12890.0
ING020,2025-07-10,13090.0
ING020,2025-07-11,13050.0
ING020,2025-07-12,12870.0
ING020,2025-07-13,12580.0
ING020,2025-07-14,12410.0
ING020,2025-07-15,12120.0
ING020,2025-07-16,12170.0
ING020,2025-07-17,12390.0
ING020,2025-07-18,12170.0
ING020,2025-07-19,12260.0
ING020,2025-07-20,12460.0
ING020,2025-07-21,12490.0
ING020,2025-07-22,12200.0
ING020,2025-07-23,12320.0
ING020,2025-07-24,12340.0
ING020,2025-07-25,12340.0
ING020,2025-07-26,12270.0
ING020,2025-07-27,12320.0
ING020,2025-07-28,12450.0
ING020,2025-07-29,12940.0
ING020,2025-07-30,12970.0
ING020,2025-07-31,13260.0
ING020,2025-08-01,13310.0
ING020,2025-08-02,13280.0
ING020,2025-08-03,13290.0
ING020,2025-08-04,13040.0
ING020,2025-08-05,13100.0
ING020,2025-08-06,12710.0
ING020,2025-08-07,12560.0
ING020,2025-08-08,12610.0
ING020,2025-08-09,12860.0
ING020,2025-08-10,13140.0
ING020,2025-08-11,13090.0
ING020,2025-08-12,13110.0
ING020,2025-08-13,13300.0
ING020,2025-08-14,13030.0
ING020,2025-08-15,13110.0
ING020,2025-08-16,12940.0
ING020,2025-08-17,12910.0
ING020,2025-08-18,12830.0
ING020,2025-08-19,12920.0
ING020,2025-08-20,13040.0
ING020,2025-08-21,13210.0
ING020,2025-08-22,13260.0
ING020,2025-08-23,13290.0
ING020,2025-08-24,13630.0
ING020,2025-08-25,13310.0
ING020,2025-08-26,13620.0
ING020,2025-08-27,13530.0
ING020,2025-08-28,13620.0
ING020,2025-08-29,13530.0
ING020,2025-08-30,13370.0
ING020,2025-08-31,13440.0
ING020,2025-09-01,13620.0
ING020,2025-09-02,13690.0
ING020,2025-09-03,13550.0
ING020,2025-09-04,14220.0
ING020,2025-09-05,14390.0
ING020,2025-09-06,14500.0
ING020,2025-09-07,14360.0
ING020,2025-09-08,14180.0
ING020,2025-09-09,14070.0
ING020,2025-09-10,14220.0
ING020,2025-09-11,13970.0
ING020,2025-09-12,13720.0
ING020,2025-09-13,13790.0
ING020,2025-09-14,13820.0
ING020,2025-09-15,13630.0
ING020,2025-09-16,13390.0
ING020,2025-09-17,13650.0
ING020,2025-09-18,13690.0
ING020,2025-09-19,13400.0
ING020,2025-09-20,13140.0
ING020,2025-09-21,13060.0
ING020,2025-09-22,13200.0
ING020,2025-09-23,13310.0
ING020,2025-09-24,13520.0
ING020,2025-09-25,13210.0
ING020,2025-09-26,13240.0
ING020,2025-09-27,13510.0
ING020,2025-09-28,13740.0
ING020,2025-09-29,13780.0
ING020,2025-09-30,14200.0
ING020,2025-10-01,14260.0
ING020,2025-10-02,14400.0
ING020,2025-10-03,14340.0
ING020,2025-10-04,14130.0
ING020,2025-10-05,13910.0
ING020,2025-10-06,13900.0
ING020,2025-10-07,13820.0
ING020,2025-10-08,13450.0
ING020,2025-10-09,13230.0
ING020,2025-10-10,13160.0
ING020,2025-10-11,13300.0
ING020,2025-10-12,13290.0
ING020,2025-10-13,13260.0
ING020,2025-10-14,13070.0
ING020,2025-10-15,13070.0
ING020,2025-10-16,13330.0
ING020,2025-10-17,13340.0
ING020,2025-10-18,13040.0
ING020,2025-10-19,12810.0
ING020,2025-10-20,12930.0
ING020,2025-10-21,12900.0
ING020,2025-10-22,12900.0
ING020,2025-10-23,12790.0
ING020,2025-10-24,12900.0
ING020,2025-10-25,12850.0
ING020,2025-10-26,12830.0
ING020,2025-10-27,12680.0
ING020,2025-10-28,12880.0
ING020,2025-10-29,12850.0
ING020,2025-10-30,12980.0
ING020,2025-10-31,12760.0
ING020,2025-11-01,13110.0
ING020,2025-11-02,13360.0
ING020,2025-11-03,12980.0
ING020,2025-11-04,12830.0
ING020,2025-11-05,12940.0
ING020,2025-11-06,12690.0
ING020,2025-11-07,12690.0
ING020,2025-11-08,12790.0
ING020,2025-11-09,12780.0
ING020,2025-11-10,12900.0
ING020,2025-11-11,12780.0
ING020,2025-11-12,12360.0
ING020,2025-11-13,12590.0
ING020,2025-11-14,12810.0
ING020,2025-11-15,13300.0
ING020,2025-11-16,12870.0
ING020,2025-11-17,13030.0
ING020,2025-11-18,12660.0
ING020,2025-11-19,13020.0
ING020,2025-11-20,13120.0
ING020,2025-11-21,12940.0
ING020,2025-11-22,13100.0
ING020,2025-11-23,12990.0
ING020,2025-11-24,13060.0
ING020,2025-11-25,13100.0
ING020,2025-11-26,13440.0
ING020,2025-11-27,13780.0
ING020,2025-11-28,13630.0
ING020,2025-11-29,13810.0
ING020,2025-11-30,13850.0
ING020,2025-12-01,13540.0
ING020,2025-12-02,13390.0
ING020,2025-12-03,13830.0
ING020,2025-12-04,13860.0
ING020,2025-12-05,14020.0
ING020,2025-12-06,13940.0
ING020,2025-12-07,13790.0
ING020,2025-12-08,13770.0
ING020,2025-12-09,13690.0
ING020,2025-12-10,13370.0
ING020,2025-12-11,13170.0
ING020,2025-12-12,13310.0
ING020,2025-12-13,13230.0
ING020,2025-12-14,13230.0
ING020,2025-12-15,13270.0
ING020,2025-12-16,13330.0
ING020,2025-12-17,13540.0
ING020,2025-12-18,13310.0
ING020,2025-12-19,13420.0
ING020,2025-12-20,13550.0
ING020,2025-12-21,13720.0
ING020,2025-12-22,13420.0
ING020,2025-12-23,13460.0
ING020,2025-12-24,13780.0
ING020,2025-12-25,13730.0
ING020,2025-12-26,13790.0
ING020,2025-12-27,13910.0
ING020,2025-12-28,13680.0
ING020,2025-12-29,14010.0
ING020,2025-12-30,14070.0
ING020,2025-12-31,14120.0
ING020,2026-01-01,13760.0
ING020,2026-01-02,13880.0
ING020,2026-01-03,13950.0
ING020,2026-01-04,14220.0
ING020,2026-01-05,14110.0
ING020,2026-01-06,13880.0
ING020,2026-01-07,13710.0
ING020,2026-01-08,13590.0
ING020,2026-01-09,13360.0
ING020,2026-01-10,13600.0
ING020,2026-01-11,13830.0
ING020,2026-01-12,13760.0
ING020,2026-01-13,13660.0
ING020,2026-01-14,13290.0
ING020,2026-01-15,13420.0
ING020,2026-01-16,13730.0
ING020,2026-01-17,13580.0
ING020,2026-01-18,13540.0
ING020,2026-01-19,13610.0
ING020,2026-01-20,13920.0
ING020,2026-01-21,13920.0
ING020,2026-01-22,13930.0
ING020,2026-01-23,13930.0
ING020,2026-01-24,13620.0
ING020,2026-01-25,13320.0
ING020,2026-01-26,13160.0
ING020,2026-01-27,13360.0
ING020,2026-01-28,13290.0
ING020,2026-01-29,13190.0
ING020,2026-01-30,13080.0
ING020,2026-01-31,13060.0
ING020,2026-02-01,13400.0
ING020,2026-02-02,13360.0
ING020,2026-02-03,13210.0
ING020,2026-02-04,13210.0
ING020,2026-02-05,13550.0
ING020,2026-02-06,13440.0
ING020,2026-02-07,13200.0
ING020,2026-02-08,13110.0
ING020,2026-02-09,13140.0
ING020,2026-02-10,13280.0
ING020,2026-02-11,13470.0
ING020,2026-02-12,13260.0
ING020,2026-02-13,13080.0
ING020,2026-02-14,13030.0
ING020,2026-02-15,13170.0
ING020,2026-02-16,12930.0
ING020,2026-02-17,12830.0
ING020,2026-02-18,12740.0
ING020,2026-02-19,12950.0
ING020,2026-02-20,13060.0
ING020,2026-02-21,13250.0
ING020,2026-02-22,13510.0
ING020,2026-02-23,13440.0
ING020,2026-02-24,13200.0
ING020,2026-02-25,12980.0
ING020,2026-02-26,12640.0
ING020,2026-02-27,12580.0
ING020,2026-02-28,12540.0
ING020,2026-03-01,12730.0
ING020,2026-03-02,12760.0
ING020,2026-03-03,12690.0
ING020,2026-03-04,12700.0
ING020,2026-03-05,12530.0
ING020,2026-03-06,12770.0
ING020,2026-03-07,12640.0
ING020,2026-03-08,12460.0
ING020,2026-03-09,12650.0
ING020,2026-03-10,12800.0
ING020,2026-03-11,12490.0
ING020,2026-03-12,12690.0
ING020,2026-03-13,12580.0
ING020,2026-03-14,12550.0
ING020,2026-03-15,12620.0
ING020,2026-03-16,12770.0
ING020,2026-03-17,12880.0
ING020,2026-03-18,12890.0
ING020,2026-03-19,12830.0
ING020,2026-03-20,12930.0
ING020,2026-03-21,12930.0
ING020,2026-03-22,13290.0
ING020,2026-03-23,13410.0
ING020,2026-03-24,13230.0
ING020,2026-03-25,13140.0
ING020,2026-03-26,13160.0
ING020,2026-03-27,13410.0
ING020,2026-03-28,13680.0
ING020,2026-03-29,13590.0
ING020,2026-03-30,13390.0
ING020,2026-03-31,13190.0
ING020,2026-04-01,13240.0
ING020,2026-04-02,13690.0
ING020,2026-04-03,13770.0
ING020,2026-04-04,13440.0
ING020,2026-04-05,13300.0
ING020,2026-04-06,13180.0
ING020,2026-04-07,13030.0
ING020,2026-04-08,12970.0
ING020,2026-04-09,13060.0
ING020,2026-04-10,13200.0
ING020,2026-04-11,13420.0
ING020,2026-04-12,13520.0
ING020,2026-04-13,13130.0
ING020,2026-04-14,12940.0
ING020,2026-04-15,12930.0
ING020,2026-04-16,12980.0
ING020,2026-04-17,13160.0
ING020,2026-04-18,13180.0
ING020,2026-04-19,13200.0
ING020,2026-04-20,13250.0
ING020,2026-04-21,13210.0
ING020,2026-04-22,13230.0
ING020,2026-04-23,13450.0
ING020,2026-04-24,13430.0
ING020,2026-04-25,13420.0
ING020,2026-04-26,13410.0
ING020,2026-04-27,13660.0
ING020,2026-04-28,13430.0
ING020,2026-04-29,13770.0
ING020,2026-04-30,13520.0
ING020,2026-05-01,13390.0
ING020,2026-05-02,13530.0
ING020,2026-05-03,13720.0
ING020,2026-05-04,13430.0
ING020,2026-05-05,13220.0
ING020,2026-05-06,13280.0
ING020,2026-05-07,13730.0
ING020,2026-05-08,13960.0
ING020,2026-05-09,13880.0
ING020,2026-05-10,13390.0
ING020,2026-05-11,13400.0
ING020,2026-05-12,13470.0
ING020,2026-05-13,13390.0
ING020,2026-05-14,13230.0
ING020,2026-05-15,13270.0
ING020,2026-05-16,13090.0
ING020,2026-05-17,13470.0
ING020,2026-05-18,13750.0
ING020,2026-05-19,13860.0
ING020,2026-05-20,13850.0
ING020,2026-05-21,13700.0
ING020,2026-05-22,13680.0
ING020,2026-05-23,13980.0
ING020,2026-05-24,14120.0
ING020,2026-05-25,14120.0
ING020,2026-05-26,14270.0
ING020,2026-05-27,14330.0
ING020,2026-05-28,14360.0
ING020,2026-05-29,14500.0
ING020,2026-05-30,14540.0
ING020,2026-05-31,14650.0
ING020,2026-06-01,14620.0
ING020,2026-06-02,14510.0
ING020,2026-06-03,14350.0
ING020,2026-06-04,14170.0
ING020,2026-06-05,13830.0
ING020,2026-06-06,13630.0
ING020,2026-06-07,13440.0
ING020,2026-06-08,13340.0
ING020,2026-06-09,13640.0
ING020,2026-06-10,13600.0
ING020,2026-06-11,13640.0
ING020,2026-06-12,13680.0
ING020,2026-06-13,13970.0
ING020,2026-06-14,13830.0
ING020,2026-06-15,13770.0
ING020,2026-06-16,13730.0
ING020,2026-06-17,13930.0
ING020,2026-06-18,14170.0
ING020,2026-06-19,14220.0
ING020,2026-06-20,14420.0
ING020,2026-06-21,14400.0
ING020,2026-06-22,14320.0
ING020,2026-06-23,14500.0
ING020,2026-06-24,14540.0
ING020,2026-06-25,14350.0
ING020,2026-06-26,14490.0
ING020,2026-06-27,14400.0
ING020,2026-06-28,14290.0
ING020,2026-06-29,14420.0
ING020,2026-06-30,14350.0
ING021,2023-07-01,145250.0
ING021,2023-07-02,145670.0
ING021,2023-07-03,145130.0
ING021,2023-07-04,145380.0
ING021,2023-07-05,146240.0
ING021,2023-07-06,145560.0
ING021,2023-07-07,145830.0
ING021,2023-07-08,145250.0
ING021,2023-07-09,145910.0
ING021,2023-07-10,146540.0
ING021,2023-07-11,146240.0
ING021,2023-07-12,147620.0
ING021,2023-07-13,148220.0
ING021,2023-07-14,148530.0
ING021,2023-07-15,148790.0
ING021,2023-07-16,149260.0
ING021,2023-07-17,148410.0
ING021,2023-07-18,148380.0
ING021,2023-07-19,148470.0
ING021,2023-07-20,148050.0
ING021,2023-07-21,148220.0
ING021,2023-07-22,148880.0
ING021,2023-07-23,148430.0
ING021,2023-07-24,148240.0
ING021,2023-07-25,147560.0
ING021,2023-07-26,146290.0
ING021,2023-07-27,146750.0
ING021,2023-07-28,146670.0
ING021,2023-07-29,146640.0
ING021,2023-07-30,145940.0
ING021,2023-07-31,145790.0
ING021,2023-08-01,146490.0
ING021,2023-08-02,146440.0
ING021,2023-08-03,146420.0
ING021,2023-08-04,146510.0
ING021,2023-08-05,145650.0
ING021,2023-08-06,146060.0
ING021,2023-08-07,145220.0
ING021,2023-08-08,144620.0
ING021,2023-08-09,143990.0
ING021,2023-08-10,143950.0
ING021,2023-08-11,143810.0
ING021,2023-08-12,143900.0
ING021,2023-08-13,143400.0
ING021,2023-08-14,144170.0
ING021,2023-08-15,144790.0
ING021,2023-08-16,144730.0
ING021,2023-08-17,144470.0
ING021,2023-08-18,144150.0
ING021,2023-08-19,144030.0
ING021,2023-08-20,143210.0
ING021,2023-08-21,142710.0
ING021,2023-08-22,143430.0
ING021,2023-08-23,143740.0
ING021,2023-08-24,144920.0
ING021,2023-08-25,144770.0
ING021,2023-08-26,144590.0
ING021,2023-08-27,144390.0
ING021,2023-08-28,144260.0
ING021,2023-08-29,143910.0
ING021,2023-08-30,144190.0
ING021,2023-08-31,144300.0
ING021,2023-09-01,144050.0
ING021,2023-09-02,144960.0
ING021,2023-09-03,146250.0
ING021,2023-09-04,147000.0
ING021,2023-09-05,147320.0
ING021,2023-09-06,147750.0
ING021,2023-09-07,148880.0
ING021,2023-09-08,149240.0
ING021,2023-09-09,148700.0
ING021,2023-09-10,148830.0
ING021,2023-09-11,149100.0
ING021,2023-09-12,148310.0
ING021,2023-09-13,148010.0
ING021,2023-09-14,148640.0
ING021,2023-09-15,147330.0
ING021,2023-09-16,146460.0
ING021,2023-09-17,146330.0
ING021,2023-09-18,146560.0
ING021,2023-09-19,145660.0
ING021,2023-09-20,145610.0
ING021,2023-09-21,146390.0
ING021,2023-09-22,146440.0
ING021,2023-09-23,147040.0
ING021,2023-09-24,146620.0
ING021,2023-09-25,146080.0
ING021,2023-09-26,146650.0
ING021,2023-09-27,146880.0
ING021,2023-09-28,146080.0
ING021,2023-09-29,145580.0
ING021,2023-09-30,146640.0
ING021,2023-10-01,146030.0
ING021,2023-10-02,146660.0
ING021,2023-10-03,146340.0
ING021,2023-10-04,146350.0
ING021,2023-10-05,146550.0
ING021,2023-10-06,145180.0
ING021,2023-10-07,144290.0
ING021,2023-10-08,144460.0
ING021,2023-10-09,144100.0
ING021,2023-10-10,144870.0
ING021,2023-10-11,143910.0
ING021,2023-10-12,144420.0
ING021,2023-10-13,143630.0
ING021,2023-10-14,143550.0
ING021,2023-10-15,143010.0
ING021,2023-10-16,144440.0
ING021,2023-10-17,143680.0
ING021,2023-10-18,143750.0
ING021,2023-10-19,142780.0
ING021,2023-10-20,144020.0
ING021,2023-10-21,144420.0
ING021,2023-10-22,144630.0
ING021,2023-10-23,145700.0
ING021,2023-10-24,145850.0
ING021,2023-10-25,146040.0
ING021,2023-10-26,146170.0
ING021,2023-10-27,146570.0
ING021,2023-10-28,146270.0
ING021,2023-10-29,146160.0
ING021,2023-10-30,146730.0
ING021,2023-10-31,146920.0
ING021,2023-11-01,146850.0
ING021,2023-11-02,145940.0
ING021,2023-11-03,146970.0
ING021,2023-11-04,146540.0
ING021,2023-11-05,147210.0
ING021,2023-11-06,147310.0
ING021,2023-11-07,146460.0
ING021,2023-11-08,147300.0
ING021,2023-11-09,147460.0
ING021,2023-11-10,148310.0
ING021,2023-11-11,148130.0
ING021,2023-11-12,148540.0
ING021,2023-11-13,147320.0
ING021,2023-11-14,146990.0
ING021,2023-11-15,146170.0
ING021,2023-11-16,145970.0
ING021,2023-11-17,146340.0
ING021,2023-11-18,145990.0
ING021,2023-11-19,146620.0
ING021,2023-11-20,146090.0
ING021,2023-11-21,146730.0
ING021,2023-11-22,147610.0
ING021,2023-11-23,148260.0
ING021,2023-11-24,147990.0
ING021,2023-11-25,146570.0
ING021,2023-11-26,146980.0
ING021,2023-11-27,146920.0
ING021,2023-11-28,146310.0
ING021,2023-11-29,146000.0
ING021,2023-11-30,147010.0
ING021,2023-12-01,146280.0
ING021,2023-12-02,146650.0
ING021,2023-12-03,146830.0
ING021,2023-12-04,146630.0
ING021,2023-12-05,147090.0
ING021,2023-12-06,148180.0
ING021,2023-12-07,147950.0
ING021,2023-12-08,147780.0
ING021,2023-12-09,148170.0
ING021,2023-12-10,148740.0
ING021,2023-12-11,148600.0
ING021,2023-12-12,148350.0
ING021,2023-12-13,146870.0
ING021,2023-12-14,146400.0
ING021,2023-12-15,145720.0
ING021,2023-12-16,146260.0
ING021,2023-12-17,146170.0
ING021,2023-12-18,146060.0
ING021,2023-12-19,146140.0
ING021,2023-12-20,145650.0
ING021,2023-12-21,146770.0
ING021,2023-12-22,147670.0
ING021,2023-12-23,148730.0
ING021,2023-12-24,149130.0
ING021,2023-12-25,149040.0
ING021,2023-12-26,150040.0
ING021,2023-12-27,149480.0
ING021,2023-12-28,148830.0
ING021,2023-12-29,148390.0
ING021,2023-12-30,148710.0
ING021,2023-12-31,148170.0
ING021,2024-01-01,148060.0
ING021,2024-01-02,147010.0
ING021,2024-01-03,147370.0
ING021,2024-01-04,146410.0
ING021,2024-01-05,145880.0
ING021,2024-01-06,146780.0
ING021,2024-01-07,147610.0
ING021,2024-01-08,147880.0
ING021,2024-01-09,148070.0
ING021,2024-01-10,147720.0
ING021,2024-01-11,147230.0
ING021,2024-01-12,147040.0
ING021,2024-01-13,146110.0
ING021,2024-01-14,146370.0
ING021,2024-01-15,146490.0
ING021,2024-01-16,145970.0
ING021,2024-01-17,147100.0
ING021,2024-01-18,147550.0
ING021,2024-01-19,148040.0
ING021,2024-01-20,147730.0
ING021,2024-01-21,147750.0
ING021,2024-01-22,148190.0
ING021,2024-01-23,148290.0
ING021,2024-01-24,149340.0
ING021,2024-01-25,149150.0
ING021,2024-01-26,148780.0
ING021,2024-01-27,149170.0
ING021,2024-01-28,148310.0
ING021,2024-01-29,148910.0
ING021,2024-01-30,148040.0
ING021,2024-01-31,148470.0
ING021,2024-02-01,148050.0
ING021,2024-02-02,148380.0
ING021,2024-02-03,148970.0
ING021,2024-02-04,149050.0
ING021,2024-02-05,148240.0
ING021,2024-02-06,147660.0
ING021,2024-02-07,147230.0
ING021,2024-02-08,146060.0
ING021,2024-02-09,146920.0
ING021,2024-02-10,147070.0
ING021,2024-02-11,146410.0
ING021,2024-02-12,147470.0
ING021,2024-02-13,147070.0
ING021,2024-02-14,147310.0
ING021,2024-02-15,146840.0
ING021,2024-02-16,145610.0
ING021,2024-02-17,144870.0
ING021,2024-02-18,144770.0
ING021,2024-02-19,145550.0
ING021,2024-02-20,145940.0
ING021,2024-02-21,146170.0
ING021,2024-02-22,144990.0
ING021,2024-02-23,146000.0
ING021,2024-02-24,146290.0
ING021,2024-02-25,146340.0
ING021,2024-02-26,147200.0
ING021,2024-02-27,148090.0
ING021,2024-02-28,148890.0
ING021,2024-02-29,148720.0
ING021,2024-03-01,148080.0
ING021,2024-03-02,148760.0
ING021,2024-03-03,147880.0
ING021,2024-03-04,149200.0
ING021,2024-03-05,149210.0
ING021,2024-03-06,148500.0
ING021,2024-03-07,147720.0
ING021,2024-03-08,146950.0
ING021,2024-03-09,147150.0
ING021,2024-03-10,147240.0
ING021,2024-03-11,146520.0
ING021,2024-03-12,146410.0
ING021,2024-03-13,145650.0
ING021,2024-03-14,146210.0
ING021,2024-03-15,146320.0
ING021,2024-03-16,146210.0
ING021,2024-03-17,145520.0
ING021,2024-03-18,145500.0
ING021,2024-03-19,145410.0
ING021,2024-03-20,145810.0
ING021,2024-03-21,146090.0
ING021,2024-03-22,146760.0
ING021,2024-03-23,146570.0
ING021,2024-03-24,145490.0
ING021,2024-03-25,146320.0
ING021,2024-03-26,145860.0
ING021,2024-03-27,145310.0
ING021,2024-03-28,145480.0
ING021,2024-03-29,145870.0
ING021,2024-03-30,145700.0
ING021,2024-03-31,145530.0
ING021,2024-04-01,145470.0
ING021,2024-04-02,146590.0
ING021,2024-04-03,146730.0
ING021,2024-04-04,146230.0
ING021,2024-04-05,145760.0
ING021,2024-04-06,145780.0
ING021,2024-04-07,146120.0
ING021,2024-04-08,146610.0
ING021,2024-04-09,146830.0
ING021,2024-04-10,146420.0
ING021,2024-04-11,146300.0
ING021,2024-04-12,146940.0
ING021,2024-04-13,146320.0
ING021,2024-04-14,146180.0
ING021,2024-04-15,146740.0
ING021,2024-04-16,147450.0
ING021,2024-04-17,147440.0
ING021,2024-04-18,147280.0
ING021,2024-04-19,146540.0
ING021,2024-04-20,147040.0
ING021,2024-04-21,148030.0
ING021,2024-04-22,149790.0
ING021,2024-04-23,150030.0
ING021,2024-04-24,149990.0
ING021,2024-04-25,149370.0
ING021,2024-04-26,148170.0
ING021,2024-04-27,148360.0
ING021,2024-04-28,149970.0
ING021,2024-04-29,150790.0
ING021,2024-04-30,151470.0
ING021,2024-05-01,151550.0
ING021,2024-05-02,151700.0
ING021,2024-05-03,150030.0
ING021,2024-05-04,150520.0
ING021,2024-05-05,150110.0
ING021,2024-05-06,149640.0
ING021,2024-05-07,149450.0
ING021,2024-05-08,149240.0
ING021,2024-05-09,148810.0
ING021,2024-05-10,148880.0
ING021,2024-05-11,148570.0
ING021,2024-05-12,148710.0
ING021,2024-05-13,147800.0
ING021,2024-05-14,147780.0
ING021,2024-05-15,147180.0
ING021,2024-05-16,146900.0
ING021,2024-05-17,147160.0
ING021,2024-05-18,146260.0
ING021,2024-05-19,145910.0
ING021,2024-05-20,146500.0
ING021,2024-05-21,145760.0
ING021,2024-05-22,147140.0
ING021,2024-05-23,148080.0
ING021,2024-05-24,147860.0
ING021,2024-05-25,147470.0
ING021,2024-05-26,147740.0
ING021,2024-05-27,146920.0
ING021,2024-05-28,145780.0
ING021,2024-05-29,145710.0
ING021,2024-05-30,145850.0
ING021,2024-05-31,146130.0
ING021,2024-06-01,145940.0
ING021,2024-06-02,147000.0
ING021,2024-06-03,146190.0
ING021,2024-06-04,145660.0
ING021,2024-06-05,146210.0
ING021,2024-06-06,145660.0
ING021,2024-06-07,145120.0
ING021,2024-06-08,145470.0
ING021,2024-06-09,145030.0
ING021,2024-06-10,145210.0
ING021,2024-06-11,145020.0
ING021,2024-06-12,144730.0
ING021,2024-06-13,143650.0
ING021,2024-06-14,144090.0
ING021,2024-06-15,143600.0
ING021,2024-06-16,143840.0
ING021,2024-06-17,143840.0
ING021,2024-06-18,144040.0
ING021,2024-06-19,144280.0
ING021,2024-06-20,144720.0
ING021,2024-06-21,144540.0
ING021,2024-06-22,145660.0
ING021,2024-06-23,144710.0
ING021,2024-06-24,144860.0
ING021,2024-06-25,145700.0
ING021,2024-06-26,146260.0
ING021,2024-06-27,145850.0
ING021,2024-06-28,145570.0
ING021,2024-06-29,145170.0
ING021,2024-06-30,145840.0
ING021,2024-07-01,145610.0
ING021,2024-07-02,146040.0
ING021,2024-07-03,146450.0
ING021,2024-07-04,148220.0
ING021,2024-07-05,148550.0
ING021,2024-07-06,148140.0
ING021,2024-07-07,147330.0
ING021,2024-07-08,147330.0
ING021,2024-07-09,147430.0
ING021,2024-07-10,146160.0
ING021,2024-07-11,145940.0
ING021,2024-07-12,146390.0
ING021,2024-07-13,146270.0
ING021,2024-07-14,147140.0
ING021,2024-07-15,146320.0
ING021,2024-07-16,147000.0
ING021,2024-07-17,147800.0
ING021,2024-07-18,148580.0
ING021,2024-07-19,147690.0
ING021,2024-07-20,148060.0
ING021,2024-07-21,147780.0
ING021,2024-07-22,147030.0
ING021,2024-07-23,146970.0
ING021,2024-07-24,146590.0
ING021,2024-07-25,147420.0
ING021,2024-07-26,147950.0
ING021,2024-07-27,147360.0
ING021,2024-07-28,147080.0
ING021,2024-07-29,147040.0
ING021,2024-07-30,147200.0
ING021,2024-07-31,148070.0
ING021,2024-08-01,148680.0
ING021,2024-08-02,148840.0
ING021,2024-08-03,148800.0
ING021,2024-08-04,147770.0
ING021,2024-08-05,148790.0
ING021,2024-08-06,148630.0
ING021,2024-08-07,149780.0
ING021,2024-08-08,149990.0
ING021,2024-08-09,151390.0
ING021,2024-08-10,151790.0
ING021,2024-08-11,150840.0
ING021,2024-08-12,150470.0
ING021,2024-08-13,150410.0
ING021,2024-08-14,149890.0
ING021,2024-08-15,149730.0
ING021,2024-08-16,148930.0
ING021,2024-08-17,149060.0
ING021,2024-08-18,149340.0
ING021,2024-08-19,148800.0
ING021,2024-08-20,150210.0
ING021,2024-08-21,150320.0
ING021,2024-08-22,149850.0
ING021,2024-08-23,148880.0
ING021,2024-08-24,149060.0
ING021,2024-08-25,149020.0
ING021,2024-08-26,149670.0
ING021,2024-08-27,149680.0
ING021,2024-08-28,149000.0
ING021,2024-08-29,150230.0
ING021,2024-08-30,150590.0
ING021,2024-08-31,150480.0
ING021,2024-09-01,150660.0
ING021,2024-09-02,151020.0
ING021,2024-09-03,150130.0
ING021,2024-09-04,150320.0
ING021,2024-09-05,150100.0
ING021,2024-09-06,150520.0
ING021,2024-09-07,150110.0
ING021,2024-09-08,149810.0
ING021,2024-09-09,151000.0
ING021,2024-09-10,151850.0
ING021,2024-09-11,149700.0
ING021,2024-09-12,150570.0
ING021,2024-09-13,150590.0
ING021,2024-09-14,150200.0
ING021,2024-09-15,149640.0
ING021,2024-09-16,149140.0
ING021,2024-09-17,148840.0
ING021,2024-09-18,148270.0
ING021,2024-09-19,147570.0
ING021,2024-09-20,147120.0
ING021,2024-09-21,147580.0
ING021,2024-09-22,147840.0
ING021,2024-09-23,148420.0
ING021,2024-09-24,148560.0
ING021,2024-09-25,147890.0
ING021,2024-09-26,148430.0
ING021,2024-09-27,147960.0
ING021,2024-09-28,148600.0
ING021,2024-09-29,148020.0
ING021,2024-09-30,147780.0
ING021,2024-10-01,147770.0
ING021,2024-10-02,148440.0
ING021,2024-10-03,148750.0
ING021,2024-10-04,148940.0
ING021,2024-10-05,150340.0
ING021,2024-10-06,149240.0
ING021,2024-10-07,148720.0
ING021,2024-10-08,148200.0
ING021,2024-10-09,147250.0
ING021,2024-10-10,147040.0
ING021,2024-10-11,147760.0
ING021,2024-10-12,147610.0
ING021,2024-10-13,147640.0
ING021,2024-10-14,146750.0
ING021,2024-10-15,146520.0
ING021,2024-10-16,146520.0
ING021,2024-10-17,147240.0
ING021,2024-10-18,146410.0
ING021,2024-10-19,146420.0
ING021,2024-10-20,147440.0
ING021,2024-10-21,147410.0
ING021,2024-10-22,146290.0
ING021,2024-10-23,147440.0
ING021,2024-10-24,148180.0
ING021,2024-10-25,148970.0
ING021,2024-10-26,148020.0
ING021,2024-10-27,149240.0
ING021,2024-10-28,148910.0
ING021,2024-10-29,148770.0
ING021,2024-10-30,148510.0
ING021,2024-10-31,149340.0
ING021,2024-11-01,149390.0
ING021,2024-11-02,149870.0
ING021,2024-11-03,150070.0
ING021,2024-11-04,150150.0
ING021,2024-11-05,149660.0
ING021,2024-11-06,151000.0
ING021,2024-11-07,150140.0
ING021,2024-11-08,150550.0
ING021,2024-11-09,150910.0
ING021,2024-11-10,151760.0
ING021,2024-11-11,152730.0
ING021,2024-11-12,152650.0
ING021,2024-11-13,153010.0
ING021,2024-11-14,154160.0
ING021,2024-11-15,154060.0
ING021,2024-11-16,153310.0
ING021,2024-11-17,153050.0
ING021,2024-11-18,152200.0
ING021,2024-11-19,152480.0
ING021,2024-11-20,153200.0
ING021,2024-11-21,153120.0
ING021,2024-11-22,152060.0
ING021,2024-11-23,152780.0
ING021,2024-11-24,151640.0
ING021,2024-11-25,150710.0
ING021,2024-11-26,150710.0
ING021,2024-11-27,151000.0
ING021,2024-11-28,151390.0
ING021,2024-11-29,151430.0
ING021,2024-11-30,152670.0
ING021,2024-12-01,152740.0
ING021,2024-12-02,153450.0
ING021,2024-12-03,153950.0
ING021,2024-12-04,153070.0
ING021,2024-12-05,152980.0
ING021,2024-12-06,154380.0
ING021,2024-12-07,154000.0
ING021,2024-12-08,153530.0
ING021,2024-12-09,153630.0
ING021,2024-12-10,153310.0
ING021,2024-12-11,152800.0
ING021,2024-12-12,152510.0
ING021,2024-12-13,153490.0
ING021,2024-12-14,153400.0
ING021,2024-12-15,152540.0
ING021,2024-12-16,151600.0
ING021,2024-12-17,153140.0
ING021,2024-12-18,153010.0
ING021,2024-12-19,153320.0
ING021,2024-12-20,152830.0
ING021,2024-12-21,153070.0
ING021,2024-12-22,154050.0
ING021,2024-12-23,153600.0
ING021,2024-12-24,153900.0
ING021,2024-12-25,152970.0
ING021,2024-12-26,154330.0
ING021,2024-12-27,154470.0
ING021,2024-12-28,154160.0
ING021,2024-12-29,153940.0
ING021,2024-12-30,153600.0
ING021,2024-12-31,153300.0
ING021,2025-01-01,151730.0
ING021,2025-01-02,151770.0
ING021,2025-01-03,151770.0
ING021,2025-01-04,152190.0
ING021,2025-01-05,151930.0
ING021,2025-01-06,151520.0
ING021,2025-01-07,151630.0
ING021,2025-01-08,150690.0
ING021,2025-01-09,150950.0
ING021,2025-01-10,149880.0
ING021,2025-01-11,150810.0
ING021,2025-01-12,151410.0
ING021,2025-01-13,150930.0
ING021,2025-01-14,151520.0
ING021,2025-01-15,151710.0
ING021,2025-01-16,151170.0
ING021,2025-01-17,149990.0
ING021,2025-01-18,150390.0
ING021,2025-01-19,150060.0
ING021,2025-01-20,150970.0
ING021,2025-01-21,151140.0
ING021,2025-01-22,150830.0
ING021,2025-01-23,152160.0
ING021,2025-01-24,152640.0
ING021,2025-01-25,150320.0
ING021,2025-01-26,150200.0
ING021,2025-01-27,149490.0
ING021,2025-01-28,149200.0
ING021,2025-01-29,149360.0
ING021,2025-01-30,149830.0
ING021,2025-01-31,150220.0
ING021,2025-02-01,151130.0
ING021,2025-02-02,151700.0
ING021,2025-02-03,152200.0
ING021,2025-02-04,152440.0
ING021,2025-02-05,153370.0
ING021,2025-02-06,153210.0
ING021,2025-02-07,153080.0
ING021,2025-02-08,151900.0
ING021,2025-02-09,152710.0
ING021,2025-02-10,152740.0
ING021,2025-02-11,154740.0
ING021,2025-02-12,154460.0
ING021,2025-02-13,154510.0
ING021,2025-02-14,154870.0
ING021,2025-02-15,154130.0
ING021,2025-02-16,154380.0
ING021,2025-02-17,154410.0
ING021,2025-02-18,154210.0
ING021,2025-02-19,154990.0
ING021,2025-02-20,154380.0
ING021,2025-02-21,154570.0
ING021,2025-02-22,155520.0
ING021,2025-02-23,155010.0
ING021,2025-02-24,154790.0
ING021,2025-02-25,156320.0
ING021,2025-02-26,156540.0
ING021,2025-02-27,156120.0
ING021,2025-02-28,156570.0
ING021,2025-03-01,156100.0
ING021,2025-03-02,155010.0
ING021,2025-03-03,155890.0
ING021,2025-03-04,155110.0
ING021,2025-03-05,156690.0
ING021,2025-03-06,156280.0
ING021,2025-03-07,157590.0
ING021,2025-03-08,156560.0
ING021,2025-03-09,157140.0
ING021,2025-03-10,157350.0
ING021,2025-03-11,157770.0
ING021,2025-03-12,158260.0
ING021,2025-03-13,157760.0
ING021,2025-03-14,156770.0
ING021,2025-03-15,156640.0
ING021,2025-03-16,156700.0
ING021,2025-03-17,156300.0
ING021,2025-03-18,156420.0
ING021,2025-03-19,156560.0
ING021,2025-03-20,155890.0
ING021,2025-03-21,156100.0
ING021,2025-03-22,155870.0
ING021,2025-03-23,155370.0
ING021,2025-03-24,155870.0
ING021,2025-03-25,155320.0
ING021,2025-03-26,155010.0
ING021,2025-03-27,155060.0
ING021,2025-03-28,155960.0
ING021,2025-03-29,156040.0
ING021,2025-03-30,156340.0
ING021,2025-03-31,156090.0
ING021,2025-04-01,155990.0
ING021,2025-04-02,155920.0
ING021,2025-04-03,156080.0
ING021,2025-04-04,155840.0
ING021,2025-04-05,156680.0
ING021,2025-04-06,156370.0
ING021,2025-04-07,155200.0
ING021,2025-04-08,156990.0
ING021,2025-04-09,156700.0
ING021,2025-04-10,157480.0
ING021,2025-04-11,158290.0
ING021,2025-04-12,158760.0
ING021,2025-04-13,158460.0
ING021,2025-04-14,158490.0
ING021,2025-04-15,157510.0
ING021,2025-04-16,158700.0
ING021,2025-04-17,157980.0
ING021,2025-04-18,157690.0
ING021,2025-04-19,157640.0
ING021,2025-04-20,157460.0
ING021,2025-04-21,156940.0
ING021,2025-04-22,157770.0
ING021,2025-04-23,158280.0
ING021,2025-04-24,158350.0
ING021,2025-04-25,157950.0
ING021,2025-04-26,158530.0
ING021,2025-04-27,158080.0
ING021,2025-04-28,158980.0
ING021,2025-04-29,158880.0
ING021,2025-04-30,159520.0
ING021,2025-05-01,159260.0
ING021,2025-05-02,159120.0
ING021,2025-05-03,159750.0
ING021,2025-05-04,160980.0
ING021,2025-05-05,161730.0
ING021,2025-05-06,162000.0
ING021,2025-05-07,162080.0
ING021,2025-05-08,161430.0
ING021,2025-05-09,161340.0
ING021,2025-05-10,160470.0
ING021,2025-05-11,160480.0
ING021,2025-05-12,160530.0
ING021,2025-05-13,159020.0
ING021,2025-05-14,158890.0
ING021,2025-05-15,159010.0
ING021,2025-05-16,158790.0
ING021,2025-05-17,158880.0
ING021,2025-05-18,157860.0
ING021,2025-05-19,157260.0
ING021,2025-05-20,157870.0
ING021,2025-05-21,157770.0
ING021,2025-05-22,157900.0
ING021,2025-05-23,157450.0
ING021,2025-05-24,157390.0
ING021,2025-05-25,155820.0
ING021,2025-05-26,156390.0
ING021,2025-05-27,157550.0
ING021,2025-05-28,156780.0
ING021,2025-05-29,156130.0
ING021,2025-05-30,156420.0
ING021,2025-05-31,157370.0
ING021,2025-06-01,157300.0
ING021,2025-06-02,156440.0
ING021,2025-06-03,156290.0
ING021,2025-06-04,155620.0
ING021,2025-06-05,155210.0
ING021,2025-06-06,155060.0
ING021,2025-06-07,154510.0
ING021,2025-06-08,154090.0
ING021,2025-06-09,154250.0
ING021,2025-06-10,154490.0
ING021,2025-06-11,153650.0
ING021,2025-06-12,154050.0
ING021,2025-06-13,153910.0
ING021,2025-06-14,154500.0
ING021,2025-06-15,155100.0
ING021,2025-06-16,154810.0
ING021,2025-06-17,155290.0
ING021,2025-06-18,154800.0
ING021,2025-06-19,155750.0
ING021,2025-06-20,155260.0
ING021,2025-06-21,155550.0
ING021,2025-06-22,155470.0
ING021,2025-06-23,154860.0
ING021,2025-06-24,155530.0
ING021,2025-06-25,155180.0
ING021,2025-06-26,154140.0
ING021,2025-06-27,152380.0
ING021,2025-06-28,152020.0
ING021,2025-06-29,153140.0
ING021,2025-06-30,154140.0
ING021,2025-07-01,153790.0
ING021,2025-07-02,153690.0
ING021,2025-07-03,153530.0
ING021,2025-07-04,152820.0
ING021,2025-07-05,152390.0
ING021,2025-07-06,153250.0
ING021,2025-07-07,153750.0
ING021,2025-07-08,154080.0
ING021,2025-07-09,153340.0
ING021,2025-07-10,153580.0
ING021,2025-07-11,152230.0
ING021,2025-07-12,153010.0
ING021,2025-07-13,153370.0
ING021,2025-07-14,152660.0
ING021,2025-07-15,153930.0
ING021,2025-07-16,152900.0
ING021,2025-07-17,153450.0
ING021,2025-07-18,153980.0
ING021,2025-07-19,153320.0
ING021,2025-07-20,153470.0
ING021,2025-07-21,152580.0
ING021,2025-07-22,150940.0
ING021,2025-07-23,150540.0
ING021,2025-07-24,150460.0
ING021,2025-07-25,151210.0
ING021,2025-07-26,151540.0
ING021,2025-07-27,151880.0
ING021,2025-07-28,151480.0
ING021,2025-07-29,151410.0
ING021,2025-07-30,151090.0
ING021,2025-07-31,150590.0
ING021,2025-08-01,150530.0
ING021,2025-08-02,150900.0
ING021,2025-08-03,150840.0
ING021,2025-08-04,150950.0
ING021,2025-08-05,151710.0
ING021,2025-08-06,151660.0
ING021,2025-08-07,151070.0
ING021,2025-08-08,151740.0
ING021,2025-08-09,152190.0
ING021,2025-08-10,152660.0
ING021,2025-08-11,153300.0
ING021,2025-08-12,153790.0
ING021,2025-08-13,153990.0
ING021,2025-08-14,155710.0
ING021,2025-08-15,154960.0
ING021,2025-08-16,154690.0
ING021,2025-08-17,155460.0
ING021,2025-08-18,155650.0
ING021,2025-08-19,156230.0
ING021,2025-08-20,156400.0
ING021,2025-08-21,157350.0
ING021,2025-08-22,156690.0
ING021,2025-08-23,157610.0
ING021,2025-08-24,158370.0
ING021,2025-08-25,157530.0
ING021,2025-08-26,157940.0
ING021,2025-08-27,157890.0
ING021,2025-08-28,157480.0
ING021,2025-08-29,156250.0
ING021,2025-08-30,155660.0
ING021,2025-08-31,156220.0
ING021,2025-09-01,156820.0
ING021,2025-09-02,156720.0
ING021,2025-09-03,157300.0
ING021,2025-09-04,157930.0
ING021,2025-09-05,158020.0
ING021,2025-09-06,157530.0
ING021,2025-09-07,157830.0
ING021,2025-09-08,158140.0
ING021,2025-09-09,158560.0
ING021,2025-09-10,159080.0
ING021,2025-09-11,158130.0
ING021,2025-09-12,157780.0
ING021,2025-09-13,156540.0
ING021,2025-09-14,157090.0
ING021,2025-09-15,156990.0
ING021,2025-09-16,157310.0
ING021,2025-09-17,156380.0
ING021,2025-09-18,157360.0
ING021,2025-09-19,156610.0
ING021,2025-09-20,157180.0
ING021,2025-09-21,157300.0
ING021,2025-09-22,157200.0
ING021,2025-09-23,157060.0
ING021,2025-09-24,156690.0
ING021,2025-09-25,157600.0
ING021,2025-09-26,157630.0
ING021,2025-09-27,156820.0
ING021,2025-09-28,156630.0
ING021,2025-09-29,156790.0
ING021,2025-09-30,157440.0
ING021,2025-10-01,157070.0
ING021,2025-10-02,156770.0
ING021,2025-10-03,156860.0
ING021,2025-10-04,157490.0
ING021,2025-10-05,156630.0
ING021,2025-10-06,157030.0
ING021,2025-10-07,156790.0
ING021,2025-10-08,156650.0
ING021,2025-10-09,158030.0
ING021,2025-10-10,157910.0
ING021,2025-10-11,158420.0
ING021,2025-10-12,158880.0
ING021,2025-10-13,158080.0
ING021,2025-10-14,156890.0
ING021,2025-10-15,157490.0
ING021,2025-10-16,156830.0
ING021,2025-10-17,155820.0
ING021,2025-10-18,156610.0
ING021,2025-10-19,156040.0
ING021,2025-10-20,155650.0
ING021,2025-10-21,157070.0
ING021,2025-10-22,156060.0
ING021,2025-10-23,155360.0
ING021,2025-10-24,155210.0
ING021,2025-10-25,155220.0
ING021,2025-10-26,154800.0
ING021,2025-10-27,154230.0
ING021,2025-10-28,155420.0
ING021,2025-10-29,155750.0
ING021,2025-10-30,156270.0
ING021,2025-10-31,156300.0
ING021,2025-11-01,156600.0
ING021,2025-11-02,157310.0
ING021,2025-11-03,156720.0
ING021,2025-11-04,156990.0
ING021,2025-11-05,157530.0
ING021,2025-11-06,158590.0
ING021,2025-11-07,159870.0
ING021,2025-11-08,159850.0
ING021,2025-11-09,160540.0
ING021,2025-11-10,158700.0
ING021,2025-11-11,159720.0
ING021,2025-11-12,159200.0
ING021,2025-11-13,159020.0
ING021,2025-11-14,159290.0
ING021,2025-11-15,159170.0
ING021,2025-11-16,159280.0
ING021,2025-11-17,160290.0
ING021,2025-11-18,159970.0
ING021,2025-11-19,159200.0
ING021,2025-11-20,160370.0
ING021,2025-11-21,160640.0
ING021,2025-11-22,161810.0
ING021,2025-11-23,162230.0
ING021,2025-11-24,161200.0
ING021,2025-11-25,161510.0
ING021,2025-11-26,160740.0
ING021,2025-11-27,160650.0
ING021,2025-11-28,160520.0
ING021,2025-11-29,159390.0
ING021,2025-11-30,158840.0
ING021,2025-12-01,160290.0
ING021,2025-12-02,160390.0
ING021,2025-12-03,160210.0
ING021,2025-12-04,161330.0
ING021,2025-12-05,160960.0
ING021,2025-12-06,160810.0
ING021,2025-12-07,161380.0
ING021,2025-12-08,161000.0
ING021,2025-12-09,160420.0
ING021,2025-12-10,158890.0
ING021,2025-12-11,158300.0
ING021,2025-12-12,157730.0
ING021,2025-12-13,157900.0
ING021,2025-12-14,157570.0
ING021,2025-12-15,159070.0
ING021,2025-12-16,158390.0
ING021,2025-12-17,159350.0
ING021,2025-12-18,159490.0
ING021,2025-12-19,160010.0
ING021,2025-12-20,160460.0
ING021,2025-12-21,158960.0
ING021,2025-12-22,158970.0
ING021,2025-12-23,158820.0
ING021,2025-12-24,158110.0
ING021,2025-12-25,158480.0
ING021,2025-12-26,159650.0
ING021,2025-12-27,157890.0
ING021,2025-12-28,157620.0
ING021,2025-12-29,156900.0
ING021,2025-12-30,157080.0
ING021,2025-12-31,156990.0
ING021,2026-01-01,156720.0
ING021,2026-01-02,157320.0
ING021,2026-01-03,158500.0
ING021,2026-01-04,160290.0
ING021,2026-01-05,159770.0
ING021,2026-01-06,158570.0
ING021,2026-01-07,158990.0
ING021,2026-01-08,160080.0
ING021,2026-01-09,160590.0
ING021,2026-01-10,161590.0
ING021,2026-01-11,161350.0
ING021,2026-01-12,160870.0
ING021,2026-01-13,160890.0
ING021,2026-01-14,160610.0
ING021,2026-01-15,161000.0
ING021,2026-01-16,161580.0
ING021,2026-01-17,162170.0
ING021,2026-01-18,162390.0
ING021,2026-01-19,162420.0
ING021,2026-01-20,162810.0
ING021,2026-01-21,161380.0
ING021,2026-01-22,161440.0
ING021,2026-01-23,161400.0
ING021,2026-01-24,161460.0
ING021,2026-01-25,161330.0
ING021,2026-01-26,161540.0
ING021,2026-01-27,161090.0
ING021,2026-01-28,161770.0
ING021,2026-01-29,161990.0
ING021,2026-01-30,161990.0
ING021,2026-01-31,161430.0
ING021,2026-02-01,161890.0
ING021,2026-02-02,161940.0
ING021,2026-02-03,161350.0
ING021,2026-02-04,161250.0
ING021,2026-02-05,161600.0
ING021,2026-02-06,161890.0
ING021,2026-02-07,162120.0
ING021,2026-02-08,162080.0
ING021,2026-02-09,162650.0
ING021,2026-02-10,163340.0
ING021,2026-02-11,163660.0
ING021,2026-02-12,163100.0
ING021,2026-02-13,162270.0
ING021,2026-02-14,161810.0
ING021,2026-02-15,163010.0
ING021,2026-02-16,163060.0
ING021,2026-02-17,164310.0
ING021,2026-02-18,164030.0
ING021,2026-02-19,163670.0
ING021,2026-02-20,163460.0
ING021,2026-02-21,163240.0
ING021,2026-02-22,162590.0
ING021,2026-02-23,161730.0
ING021,2026-02-24,161990.0
ING021,2026-02-25,162600.0
ING021,2026-02-26,164090.0
ING021,2026-02-27,163620.0
ING021,2026-02-28,163240.0
ING021,2026-03-01,162600.0
ING021,2026-03-02,163220.0
ING021,2026-03-03,163620.0
ING021,2026-03-04,162890.0
ING021,2026-03-05,162190.0
ING021,2026-03-06,162730.0
ING021,2026-03-07,162870.0
ING021,2026-03-08,163250.0
ING021,2026-03-09,162540.0
ING021,2026-03-10,161220.0
ING021,2026-03-11,160620.0
ING021,2026-03-12,161070.0
ING021,2026-03-13,162430.0
ING021,2026-03-14,162060.0
ING021,2026-03-15,163480.0
ING021,2026-03-16,163880.0
ING021,2026-03-17,162810.0
ING021,2026-03-18,162850.0
ING021,2026-03-19,163310.0
ING021,2026-03-20,161600.0
ING021,2026-03-21,161980.0
ING021,2026-03-22,162690.0
ING021,2026-03-23,162860.0
ING021,2026-03-24,162710.0
ING021,2026-03-25,162510.0
ING021,2026-03-26,162280.0
ING021,2026-03-27,161440.0
ING021,2026-03-28,160960.0
ING021,2026-03-29,160690.0
ING021,2026-03-30,160780.0
ING021,2026-03-31,160420.0
ING021,2026-04-01,159880.0
ING021,2026-04-02,160430.0
ING021,2026-04-03,160700.0
ING021,2026-04-04,160370.0
ING021,2026-04-05,160730.0
ING021,2026-04-06,160450.0
ING021,2026-04-07,160520.0
ING021,2026-04-08,161190.0
ING021,2026-04-09,160790.0
ING021,2026-04-10,160040.0
ING021,2026-04-11,160000.0
ING021,2026-04-12,159170.0
ING021,2026-04-13,159090.0
ING021,2026-04-14,159010.0
ING021,2026-04-15,157510.0
ING021,2026-04-16,158040.0
ING021,2026-04-17,158080.0
ING021,2026-04-18,159010.0
ING021,2026-04-19,159260.0
ING021,2026-04-20,159840.0
ING021,2026-04-21,160690.0
ING021,2026-04-22,160640.0
ING021,2026-04-23,160670.0
ING021,2026-04-24,159680.0
ING021,2026-04-25,160570.0
ING021,2026-04-26,160510.0
ING021,2026-04-27,159900.0
ING021,2026-04-28,160460.0
ING021,2026-04-29,159080.0
ING021,2026-04-30,158920.0
ING021,2026-05-01,159640.0
ING021,2026-05-02,159450.0
ING021,2026-05-03,159080.0
ING021,2026-05-04,158930.0
ING021,2026-05-05,157750.0
ING021,2026-05-06,158400.0
ING021,2026-05-07,158480.0
ING021,2026-05-08,158450.0
ING021,2026-05-09,158440.0
ING021,2026-05-10,158600.0
ING021,2026-05-11,159180.0
ING021,2026-05-12,159270.0
ING021,2026-05-13,158500.0
ING021,2026-05-14,159030.0
ING021,2026-05-15,159490.0
ING021,2026-05-16,159730.0
ING021,2026-05-17,160530.0
ING021,2026-05-18,160610.0
ING021,2026-05-19,161390.0
ING021,2026-05-20,162330.0
ING021,2026-05-21,162680.0
ING021,2026-05-22,162150.0
ING021,2026-05-23,162040.0
ING021,2026-05-24,162840.0
ING021,2026-05-25,161810.0
ING021,2026-05-26,161560.0
ING021,2026-05-27,161350.0
ING021,2026-05-28,160810.0
ING021,2026-05-29,161440.0
ING021,2026-05-30,161700.0
ING021,2026-05-31,161250.0
ING021,2026-06-01,161680.0
ING021,2026-06-02,161590.0
ING021,2026-06-03,161030.0
ING021,2026-06-04,160610.0
ING021,2026-06-05,160970.0
ING021,2026-06-06,161630.0
ING021,2026-06-07,161330.0
ING021,2026-06-08,161730.0
ING021,2026-06-09,162770.0
ING021,2026-06-10,161920.0
ING021,2026-06-11,162160.0
ING021,2026-06-12,162700.0
ING021,2026-06-13,162610.0
ING021,2026-06-14,163390.0
ING021,2026-06-15,164770.0
ING021,2026-06-16,164860.0
ING021,2026-06-17,164580.0
ING021,2026-06-18,165090.0
ING021,2026-06-19,165500.0
ING021,2026-06-20,163690.0
ING021,2026-06-21,163620.0
ING021,2026-06-22,163300.0
ING021,2026-06-23,163500.0
ING021,2026-06-24,163320.0
ING021,2026-06-25,163210.0
ING021,2026-06-26,162610.0
ING021,2026-06-27,163070.0
ING021,2026-06-28,164120.0
ING021,2026-06-29,163480.0
ING021,2026-06-30,162510.0
ING022,2023-07-01,35010.0
ING022,2023-07-02,35000.0
ING022,2023-07-03,35510.0
ING022,2023-07-04,34950.0
ING022,2023-07-05,34710.0
ING022,2023-07-06,33790.0
ING022,2023-07-07,34450.0
ING022,2023-07-08,34590.0
ING022,2023-07-09,34410.0
ING022,2023-07-10,33860.0
ING022,2023-07-11,33380.0
ING022,2023-07-12,33650.0
ING022,2023-07-13,33230.0
ING022,2023-07-14,33370.0
ING022,2023-07-15,34350.0
ING022,2023-07-16,34230.0
ING022,2023-07-17,33850.0
ING022,2023-07-18,34080.0
ING022,2023-07-19,33590.0
ING022,2023-07-20,34420.0
ING022,2023-07-21,35070.0
ING022,2023-07-22,35000.0
ING022,2023-07-23,34610.0
ING022,2023-07-24,34440.0
ING022,2023-07-25,34350.0
ING022,2023-07-26,34550.0
ING022,2023-07-27,35040.0
ING022,2023-07-28,34590.0
ING022,2023-07-29,35050.0
ING022,2023-07-30,35330.0
ING022,2023-07-31,35090.0
ING022,2023-08-01,34620.0
ING022,2023-08-02,34700.0
ING022,2023-08-03,34250.0
ING022,2023-08-04,34750.0
ING022,2023-08-05,34270.0
ING022,2023-08-06,34560.0
ING022,2023-08-07,34550.0
ING022,2023-08-08,34330.0
ING022,2023-08-09,34330.0
ING022,2023-08-10,34840.0
ING022,2023-08-11,34340.0
ING022,2023-08-12,34200.0
ING022,2023-08-13,33920.0
ING022,2023-08-14,33960.0
ING022,2023-08-15,33720.0
ING022,2023-08-16,33020.0
ING022,2023-08-17,32670.0
ING022,2023-08-18,33510.0
ING022,2023-08-19,33700.0
ING022,2023-08-20,33870.0
ING022,2023-08-21,33810.0
ING022,2023-08-22,33860.0
ING022,2023-08-23,33740.0
ING022,2023-08-24,34040.0
ING022,2023-08-25,34150.0
ING022,2023-08-26,33690.0
ING022,2023-08-27,33870.0
ING022,2023-08-28,32870.0
ING022,2023-08-29,33170.0
ING022,2023-08-30,32650.0
ING022,2023-08-31,32740.0
ING022,2023-09-01,32340.0
ING022,2023-09-02,32490.0
ING022,2023-09-03,32880.0
ING022,2023-09-04,33650.0
ING022,2023-09-05,33060.0
ING022,2023-09-06,33600.0
ING022,2023-09-07,33740.0
ING022,2023-09-08,33620.0
ING022,2023-09-09,34030.0
ING022,2023-09-10,33990.0
ING022,2023-09-11,34370.0
ING022,2023-09-12,33980.0
ING022,2023-09-13,33770.0
ING022,2023-09-14,34260.0
ING022,2023-09-15,34960.0
ING022,2023-09-16,34960.0
ING022,2023-09-17,33760.0
ING022,2023-09-18,33750.0
ING022,2023-09-19,33840.0
ING022,2023-09-20,33810.0
ING022,2023-09-21,34030.0
ING022,2023-09-22,33890.0
ING022,2023-09-23,34330.0
ING022,2023-09-24,33870.0
ING022,2023-09-25,34480.0
ING022,2023-09-26,35200.0
ING022,2023-09-27,34810.0
ING022,2023-09-28,34440.0
ING022,2023-09-29,34660.0
ING022,2023-09-30,34180.0
ING022,2023-10-01,34020.0
ING022,2023-10-02,34570.0
ING022,2023-10-03,34930.0
ING022,2023-10-04,35820.0
ING022,2023-10-05,35870.0
ING022,2023-10-06,35580.0
ING022,2023-10-07,35590.0
ING022,2023-10-08,35520.0
ING022,2023-10-09,35450.0
ING022,2023-10-10,35440.0
ING022,2023-10-11,35030.0
ING022,2023-10-12,35170.0
ING022,2023-10-13,34560.0
ING022,2023-10-14,34290.0
ING022,2023-10-15,34290.0
ING022,2023-10-16,33360.0
ING022,2023-10-17,33800.0
ING022,2023-10-18,32980.0
ING022,2023-10-19,33400.0
ING022,2023-10-20,32930.0
ING022,2023-10-21,32880.0
ING022,2023-10-22,33240.0
ING022,2023-10-23,34310.0
ING022,2023-10-24,34420.0
ING022,2023-10-25,33600.0
ING022,2023-10-26,34110.0
ING022,2023-10-27,34080.0
ING022,2023-10-28,34180.0
ING022,2023-10-29,34480.0
ING022,2023-10-30,33560.0
ING022,2023-10-31,33660.0
ING022,2023-11-01,33570.0
ING022,2023-11-02,34200.0
ING022,2023-11-03,34580.0
ING022,2023-11-04,33910.0
ING022,2023-11-05,34550.0
ING022,2023-11-06,34790.0
ING022,2023-11-07,34150.0
ING022,2023-11-08,34240.0
ING022,2023-11-09,34760.0
ING022,2023-11-10,34260.0
ING022,2023-11-11,34930.0
ING022,2023-11-12,34290.0
ING022,2023-11-13,34010.0
ING022,2023-11-14,33670.0
ING022,2023-11-15,34370.0
ING022,2023-11-16,34210.0
ING022,2023-11-17,33770.0
ING022,2023-11-18,34050.0
ING022,2023-11-19,34420.0
ING022,2023-11-20,34760.0
ING022,2023-11-21,34680.0
ING022,2023-11-22,34840.0
ING022,2023-11-23,34590.0
ING022,2023-11-24,35370.0
ING022,2023-11-25,35880.0
ING022,2023-11-26,36340.0
ING022,2023-11-27,36650.0
ING022,2023-11-28,36820.0
ING022,2023-11-29,36220.0
ING022,2023-11-30,36460.0
ING022,2023-12-01,36470.0
ING022,2023-12-02,36980.0
ING022,2023-12-03,37260.0
ING022,2023-12-04,37420.0
ING022,2023-12-05,36590.0
ING022,2023-12-06,36500.0
ING022,2023-12-07,36210.0
ING022,2023-12-08,36290.0
ING022,2023-12-09,36080.0
ING022,2023-12-10,35930.0
ING022,2023-12-11,36120.0
ING022,2023-12-12,35910.0
ING022,2023-12-13,35950.0
ING022,2023-12-14,35270.0
ING022,2023-12-15,34920.0
ING022,2023-12-16,35240.0
ING022,2023-12-17,34730.0
ING022,2023-12-18,35320.0
ING022,2023-12-19,35760.0
ING022,2023-12-20,35640.0
ING022,2023-12-21,36950.0
ING022,2023-12-22,37430.0
ING022,2023-12-23,36930.0
ING022,2023-12-24,37190.0
ING022,2023-12-25,37140.0
ING022,2023-12-26,36730.0
ING022,2023-12-27,36210.0
ING022,2023-12-28,36620.0
ING022,2023-12-29,36310.0
ING022,2023-12-30,36240.0
ING022,2023-12-31,35810.0
ING022,2024-01-01,35480.0
ING022,2024-01-02,35430.0
ING022,2024-01-03,35620.0
ING022,2024-01-04,34490.0
ING022,2024-01-05,34560.0
ING022,2024-01-06,34290.0
ING022,2024-01-07,34970.0
ING022,2024-01-08,36300.0
ING022,2024-01-09,36110.0
ING022,2024-01-10,35340.0
ING022,2024-01-11,35410.0
ING022,2024-01-12,35340.0
ING022,2024-01-13,36220.0
ING022,2024-01-14,36930.0
ING022,2024-01-15,37250.0
ING022,2024-01-16,36920.0
ING022,2024-01-17,37160.0
ING022,2024-01-18,37200.0
ING022,2024-01-19,37240.0
ING022,2024-01-20,36480.0
ING022,2024-01-21,36910.0
ING022,2024-01-22,36900.0
ING022,2024-01-23,36800.0
ING022,2024-01-24,36490.0
ING022,2024-01-25,36110.0
ING022,2024-01-26,36230.0
ING022,2024-01-27,35450.0
ING022,2024-01-28,35810.0
ING022,2024-01-29,35350.0
ING022,2024-01-30,34470.0
ING022,2024-01-31,35340.0
ING022,2024-02-01,34980.0
ING022,2024-02-02,34710.0
ING022,2024-02-03,35260.0
ING022,2024-02-04,36100.0
ING022,2024-02-05,35420.0
ING022,2024-02-06,35020.0
ING022,2024-02-07,34680.0
ING022,2024-02-08,35150.0
ING022,2024-02-09,35900.0
ING022,2024-02-10,35420.0
ING022,2024-02-11,36060.0
ING022,2024-02-12,35740.0
ING022,2024-02-13,35900.0
ING022,2024-02-14,35340.0
ING022,2024-02-15,35310.0
ING022,2024-02-16,35290.0
ING022,2024-02-17,35190.0
ING022,2024-02-18,35390.0
ING022,2024-02-19,34970.0
ING022,2024-02-20,34630.0
ING022,2024-02-21,34890.0
ING022,2024-02-22,35530.0
ING022,2024-02-23,35540.0
ING022,2024-02-24,35770.0
ING022,2024-02-25,36110.0
ING022,2024-02-26,36470.0
ING022,2024-02-27,36020.0
ING022,2024-02-28,35680.0
ING022,2024-02-29,35390.0
ING022,2024-03-01,36260.0
ING022,2024-03-02,36470.0
ING022,2024-03-03,36640.0
ING022,2024-03-04,36770.0
ING022,2024-03-05,36150.0
ING022,2024-03-06,36990.0
ING022,2024-03-07,37150.0
ING022,2024-03-08,37400.0
ING022,2024-03-09,36560.0
ING022,2024-03-10,36870.0
ING022,2024-03-11,36670.0
ING022,2024-03-12,36060.0
ING022,2024-03-13,35640.0
ING022,2024-03-14,35100.0
ING022,2024-03-15,34580.0
ING022,2024-03-16,34680.0
ING022,2024-03-17,34580.0
ING022,2024-03-18,34790.0
ING022,2024-03-19,35590.0
ING022,2024-03-20,35550.0
ING022,2024-03-21,34590.0
ING022,2024-03-22,34560.0
ING022,2024-03-23,35150.0
ING022,2024-03-24,35160.0
ING022,2024-03-25,35870.0
ING022,2024-03-26,36080.0
ING022,2024-03-27,35270.0
ING022,2024-03-28,35360.0
ING022,2024-03-29,35520.0
ING022,2024-03-30,36020.0
ING022,2024-03-31,36820.0
ING022,2024-04-01,37180.0
ING022,2024-04-02,37310.0
ING022,2024-04-03,37550.0
ING022,2024-04-04,37400.0
ING022,2024-04-05,36690.0
ING022,2024-04-06,36680.0
ING022,2024-04-07,36810.0
ING022,2024-04-08,36250.0
ING022,2024-04-09,36820.0
ING022,2024-04-10,37220.0
ING022,2024-04-11,36570.0
ING022,2024-04-12,37140.0
ING022,2024-04-13,36950.0
ING022,2024-04-14,36570.0
ING022,2024-04-15,37020.0
ING022,2024-04-16,36950.0
ING022,2024-04-17,37740.0
ING022,2024-04-18,37290.0
ING022,2024-04-19,36470.0
ING022,2024-04-20,36330.0
ING022,2024-04-21,36670.0
ING022,2024-04-22,36230.0
ING022,2024-04-23,35650.0
ING022,2024-04-24,35770.0
ING022,2024-04-25,35150.0
ING022,2024-04-26,35340.0
ING022,2024-04-27,35230.0
ING022,2024-04-28,35490.0
ING022,2024-04-29,34920.0
ING022,2024-04-30,35550.0
ING022,2024-05-01,35500.0
ING022,2024-05-02,35870.0
ING022,2024-05-03,36300.0
ING022,2024-05-04,35790.0
ING022,2024-05-05,36200.0
ING022,2024-05-06,35570.0
ING022,2024-05-07,35000.0
ING022,2024-05-08,35920.0
ING022,2024-05-09,36420.0
ING022,2024-05-10,37320.0
ING022,2024-05-11,37100.0
ING022,2024-05-12,37100.0
ING022,2024-05-13,37290.0
ING022,2024-05-14,37230.0
ING022,2024-05-15,36850.0
ING022,2024-05-16,36430.0
ING022,2024-05-17,36510.0
ING022,2024-05-18,36030.0
ING022,2024-05-19,35560.0
ING022,2024-05-20,35770.0
ING022,2024-05-21,35750.0
ING022,2024-05-22,36190.0
ING022,2024-05-23,36000.0
ING022,2024-05-24,35760.0
ING022,2024-05-25,35970.0
ING022,2024-05-26,35630.0
ING022,2024-05-27,35380.0
ING022,2024-05-28,35150.0
ING022,2024-05-29,35120.0
ING022,2024-05-30,35950.0
ING022,2024-05-31,35360.0
ING022,2024-06-01,35980.0
ING022,2024-06-02,36320.0
ING022,2024-06-03,37000.0
ING022,2024-06-04,38340.0
ING022,2024-06-05,38860.0
ING022,2024-06-06,39140.0
ING022,2024-06-07,38420.0
ING022,2024-06-08,37800.0
ING022,2024-06-09,37880.0
ING022,2024-06-10,37060.0
ING022,2024-06-11,37290.0
ING022,2024-06-12,36310.0
ING022,2024-06-13,36820.0
ING022,2024-06-14,36650.0
ING022,2024-06-15,36690.0
ING022,2024-06-16,36350.0
ING022,2024-06-17,35520.0
ING022,2024-06-18,36100.0
ING022,2024-06-19,36700.0
ING022,2024-06-20,36530.0
ING022,2024-06-21,36810.0
ING022,2024-06-22,36610.0
ING022,2024-06-23,36730.0
ING022,2024-06-24,37040.0
ING022,2024-06-25,37250.0
ING022,2024-06-26,37800.0
ING022,2024-06-27,37950.0
ING022,2024-06-28,37890.0
ING022,2024-06-29,37480.0
ING022,2024-06-30,37220.0
ING022,2024-07-01,37530.0
ING022,2024-07-02,36820.0
ING022,2024-07-03,37280.0
ING022,2024-07-04,37110.0
ING022,2024-07-05,36720.0
ING022,2024-07-06,36230.0
ING022,2024-07-07,36530.0
ING022,2024-07-08,36520.0
ING022,2024-07-09,37210.0
ING022,2024-07-10,36620.0
ING022,2024-07-11,36360.0
ING022,2024-07-12,36320.0
ING022,2024-07-13,36000.0
ING022,2024-07-14,36020.0
ING022,2024-07-15,36190.0
ING022,2024-07-16,36410.0
ING022,2024-07-17,37070.0
ING022,2024-07-18,36470.0
ING022,2024-07-19,36620.0
ING022,2024-07-20,36330.0
ING022,2024-07-21,36530.0
ING022,2024-07-22,36710.0
ING022,2024-07-23,36270.0
ING022,2024-07-24,35890.0
ING022,2024-07-25,36140.0
ING022,2024-07-26,36170.0
ING022,2024-07-27,36090.0
ING022,2024-07-28,36400.0
ING022,2024-07-29,36720.0
ING022,2024-07-30,36480.0
ING022,2024-07-31,36110.0
ING022,2024-08-01,35580.0
ING022,2024-08-02,35640.0
ING022,2024-08-03,35060.0
ING022,2024-08-04,35180.0
ING022,2024-08-05,35780.0
ING022,2024-08-06,35660.0
ING022,2024-08-07,35470.0
ING022,2024-08-08,36400.0
ING022,2024-08-09,37070.0
ING022,2024-08-10,36710.0
ING022,2024-08-11,36760.0
ING022,2024-08-12,36900.0
ING022,2024-08-13,36970.0
ING022,2024-08-14,37740.0
ING022,2024-08-15,37720.0
ING022,2024-08-16,37770.0
ING022,2024-08-17,38010.0
ING022,2024-08-18,38460.0
ING022,2024-08-19,38780.0
ING022,2024-08-20,38900.0
ING022,2024-08-21,38110.0
ING022,2024-08-22,37820.0
ING022,2024-08-23,38120.0
ING022,2024-08-24,38150.0
ING022,2024-08-25,38440.0
ING022,2024-08-26,39170.0
ING022,2024-08-27,38530.0
ING022,2024-08-28,38930.0
ING022,2024-08-29,38670.0
ING022,2024-08-30,38980.0
ING022,2024-08-31,38840.0
ING022,2024-09-01,39660.0
ING022,2024-09-02,39570.0
ING022,2024-09-03,39140.0
ING022,2024-09-04,39200.0
ING022,2024-09-05,39220.0
ING022,2024-09-06,39590.0
ING022,2024-09-07,39640.0
ING022,2024-09-08,40570.0
ING022,2024-09-09,40330.0
ING022,2024-09-10,40100.0
ING022,2024-09-11,39670.0
ING022,2024-09-12,39550.0
ING022,2024-09-13,39510.0
ING022,2024-09-14,39490.0
ING022,2024-09-15,39380.0
ING022,2024-09-16,38980.0
ING022,2024-09-17,38480.0
ING022,2024-09-18,38230.0
ING022,2024-09-19,38650.0
ING022,2024-09-20,39150.0
ING022,2024-09-21,38990.0
ING022,2024-09-22,38470.0
ING022,2024-09-23,38350.0
ING022,2024-09-24,39180.0
ING022,2024-09-25,39500.0
ING022,2024-09-26,39600.0
ING022,2024-09-27,39880.0
ING022,2024-09-28,40390.0
ING022,2024-09-29,39710.0
ING022,2024-09-30,39390.0
ING022,2024-10-01,39030.0
ING022,2024-10-02,39170.0
ING022,2024-10-03,39120.0
ING022,2024-10-04,39330.0
ING022,2024-10-05,38980.0
ING022,2024-10-06,39470.0
ING022,2024-10-07,39310.0
ING022,2024-10-08,39490.0
ING022,2024-10-09,39870.0
ING022,2024-10-10,40210.0
ING022,2024-10-11,40190.0
ING022,2024-10-12,40380.0
ING022,2024-10-13,40970.0
ING022,2024-10-14,40980.0
ING022,2024-10-15,40450.0
ING022,2024-10-16,40530.0
ING022,2024-10-17,40330.0
ING022,2024-10-18,39120.0
ING022,2024-10-19,39210.0
ING022,2024-10-20,39140.0
ING022,2024-10-21,39530.0
ING022,2024-10-22,39070.0
ING022,2024-10-23,38300.0
ING022,2024-10-24,38300.0
ING022,2024-10-25,38390.0
ING022,2024-10-26,38360.0
ING022,2024-10-27,38290.0
ING022,2024-10-28,37750.0
ING022,2024-10-29,37650.0
ING022,2024-10-30,37460.0
ING022,2024-10-31,37900.0
ING022,2024-11-01,38010.0
ING022,2024-11-02,37830.0
ING022,2024-11-03,38540.0
ING022,2024-11-04,38340.0
ING022,2024-11-05,38510.0
ING022,2024-11-06,38360.0
ING022,2024-11-07,39000.0
ING022,2024-11-08,38930.0
ING022,2024-11-09,38880.0
ING022,2024-11-10,38720.0
ING022,2024-11-11,38720.0
ING022,2024-11-12,39150.0
ING022,2024-11-13,39410.0
ING022,2024-11-14,39300.0
ING022,2024-11-15,39920.0
ING022,2024-11-16,40160.0
ING022,2024-11-17,39800.0
ING022,2024-11-18,39060.0
ING022,2024-11-19,38770.0
ING022,2024-11-20,38860.0
ING022,2024-11-21,39030.0
ING022,2024-11-22,39520.0
ING022,2024-11-23,38910.0
ING022,2024-11-24,38620.0
ING022,2024-11-25,38020.0
ING022,2024-11-26,37380.0
ING022,2024-11-27,37090.0
ING022,2024-11-28,37240.0
ING022,2024-11-29,37570.0
ING022,2024-11-30,37120.0
ING022,2024-12-01,36760.0
ING022,2024-12-02,36000.0
ING022,2024-12-03,36140.0
ING022,2024-12-04,35860.0
ING022,2024-12-05,36650.0
ING022,2024-12-06,36850.0
ING022,2024-12-07,36780.0
ING022,2024-12-08,36510.0
ING022,2024-12-09,35880.0
ING022,2024-12-10,35340.0
ING022,2024-12-11,35150.0
ING022,2024-12-12,34940.0
ING022,2024-12-13,34610.0
ING022,2024-12-14,34900.0
ING022,2024-12-15,35230.0
ING022,2024-12-16,35120.0
ING022,2024-12-17,36060.0
ING022,2024-12-18,35350.0
ING022,2024-12-19,35460.0
ING022,2024-12-20,35440.0
ING022,2024-12-21,35280.0
ING022,2024-12-22,35070.0
ING022,2024-12-23,35160.0
ING022,2024-12-24,35160.0
ING022,2024-12-25,35090.0
ING022,2024-12-26,34620.0
ING022,2024-12-27,34030.0
ING022,2024-12-28,34060.0
ING022,2024-12-29,34040.0
ING022,2024-12-30,34100.0
ING022,2024-12-31,34210.0
ING022,2025-01-01,34120.0
ING022,2025-01-02,34180.0
ING022,2025-01-03,33950.0
ING022,2025-01-04,34780.0
ING022,2025-01-05,34550.0
ING022,2025-01-06,34510.0
ING022,2025-01-07,34330.0
ING022,2025-01-08,34140.0
ING022,2025-01-09,34300.0
ING022,2025-01-10,34400.0
ING022,2025-01-11,34340.0
ING022,2025-01-12,34350.0
ING022,2025-01-13,34180.0
ING022,2025-01-14,34500.0
ING022,2025-01-15,35540.0
ING022,2025-01-16,35230.0
ING022,2025-01-17,35500.0
ING022,2025-01-18,35610.0
ING022,2025-01-19,35980.0
ING022,2025-01-20,36340.0
ING022,2025-01-21,36480.0
ING022,2025-01-22,36490.0
ING022,2025-01-23,36340.0
ING022,2025-01-24,36050.0
ING022,2025-01-25,36060.0
ING022,2025-01-26,35560.0
ING022,2025-01-27,35380.0
ING022,2025-01-28,35960.0
ING022,2025-01-29,36060.0
ING022,2025-01-30,36510.0
ING022,2025-01-31,37190.0
ING022,2025-02-01,37110.0
ING022,2025-02-02,37210.0
ING022,2025-02-03,37080.0
ING022,2025-02-04,36730.0
ING022,2025-02-05,36340.0
ING022,2025-02-06,36760.0
ING022,2025-02-07,36870.0
ING022,2025-02-08,37700.0
ING022,2025-02-09,38100.0
ING022,2025-02-10,37740.0
ING022,2025-02-11,38080.0
ING022,2025-02-12,37910.0
ING022,2025-02-13,38410.0
ING022,2025-02-14,38140.0
ING022,2025-02-15,37640.0
ING022,2025-02-16,37270.0
ING022,2025-02-17,36950.0
ING022,2025-02-18,36600.0
ING022,2025-02-19,36380.0
ING022,2025-02-20,36800.0
ING022,2025-02-21,37610.0
ING022,2025-02-22,37020.0
ING022,2025-02-23,37580.0
ING022,2025-02-24,37360.0
ING022,2025-02-25,37510.0
ING022,2025-02-26,36780.0
ING022,2025-02-27,37040.0
ING022,2025-02-28,36170.0
ING022,2025-03-01,36370.0
ING022,2025-03-02,36530.0
ING022,2025-03-03,36650.0
ING022,2025-03-04,36370.0
ING022,2025-03-05,36660.0
ING022,2025-03-06,36860.0
ING022,2025-03-07,36800.0
ING022,2025-03-08,37120.0
ING022,2025-03-09,37090.0
ING022,2025-03-10,37330.0
ING022,2025-03-11,37280.0
ING022,2025-03-12,37380.0
ING022,2025-03-13,37630.0
ING022,2025-03-14,37450.0
ING022,2025-03-15,36900.0
ING022,2025-03-16,37050.0
ING022,2025-03-17,37590.0
ING022,2025-03-18,37710.0
ING022,2025-03-19,37830.0
ING022,2025-03-20,37790.0
ING022,2025-03-21,38100.0
ING022,2025-03-22,37980.0
ING022,2025-03-23,37750.0
ING022,2025-03-24,38220.0
ING022,2025-03-25,37950.0
ING022,2025-03-26,38310.0
ING022,2025-03-27,38750.0
ING022,2025-03-28,38940.0
ING022,2025-03-29,38310.0
ING022,2025-03-30,38280.0
ING022,2025-03-31,38150.0
ING022,2025-04-01,37900.0
ING022,2025-04-02,37940.0
ING022,2025-04-03,38250.0
ING022,2025-04-04,38010.0
ING022,2025-04-05,37910.0
ING022,2025-04-06,37780.0
ING022,2025-04-07,38280.0
ING022,2025-04-08,38130.0
ING022,2025-04-09,37550.0
ING022,2025-04-10,36860.0
ING022,2025-04-11,37050.0
ING022,2025-04-12,36740.0
ING022,2025-04-13,37070.0
ING022,2025-04-14,36510.0
ING022,2025-04-15,36330.0
ING022,2025-04-16,35800.0
ING022,2025-04-17,36080.0
ING022,2025-04-18,36430.0
ING022,2025-04-19,36640.0
ING022,2025-04-20,36210.0
ING022,2025-04-21,35950.0
ING022,2025-04-22,36130.0
ING022,2025-04-23,35460.0
ING022,2025-04-24,35460.0
ING022,2025-04-25,36230.0
ING022,2025-04-26,36210.0
ING022,2025-04-27,35630.0
ING022,2025-04-28,35460.0
ING022,2025-04-29,35290.0
ING022,2025-04-30,36340.0
ING022,2025-05-01,37130.0
ING022,2025-05-02,37470.0
ING022,2025-05-03,37330.0
ING022,2025-05-04,37870.0
ING022,2025-05-05,37360.0
ING022,2025-05-06,37840.0
ING022,2025-05-07,38230.0
ING022,2025-05-08,38130.0
ING022,2025-05-09,38610.0
ING022,2025-05-10,38360.0
ING022,2025-05-11,37770.0
ING022,2025-05-12,38190.0
ING022,2025-05-13,38120.0
ING022,2025-05-14,38360.0
ING022,2025-05-15,39120.0
ING022,2025-05-16,38730.0
ING022,2025-05-17,38610.0
ING022,2025-05-18,39250.0
ING022,2025-05-19,39460.0
ING022,2025-05-20,39070.0
ING022,2025-05-21,38580.0
ING022,2025-05-22,38300.0
ING022,2025-05-23,37940.0
ING022,2025-05-24,38030.0
ING022,2025-05-25,38050.0
ING022,2025-05-26,38150.0
ING022,2025-05-27,37760.0
ING022,2025-05-28,37720.0
ING022,2025-05-29,36820.0
ING022,2025-05-30,36930.0
ING022,2025-05-31,37480.0
ING022,2025-06-01,36870.0
ING022,2025-06-02,37120.0
ING022,2025-06-03,36880.0
ING022,2025-06-04,37270.0
ING022,2025-06-05,37370.0
ING022,2025-06-06,37560.0
ING022,2025-06-07,37600.0
ING022,2025-06-08,38180.0
ING022,2025-06-09,38310.0
ING022,2025-06-10,37970.0
ING022,2025-06-11,38000.0
ING022,2025-06-12,37830.0
ING022,2025-06-13,37900.0
ING022,2025-06-14,37700.0
ING022,2025-06-15,37410.0
ING022,2025-06-16,37510.0
ING022,2025-06-17,37550.0
ING022,2025-06-18,38030.0
ING022,2025-06-19,37830.0
ING022,2025-06-20,36960.0
ING022,2025-06-21,36840.0
ING022,2025-06-22,36180.0
ING022,2025-06-23,36440.0
ING022,2025-06-24,35770.0
ING022,2025-06-25,35440.0
ING022,2025-06-26,35400.0
ING022,2025-06-27,36190.0
ING022,2025-06-28,35810.0
ING022,2025-06-29,35910.0
ING022,2025-06-30,36260.0
ING022,2025-07-01,36980.0
ING022,2025-07-02,37370.0
ING022,2025-07-03,37870.0
ING022,2025-07-04,38240.0
ING022,2025-07-05,37690.0
ING022,2025-07-06,37860.0
ING022,2025-07-07,38230.0
ING022,2025-07-08,37790.0
ING022,2025-07-09,37540.0
ING022,2025-07-10,37200.0
ING022,2025-07-11,37570.0
ING022,2025-07-12,37550.0
ING022,2025-07-13,37430.0
ING022,2025-07-14,36890.0
ING022,2025-07-15,36910.0
ING022,2025-07-16,36710.0
ING022,2025-07-17,36870.0
ING022,2025-07-18,36420.0
ING022,2025-07-19,36570.0
ING022,2025-07-20,36440.0
ING022,2025-07-21,35970.0
ING022,2025-07-22,35490.0
ING022,2025-07-23,35090.0
ING022,2025-07-24,35140.0
ING022,2025-07-25,35330.0
ING022,2025-07-26,35580.0
ING022,2025-07-27,35830.0
ING022,2025-07-28,35600.0
ING022,2025-07-29,36180.0
ING022,2025-07-30,36070.0
ING022,2025-07-31,36360.0
ING022,2025-08-01,36370.0
ING022,2025-08-02,36610.0
ING022,2025-08-03,36580.0
ING022,2025-08-04,36820.0
ING022,2025-08-05,36870.0
ING022,2025-08-06,37280.0
ING022,2025-08-07,36960.0
ING022,2025-08-08,36230.0
ING022,2025-08-09,35890.0
ING022,2025-08-10,36470.0
ING022,2025-08-11,36470.0
ING022,2025-08-12,36590.0
ING022,2025-08-13,36200.0
ING022,2025-08-14,36310.0
ING022,2025-08-15,35950.0
ING022,2025-08-16,35670.0
ING022,2025-08-17,35610.0
ING022,2025-08-18,35920.0
ING022,2025-08-19,36270.0
ING022,2025-08-20,36610.0
ING022,2025-08-21,35980.0
ING022,2025-08-22,36080.0
ING022,2025-08-23,36090.0
ING022,2025-08-24,35510.0
ING022,2025-08-25,35650.0
ING022,2025-08-26,35660.0
ING022,2025-08-27,36000.0
ING022,2025-08-28,36130.0
ING022,2025-08-29,35990.0
ING022,2025-08-30,36500.0
ING022,2025-08-31,35600.0
ING022,2025-09-01,35700.0
ING022,2025-09-02,35040.0
ING022,2025-09-03,34790.0
ING022,2025-09-04,35190.0
ING022,2025-09-05,34770.0
ING022,2025-09-06,34310.0
ING022,2025-09-07,35540.0
ING022,2025-09-08,35070.0
ING022,2025-09-09,35950.0
ING022,2025-09-10,35980.0
ING022,2025-09-11,35850.0
ING022,2025-09-12,36210.0
ING022,2025-09-13,36890.0
ING022,2025-09-14,36450.0
ING022,2025-09-15,36310.0
ING022,2025-09-16,36770.0
ING022,2025-09-17,36960.0
ING022,2025-09-18,37500.0
ING022,2025-09-19,37760.0
ING022,2025-09-20,38570.0
ING022,2025-09-21,38620.0
ING022,2025-09-22,38690.0
ING022,2025-09-23,38810.0
ING022,2025-09-24,38710.0
ING022,2025-09-25,39050.0
ING022,2025-09-26,39110.0
ING022,2025-09-27,39410.0
ING022,2025-09-28,39760.0
ING022,2025-09-29,39860.0
ING022,2025-09-30,40000.0
ING022,2025-10-01,39460.0
ING022,2025-10-02,39160.0
ING022,2025-10-03,39480.0
ING022,2025-10-04,40030.0
ING022,2025-10-05,39090.0
ING022,2025-10-06,38800.0
ING022,2025-10-07,38780.0
ING022,2025-10-08,38360.0
ING022,2025-10-09,37990.0
ING022,2025-10-10,38210.0
ING022,2025-10-11,38900.0
ING022,2025-10-12,37980.0
ING022,2025-10-13,37920.0
ING022,2025-10-14,38130.0
ING022,2025-10-15,38480.0
ING022,2025-10-16,38600.0
ING022,2025-10-17,39360.0
ING022,2025-10-18,39310.0
ING022,2025-10-19,39830.0
ING022,2025-10-20,39470.0
ING022,2025-10-21,39430.0
ING022,2025-10-22,38840.0
ING022,2025-10-23,39210.0
ING022,2025-10-24,39110.0
ING022,2025-10-25,39220.0
ING022,2025-10-26,39030.0
ING022,2025-10-27,39250.0
ING022,2025-10-28,39380.0
ING022,2025-10-29,38880.0
ING022,2025-10-30,38440.0
ING022,2025-10-31,38420.0
ING022,2025-11-01,38700.0
ING022,2025-11-02,39500.0
ING022,2025-11-03,39570.0
ING022,2025-11-04,39950.0
ING022,2025-11-05,39160.0
ING022,2025-11-06,40000.0
ING022,2025-11-07,40180.0
ING022,2025-11-08,40060.0
ING022,2025-11-09,39900.0
ING022,2025-11-10,39340.0
ING022,2025-11-11,38930.0
ING022,2025-11-12,39730.0
ING022,2025-11-13,39230.0
ING022,2025-11-14,38740.0
ING022,2025-11-15,38410.0
ING022,2025-11-16,37890.0
ING022,2025-11-17,37920.0
ING022,2025-11-18,38410.0
ING022,2025-11-19,38140.0
ING022,2025-11-20,37550.0
ING022,2025-11-21,37720.0
ING022,2025-11-22,37730.0
ING022,2025-11-23,38200.0
ING022,2025-11-24,38010.0
ING022,2025-11-25,37910.0
ING022,2025-11-26,37870.0
ING022,2025-11-27,37930.0
ING022,2025-11-28,37780.0
ING022,2025-11-29,37570.0
ING022,2025-11-30,36800.0
ING022,2025-12-01,36630.0
ING022,2025-12-02,37040.0
ING022,2025-12-03,37480.0
ING022,2025-12-04,37320.0
ING022,2025-12-05,37940.0
ING022,2025-12-06,37950.0
ING022,2025-12-07,37390.0
ING022,2025-12-08,36720.0
ING022,2025-12-09,37330.0
ING022,2025-12-10,37230.0
ING022,2025-12-11,36750.0
ING022,2025-12-12,35850.0
ING022,2025-12-13,35810.0
ING022,2025-12-14,36120.0
ING022,2025-12-15,35930.0
ING022,2025-12-16,35590.0
ING022,2025-12-17,35490.0
ING022,2025-12-18,36190.0
ING022,2025-12-19,35690.0
ING022,2025-12-20,35550.0
ING022,2025-12-21,36220.0
ING022,2025-12-22,36550.0
ING022,2025-12-23,36730.0
ING022,2025-12-24,36530.0
ING022,2025-12-25,36640.0
ING022,2025-12-26,36500.0
ING022,2025-12-27,36220.0
ING022,2025-12-28,35860.0
ING022,2025-12-29,36340.0
ING022,2025-12-30,36420.0
ING022,2025-12-31,36660.0
ING022,2026-01-01,36820.0
ING022,2026-01-02,37100.0
ING022,2026-01-03,37060.0
ING022,2026-01-04,36920.0
ING022,2026-01-05,36640.0
ING022,2026-01-06,36120.0
ING022,2026-01-07,35750.0
ING022,2026-01-08,35730.0
ING022,2026-01-09,35170.0
ING022,2026-01-10,34730.0
ING022,2026-01-11,35380.0
ING022,2026-01-12,35640.0
ING022,2026-01-13,35580.0
ING022,2026-01-14,36730.0
ING022,2026-01-15,36100.0
ING022,2026-01-16,36650.0
ING022,2026-01-17,36690.0
ING022,2026-01-18,37130.0
ING022,2026-01-19,37250.0
ING022,2026-01-20,36500.0
ING022,2026-01-21,36650.0
ING022,2026-01-22,36890.0
ING022,2026-01-23,36020.0
ING022,2026-01-24,37000.0
ING022,2026-01-25,37210.0
ING022,2026-01-26,37580.0
ING022,2026-01-27,37120.0
ING022,2026-01-28,37490.0
ING022,2026-01-29,38030.0
ING022,2026-01-30,38170.0
ING022,2026-01-31,38190.0
ING022,2026-02-01,37820.0
ING022,2026-02-02,37760.0
ING022,2026-02-03,37580.0
ING022,2026-02-04,37890.0
ING022,2026-02-05,37550.0
ING022,2026-02-06,37850.0
ING022,2026-02-07,37530.0
ING022,2026-02-08,37470.0
ING022,2026-02-09,37800.0
ING022,2026-02-10,37530.0
ING022,2026-02-11,37870.0
ING022,2026-02-12,38160.0
ING022,2026-02-13,38060.0
ING022,2026-02-14,38600.0
ING022,2026-02-15,38640.0
ING022,2026-02-16,39130.0
ING022,2026-02-17,39890.0
ING022,2026-02-18,39720.0
ING022,2026-02-19,39950.0
ING022,2026-02-20,39610.0
ING022,2026-02-21,39110.0
ING022,2026-02-22,39010.0
ING022,2026-02-23,38400.0
ING022,2026-02-24,38000.0
ING022,2026-02-25,38300.0
ING022,2026-02-26,38100.0
ING022,2026-02-27,38440.0
ING022,2026-02-28,38580.0
ING022,2026-03-01,39400.0
ING022,2026-03-02,39600.0
ING022,2026-03-03,40040.0
ING022,2026-03-04,40150.0
ING022,2026-03-05,40220.0
ING022,2026-03-06,40660.0
ING022,2026-03-07,40850.0
ING022,2026-03-08,40840.0
ING022,2026-03-09,40830.0
ING022,2026-03-10,40960.0
ING022,2026-03-11,40560.0
ING022,2026-03-12,40160.0
ING022,2026-03-13,40710.0
ING022,2026-03-14,41430.0
ING022,2026-03-15,40890.0
ING022,2026-03-16,40490.0
ING022,2026-03-17,40910.0
ING022,2026-03-18,41040.0
ING022,2026-03-19,41220.0
ING022,2026-03-20,41490.0
ING022,2026-03-21,41250.0
ING022,2026-03-22,41280.0
ING022,2026-03-23,41260.0
ING022,2026-03-24,40770.0
ING022,2026-03-25,40810.0
ING022,2026-03-26,41250.0
ING022,2026-03-27,40980.0
ING022,2026-03-28,40940.0
ING022,2026-03-29,40930.0
ING022,2026-03-30,40700.0
ING022,2026-03-31,40900.0
ING022,2026-04-01,40500.0
ING022,2026-04-02,41000.0
ING022,2026-04-03,41170.0
ING022,2026-04-04,40650.0
ING022,2026-04-05,41300.0
ING022,2026-04-06,41250.0
ING022,2026-04-07,40820.0
ING022,2026-04-08,41200.0
ING022,2026-04-09,41300.0
ING022,2026-04-10,40410.0
ING022,2026-04-11,40100.0
ING022,2026-04-12,40160.0
ING022,2026-04-13,39160.0
ING022,2026-04-14,39180.0
ING022,2026-04-15,39240.0
ING022,2026-04-16,38700.0
ING022,2026-04-17,38830.0
ING022,2026-04-18,38840.0
ING022,2026-04-19,38320.0
ING022,2026-04-20,38750.0
ING022,2026-04-21,39130.0
ING022,2026-04-22,38990.0
ING022,2026-04-23,38900.0
ING022,2026-04-24,39220.0
ING022,2026-04-25,39120.0
ING022,2026-04-26,38270.0
ING022,2026-04-27,38520.0
ING022,2026-04-28,38180.0
ING022,2026-04-29,38050.0
ING022,2026-04-30,38730.0
ING022,2026-05-01,38690.0
ING022,2026-05-02,38700.0
ING022,2026-05-03,38940.0
ING022,2026-05-04,39160.0
ING022,2026-05-05,38750.0
ING022,2026-05-06,38740.0
ING022,2026-05-07,38770.0
ING022,2026-05-08,38900.0
ING022,2026-05-09,39030.0
ING022,2026-05-10,40160.0
ING022,2026-05-11,39590.0
ING022,2026-05-12,39990.0
ING022,2026-05-13,40460.0
ING022,2026-05-14,40600.0
ING022,2026-05-15,40240.0
ING022,2026-05-16,40900.0
ING022,2026-05-17,39850.0
ING022,2026-05-18,39510.0
ING022,2026-05-19,40000.0
ING022,2026-05-20,39790.0
ING022,2026-05-21,40450.0
ING022,2026-05-22,39720.0
ING022,2026-05-23,39200.0
ING022,2026-05-24,38960.0
ING022,2026-05-25,39150.0
ING022,2026-05-26,39050.0
ING022,2026-05-27,38830.0
ING022,2026-05-28,39470.0
ING022,2026-05-29,40110.0
ING022,2026-05-30,39880.0
ING022,2026-05-31,39090.0
ING022,2026-06-01,38150.0
ING022,2026-06-02,38300.0
ING022,2026-06-03,38620.0
ING022,2026-06-04,38680.0
ING022,2026-06-05,38670.0
ING022,2026-06-06,38340.0
ING022,2026-06-07,38660.0
ING022,2026-06-08,39420.0
ING022,2026-06-09,38430.0
ING022,2026-06-10,38430.0
ING022,2026-06-11,38040.0
ING022,2026-06-12,37450.0
ING022,2026-06-13,37040.0
ING022,2026-06-14,37310.0
ING022,2026-06-15,37580.0
ING022,2026-06-16,38290.0
ING022,2026-06-17,38340.0
ING022,2026-06-18,37610.0
ING022,2026-06-19,37590.0
ING022,2026-06-20,37060.0
ING022,2026-06-21,36640.0
ING022,2026-06-22,37020.0
ING022,2026-06-23,37210.0
ING022,2026-06-24,37560.0
ING022,2026-06-25,37490.0
ING022,2026-06-26,37920.0
ING022,2026-06-27,37800.0
ING022,2026-06-28,38360.0
ING022,2026-06-29,38550.0
ING022,2026-06-30,38490.0
ING023,2023-07-01,55030.0
ING023,2023-07-02,55030.0
ING023,2023-07-03,55290.0
ING023,2023-07-04,55320.0
ING023,2023-07-05,55300.0
ING023,2023-07-06,55250.0
ING023,2023-07-07,55380.0
ING023,2023-07-08,55480.0
ING023,2023-07-09,55410.0
ING023,2023-07-10,55200.0
ING023,2023-07-11,55050.0
ING023,2023-07-12,55020.0
ING023,2023-07-13,55240.0
ING023,2023-07-14,55190.0
ING023,2023-07-15,55090.0
ING023,2023-07-16,54800.0
ING023,2023-07-17,55070.0
ING023,2023-07-18,55160.0
ING023,2023-07-19,55290.0
ING023,2023-07-20,55440.0
ING023,2023-07-21,55400.0
ING023,2023-07-22,55400.0
ING023,2023-07-23,55630.0
ING023,2023-07-24,55630.0
ING023,2023-07-25,55710.0
ING023,2023-07-26,55820.0
ING023,2023-07-27,55900.0
ING023,2023-07-28,55840.0
ING023,2023-07-29,55800.0
ING023,2023-07-30,55900.0
ING023,2023-07-31,55990.0
ING023,2023-08-01,56140.0
ING023,2023-08-02,56180.0
ING023,2023-08-03,56230.0
ING023,2023-08-04,56110.0
ING023,2023-08-05,55970.0
ING023,2023-08-06,56060.0
ING023,2023-08-07,55920.0
ING023,2023-08-08,55880.0
ING023,2023-08-09,56080.0
ING023,2023-08-10,56240.0
ING023,2023-08-11,56240.0
ING023,2023-08-12,56140.0
ING023,2023-08-13,56080.0
ING023,2023-08-14,56180.0
ING023,2023-08-15,56130.0
ING023,2023-08-16,55990.0
ING023,2023-08-17,56160.0
ING023,2023-08-18,56140.0
ING023,2023-08-19,56010.0
ING023,2023-08-20,56050.0
ING023,2023-08-21,56170.0
ING023,2023-08-22,55960.0
ING023,2023-08-23,55900.0
ING023,2023-08-24,55830.0
ING023,2023-08-25,55880.0
ING023,2023-08-26,55960.0
ING023,2023-08-27,55840.0
ING023,2023-08-28,55560.0
ING023,2023-08-29,55720.0
ING023,2023-08-30,55520.0
ING023,2023-08-31,55560.0
ING023,2023-09-01,55530.0
ING023,2023-09-02,55550.0
ING023,2023-09-03,55810.0
ING023,2023-09-04,56290.0
ING023,2023-09-05,55980.0
ING023,2023-09-06,56110.0
ING023,2023-09-07,56050.0
ING023,2023-09-08,56190.0
ING023,2023-09-09,56310.0
ING023,2023-09-10,56500.0
ING023,2023-09-11,56490.0
ING023,2023-09-12,56290.0
ING023,2023-09-13,56400.0
ING023,2023-09-14,56380.0
ING023,2023-09-15,56290.0
ING023,2023-09-16,56170.0
ING023,2023-09-17,56300.0
ING023,2023-09-18,56530.0
ING023,2023-09-19,56280.0
ING023,2023-09-20,56340.0
ING023,2023-09-21,56240.0
ING023,2023-09-22,55960.0
ING023,2023-09-23,55960.0
ING023,2023-09-24,55800.0
ING023,2023-09-25,55520.0
ING023,2023-09-26,55400.0
ING023,2023-09-27,55230.0
ING023,2023-09-28,55140.0
ING023,2023-09-29,54940.0
ING023,2023-09-30,54910.0
ING023,2023-10-01,54820.0
ING023,2023-10-02,54920.0
ING023,2023-10-03,55050.0
ING023,2023-10-04,55120.0
ING023,2023-10-05,55100.0
ING023,2023-10-06,55090.0
ING023,2023-10-07,54970.0
ING023,2023-10-08,54870.0
ING023,2023-10-09,55020.0
ING023,2023-10-10,54760.0
ING023,2023-10-11,54790.0
ING023,2023-10-12,54780.0
ING023,2023-10-13,54920.0
ING023,2023-10-14,54720.0
ING023,2023-10-15,54770.0
ING023,2023-10-16,54870.0
ING023,2023-10-17,54590.0
ING023,2023-10-18,54470.0
ING023,2023-10-19,54510.0
ING023,2023-10-20,54660.0
ING023,2023-10-21,54740.0
ING023,2023-10-22,54880.0
ING023,2023-10-23,54740.0
ING023,2023-10-24,54530.0
ING023,2023-10-25,54600.0
ING023,2023-10-26,54450.0
ING023,2023-10-27,54370.0
ING023,2023-10-28,54590.0
ING023,2023-10-29,54680.0
ING023,2023-10-30,54640.0
ING023,2023-10-31,54580.0
ING023,2023-11-01,54740.0
ING023,2023-11-02,54820.0
ING023,2023-11-03,54670.0
ING023,2023-11-04,54400.0
ING023,2023-11-05,54780.0
ING023,2023-11-06,54630.0
ING023,2023-11-07,54770.0
ING023,2023-11-08,55070.0
ING023,2023-11-09,55130.0
ING023,2023-11-10,55070.0
ING023,2023-11-11,54870.0
ING023,2023-11-12,54680.0
ING023,2023-11-13,54800.0
ING023,2023-11-14,55090.0
ING023,2023-11-15,55060.0
ING023,2023-11-16,55010.0
ING023,2023-11-17,55160.0
ING023,2023-11-18,55080.0
ING023,2023-11-19,55170.0
ING023,2023-11-20,55210.0
ING023,2023-11-21,55170.0
ING023,2023-11-22,55210.0
ING023,2023-11-23,55530.0
ING023,2023-11-24,55650.0
ING023,2023-11-25,55840.0
ING023,2023-11-26,55690.0
ING023,2023-11-27,55880.0
ING023,2023-11-28,55990.0
ING023,2023-11-29,55740.0
ING023,2023-11-30,55840.0
ING023,2023-12-01,55750.0
ING023,2023-12-02,55510.0
ING023,2023-12-03,55550.0
ING023,2023-12-04,55660.0
ING023,2023-12-05,55700.0
ING023,2023-12-06,55690.0
ING023,2023-12-07,55650.0
ING023,2023-12-08,56070.0
ING023,2023-12-09,55870.0
ING023,2023-12-10,56020.0
ING023,2023-12-11,56020.0
ING023,2023-12-12,55880.0
ING023,2023-12-13,55880.0
ING023,2023-12-14,55660.0
ING023,2023-12-15,55570.0
ING023,2023-12-16,55590.0
ING023,2023-12-17,55350.0
ING023,2023-12-18,55470.0
ING023,2023-12-19,55340.0
ING023,2023-12-20,55140.0
ING023,2023-12-21,55000.0
ING023,2023-12-22,55410.0
ING023,2023-12-23,55120.0
ING023,2023-12-24,55240.0
ING023,2023-12-25,55160.0
ING023,2023-12-26,55140.0
ING023,2023-12-27,55290.0
ING023,2023-12-28,55420.0
ING023,2023-12-29,55340.0
ING023,2023-12-30,55160.0
ING023,2023-12-31,55310.0
ING023,2024-01-01,55440.0
ING023,2024-01-02,55420.0
ING023,2024-01-03,55530.0
ING023,2024-01-04,55490.0
ING023,2024-01-05,55380.0
ING023,2024-01-06,55420.0
ING023,2024-01-07,55540.0
ING023,2024-01-08,55630.0
ING023,2024-01-09,55740.0
ING023,2024-01-10,55630.0
ING023,2024-01-11,55920.0
ING023,2024-01-12,55880.0
ING023,2024-01-13,55870.0
ING023,2024-01-14,55670.0
ING023,2024-01-15,55660.0
ING023,2024-01-16,55780.0
ING023,2024-01-17,55930.0
ING023,2024-01-18,56200.0
ING023,2024-01-19,56280.0
ING023,2024-01-20,56330.0
ING023,2024-01-21,56250.0
ING023,2024-01-22,56140.0
ING023,2024-01-23,56300.0
ING023,2024-01-24,56460.0
ING023,2024-01-25,56270.0
ING023,2024-01-26,56390.0
ING023,2024-01-27,56490.0
ING023,2024-01-28,56300.0
ING023,2024-01-29,56380.0
ING023,2024-01-30,56210.0
ING023,2024-01-31,55810.0
ING023,2024-02-01,55810.0
ING023,2024-02-02,55870.0
ING023,2024-02-03,55880.0
ING023,2024-02-04,56370.0
ING023,2024-02-05,56430.0
ING023,2024-02-06,56450.0
ING023,2024-02-07,56520.0
ING023,2024-02-08,56430.0
ING023,2024-02-09,56580.0
ING023,2024-02-10,56630.0
ING023,2024-02-11,56670.0
ING023,2024-02-12,56550.0
ING023,2024-02-13,56280.0
ING023,2024-02-14,56210.0
ING023,2024-02-15,56260.0
ING023,2024-02-16,56190.0
ING023,2024-02-17,56250.0
ING023,2024-02-18,56220.0
ING023,2024-02-19,56300.0
ING023,2024-02-20,56150.0
ING023,2024-02-21,56190.0
ING023,2024-02-22,56100.0
ING023,2024-02-23,55860.0
ING023,2024-02-24,55860.0
ING023,2024-02-25,56140.0
ING023,2024-02-26,55920.0
ING023,2024-02-27,55960.0
ING023,2024-02-28,56120.0
ING023,2024-02-29,56520.0
ING023,2024-03-01,56430.0
ING023,2024-03-02,56330.0
ING023,2024-03-03,56150.0
ING023,2024-03-04,56350.0
ING023,2024-03-05,56220.0
ING023,2024-03-06,56170.0
ING023,2024-03-07,55880.0
ING023,2024-03-08,56060.0
ING023,2024-03-09,56270.0
ING023,2024-03-10,56420.0
ING023,2024-03-11,56160.0
ING023,2024-03-12,56280.0
ING023,2024-03-13,56020.0
ING023,2024-03-14,56060.0
ING023,2024-03-15,56120.0
ING023,2024-03-16,56190.0
ING023,2024-03-17,56300.0
ING023,2024-03-18,56310.0
ING023,2024-03-19,56000.0
ING023,2024-03-20,56120.0
ING023,2024-03-21,56160.0
ING023,2024-03-22,56030.0
ING023,2024-03-23,55800.0
ING023,2024-03-24,56090.0
ING023,2024-03-25,56320.0
ING023,2024-03-26,56450.0
ING023,2024-03-27,56350.0
ING023,2024-03-28,55950.0
ING023,2024-03-29,56110.0
ING023,2024-03-30,56200.0
ING023,2024-03-31,56160.0
ING023,2024-04-01,56370.0
ING023,2024-04-02,56520.0
ING023,2024-04-03,56560.0
ING023,2024-04-04,56570.0
ING023,2024-04-05,56590.0
ING023,2024-04-06,56700.0
ING023,2024-04-07,56560.0
ING023,2024-04-08,56640.0
ING023,2024-04-09,56490.0
ING023,2024-04-10,56720.0
ING023,2024-04-11,56810.0
ING023,2024-04-12,56690.0
ING023,2024-04-13,56710.0
ING023,2024-04-14,56570.0
ING023,2024-04-15,56820.0
ING023,2024-04-16,57090.0
ING023,2024-04-17,57190.0
ING023,2024-04-18,57420.0
ING023,2024-04-19,57410.0
ING023,2024-04-20,57510.0
ING023,2024-04-21,57670.0
ING023,2024-04-22,57630.0
ING023,2024-04-23,57600.0
ING023,2024-04-24,57710.0
ING023,2024-04-25,57770.0
ING023,2024-04-26,57600.0
ING023,2024-04-27,57200.0
ING023,2024-04-28,57150.0
ING023,2024-04-29,56790.0
ING023,2024-04-30,56630.0
ING023,2024-05-01,56490.0
ING023,2024-05-02,56420.0
ING023,2024-05-03,56580.0
ING023,2024-05-04,56760.0
ING023,2024-05-05,56850.0
ING023,2024-05-06,56950.0
ING023,2024-05-07,57060.0
ING023,2024-05-08,56640.0
ING023,2024-05-09,56650.0
ING023,2024-05-10,56370.0
ING023,2024-05-11,56480.0
ING023,2024-05-12,56150.0
ING023,2024-05-13,56160.0
ING023,2024-05-14,56290.0
ING023,2024-05-15,56140.0
ING023,2024-05-16,56340.0
ING023,2024-05-17,56450.0
ING023,2024-05-18,56540.0
ING023,2024-05-19,56670.0
ING023,2024-05-20,56630.0
ING023,2024-05-21,56670.0
ING023,2024-05-22,56690.0
ING023,2024-05-23,56700.0
ING023,2024-05-24,56600.0
ING023,2024-05-25,56410.0
ING023,2024-05-26,56390.0
ING023,2024-05-27,56350.0
ING023,2024-05-28,56260.0
ING023,2024-05-29,56440.0
ING023,2024-05-30,56280.0
ING023,2024-05-31,56290.0
ING023,2024-06-01,56520.0
ING023,2024-06-02,56690.0
ING023,2024-06-03,56910.0
ING023,2024-06-04,56820.0
ING023,2024-06-05,56960.0
ING023,2024-06-06,56790.0
ING023,2024-06-07,56760.0
ING023,2024-06-08,56740.0
ING023,2024-06-09,56660.0
ING023,2024-06-10,56630.0
ING023,2024-06-11,56570.0
ING023,2024-06-12,56430.0
ING023,2024-06-13,56610.0
ING023,2024-06-14,56600.0
ING023,2024-06-15,56660.0
ING023,2024-06-16,56710.0
ING023,2024-06-17,56740.0
ING023,2024-06-18,56770.0
ING023,2024-06-19,56740.0
ING023,2024-06-20,56990.0
ING023,2024-06-21,57130.0
ING023,2024-06-22,57130.0
ING023,2024-06-23,57060.0
ING023,2024-06-24,57050.0
ING023,2024-06-25,57120.0
ING023,2024-06-26,57370.0
ING023,2024-06-27,57130.0
ING023,2024-06-28,57250.0
ING023,2024-06-29,57430.0
ING023,2024-06-30,57170.0
ING023,2024-07-01,57140.0
ING023,2024-07-02,56970.0
ING023,2024-07-03,57060.0
ING023,2024-07-04,57000.0
ING023,2024-07-05,56990.0
ING023,2024-07-06,56940.0
ING023,2024-07-07,57070.0
ING023,2024-07-08,57120.0
ING023,2024-07-09,57160.0
ING023,2024-07-10,57200.0
ING023,2024-07-11,57290.0
ING023,2024-07-12,57250.0
ING023,2024-07-13,57530.0
ING023,2024-07-14,57320.0
ING023,2024-07-15,57030.0
ING023,2024-07-16,56740.0
ING023,2024-07-17,56430.0
ING023,2024-07-18,56580.0
ING023,2024-07-19,56710.0
ING023,2024-07-20,56940.0
ING023,2024-07-21,56790.0
ING023,2024-07-22,56940.0
ING023,2024-07-23,56970.0
ING023,2024-07-24,57010.0
ING023,2024-07-25,57130.0
ING023,2024-07-26,57020.0
ING023,2024-07-27,57460.0
ING023,2024-07-28,57680.0
ING023,2024-07-29,57580.0
ING023,2024-07-30,57390.0
ING023,2024-07-31,57370.0
ING023,2024-08-01,57400.0
ING023,2024-08-02,57580.0
ING023,2024-08-03,57380.0
ING023,2024-08-04,57430.0
ING023,2024-08-05,57170.0
ING023,2024-08-06,57260.0
ING023,2024-08-07,57250.0
ING023,2024-08-08,57580.0
ING023,2024-08-09,57310.0
ING023,2024-08-10,57550.0
ING023,2024-08-11,57260.0
ING023,2024-08-12,57050.0
ING023,2024-08-13,56800.0
ING023,2024-08-14,56870.0
ING023,2024-08-15,56710.0
ING023,2024-08-16,56520.0
ING023,2024-08-17,56610.0
ING023,2024-08-18,56730.0
ING023,2024-08-19,56770.0
ING023,2024-08-20,56780.0
ING023,2024-08-21,57120.0
ING023,2024-08-22,57160.0
ING023,2024-08-23,57310.0
ING023,2024-08-24,57350.0
ING023,2024-08-25,57180.0
ING023,2024-08-26,57290.0
ING023,2024-08-27,57190.0
ING023,2024-08-28,57190.0
ING023,2024-08-29,57260.0
ING023,2024-08-30,56960.0
ING023,2024-08-31,56720.0
ING023,2024-09-01,56920.0
ING023,2024-09-02,56840.0
ING023,2024-09-03,56780.0
ING023,2024-09-04,56840.0
ING023,2024-09-05,56820.0
ING023,2024-09-06,56930.0
ING023,2024-09-07,56950.0
ING023,2024-09-08,57020.0
ING023,2024-09-09,56930.0
ING023,2024-09-10,57000.0
ING023,2024-09-11,57220.0
ING023,2024-09-12,57140.0
ING023,2024-09-13,57320.0
ING023,2024-09-14,57330.0
ING023,2024-09-15,57470.0
ING023,2024-09-16,57500.0
ING023,2024-09-17,57500.0
ING023,2024-09-18,57570.0
ING023,2024-09-19,57770.0
ING023,2024-09-20,57810.0
ING023,2024-09-21,57880.0
ING023,2024-09-22,57810.0
ING023,2024-09-23,58070.0
ING023,2024-09-24,58160.0
ING023,2024-09-25,58150.0
ING023,2024-09-26,58110.0
ING023,2024-09-27,58250.0
ING023,2024-09-28,58120.0
ING023,2024-09-29,57810.0
ING023,2024-09-30,57820.0
ING023,2024-10-01,58010.0
ING023,2024-10-02,58260.0
ING023,2024-10-03,58220.0
ING023,2024-10-04,58210.0
ING023,2024-10-05,58270.0
ING023,2024-10-06,58200.0
ING023,2024-10-07,58270.0
ING023,2024-10-08,58230.0
ING023,2024-10-09,58380.0
ING023,2024-10-10,58470.0
ING023,2024-10-11,58570.0
ING023,2024-10-12,58500.0
ING023,2024-10-13,58780.0
ING023,2024-10-14,58820.0
ING023,2024-10-15,58810.0
ING023,2024-10-16,58630.0
ING023,2024-10-17,58580.0
ING023,2024-10-18,58560.0
ING023,2024-10-19,58400.0
ING023,2024-10-20,58320.0
ING023,2024-10-21,58270.0
ING023,2024-10-22,58260.0
ING023,2024-10-23,57950.0
ING023,2024-10-24,57930.0
ING023,2024-10-25,57870.0
ING023,2024-10-26,57860.0
ING023,2024-10-27,58040.0
ING023,2024-10-28,58370.0
ING023,2024-10-29,58460.0
ING023,2024-10-30,58230.0
ING023,2024-10-31,58160.0
ING023,2024-11-01,58250.0
ING023,2024-11-02,58310.0
ING023,2024-11-03,58460.0
ING023,2024-11-04,58420.0
ING023,2024-11-05,58330.0
ING023,2024-11-06,58610.0
ING023,2024-11-07,58580.0
ING023,2024-11-08,58390.0
ING023,2024-11-09,58610.0
ING023,2024-11-10,58330.0
ING023,2024-11-11,57740.0
ING023,2024-11-12,57880.0
ING023,2024-11-13,58040.0
ING023,2024-11-14,58110.0
ING023,2024-11-15,57890.0
ING023,2024-11-16,57890.0
ING023,2024-11-17,57850.0
ING023,2024-11-18,57770.0
ING023,2024-11-19,58020.0
ING023,2024-11-20,57850.0
ING023,2024-11-21,57910.0
ING023,2024-11-22,58110.0
ING023,2024-11-23,58180.0
ING023,2024-11-24,58380.0
ING023,2024-11-25,58450.0
ING023,2024-11-26,58510.0
ING023,2024-11-27,58550.0
ING023,2024-11-28,58630.0
ING023,2024-11-29,58540.0
ING023,2024-11-30,58300.0
ING023,2024-12-01,58450.0
ING023,2024-12-02,58630.0
ING023,2024-12-03,58640.0
ING023,2024-12-04,58530.0
ING023,2024-12-05,58250.0
ING023,2024-12-06,58260.0
ING023,2024-12-07,58030.0
ING023,2024-12-08,57800.0
ING023,2024-12-09,57810.0
ING023,2024-12-10,57700.0
ING023,2024-12-11,57790.0
ING023,2024-12-12,57780.0
ING023,2024-12-13,57700.0
ING023,2024-12-14,57440.0
ING023,2024-12-15,57340.0
ING023,2024-12-16,57250.0
ING023,2024-12-17,57100.0
ING023,2024-12-18,57100.0
ING023,2024-12-19,56970.0
ING023,2024-12-20,57000.0
ING023,2024-12-21,57110.0
ING023,2024-12-22,57030.0
ING023,2024-12-23,57160.0
ING023,2024-12-24,56990.0
ING023,2024-12-25,56870.0
ING023,2024-12-26,56920.0
ING023,2024-12-27,57100.0
ING023,2024-12-28,57310.0
ING023,2024-12-29,57620.0
ING023,2024-12-30,57590.0
ING023,2024-12-31,57610.0
ING023,2025-01-01,57470.0
ING023,2025-01-02,57310.0
ING023,2025-01-03,57400.0
ING023,2025-01-04,57320.0
ING023,2025-01-05,57570.0
ING023,2025-01-06,57370.0
ING023,2025-01-07,57500.0
ING023,2025-01-08,57370.0
ING023,2025-01-09,57290.0
ING023,2025-01-10,57430.0
ING023,2025-01-11,57370.0
ING023,2025-01-12,57330.0
ING023,2025-01-13,57250.0
ING023,2025-01-14,57600.0
ING023,2025-01-15,57540.0
ING023,2025-01-16,57590.0
ING023,2025-01-17,57600.0
ING023,2025-01-18,57680.0
ING023,2025-01-19,57610.0
ING023,2025-01-20,57620.0
ING023,2025-01-21,57730.0
ING023,2025-01-22,57620.0
ING023,2025-01-23,57840.0
ING023,2025-01-24,58070.0
ING023,2025-01-25,58190.0
ING023,2025-01-26,58210.0
ING023,2025-01-27,57730.0
ING023,2025-01-28,57840.0
ING023,2025-01-29,57810.0
ING023,2025-01-30,57800.0
ING023,2025-01-31,57520.0
ING023,2025-02-01,57650.0
ING023,2025-02-02,57460.0
ING023,2025-02-03,57530.0
ING023,2025-02-04,57730.0
ING023,2025-02-05,57690.0
ING023,2025-02-06,57930.0
ING023,2025-02-07,57840.0
ING023,2025-02-08,57970.0
ING023,2025-02-09,57790.0
ING023,2025-02-10,58000.0
ING023,2025-02-11,58170.0
ING023,2025-02-12,58270.0
ING023,2025-02-13,58220.0
ING023,2025-02-14,58000.0
ING023,2025-02-15,57970.0
ING023,2025-02-16,58180.0
ING023,2025-02-17,58230.0
ING023,2025-02-18,57990.0
ING023,2025-02-19,57830.0
ING023,2025-02-20,58080.0
ING023,2025-02-21,58190.0
ING023,2025-02-22,58010.0
ING023,2025-02-23,57750.0
ING023,2025-02-24,57690.0
ING023,2025-02-25,57430.0
ING023,2025-02-26,57470.0
ING023,2025-02-27,57930.0
ING023,2025-02-28,57700.0
ING023,2025-03-01,57720.0
ING023,2025-03-02,57980.0
ING023,2025-03-03,58140.0
ING023,2025-03-04,58150.0
ING023,2025-03-05,58150.0
ING023,2025-03-06,57990.0
ING023,2025-03-07,57980.0
ING023,2025-03-08,58050.0
ING023,2025-03-09,58270.0
ING023,2025-03-10,58190.0
ING023,2025-03-11,58190.0
ING023,2025-03-12,58060.0
ING023,2025-03-13,58130.0
ING023,2025-03-14,58290.0
ING023,2025-03-15,58420.0
ING023,2025-03-16,58240.0
ING023,2025-03-17,58290.0
ING023,2025-03-18,58200.0
ING023,2025-03-19,58400.0
ING023,2025-03-20,58390.0
ING023,2025-03-21,58160.0
ING023,2025-03-22,58160.0
ING023,2025-03-23,58260.0
ING023,2025-03-24,58330.0
ING023,2025-03-25,58270.0
ING023,2025-03-26,58200.0
ING023,2025-03-27,58070.0
ING023,2025-03-28,58040.0
ING023,2025-03-29,57940.0
ING023,2025-03-30,58150.0
ING023,2025-03-31,58030.0
ING023,2025-04-01,58100.0
ING023,2025-04-02,58140.0
ING023,2025-04-03,58340.0
ING023,2025-04-04,58540.0
ING023,2025-04-05,58670.0
ING023,2025-04-06,58740.0
ING023,2025-04-07,58580.0
ING023,2025-04-08,58420.0
ING023,2025-04-09,58300.0
ING023,2025-04-10,58460.0
ING023,2025-04-11,58490.0
ING023,2025-04-12,58660.0
ING023,2025-04-13,58840.0
ING023,2025-04-14,58720.0
ING023,2025-04-15,58740.0
ING023,2025-04-16,58750.0
ING023,2025-04-17,58700.0
ING023,2025-04-18,58630.0
ING023,2025-04-19,58840.0
ING023,2025-04-20,58850.0
ING023,2025-04-21,58860.0
ING023,2025-04-22,58740.0
ING023,2025-04-23,58860.0
ING023,2025-04-24,58700.0
ING023,2025-04-25,58790.0
ING023,2025-04-26,58880.0
ING023,2025-04-27,58820.0
ING023,2025-04-28,58880.0
ING023,2025-04-29,58920.0
ING023,2025-04-30,58920.0
ING023,2025-05-01,58930.0
ING023,2025-05-02,58940.0
ING023,2025-05-03,58970.0
ING023,2025-05-04,58980.0
ING023,2025-05-05,58810.0
ING023,2025-05-06,58790.0
ING023,2025-05-07,58850.0
ING023,2025-05-08,58880.0
ING023,2025-05-09,59050.0
ING023,2025-05-10,59150.0
ING023,2025-05-11,59010.0
ING023,2025-05-12,58980.0
ING023,2025-05-13,58940.0
ING023,2025-05-14,58950.0
ING023,2025-05-15,58950.0
ING023,2025-05-16,59060.0
ING023,2025-05-17,59100.0
ING023,2025-05-18,59300.0
ING023,2025-05-19,59330.0
ING023,2025-05-20,59190.0
ING023,2025-05-21,59110.0
ING023,2025-05-22,59210.0
ING023,2025-05-23,58940.0
ING023,2025-05-24,58730.0
ING023,2025-05-25,58760.0
ING023,2025-05-26,58940.0
ING023,2025-05-27,59160.0
ING023,2025-05-28,59130.0
ING023,2025-05-29,59310.0
ING023,2025-05-30,59320.0
ING023,2025-05-31,59060.0
ING023,2025-06-01,59070.0
ING023,2025-06-02,58970.0
ING023,2025-06-03,59140.0
ING023,2025-06-04,59140.0
ING023,2025-06-05,58930.0
ING023,2025-06-06,58700.0
ING023,2025-06-07,58730.0
ING023,2025-06-08,58350.0
ING023,2025-06-09,58310.0
ING023,2025-06-10,58400.0
ING023,2025-06-11,58270.0
ING023,2025-06-12,58490.0
ING023,2025-06-13,58720.0
ING023,2025-06-14,58580.0
ING023,2025-06-15,58570.0
ING023,2025-06-16,58770.0
ING023,2025-06-17,58800.0
ING023,2025-06-18,58600.0
ING023,2025-06-19,58610.0
ING023,2025-06-20,58500.0
ING023,2025-06-21,58730.0
ING023,2025-06-22,58860.0
ING023,2025-06-23,58830.0
ING023,2025-06-24,58880.0
ING023,2025-06-25,58690.0
ING023,2025-06-26,58600.0
ING023,2025-06-27,58900.0
ING023,2025-06-28,58930.0
ING023,2025-06-29,59110.0
ING023,2025-06-30,59160.0
ING023,2025-07-01,59390.0
ING023,2025-07-02,59060.0
ING023,2025-07-03,59050.0
ING023,2025-07-04,59340.0
ING023,2025-07-05,59500.0
ING023,2025-07-06,59720.0
ING023,2025-07-07,59700.0
ING023,2025-07-08,59600.0
ING023,2025-07-09,59420.0
ING023,2025-07-10,59240.0
ING023,2025-07-11,59390.0
ING023,2025-07-12,59480.0
ING023,2025-07-13,59470.0
ING023,2025-07-14,59550.0
ING023,2025-07-15,59570.0
ING023,2025-07-16,59730.0
ING023,2025-07-17,59870.0
ING023,2025-07-18,59680.0
ING023,2025-07-19,59720.0
ING023,2025-07-20,59430.0
ING023,2025-07-21,59460.0
ING023,2025-07-22,59560.0
ING023,2025-07-23,59340.0
ING023,2025-07-24,59280.0
ING023,2025-07-25,59300.0
ING023,2025-07-26,59350.0
ING023,2025-07-27,59310.0
ING023,2025-07-28,59130.0
ING023,2025-07-29,59150.0
ING023,2025-07-30,58900.0
ING023,2025-07-31,58890.0
ING023,2025-08-01,58850.0
ING023,2025-08-02,58870.0
ING023,2025-08-03,58810.0
ING023,2025-08-04,58610.0
ING023,2025-08-05,58600.0
ING023,2025-08-06,58800.0
ING023,2025-08-07,59050.0
ING023,2025-08-08,59480.0
ING023,2025-08-09,59770.0
ING023,2025-08-10,59570.0
ING023,2025-08-11,59500.0
ING023,2025-08-12,59510.0
ING023,2025-08-13,59500.0
ING023,2025-08-14,59520.0
ING023,2025-08-15,59930.0
ING023,2025-08-16,59730.0
ING023,2025-08-17,59610.0
ING023,2025-08-18,59890.0
ING023,2025-08-19,59780.0
ING023,2025-08-20,59840.0
ING023,2025-08-21,60000.0
ING023,2025-08-22,60070.0
ING023,2025-08-23,60090.0
ING023,2025-08-24,60220.0
ING023,2025-08-25,60050.0
ING023,2025-08-26,59950.0
ING023,2025-08-27,60030.0
ING023,2025-08-28,59680.0
ING023,2025-08-29,59910.0
ING023,2025-08-30,59960.0
ING023,2025-08-31,59970.0
ING023,2025-09-01,59690.0
ING023,2025-09-02,59490.0
ING023,2025-09-03,59440.0
ING023,2025-09-04,59590.0
ING023,2025-09-05,59260.0
ING023,2025-09-06,59410.0
ING023,2025-09-07,59370.0
ING023,2025-09-08,59360.0
ING023,2025-09-09,59420.0
ING023,2025-09-10,59490.0
ING023,2025-09-11,59390.0
ING023,2025-09-12,59520.0
ING023,2025-09-13,59150.0
ING023,2025-09-14,59110.0
ING023,2025-09-15,59170.0
ING023,2025-09-16,59150.0
ING023,2025-09-17,58890.0
ING023,2025-09-18,59060.0
ING023,2025-09-19,58900.0
ING023,2025-09-20,58940.0
ING023,2025-09-21,59010.0
ING023,2025-09-22,59060.0
ING023,2025-09-23,59290.0
ING023,2025-09-24,59320.0
ING023,2025-09-25,59420.0
ING023,2025-09-26,59430.0
ING023,2025-09-27,59560.0
ING023,2025-09-28,59810.0
ING023,2025-09-29,59840.0
ING023,2025-09-30,59970.0
ING023,2025-10-01,60210.0
ING023,2025-10-02,60420.0
ING023,2025-10-03,60340.0
ING023,2025-10-04,60490.0
ING023,2025-10-05,60510.0
ING023,2025-10-06,60670.0
ING023,2025-10-07,60730.0
ING023,2025-10-08,60730.0
ING023,2025-10-09,60770.0
ING023,2025-10-10,60770.0
ING023,2025-10-11,60790.0
ING023,2025-10-12,60720.0
ING023,2025-10-13,60650.0
ING023,2025-10-14,60910.0
ING023,2025-10-15,60940.0
ING023,2025-10-16,60800.0
ING023,2025-10-17,60720.0
ING023,2025-10-18,60860.0
ING023,2025-10-19,60700.0
ING023,2025-10-20,60420.0
ING023,2025-10-21,60170.0
ING023,2025-10-22,59880.0
ING023,2025-10-23,59680.0
ING023,2025-10-24,59510.0
ING023,2025-10-25,59770.0
ING023,2025-10-26,59780.0
ING023,2025-10-27,59730.0
ING023,2025-10-28,59510.0
ING023,2025-10-29,59520.0
ING023,2025-10-30,59260.0
ING023,2025-10-31,59250.0
ING023,2025-11-01,59630.0
ING023,2025-11-02,59770.0
ING023,2025-11-03,59750.0
ING023,2025-11-04,59890.0
ING023,2025-11-05,59820.0
ING023,2025-11-06,59700.0
ING023,2025-11-07,60010.0
ING023,2025-11-08,59830.0
ING023,2025-11-09,59790.0
ING023,2025-11-10,59860.0
ING023,2025-11-11,59720.0
ING023,2025-11-12,59860.0
ING023,2025-11-13,59820.0
ING023,2025-11-14,59950.0
ING023,2025-11-15,60060.0
ING023,2025-11-16,60030.0
ING023,2025-11-17,60320.0
ING023,2025-11-18,60210.0
ING023,2025-11-19,60440.0
ING023,2025-11-20,60620.0
ING023,2025-11-21,60900.0
ING023,2025-11-22,60890.0
ING023,2025-11-23,60730.0
ING023,2025-11-24,61050.0
ING023,2025-11-25,60960.0
ING023,2025-11-26,60790.0
ING023,2025-11-27,60740.0
ING023,2025-11-28,60550.0
ING023,2025-11-29,60630.0
ING023,2025-11-30,60510.0
ING023,2025-12-01,60460.0
ING023,2025-12-02,60610.0
ING023,2025-12-03,60700.0
ING023,2025-12-04,60680.0
ING023,2025-12-05,60700.0
ING023,2025-12-06,60680.0
ING023,2025-12-07,60590.0
ING023,2025-12-08,60580.0
ING023,2025-12-09,60650.0
ING023,2025-12-10,60620.0
ING023,2025-12-11,60680.0
ING023,2025-12-12,60520.0
ING023,2025-12-13,60420.0
ING023,2025-12-14,60300.0
ING023,2025-12-15,60210.0
ING023,2025-12-16,60430.0
ING023,2025-12-17,60550.0
ING023,2025-12-18,60370.0
ING023,2025-12-19,60440.0
ING023,2025-12-20,60380.0
ING023,2025-12-21,60270.0
ING023,2025-12-22,60030.0
ING023,2025-12-23,60220.0
ING023,2025-12-24,60000.0
ING023,2025-12-25,60020.0
ING023,2025-12-26,59890.0
ING023,2025-12-27,60040.0
ING023,2025-12-28,60010.0
ING023,2025-12-29,60010.0
ING023,2025-12-30,60020.0
ING023,2025-12-31,60090.0
ING023,2026-01-01,60120.0
ING023,2026-01-02,60130.0
ING023,2026-01-03,60070.0
ING023,2026-01-04,59830.0
ING023,2026-01-05,59680.0
ING023,2026-01-06,59840.0
ING023,2026-01-07,59830.0
ING023,2026-01-08,59750.0
ING023,2026-01-09,59560.0
ING023,2026-01-10,59330.0
ING023,2026-01-11,59270.0
ING023,2026-01-12,59490.0
ING023,2026-01-13,59450.0
ING023,2026-01-14,59570.0
ING023,2026-01-15,59520.0
ING023,2026-01-16,59680.0
ING023,2026-01-17,59670.0
ING023,2026-01-18,59520.0
ING023,2026-01-19,59530.0
ING023,2026-01-20,59890.0
ING023,2026-01-21,60220.0
ING023,2026-01-22,60320.0
ING023,2026-01-23,60310.0
ING023,2026-01-24,60380.0
ING023,2026-01-25,60450.0
ING023,2026-01-26,60450.0
ING023,2026-01-27,60540.0
ING023,2026-01-28,60580.0
ING023,2026-01-29,60530.0
ING023,2026-01-30,60340.0
ING023,2026-01-31,60280.0
ING023,2026-02-01,60440.0
ING023,2026-02-02,60440.0
ING023,2026-02-03,60510.0
ING023,2026-02-04,60470.0
ING023,2026-02-05,60310.0
ING023,2026-02-06,60290.0
ING023,2026-02-07,60140.0
ING023,2026-02-08,59990.0
ING023,2026-02-09,60230.0
ING023,2026-02-10,60190.0
ING023,2026-02-11,60090.0
ING023,2026-02-12,60400.0
ING023,2026-02-13,60550.0
ING023,2026-02-14,60500.0
ING023,2026-02-15,60580.0
ING023,2026-02-16,60560.0
ING023,2026-02-17,60450.0
ING023,2026-02-18,60550.0
ING023,2026-02-19,60510.0
ING023,2026-02-20,60540.0
ING023,2026-02-21,60720.0
ING023,2026-02-22,60880.0
ING023,2026-02-23,60780.0
ING023,2026-02-24,60870.0
ING023,2026-02-25,60680.0
ING023,2026-02-26,60760.0
ING023,2026-02-27,60790.0
ING023,2026-02-28,60860.0
ING023,2026-03-01,60810.0
ING023,2026-03-02,61160.0
ING023,2026-03-03,60990.0
ING023,2026-03-04,61150.0
ING023,2026-03-05,60970.0
ING023,2026-03-06,61050.0
ING023,2026-03-07,61130.0
ING023,2026-03-08,61130.0
ING023,2026-03-09,61040.0
ING023,2026-03-10,61060.0
ING023,2026-03-11,61090.0
ING023,2026-03-12,61380.0
ING023,2026-03-13,61220.0
ING023,2026-03-14,61110.0
ING023,2026-03-15,61150.0
ING023,2026-03-16,61100.0
ING023,2026-03-17,61080.0
ING023,2026-03-18,61250.0
ING023,2026-03-19,60770.0
ING023,2026-03-20,60680.0
ING023,2026-03-21,60410.0
ING023,2026-03-22,60240.0
ING023,2026-03-23,60680.0
ING023,2026-03-24,60790.0
ING023,2026-03-25,60960.0
ING023,2026-03-26,60950.0
ING023,2026-03-27,61080.0
ING023,2026-03-28,60780.0
ING023,2026-03-29,60970.0
ING023,2026-03-30,60840.0
ING023,2026-03-31,60760.0
ING023,2026-04-01,60860.0
ING023,2026-04-02,60920.0
ING023,2026-04-03,60940.0
ING023,2026-04-04,60720.0
ING023,2026-04-05,60760.0
ING023,2026-04-06,60930.0
ING023,2026-04-07,60850.0
ING023,2026-04-08,61080.0
ING023,2026-04-09,60940.0
ING023,2026-04-10,60950.0
ING023,2026-04-11,61210.0
ING023,2026-04-12,61090.0
ING023,2026-04-13,61270.0
ING023,2026-04-14,61590.0
ING023,2026-04-15,61600.0
ING023,2026-04-16,61490.0
ING023,2026-04-17,61340.0
ING023,2026-04-18,61550.0
ING023,2026-04-19,61740.0
ING023,2026-04-20,61950.0
ING023,2026-04-21,61910.0
ING023,2026-04-22,62040.0
ING023,2026-04-23,61990.0
ING023,2026-04-24,61810.0
ING023,2026-04-25,61960.0
ING023,2026-04-26,62190.0
ING023,2026-04-27,61980.0
ING023,2026-04-28,61770.0
ING023,2026-04-29,61750.0
ING023,2026-04-30,61880.0
ING023,2026-05-01,61660.0
ING023,2026-05-02,61680.0
ING023,2026-05-03,61560.0
ING023,2026-05-04,61660.0
ING023,2026-05-05,61510.0
ING023,2026-05-06,61620.0
ING023,2026-05-07,61580.0
ING023,2026-05-08,61410.0
ING023,2026-05-09,61410.0
ING023,2026-05-10,61090.0
ING023,2026-05-11,61010.0
ING023,2026-05-12,61080.0
ING023,2026-05-13,60800.0
ING023,2026-05-14,60400.0
ING023,2026-05-15,60060.0
ING023,2026-05-16,60340.0
ING023,2026-05-17,60380.0
ING023,2026-05-18,60340.0
ING023,2026-05-19,60540.0
ING023,2026-05-20,60520.0
ING023,2026-05-21,60600.0
ING023,2026-05-22,60650.0
ING023,2026-05-23,60600.0
ING023,2026-05-24,60690.0
ING023,2026-05-25,60850.0
ING023,2026-05-26,60850.0
ING023,2026-05-27,60800.0
ING023,2026-05-28,60780.0
ING023,2026-05-29,60430.0
ING023,2026-05-30,60520.0
ING023,2026-05-31,60370.0
ING023,2026-06-01,60530.0
ING023,2026-06-02,60560.0
ING023,2026-06-03,60620.0
ING023,2026-06-04,60770.0
ING023,2026-06-05,60660.0
ING023,2026-06-06,60760.0
ING023,2026-06-07,60840.0
ING023,2026-06-08,60840.0
ING023,2026-06-09,60720.0
ING023,2026-06-10,60850.0
ING023,2026-06-11,61000.0
ING023,2026-06-12,61040.0
ING023,2026-06-13,60890.0
ING023,2026-06-14,60830.0
ING023,2026-06-15,60860.0
ING023,2026-06-16,61000.0
ING023,2026-06-17,60770.0
ING023,2026-06-18,60710.0
ING023,2026-06-19,60690.0
ING023,2026-06-20,60720.0
ING023,2026-06-21,60540.0
ING023,2026-06-22,60560.0
ING023,2026-06-23,60560.0
ING023,2026-06-24,60440.0
ING023,2026-06-25,60470.0
ING023,2026-06-26,60440.0
ING023,2026-06-27,60580.0
ING023,2026-06-28,60480.0
ING023,2026-06-29,60550.0
ING023,2026-06-30,60470.0
ING024,2023-07-01,7990.0
ING024,2023-07-02,8000.0
ING024,2023-07-03,8000.0
ING024,2023-07-04,7990.0
ING024,2023-07-05,7990.0
ING024,2023-07-06,7970.0
ING024,2023-07-07,7990.0
ING024,2023-07-08,8000.0
ING024,2023-07-09,8010.0
ING024,2023-07-10,7990.0
ING024,2023-07-11,7980.0
ING024,2023-07-12,7980.0
ING024,2023-07-13,7950.0
ING024,2023-07-14,7960.0
ING024,2023-07-15,7990.0
ING024,2023-07-16,8020.0
ING024,2023-07-17,8010.0
ING024,2023-07-18,8010.0
ING024,2023-07-19,8030.0
ING024,2023-07-20,8030.0
ING024,2023-07-21,8020.0
ING024,2023-07-22,7990.0
ING024,2023-07-23,8010.0
ING024,2023-07-24,8010.0
ING024,2023-07-25,8000.0
ING024,2023-07-26,8000.0
ING024,2023-07-27,8000.0
ING024,2023-07-28,8010.0
ING024,2023-07-29,8010.0
ING024,2023-07-30,8030.0
ING024,2023-07-31,8030.0
ING024,2023-08-01,8060.0
ING024,2023-08-02,8060.0
ING024,2023-08-03,8070.0
ING024,2023-08-04,8060.0
ING024,2023-08-05,8080.0
ING024,2023-08-06,8080.0
ING024,2023-08-07,8060.0
ING024,2023-08-08,8040.0
ING024,2023-08-09,8050.0
ING024,2023-08-10,8030.0
ING024,2023-08-11,8030.0
ING024,2023-08-12,8050.0
ING024,2023-08-13,8050.0
ING024,2023-08-14,8040.0
ING024,2023-08-15,8060.0
ING024,2023-08-16,8070.0
ING024,2023-08-17,8090.0
ING024,2023-08-18,8050.0
ING024,2023-08-19,8050.0
ING024,2023-08-20,8070.0
ING024,2023-08-21,8090.0
ING024,2023-08-22,8070.0
ING024,2023-08-23,8090.0
ING024,2023-08-24,8110.0
ING024,2023-08-25,8070.0
ING024,2023-08-26,8080.0
ING024,2023-08-27,8090.0
ING024,2023-08-28,8080.0
ING024,2023-08-29,8070.0
ING024,2023-08-30,8080.0
ING024,2023-08-31,8070.0
ING024,2023-09-01,8070.0
ING024,2023-09-02,8080.0
ING024,2023-09-03,8110.0
ING024,2023-09-04,8110.0
ING024,2023-09-05,8110.0
ING024,2023-09-06,8100.0
ING024,2023-09-07,8080.0
ING024,2023-09-08,8100.0
ING024,2023-09-09,8090.0
ING024,2023-09-10,8110.0
ING024,2023-09-11,8100.0
ING024,2023-09-12,8090.0
ING024,2023-09-13,8100.0
ING024,2023-09-14,8090.0
ING024,2023-09-15,8070.0
ING024,2023-09-16,8100.0
ING024,2023-09-17,8090.0
ING024,2023-09-18,8100.0
ING024,2023-09-19,8120.0
ING024,2023-09-20,8090.0
ING024,2023-09-21,8080.0
ING024,2023-09-22,8070.0
ING024,2023-09-23,8060.0
ING024,2023-09-24,8090.0
ING024,2023-09-25,8080.0
ING024,2023-09-26,8100.0
ING024,2023-09-27,8100.0
ING024,2023-09-28,8110.0
ING024,2023-09-29,8110.0
ING024,2023-09-30,8120.0
ING024,2023-10-01,8110.0
ING024,2023-10-02,8140.0
ING024,2023-10-03,8110.0
ING024,2023-10-04,8120.0
ING024,2023-10-05,8100.0
ING024,2023-10-06,8090.0
ING024,2023-10-07,8090.0
ING024,2023-10-08,8090.0
ING024,2023-10-09,8080.0
ING024,2023-10-10,8060.0
ING024,2023-10-11,8050.0
ING024,2023-10-12,8060.0
ING024,2023-10-13,8060.0
ING024,2023-10-14,8050.0
ING024,2023-10-15,8070.0
ING024,2023-10-16,8050.0
ING024,2023-10-17,8050.0
ING024,2023-10-18,8040.0
ING024,2023-10-19,8060.0
ING024,2023-10-20,8060.0
ING024,2023-10-21,8060.0
ING024,2023-10-22,8030.0
ING024,2023-10-23,8050.0
ING024,2023-10-24,8050.0
ING024,2023-10-25,8050.0
ING024,2023-10-26,8040.0
ING024,2023-10-27,8030.0
ING024,2023-10-28,8060.0
ING024,2023-10-29,8030.0
ING024,2023-10-30,8020.0
ING024,2023-10-31,8050.0
ING024,2023-11-01,8060.0
ING024,2023-11-02,8060.0
ING024,2023-11-03,8080.0
ING024,2023-11-04,8090.0
ING024,2023-11-05,8090.0
ING024,2023-11-06,8100.0
ING024,2023-11-07,8110.0
ING024,2023-11-08,8120.0
ING024,2023-11-09,8150.0
ING024,2023-11-10,8150.0
ING024,2023-11-11,8140.0
ING024,2023-11-12,8120.0
ING024,2023-11-13,8120.0
ING024,2023-11-14,8150.0
ING024,2023-11-15,8160.0
ING024,2023-11-16,8150.0
ING024,2023-11-17,8150.0
ING024,2023-11-18,8130.0
ING024,2023-11-19,8110.0
ING024,2023-11-20,8120.0
ING024,2023-11-21,8110.0
ING024,2023-11-22,8090.0
ING024,2023-11-23,8100.0
ING024,2023-11-24,8100.0
ING024,2023-11-25,8080.0
ING024,2023-11-26,8050.0
ING024,2023-11-27,8040.0
ING024,2023-11-28,8020.0
ING024,2023-11-29,8000.0
ING024,2023-11-30,8020.0
ING024,2023-12-01,8030.0
ING024,2023-12-02,8030.0
ING024,2023-12-03,8030.0
ING024,2023-12-04,8020.0
ING024,2023-12-05,8030.0
ING024,2023-12-06,8030.0
ING024,2023-12-07,8030.0
ING024,2023-12-08,8020.0
ING024,2023-12-09,8010.0
ING024,2023-12-10,8010.0
ING024,2023-12-11,8010.0
ING024,2023-12-12,8010.0
ING024,2023-12-13,8020.0
ING024,2023-12-14,8020.0
ING024,2023-12-15,8030.0
ING024,2023-12-16,8050.0
ING024,2023-12-17,8070.0
ING024,2023-12-18,8090.0
ING024,2023-12-19,8080.0
ING024,2023-12-20,8070.0
ING024,2023-12-21,8090.0
ING024,2023-12-22,8100.0
ING024,2023-12-23,8090.0
ING024,2023-12-24,8110.0
ING024,2023-12-25,8090.0
ING024,2023-12-26,8100.0
ING024,2023-12-27,8110.0
ING024,2023-12-28,8090.0
ING024,2023-12-29,8080.0
ING024,2023-12-30,8120.0
ING024,2023-12-31,8130.0
ING024,2024-01-01,8170.0
ING024,2024-01-02,8140.0
ING024,2024-01-03,8160.0
ING024,2024-01-04,8120.0
ING024,2024-01-05,8120.0
ING024,2024-01-06,8130.0
ING024,2024-01-07,8150.0
ING024,2024-01-08,8130.0
ING024,2024-01-09,8150.0
ING024,2024-01-10,8140.0
ING024,2024-01-11,8140.0
ING024,2024-01-12,8140.0
ING024,2024-01-13,8120.0
ING024,2024-01-14,8150.0
ING024,2024-01-15,8150.0
ING024,2024-01-16,8170.0
ING024,2024-01-17,8190.0
ING024,2024-01-18,8170.0
ING024,2024-01-19,8190.0
ING024,2024-01-20,8200.0
ING024,2024-01-21,8180.0
ING024,2024-01-22,8190.0
ING024,2024-01-23,8170.0
ING024,2024-01-24,8200.0
ING024,2024-01-25,8210.0
ING024,2024-01-26,8210.0
ING024,2024-01-27,8230.0
ING024,2024-01-28,8200.0
ING024,2024-01-29,8190.0
ING024,2024-01-30,8180.0
ING024,2024-01-31,8220.0
ING024,2024-02-01,8200.0
ING024,2024-02-02,8170.0
ING024,2024-02-03,8150.0
ING024,2024-02-04,8170.0
ING024,2024-02-05,8160.0
ING024,2024-02-06,8160.0
ING024,2024-02-07,8170.0
ING024,2024-02-08,8170.0
ING024,2024-02-09,8170.0
ING024,2024-02-10,8180.0
ING024,2024-02-11,8180.0
ING024,2024-02-12,8180.0
ING024,2024-02-13,8180.0
ING024,2024-02-14,8200.0
ING024,2024-02-15,8180.0
ING024,2024-02-16,8140.0
ING024,2024-02-17,8150.0
ING024,2024-02-18,8170.0
ING024,2024-02-19,8170.0
ING024,2024-02-20,8180.0
ING024,2024-02-21,8170.0
ING024,2024-02-22,8180.0
ING024,2024-02-23,8200.0
ING024,2024-02-24,8200.0
ING024,2024-02-25,8240.0
ING024,2024-02-26,8210.0
ING024,2024-02-27,8210.0
ING024,2024-02-28,8200.0
ING024,2024-02-29,8210.0
ING024,2024-03-01,8180.0
ING024,2024-03-02,8170.0
ING024,2024-03-03,8160.0
ING024,2024-03-04,8160.0
ING024,2024-03-05,8160.0
ING024,2024-03-06,8150.0
ING024,2024-03-07,8150.0
ING024,2024-03-08,8150.0
ING024,2024-03-09,8180.0
ING024,2024-03-10,8190.0
ING024,2024-03-11,8190.0
ING024,2024-03-12,8220.0
ING024,2024-03-13,8230.0
ING024,2024-03-14,8220.0
ING024,2024-03-15,8220.0
ING024,2024-03-16,8230.0
ING024,2024-03-17,8220.0
ING024,2024-03-18,8200.0
ING024,2024-03-19,8200.0
ING024,2024-03-20,8200.0
ING024,2024-03-21,8230.0
ING024,2024-03-22,8240.0
ING024,2024-03-23,8230.0
ING024,2024-03-24,8230.0
ING024,2024-03-25,8250.0
ING024,2024-03-26,8230.0
ING024,2024-03-27,8220.0
ING024,2024-03-28,8220.0
ING024,2024-03-29,8220.0
ING024,2024-03-30,8220.0
ING024,2024-03-31,8210.0
ING024,2024-04-01,8210.0
ING024,2024-04-02,8220.0
ING024,2024-04-03,8240.0
ING024,2024-04-04,8230.0
ING024,2024-04-05,8270.0
ING024,2024-04-06,8300.0
ING024,2024-04-07,8320.0
ING024,2024-04-08,8320.0
ING024,2024-04-09,8350.0
ING024,2024-04-10,8340.0
ING024,2024-04-11,8330.0
ING024,2024-04-12,8310.0
ING024,2024-04-13,8290.0
ING024,2024-04-14,8290.0
ING024,2024-04-15,8300.0
ING024,2024-04-16,8300.0
ING024,2024-04-17,8300.0
ING024,2024-04-18,8300.0
ING024,2024-04-19,8320.0
ING024,2024-04-20,8330.0
ING024,2024-04-21,8340.0
ING024,2024-04-22,8340.0
ING024,2024-04-23,8310.0
ING024,2024-04-24,8280.0
ING024,2024-04-25,8310.0
ING024,2024-04-26,8300.0
ING024,2024-04-27,8290.0
ING024,2024-04-28,8290.0
ING024,2024-04-29,8300.0
ING024,2024-04-30,8310.0
ING024,2024-05-01,8330.0
ING024,2024-05-02,8350.0
ING024,2024-05-03,8340.0
ING024,2024-05-04,8350.0
ING024,2024-05-05,8340.0
ING024,2024-05-06,8330.0
ING024,2024-05-07,8310.0
ING024,2024-05-08,8280.0
ING024,2024-05-09,8280.0
ING024,2024-05-10,8270.0
ING024,2024-05-11,8280.0
ING024,2024-05-12,8280.0
ING024,2024-05-13,8280.0
ING024,2024-05-14,8300.0
ING024,2024-05-15,8280.0
ING024,2024-05-16,8270.0
ING024,2024-05-17,8270.0
ING024,2024-05-18,8280.0
ING024,2024-05-19,8290.0
ING024,2024-05-20,8310.0
ING024,2024-05-21,8310.0
ING024,2024-05-22,8310.0
ING024,2024-05-23,8320.0
ING024,2024-05-24,8290.0
ING024,2024-05-25,8290.0
ING024,2024-05-26,8290.0
ING024,2024-05-27,8300.0
ING024,2024-05-28,8280.0
ING024,2024-05-29,8260.0
ING024,2024-05-30,8260.0
ING024,2024-05-31,8300.0
ING024,2024-06-01,8280.0
ING024,2024-06-02,8300.0
ING024,2024-06-03,8330.0
ING024,2024-06-04,8330.0
ING024,2024-06-05,8310.0
ING024,2024-06-06,8320.0
ING024,2024-06-07,8320.0
ING024,2024-06-08,8310.0
ING024,2024-06-09,8300.0
ING024,2024-06-10,8310.0
ING024,2024-06-11,8320.0
ING024,2024-06-12,8310.0
ING024,2024-06-13,8310.0
ING024,2024-06-14,8320.0
ING024,2024-06-15,8320.0
ING024,2024-06-16,8310.0
ING024,2024-06-17,8300.0
ING024,2024-06-18,8290.0
ING024,2024-06-19,8330.0
ING024,2024-06-20,8330.0
ING024,2024-06-21,8350.0
ING024,2024-06-22,8380.0
ING024,2024-06-23,8370.0
ING024,2024-06-24,8370.0
ING024,2024-06-25,8370.0
ING024,2024-06-26,8340.0
ING024,2024-06-27,8320.0
ING024,2024-06-28,8320.0
ING024,2024-06-29,8310.0
ING024,2024-06-30,8340.0
ING024,2024-07-01,8340.0
ING024,2024-07-02,8370.0
ING024,2024-07-03,8360.0
ING024,2024-07-04,8390.0
ING024,2024-07-05,8390.0
ING024,2024-07-06,8400.0
ING024,2024-07-07,8390.0
ING024,2024-07-08,8390.0
ING024,2024-07-09,8420.0
ING024,2024-07-10,8410.0
ING024,2024-07-11,8400.0
ING024,2024-07-12,8390.0
ING024,2024-07-13,8410.0
ING024,2024-07-14,8420.0
ING024,2024-07-15,8440.0
ING024,2024-07-16,8440.0
ING024,2024-07-17,8440.0
ING024,2024-07-18,8440.0
ING024,2024-07-19,8450.0
ING024,2024-07-20,8440.0
ING024,2024-07-21,8460.0
ING024,2024-07-22,8460.0
ING024,2024-07-23,8410.0
ING024,2024-07-24,8420.0
ING024,2024-07-25,8400.0
ING024,2024-07-26,8410.0
ING024,2024-07-27,8420.0
ING024,2024-07-28,8420.0
ING024,2024-07-29,8430.0
ING024,2024-07-30,8440.0
ING024,2024-07-31,8430.0
ING024,2024-08-01,8440.0
ING024,2024-08-02,8450.0
ING024,2024-08-03,8470.0
ING024,2024-08-04,8450.0
ING024,2024-08-05,8450.0
ING024,2024-08-06,8430.0
ING024,2024-08-07,8410.0
ING024,2024-08-08,8420.0
ING024,2024-08-09,8410.0
ING024,2024-08-10,8430.0
ING024,2024-08-11,8420.0
ING024,2024-08-12,8410.0
ING024,2024-08-13,8410.0
ING024,2024-08-14,8400.0
ING024,2024-08-15,8380.0
ING024,2024-08-16,8400.0
ING024,2024-08-17,8390.0
ING024,2024-08-18,8410.0
ING024,2024-08-19,8420.0
ING024,2024-08-20,8390.0
ING024,2024-08-21,8400.0
ING024,2024-08-22,8400.0
ING024,2024-08-23,8410.0
ING024,2024-08-24,8400.0
ING024,2024-08-25,8390.0
ING024,2024-08-26,8410.0
ING024,2024-08-27,8400.0
ING024,2024-08-28,8390.0
ING024,2024-08-29,8390.0
ING024,2024-08-30,8380.0
ING024,2024-08-31,8370.0
ING024,2024-09-01,8360.0
ING024,2024-09-02,8350.0
ING024,2024-09-03,8340.0
ING024,2024-09-04,8350.0
ING024,2024-09-05,8350.0
ING024,2024-09-06,8370.0
ING024,2024-09-07,8360.0
ING024,2024-09-08,8330.0
ING024,2024-09-09,8340.0
ING024,2024-09-10,8370.0
ING024,2024-09-11,8380.0
ING024,2024-09-12,8430.0
ING024,2024-09-13,8430.0
ING024,2024-09-14,8440.0
ING024,2024-09-15,8400.0
ING024,2024-09-16,8410.0
ING024,2024-09-17,8410.0
ING024,2024-09-18,8400.0
ING024,2024-09-19,8400.0
ING024,2024-09-20,8400.0
ING024,2024-09-21,8390.0
ING024,2024-09-22,8430.0
ING024,2024-09-23,8420.0
ING024,2024-09-24,8420.0
ING024,2024-09-25,8410.0
ING024,2024-09-26,8420.0
ING024,2024-09-27,8430.0
ING024,2024-09-28,8420.0
ING024,2024-09-29,8390.0
ING024,2024-09-30,8390.0
ING024,2024-10-01,8390.0
ING024,2024-10-02,8390.0
ING024,2024-10-03,8370.0
ING024,2024-10-04,8390.0
ING024,2024-10-05,8410.0
ING024,2024-10-06,8430.0
ING024,2024-10-07,8450.0
ING024,2024-10-08,8460.0
ING024,2024-10-09,8440.0
ING024,2024-10-10,8460.0
ING024,2024-10-11,8450.0
ING024,2024-10-12,8440.0
ING024,2024-10-13,8450.0
ING024,2024-10-14,8460.0
ING024,2024-10-15,8470.0
ING024,2024-10-16,8460.0
ING024,2024-10-17,8450.0
ING024,2024-10-18,8490.0
ING024,2024-10-19,8480.0
ING024,2024-10-20,8480.0
ING024,2024-10-21,8460.0
ING024,2024-10-22,8460.0
ING024,2024-10-23,8460.0
ING024,2024-10-24,8460.0
ING024,2024-10-25,8470.0
ING024,2024-10-26,8490.0
ING024,2024-10-27,8480.0
ING024,2024-10-28,8480.0
ING024,2024-10-29,8460.0
ING024,2024-10-30,8470.0
ING024,2024-10-31,8460.0
ING024,2024-11-01,8450.0
ING024,2024-11-02,8420.0
ING024,2024-11-03,8420.0
ING024,2024-11-04,8430.0
ING024,2024-11-05,8460.0
ING024,2024-11-06,8470.0
ING024,2024-11-07,8460.0
ING024,2024-11-08,8440.0
ING024,2024-11-09,8420.0
ING024,2024-11-10,8400.0
ING024,2024-11-11,8430.0
ING024,2024-11-12,8430.0
ING024,2024-11-13,8420.0
ING024,2024-11-14,8410.0
ING024,2024-11-15,8400.0
ING024,2024-11-16,8390.0
ING024,2024-11-17,8410.0
ING024,2024-11-18,8410.0
ING024,2024-11-19,8390.0
ING024,2024-11-20,8430.0
ING024,2024-11-21,8420.0
ING024,2024-11-22,8410.0
ING024,2024-11-23,8430.0
ING024,2024-11-24,8440.0
ING024,2024-11-25,8430.0
ING024,2024-11-26,8410.0
ING024,2024-11-27,8400.0
ING024,2024-11-28,8390.0
ING024,2024-11-29,8390.0
ING024,2024-11-30,8400.0
ING024,2024-12-01,8400.0
ING024,2024-12-02,8400.0
ING024,2024-12-03,8390.0
ING024,2024-12-04,8390.0
ING024,2024-12-05,8420.0
ING024,2024-12-06,8420.0
ING024,2024-12-07,8420.0
ING024,2024-12-08,8420.0
ING024,2024-12-09,8440.0
ING024,2024-12-10,8430.0
ING024,2024-12-11,8450.0
ING024,2024-12-12,8460.0
ING024,2024-12-13,8460.0
ING024,2024-12-14,8480.0
ING024,2024-12-15,8460.0
ING024,2024-12-16,8470.0
ING024,2024-12-17,8480.0
ING024,2024-12-18,8460.0
ING024,2024-12-19,8470.0
ING024,2024-12-20,8470.0
ING024,2024-12-21,8470.0
ING024,2024-12-22,8480.0
ING024,2024-12-23,8470.0
ING024,2024-12-24,8480.0
ING024,2024-12-25,8480.0
ING024,2024-12-26,8470.0
ING024,2024-12-27,8480.0
ING024,2024-12-28,8470.0
ING024,2024-12-29,8450.0
ING024,2024-12-30,8420.0
ING024,2024-12-31,8440.0
ING024,2025-01-01,8420.0
ING024,2025-01-02,8430.0
ING024,2025-01-03,8430.0
ING024,2025-01-04,8430.0
ING024,2025-01-05,8460.0
ING024,2025-01-06,8470.0
ING024,2025-01-07,8480.0
ING024,2025-01-08,8480.0
ING024,2025-01-09,8480.0
ING024,2025-01-10,8480.0
ING024,2025-01-11,8510.0
ING024,2025-01-12,8520.0
ING024,2025-01-13,8550.0
ING024,2025-01-14,8550.0
ING024,2025-01-15,8540.0
ING024,2025-01-16,8530.0
ING024,2025-01-17,8510.0
ING024,2025-01-18,8520.0
ING024,2025-01-19,8510.0
ING024,2025-01-20,8460.0
ING024,2025-01-21,8500.0
ING024,2025-01-22,8490.0
ING024,2025-01-23,8480.0
ING024,2025-01-24,8510.0
ING024,2025-01-25,8490.0
ING024,2025-01-26,8510.0
ING024,2025-01-27,8500.0
ING024,2025-01-28,8480.0
ING024,2025-01-29,8510.0
ING024,2025-01-30,8520.0
ING024,2025-01-31,8540.0
ING024,2025-02-01,8540.0
ING024,2025-02-02,8550.0
ING024,2025-02-03,8530.0
ING024,2025-02-04,8530.0
ING024,2025-02-05,8510.0
ING024,2025-02-06,8490.0
ING024,2025-02-07,8500.0
ING024,2025-02-08,8520.0
ING024,2025-02-09,8510.0
ING024,2025-02-10,8510.0
ING024,2025-02-11,8490.0
ING024,2025-02-12,8490.0
ING024,2025-02-13,8510.0
ING024,2025-02-14,8520.0
ING024,2025-02-15,8530.0
ING024,2025-02-16,8520.0
ING024,2025-02-17,8510.0
ING024,2025-02-18,8520.0
ING024,2025-02-19,8530.0
ING024,2025-02-20,8530.0
ING024,2025-02-21,8520.0
ING024,2025-02-22,8540.0
ING024,2025-02-23,8540.0
ING024,2025-02-24,8550.0
ING024,2025-02-25,8540.0
ING024,2025-02-26,8530.0
ING024,2025-02-27,8550.0
ING024,2025-02-28,8550.0
ING024,2025-03-01,8540.0
ING024,2025-03-02,8520.0
ING024,2025-03-03,8500.0
ING024,2025-03-04,8500.0
ING024,2025-03-05,8530.0
ING024,2025-03-06,8520.0
ING024,2025-03-07,8540.0
ING024,2025-03-08,8540.0
ING024,2025-03-09,8520.0
ING024,2025-03-10,8520.0
ING024,2025-03-11,8500.0
ING024,2025-03-12,8490.0
ING024,2025-03-13,8470.0
ING024,2025-03-14,8450.0
ING024,2025-03-15,8480.0
ING024,2025-03-16,8480.0
ING024,2025-03-17,8480.0
ING024,2025-03-18,8480.0
ING024,2025-03-19,8470.0
ING024,2025-03-20,8430.0
ING024,2025-03-21,8490.0
ING024,2025-03-22,8490.0
ING024,2025-03-23,8490.0
ING024,2025-03-24,8460.0
ING024,2025-03-25,8440.0
ING024,2025-03-26,8470.0
ING024,2025-03-27,8500.0
ING024,2025-03-28,8520.0
ING024,2025-03-29,8500.0
ING024,2025-03-30,8530.0
ING024,2025-03-31,8540.0
ING024,2025-04-01,8550.0
ING024,2025-04-02,8560.0
ING024,2025-04-03,8530.0
ING024,2025-04-04,8510.0
ING024,2025-04-05,8510.0
ING024,2025-04-06,8520.0
ING024,2025-04-07,8500.0
ING024,2025-04-08,8500.0
ING024,2025-04-09,8500.0
ING024,2025-04-10,8520.0
ING024,2025-04-11,8530.0
ING024,2025-04-12,8520.0
ING024,2025-04-13,8540.0
ING024,2025-04-14,8530.0
ING024,2025-04-15,8550.0
ING024,2025-04-16,8540.0
ING024,2025-04-17,8540.0
ING024,2025-04-18,8550.0
ING024,2025-04-19,8550.0
ING024,2025-04-20,8570.0
ING024,2025-04-21,8570.0
ING024,2025-04-22,8590.0
ING024,2025-04-23,8590.0
ING024,2025-04-24,8570.0
ING024,2025-04-25,8580.0
ING024,2025-04-26,8570.0
ING024,2025-04-27,8550.0
ING024,2025-04-28,8550.0
ING024,2025-04-29,8550.0
ING024,2025-04-30,8560.0
ING024,2025-05-01,8580.0
ING024,2025-05-02,8600.0
ING024,2025-05-03,8600.0
ING024,2025-05-04,8610.0
ING024,2025-05-05,8610.0
ING024,2025-05-06,8620.0
ING024,2025-05-07,8630.0
ING024,2025-05-08,8630.0
ING024,2025-05-09,8660.0
ING024,2025-05-10,8650.0
ING024,2025-05-11,8670.0
ING024,2025-05-12,8640.0
ING024,2025-05-13,8650.0
ING024,2025-05-14,8670.0
ING024,2025-05-15,8640.0
ING024,2025-05-16,8640.0
ING024,2025-05-17,8650.0
ING024,2025-05-18,8650.0
ING024,2025-05-19,8650.0
ING024,2025-05-20,8650.0
ING024,2025-05-21,8630.0
ING024,2025-05-22,8670.0
ING024,2025-05-23,8660.0
ING024,2025-05-24,8660.0
ING024,2025-05-25,8650.0
ING024,2025-05-26,8610.0
ING024,2025-05-27,8600.0
ING024,2025-05-28,8570.0
ING024,2025-05-29,8590.0
ING024,2025-05-30,8590.0
ING024,2025-05-31,8580.0
ING024,2025-06-01,8560.0
ING024,2025-06-02,8570.0
ING024,2025-06-03,8560.0
ING024,2025-06-04,8580.0
ING024,2025-06-05,8580.0
ING024,2025-06-06,8580.0
ING024,2025-06-07,8590.0
ING024,2025-06-08,8590.0
ING024,2025-06-09,8600.0
ING024,2025-06-10,8570.0
ING024,2025-06-11,8580.0
ING024,2025-06-12,8580.0
ING024,2025-06-13,8610.0
ING024,2025-06-14,8600.0
ING024,2025-06-15,8630.0
ING024,2025-06-16,8640.0
ING024,2025-06-17,8620.0
ING024,2025-06-18,8600.0
ING024,2025-06-19,8630.0
ING024,2025-06-20,8650.0
ING024,2025-06-21,8650.0
ING024,2025-06-22,8650.0
ING024,2025-06-23,8630.0
ING024,2025-06-24,8650.0
ING024,2025-06-25,8630.0
ING024,2025-06-26,8650.0
ING024,2025-06-27,8670.0
ING024,2025-06-28,8670.0
ING024,2025-06-29,8680.0
ING024,2025-06-30,8710.0
ING024,2025-07-01,8710.0
ING024,2025-07-02,8700.0
ING024,2025-07-03,8700.0
ING024,2025-07-04,8690.0
ING024,2025-07-05,8670.0
ING024,2025-07-06,8680.0
ING024,2025-07-07,8670.0
ING024,2025-07-08,8680.0
ING024,2025-07-09,8650.0
ING024,2025-07-10,8650.0
ING024,2025-07-11,8670.0
ING024,2025-07-12,8650.0
ING024,2025-07-13,8650.0
ING024,2025-07-14,8620.0
ING024,2025-07-15,8600.0
ING024,2025-07-16,8620.0
ING024,2025-07-17,8610.0
ING024,2025-07-18,8640.0
ING024,2025-07-19,8650.0
ING024,2025-07-20,8660.0
ING024,2025-07-21,8640.0
ING024,2025-07-22,8640.0
ING024,2025-07-23,8630.0
ING024,2025-07-24,8610.0
ING024,2025-07-25,8620.0
ING024,2025-07-26,8640.0
ING024,2025-07-27,8650.0
ING024,2025-07-28,8640.0
ING024,2025-07-29,8640.0
ING024,2025-07-30,8610.0
ING024,2025-07-31,8640.0
ING024,2025-08-01,8620.0
ING024,2025-08-02,8600.0
ING024,2025-08-03,8610.0
ING024,2025-08-04,8610.0
ING024,2025-08-05,8620.0
ING024,2025-08-06,8600.0
ING024,2025-08-07,8620.0
ING024,2025-08-08,8600.0
ING024,2025-08-09,8580.0
ING024,2025-08-10,8580.0
ING024,2025-08-11,8570.0
ING024,2025-08-12,8590.0
ING024,2025-08-13,8580.0
ING024,2025-08-14,8610.0
ING024,2025-08-15,8630.0
ING024,2025-08-16,8650.0
ING024,2025-08-17,8680.0
ING024,2025-08-18,8680.0
ING024,2025-08-19,8670.0
ING024,2025-08-20,8670.0
ING024,2025-08-21,8660.0
ING024,2025-08-22,8650.0
ING024,2025-08-23,8650.0
ING024,2025-08-24,8650.0
ING024,2025-08-25,8640.0
ING024,2025-08-26,8640.0
ING024,2025-08-27,8650.0
ING024,2025-08-28,8670.0
ING024,2025-08-29,8640.0
ING024,2025-08-30,8640.0
ING024,2025-08-31,8640.0
ING024,2025-09-01,8620.0
ING024,2025-09-02,8630.0
ING024,2025-09-03,8630.0
ING024,2025-09-04,8640.0
ING024,2025-09-05,8650.0
ING024,2025-09-06,8640.0
ING024,2025-09-07,8670.0
ING024,2025-09-08,8690.0
ING024,2025-09-09,8700.0
ING024,2025-09-10,8710.0
ING024,2025-09-11,8720.0
ING024,2025-09-12,8740.0
ING024,2025-09-13,8740.0
ING024,2025-09-14,8730.0
ING024,2025-09-15,8740.0
ING024,2025-09-16,8770.0
ING024,2025-09-17,8790.0
ING024,2025-09-18,8790.0
ING024,2025-09-19,8800.0
ING024,2025-09-20,8800.0
ING024,2025-09-21,8820.0
ING024,2025-09-22,8830.0
ING024,2025-09-23,8820.0
ING024,2025-09-24,8840.0
ING024,2025-09-25,8840.0
ING024,2025-09-26,8840.0
ING024,2025-09-27,8860.0
ING024,2025-09-28,8860.0
ING024,2025-09-29,8870.0
ING024,2025-09-30,8860.0
ING024,2025-10-01,8870.0
ING024,2025-10-02,8880.0
ING024,2025-10-03,8870.0
ING024,2025-10-04,8880.0
ING024,2025-10-05,8910.0
ING024,2025-10-06,8890.0
ING024,2025-10-07,8870.0
ING024,2025-10-08,8900.0
ING024,2025-10-09,8900.0
ING024,2025-10-10,8890.0
ING024,2025-10-11,8880.0
ING024,2025-10-12,8900.0
ING024,2025-10-13,8930.0
ING024,2025-10-14,8910.0
ING024,2025-10-15,8900.0
ING024,2025-10-16,8890.0
ING024,2025-10-17,8890.0
ING024,2025-10-18,8900.0
ING024,2025-10-19,8920.0
ING024,2025-10-20,8920.0
ING024,2025-10-21,8950.0
ING024,2025-10-22,8930.0
ING024,2025-10-23,8910.0
ING024,2025-10-24,8930.0
ING024,2025-10-25,8920.0
ING024,2025-10-26,8890.0
ING024,2025-10-27,8880.0
ING024,2025-10-28,8870.0
ING024,2025-10-29,8860.0
ING024,2025-10-30,8830.0
ING024,2025-10-31,8830.0
ING024,2025-11-01,8810.0
ING024,2025-11-02,8810.0
ING024,2025-11-03,8780.0
ING024,2025-11-04,8780.0
ING024,2025-11-05,8790.0
ING024,2025-11-06,8780.0
ING024,2025-11-07,8800.0
ING024,2025-11-08,8770.0
ING024,2025-11-09,8760.0
ING024,2025-11-10,8760.0
ING024,2025-11-11,8770.0
ING024,2025-11-12,8770.0
ING024,2025-11-13,8810.0
ING024,2025-11-14,8790.0
ING024,2025-11-15,8770.0
ING024,2025-11-16,8790.0
ING024,2025-11-17,8770.0
ING024,2025-11-18,8780.0
ING024,2025-11-19,8760.0
ING024,2025-11-20,8730.0
ING024,2025-11-21,8730.0
ING024,2025-11-22,8740.0
ING024,2025-11-23,8730.0
ING024,2025-11-24,8740.0
ING024,2025-11-25,8750.0
ING024,2025-11-26,8730.0
ING024,2025-11-27,8730.0
ING024,2025-11-28,8760.0
ING024,2025-11-29,8770.0
ING024,2025-11-30,8760.0
ING024,2025-12-01,8770.0
ING024,2025-12-02,8760.0
ING024,2025-12-03,8780.0
ING024,2025-12-04,8800.0
ING024,2025-12-05,8800.0
ING024,2025-12-06,8800.0
ING024,2025-12-07,8780.0
ING024,2025-12-08,8760.0
ING024,2025-12-09,8760.0
ING024,2025-12-10,8760.0
ING024,2025-12-11,8780.0
ING024,2025-12-12,8790.0
ING024,2025-12-13,8790.0
ING024,2025-12-14,8810.0
ING024,2025-12-15,8800.0
ING024,2025-12-16,8810.0
ING024,2025-12-17,8800.0
ING024,2025-12-18,8820.0
ING024,2025-12-19,8820.0
ING024,2025-12-20,8780.0
ING024,2025-12-21,8800.0
ING024,2025-12-22,8810.0
ING024,2025-12-23,8800.0
ING024,2025-12-24,8790.0
ING024,2025-12-25,8790.0
ING024,2025-12-26,8760.0
ING024,2025-12-27,8730.0
ING024,2025-12-28,8750.0
ING024,2025-12-29,8740.0
ING024,2025-12-30,8770.0
ING024,2025-12-31,8800.0
ING024,2026-01-01,8820.0
ING024,2026-01-02,8810.0
ING024,2026-01-03,8780.0
ING024,2026-01-04,8770.0
ING024,2026-01-05,8760.0
ING024,2026-01-06,8730.0
ING024,2026-01-07,8720.0
ING024,2026-01-08,8720.0
ING024,2026-01-09,8710.0
ING024,2026-01-10,8700.0
ING024,2026-01-11,8700.0
ING024,2026-01-12,8710.0
ING024,2026-01-13,8700.0
ING024,2026-01-14,8710.0
ING024,2026-01-15,8720.0
ING024,2026-01-16,8720.0
ING024,2026-01-17,8720.0
ING024,2026-01-18,8700.0
ING024,2026-01-19,8730.0
ING024,2026-01-20,8750.0
ING024,2026-01-21,8770.0
ING024,2026-01-22,8770.0
ING024,2026-01-23,8770.0
ING024,2026-01-24,8780.0
ING024,2026-01-25,8750.0
ING024,2026-01-26,8740.0
ING024,2026-01-27,8730.0
ING024,2026-01-28,8730.0
ING024,2026-01-29,8720.0
ING024,2026-01-30,8730.0
ING024,2026-01-31,8740.0
ING024,2026-02-01,8760.0
ING024,2026-02-02,8810.0
ING024,2026-02-03,8790.0
ING024,2026-02-04,8790.0
ING024,2026-02-05,8800.0
ING024,2026-02-06,8800.0
ING024,2026-02-07,8780.0
ING024,2026-02-08,8770.0
ING024,2026-02-09,8780.0
ING024,2026-02-10,8760.0
ING024,2026-02-11,8770.0
ING024,2026-02-12,8770.0
ING024,2026-02-13,8780.0
ING024,2026-02-14,8760.0
ING024,2026-02-15,8770.0
ING024,2026-02-16,8760.0
ING024,2026-02-17,8770.0
ING024,2026-02-18,8790.0
ING024,2026-02-19,8800.0
ING024,2026-02-20,8810.0
ING024,2026-02-21,8820.0
ING024,2026-02-22,8800.0
ING024,2026-02-23,8830.0
ING024,2026-02-24,8810.0
ING024,2026-02-25,8830.0
ING024,2026-02-26,8840.0
ING024,2026-02-27,8830.0
ING024,2026-02-28,8850.0
ING024,2026-03-01,8850.0
ING024,2026-03-02,8890.0
ING024,2026-03-03,8890.0
ING024,2026-03-04,8880.0
ING024,2026-03-05,8870.0
ING024,2026-03-06,8850.0
ING024,2026-03-07,8840.0
ING024,2026-03-08,8840.0
ING024,2026-03-09,8840.0
ING024,2026-03-10,8820.0
ING024,2026-03-11,8820.0
ING024,2026-03-12,8830.0
ING024,2026-03-13,8840.0
ING024,2026-03-14,8810.0
ING024,2026-03-15,8830.0
ING024,2026-03-16,8830.0
ING024,2026-03-17,8830.0
ING024,2026-03-18,8790.0
ING024,2026-03-19,8820.0
ING024,2026-03-20,8820.0
ING024,2026-03-21,8800.0
ING024,2026-03-22,8810.0
ING024,2026-03-23,8820.0
ING024,2026-03-24,8840.0
ING024,2026-03-25,8840.0
ING024,2026-03-26,8840.0
ING024,2026-03-27,8830.0
ING024,2026-03-28,8840.0
ING024,2026-03-29,8830.0
ING024,2026-03-30,8820.0
ING024,2026-03-31,8820.0
ING024,2026-04-01,8810.0
ING024,2026-04-02,8840.0
ING024,2026-04-03,8870.0
ING024,2026-04-04,8860.0
ING024,2026-04-05,8840.0
ING024,2026-04-06,8850.0
ING024,2026-04-07,8840.0
ING024,2026-04-08,8860.0
ING024,2026-04-09,8850.0
ING024,2026-04-10,8860.0
ING024,2026-04-11,8870.0
ING024,2026-04-12,8860.0
ING024,2026-04-13,8860.0
ING024,2026-04-14,8880.0
ING024,2026-04-15,8880.0
ING024,2026-04-16,8880.0
ING024,2026-04-17,8870.0
ING024,2026-04-18,8890.0
ING024,2026-04-19,8910.0
ING024,2026-04-20,8900.0
ING024,2026-04-21,8900.0
ING024,2026-04-22,8920.0
ING024,2026-04-23,8900.0
ING024,2026-04-24,8910.0
ING024,2026-04-25,8900.0
ING024,2026-04-26,8930.0
ING024,2026-04-27,8930.0
ING024,2026-04-28,8950.0
ING024,2026-04-29,8930.0
ING024,2026-04-30,8910.0
ING024,2026-05-01,8910.0
ING024,2026-05-02,8910.0
ING024,2026-05-03,8900.0
ING024,2026-05-04,8920.0
ING024,2026-05-05,8910.0
ING024,2026-05-06,8880.0
ING024,2026-05-07,8890.0
ING024,2026-05-08,8880.0
ING024,2026-05-09,8870.0
ING024,2026-05-10,8900.0
ING024,2026-05-11,8930.0
ING024,2026-05-12,8920.0
ING024,2026-05-13,8930.0
ING024,2026-05-14,8920.0
ING024,2026-05-15,8910.0
ING024,2026-05-16,8910.0
ING024,2026-05-17,8880.0
ING024,2026-05-18,8880.0
ING024,2026-05-19,8890.0
ING024,2026-05-20,8880.0
ING024,2026-05-21,8900.0
ING024,2026-05-22,8890.0
ING024,2026-05-23,8890.0
ING024,2026-05-24,8900.0
ING024,2026-05-25,8870.0
ING024,2026-05-26,8890.0
ING024,2026-05-27,8890.0
ING024,2026-05-28,8900.0
ING024,2026-05-29,8930.0
ING024,2026-05-30,8940.0
ING024,2026-05-31,8920.0
ING024,2026-06-01,8900.0
ING024,2026-06-02,8880.0
ING024,2026-06-03,8900.0
ING024,2026-06-04,8900.0
ING024,2026-06-05,8890.0
ING024,2026-06-06,8890.0
ING024,2026-06-07,8910.0
ING024,2026-06-08,8930.0
ING024,2026-06-09,8940.0
ING024,2026-06-10,8950.0
ING024,2026-06-11,8950.0
ING024,2026-06-12,8950.0
ING024,2026-06-13,8960.0
ING024,2026-06-14,8960.0
ING024,2026-06-15,8970.0
ING024,2026-06-16,8970.0
ING024,2026-06-17,8960.0
ING024,2026-06-18,8970.0
ING024,2026-06-19,8970.0
ING024,2026-06-20,8980.0
ING024,2026-06-21,8970.0
ING024,2026-06-22,8990.0
ING024,2026-06-23,8980.0
ING024,2026-06-24,8990.0
ING024,2026-06-25,8980.0
ING024,2026-06-26,8980.0
ING024,2026-06-27,8990.0
ING024,2026-06-28,8980.0
ING024,2026-06-29,9010.0
ING024,2026-06-30,9020.0
ING025,2023-07-01,28000.0
ING025,2023-07-02,28060.0
ING025,2023-07-03,28020.0
ING025,2023-07-04,28090.0
ING025,2023-07-05,28150.0
ING025,2023-07-06,28230.0
ING025,2023-07-07,28190.0
ING025,2023-07-08,28090.0
ING025,2023-07-09,28050.0
ING025,2023-07-10,28030.0
ING025,2023-07-11,28140.0
ING025,2023-07-12,28290.0
ING025,2023-07-13,28300.0
ING025,2023-07-14,28290.0
ING025,2023-07-15,28250.0
ING025,2023-07-16,28300.0
ING025,2023-07-17,28440.0
ING025,2023-07-18,28550.0
ING025,2023-07-19,28600.0
ING025,2023-07-20,28650.0
ING025,2023-07-21,28680.0
ING025,2023-07-22,28650.0
ING025,2023-07-23,28570.0
ING025,2023-07-24,28540.0
ING025,2023-07-25,28550.0
ING025,2023-07-26,28420.0
ING025,2023-07-27,28390.0
ING025,2023-07-28,28320.0
ING025,2023-07-29,28380.0
ING025,2023-07-30,28330.0
ING025,2023-07-31,28340.0
ING025,2023-08-01,28280.0
ING025,2023-08-02,28380.0
ING025,2023-08-03,28250.0
ING025,2023-08-04,28270.0
ING025,2023-08-05,28180.0
ING025,2023-08-06,28140.0
ING025,2023-08-07,28150.0
ING025,2023-08-08,28170.0
ING025,2023-08-09,28180.0
ING025,2023-08-10,28190.0
ING025,2023-08-11,28140.0
ING025,2023-08-12,28130.0
ING025,2023-08-13,28130.0
ING025,2023-08-14,28140.0
ING025,2023-08-15,28140.0
ING025,2023-08-16,28190.0
ING025,2023-08-17,28190.0
ING025,2023-08-18,28210.0
ING025,2023-08-19,28180.0
ING025,2023-08-20,28100.0
ING025,2023-08-21,28120.0
ING025,2023-08-22,28200.0
ING025,2023-08-23,28230.0
ING025,2023-08-24,28170.0
ING025,2023-08-25,28230.0
ING025,2023-08-26,28200.0
ING025,2023-08-27,28250.0
ING025,2023-08-28,28220.0
ING025,2023-08-29,28240.0
ING025,2023-08-30,28200.0
ING025,2023-08-31,28170.0
ING025,2023-09-01,28060.0
ING025,2023-09-02,28100.0
ING025,2023-09-03,28130.0
ING025,2023-09-04,28170.0
ING025,2023-09-05,28190.0
ING025,2023-09-06,28130.0
ING025,2023-09-07,28210.0
ING025,2023-09-08,28280.0
ING025,2023-09-09,28220.0
ING025,2023-09-10,28260.0
ING025,2023-09-11,28310.0
ING025,2023-09-12,28280.0
ING025,2023-09-13,28250.0
ING025,2023-09-14,28290.0
ING025,2023-09-15,28180.0
ING025,2023-09-16,28110.0
ING025,2023-09-17,28050.0
ING025,2023-09-18,27930.0
ING025,2023-09-19,28020.0
ING025,2023-09-20,27890.0
ING025,2023-09-21,27940.0
ING025,2023-09-22,28010.0
ING025,2023-09-23,28000.0
ING025,2023-09-24,27970.0
ING025,2023-09-25,28000.0
ING025,2023-09-26,28010.0
ING025,2023-09-27,28090.0
ING025,2023-09-28,27920.0
ING025,2023-09-29,27870.0
ING025,2023-09-30,27930.0
ING025,2023-10-01,27950.0
ING025,2023-10-02,28020.0
ING025,2023-10-03,28050.0
ING025,2023-10-04,28060.0
ING025,2023-10-05,28050.0
ING025,2023-10-06,28220.0
ING025,2023-10-07,28330.0
ING025,2023-10-08,28370.0
ING025,2023-10-09,28370.0
ING025,2023-10-10,28400.0
ING025,2023-10-11,28460.0
ING025,2023-10-12,28480.0
ING025,2023-10-13,28420.0
ING025,2023-10-14,28540.0
ING025,2023-10-15,28550.0
ING025,2023-10-16,28680.0
ING025,2023-10-17,28670.0
ING025,2023-10-18,28640.0
ING025,2023-10-19,28720.0
ING025,2023-10-20,28720.0
ING025,2023-10-21,28710.0
ING025,2023-10-22,28610.0
ING025,2023-10-23,28640.0
ING025,2023-10-24,28590.0
ING025,2023-10-25,28550.0
ING025,2023-10-26,28510.0
ING025,2023-10-27,28530.0
ING025,2023-10-28,28410.0
ING025,2023-10-29,28400.0
ING025,2023-10-30,28460.0
ING025,2023-10-31,28370.0
ING025,2023-11-01,28390.0
ING025,2023-11-02,28340.0
ING025,2023-11-03,28310.0
ING025,2023-11-04,28430.0
ING025,2023-11-05,28320.0
ING025,2023-11-06,28370.0
ING025,2023-11-07,28340.0
ING025,2023-11-08,28310.0
ING025,2023-11-09,28230.0
ING025,2023-11-10,28300.0
ING025,2023-11-11,28290.0
ING025,2023-11-12,28270.0
ING025,2023-11-13,28290.0
ING025,2023-11-14,28280.0
ING025,2023-11-15,28150.0
ING025,2023-11-16,28130.0
ING025,2023-11-17,28210.0
ING025,2023-11-18,28110.0
ING025,2023-11-19,28050.0
ING025,2023-11-20,28040.0
ING025,2023-11-21,28010.0
ING025,2023-11-22,28030.0
ING025,2023-11-23,27970.0
ING025,2023-11-24,27970.0
ING025,2023-11-25,27990.0
ING025,2023-11-26,28060.0
ING025,2023-11-27,28170.0
ING025,2023-11-28,28160.0
ING025,2023-11-29,28310.0
ING025,2023-11-30,28300.0
ING025,2023-12-01,28370.0
ING025,2023-12-02,28510.0
ING025,2023-12-03,28520.0
ING025,2023-12-04,28420.0
ING025,2023-12-05,28430.0
ING025,2023-12-06,28390.0
ING025,2023-12-07,28380.0
ING025,2023-12-08,28520.0
ING025,2023-12-09,28430.0
ING025,2023-12-10,28460.0
ING025,2023-12-11,28400.0
ING025,2023-12-12,28380.0
ING025,2023-12-13,28440.0
ING025,2023-12-14,28470.0
ING025,2023-12-15,28450.0
ING025,2023-12-16,28410.0
ING025,2023-12-17,28440.0
ING025,2023-12-18,28560.0
ING025,2023-12-19,28500.0
ING025,2023-12-20,28630.0
ING025,2023-12-21,28710.0
ING025,2023-12-22,28800.0
ING025,2023-12-23,28810.0
ING025,2023-12-24,28880.0
ING025,2023-12-25,28790.0
ING025,2023-12-26,28730.0
ING025,2023-12-27,28770.0
ING025,2023-12-28,28780.0
ING025,2023-12-29,28760.0
ING025,2023-12-30,28580.0
ING025,2023-12-31,28550.0
ING025,2024-01-01,28460.0
ING025,2024-01-02,28500.0
ING025,2024-01-03,28490.0
ING025,2024-01-04,28450.0
ING025,2024-01-05,28640.0
ING025,2024-01-06,28710.0
ING025,2024-01-07,28780.0
ING025,2024-01-08,28930.0
ING025,2024-01-09,28970.0
ING025,2024-01-10,28890.0
ING025,2024-01-11,28820.0
ING025,2024-01-12,28870.0
ING025,2024-01-13,28710.0
ING025,2024-01-14,28700.0
ING025,2024-01-15,28550.0
ING025,2024-01-16,28560.0
ING025,2024-01-17,28620.0
ING025,2024-01-18,28640.0
ING025,2024-01-19,28700.0
ING025,2024-01-20,28840.0
ING025,2024-01-21,28820.0
ING025,2024-01-22,29000.0
ING025,2024-01-23,29000.0
ING025,2024-01-24,29050.0
ING025,2024-01-25,28990.0
ING025,2024-01-26,29080.0
ING025,2024-01-27,29130.0
ING025,2024-01-28,29210.0
ING025,2024-01-29,29190.0
ING025,2024-01-30,29070.0
ING025,2024-01-31,29080.0
ING025,2024-02-01,28940.0
ING025,2024-02-02,28910.0
ING025,2024-02-03,28910.0
ING025,2024-02-04,29060.0
ING025,2024-02-05,29060.0
ING025,2024-02-06,29060.0
ING025,2024-02-07,29030.0
ING025,2024-02-08,28920.0
ING025,2024-02-09,28910.0
ING025,2024-02-10,28910.0
ING025,2024-02-11,28830.0
ING025,2024-02-12,28740.0
ING025,2024-02-13,28710.0
ING025,2024-02-14,28710.0
ING025,2024-02-15,28680.0
ING025,2024-02-16,28610.0
ING025,2024-02-17,28630.0
ING025,2024-02-18,28670.0
ING025,2024-02-19,28680.0
ING025,2024-02-20,28650.0
ING025,2024-02-21,28690.0
ING025,2024-02-22,28680.0
ING025,2024-02-23,28600.0
ING025,2024-02-24,28680.0
ING025,2024-02-25,28710.0
ING025,2024-02-26,28700.0
ING025,2024-02-27,28590.0
ING025,2024-02-28,28550.0
ING025,2024-02-29,28700.0
ING025,2024-03-01,28590.0
ING025,2024-03-02,28580.0
ING025,2024-03-03,28590.0
ING025,2024-03-04,28620.0
ING025,2024-03-05,28520.0
ING025,2024-03-06,28550.0
ING025,2024-03-07,28440.0
ING025,2024-03-08,28460.0
ING025,2024-03-09,28430.0
ING025,2024-03-10,28390.0
ING025,2024-03-11,28470.0
ING025,2024-03-12,28470.0
ING025,2024-03-13,28520.0
ING025,2024-03-14,28570.0
ING025,2024-03-15,28670.0
ING025,2024-03-16,28590.0
ING025,2024-03-17,28660.0
ING025,2024-03-18,28670.0
ING025,2024-03-19,28650.0
ING025,2024-03-20,28580.0
ING025,2024-03-21,28630.0
ING025,2024-03-22,28580.0
ING025,2024-03-23,28630.0
ING025,2024-03-24,28770.0
ING025,2024-03-25,28840.0
ING025,2024-03-26,28940.0
ING025,2024-03-27,28880.0
ING025,2024-03-28,28930.0
ING025,2024-03-29,28850.0
ING025,2024-03-30,28830.0
ING025,2024-03-31,28950.0
ING025,2024-04-01,28910.0
ING025,2024-04-02,28980.0
ING025,2024-04-03,29040.0
ING025,2024-04-04,29110.0
ING025,2024-04-05,29010.0
ING025,2024-04-06,29040.0
ING025,2024-04-07,29020.0
ING025,2024-04-08,29090.0
ING025,2024-04-09,28960.0
ING025,2024-04-10,28980.0
ING025,2024-04-11,28990.0
ING025,2024-04-12,28850.0
ING025,2024-04-13,28790.0
ING025,2024-04-14,28660.0
ING025,2024-04-15,28620.0
ING025,2024-04-16,28680.0
ING025,2024-04-17,28700.0
ING025,2024-04-18,28720.0
ING025,2024-04-19,28660.0
ING025,2024-04-20,28750.0
ING025,2024-04-21,28760.0
ING025,2024-04-22,28770.0
ING025,2024-04-23,28840.0
ING025,2024-04-24,28770.0
ING025,2024-04-25,28800.0
ING025,2024-04-26,28830.0
ING025,2024-04-27,28800.0
ING025,2024-04-28,28850.0
ING025,2024-04-29,28890.0
ING025,2024-04-30,28880.0
ING025,2024-05-01,28880.0
ING025,2024-05-02,28920.0
ING025,2024-05-03,28970.0
ING025,2024-05-04,28980.0
ING025,2024-05-05,29050.0
ING025,2024-05-06,29090.0
ING025,2024-05-07,28960.0
ING025,2024-05-08,28860.0
ING025,2024-05-09,28950.0
ING025,2024-05-10,28930.0
ING025,2024-05-11,28950.0
ING025,2024-05-12,29030.0
ING025,2024-05-13,29020.0
ING025,2024-05-14,29020.0
ING025,2024-05-15,28960.0
ING025,2024-05-16,28990.0
ING025,2024-05-17,29030.0
ING025,2024-05-18,28990.0
ING025,2024-05-19,28920.0
ING025,2024-05-20,29110.0
ING025,2024-05-21,29100.0
ING025,2024-05-22,29050.0
ING025,2024-05-23,29090.0
ING025,2024-05-24,29080.0
ING025,2024-05-25,29000.0
ING025,2024-05-26,29040.0
ING025,2024-05-27,28980.0
ING025,2024-05-28,29090.0
ING025,2024-05-29,29120.0
ING025,2024-05-30,29100.0
ING025,2024-05-31,29100.0
ING025,2024-06-01,29160.0
ING025,2024-06-02,29170.0
ING025,2024-06-03,29310.0
ING025,2024-06-04,29380.0
ING025,2024-06-05,29390.0
ING025,2024-06-06,29310.0
ING025,2024-06-07,29290.0
ING025,2024-06-08,29310.0
ING025,2024-06-09,29240.0
ING025,2024-06-10,29320.0
ING025,2024-06-11,29240.0
ING025,2024-06-12,29190.0
ING025,2024-06-13,29140.0
ING025,2024-06-14,29190.0
ING025,2024-06-15,29130.0
ING025,2024-06-16,29000.0
ING025,2024-06-17,29080.0
ING025,2024-06-18,29050.0
ING025,2024-06-19,28980.0
ING025,2024-06-20,28930.0
ING025,2024-06-21,29060.0
ING025,2024-06-22,29010.0
ING025,2024-06-23,29010.0
ING025,2024-06-24,28980.0
ING025,2024-06-25,28900.0
ING025,2024-06-26,28860.0
ING025,2024-06-27,28780.0
ING025,2024-06-28,28860.0
ING025,2024-06-29,28880.0
ING025,2024-06-30,29070.0
ING025,2024-07-01,29020.0
ING025,2024-07-02,28970.0
ING025,2024-07-03,29080.0
ING025,2024-07-04,29160.0
ING025,2024-07-05,29190.0
ING025,2024-07-06,29110.0
ING025,2024-07-07,29230.0
ING025,2024-07-08,29220.0
ING025,2024-07-09,29190.0
ING025,2024-07-10,29260.0
ING025,2024-07-11,29260.0
ING025,2024-07-12,29170.0
ING025,2024-07-13,29170.0
ING025,2024-07-14,29120.0
ING025,2024-07-15,28910.0
ING025,2024-07-16,28860.0
ING025,2024-07-17,28840.0
ING025,2024-07-18,28780.0
ING025,2024-07-19,28840.0
ING025,2024-07-20,28800.0
ING025,2024-07-21,28850.0
ING025,2024-07-22,28780.0
ING025,2024-07-23,28870.0
ING025,2024-07-24,28790.0
ING025,2024-07-25,28650.0
ING025,2024-07-26,28760.0
ING025,2024-07-27,28730.0
ING025,2024-07-28,28870.0
ING025,2024-07-29,28930.0
ING025,2024-07-30,29000.0
ING025,2024-07-31,29080.0
ING025,2024-08-01,29100.0
ING025,2024-08-02,29110.0
ING025,2024-08-03,29210.0
ING025,2024-08-04,29220.0
ING025,2024-08-05,29170.0
ING025,2024-08-06,29210.0
ING025,2024-08-07,29060.0
ING025,2024-08-08,29160.0
ING025,2024-08-09,29260.0
ING025,2024-08-10,29350.0
ING025,2024-08-11,29420.0
ING025,2024-08-12,29410.0
ING025,2024-08-13,29390.0
ING025,2024-08-14,29300.0
ING025,2024-08-15,29420.0
ING025,2024-08-16,29380.0
ING025,2024-08-17,29400.0
ING025,2024-08-18,29410.0
ING025,2024-08-19,29310.0
ING025,2024-08-20,29180.0
ING025,2024-08-21,29190.0
ING025,2024-08-22,29160.0
ING025,2024-08-23,29160.0
ING025,2024-08-24,29240.0
ING025,2024-08-25,29260.0
ING025,2024-08-26,29320.0
ING025,2024-08-27,29350.0
ING025,2024-08-28,29320.0
ING025,2024-08-29,29250.0
ING025,2024-08-30,29270.0
ING025,2024-08-31,29280.0
ING025,2024-09-01,29350.0
ING025,2024-09-02,29330.0
ING025,2024-09-03,29310.0
ING025,2024-09-04,29300.0
ING025,2024-09-05,29230.0
ING025,2024-09-06,29340.0
ING025,2024-09-07,29420.0
ING025,2024-09-08,29330.0
ING025,2024-09-09,29390.0
ING025,2024-09-10,29260.0
ING025,2024-09-11,29330.0
ING025,2024-09-12,29280.0
ING025,2024-09-13,29310.0
ING025,2024-09-14,29180.0
ING025,2024-09-15,29100.0
ING025,2024-09-16,29150.0
ING025,2024-09-17,29110.0
ING025,2024-09-18,29060.0
ING025,2024-09-19,29180.0
ING025,2024-09-20,29340.0
ING025,2024-09-21,29410.0
ING025,2024-09-22,29330.0
ING025,2024-09-23,29460.0
ING025,2024-09-24,29340.0
ING025,2024-09-25,29320.0
ING025,2024-09-26,29330.0
ING025,2024-09-27,29470.0
ING025,2024-09-28,29530.0
ING025,2024-09-29,29490.0
ING025,2024-09-30,29420.0
ING025,2024-10-01,29490.0
ING025,2024-10-02,29450.0
ING025,2024-10-03,29460.0
ING025,2024-10-04,29360.0
ING025,2024-10-05,29410.0
ING025,2024-10-06,29440.0
ING025,2024-10-07,29350.0
ING025,2024-10-08,29430.0
ING025,2024-10-09,29470.0
ING025,2024-10-10,29520.0
ING025,2024-10-11,29490.0
ING025,2024-10-12,29500.0
ING025,2024-10-13,29500.0
ING025,2024-10-14,29490.0
ING025,2024-10-15,29500.0
ING025,2024-10-16,29580.0
ING025,2024-10-17,29650.0
ING025,2024-10-18,29560.0
ING025,2024-10-19,29620.0
ING025,2024-10-20,29700.0
ING025,2024-10-21,29680.0
ING025,2024-10-22,29700.0
ING025,2024-10-23,29720.0
ING025,2024-10-24,29650.0
ING025,2024-10-25,29620.0
ING025,2024-10-26,29660.0
ING025,2024-10-27,29620.0
ING025,2024-10-28,29680.0
ING025,2024-10-29,29760.0
ING025,2024-10-30,29830.0
ING025,2024-10-31,29950.0
ING025,2024-11-01,29920.0
ING025,2024-11-02,29910.0
ING025,2024-11-03,29920.0
ING025,2024-11-04,29890.0
ING025,2024-11-05,29910.0
ING025,2024-11-06,29770.0
ING025,2024-11-07,29770.0
ING025,2024-11-08,29660.0
ING025,2024-11-09,29590.0
ING025,2024-11-10,29640.0
ING025,2024-11-11,29620.0
ING025,2024-11-12,29660.0
ING025,2024-11-13,29640.0
ING025,2024-11-14,29710.0
ING025,2024-11-15,29690.0
ING025,2024-11-16,29540.0
ING025,2024-11-17,29560.0
ING025,2024-11-18,29410.0
ING025,2024-11-19,29310.0
ING025,2024-11-20,29260.0
ING025,2024-11-21,29210.0
ING025,2024-11-22,29190.0
ING025,2024-11-23,29130.0
ING025,2024-11-24,29060.0
ING025,2024-11-25,29190.0
ING025,2024-11-26,29160.0
ING025,2024-11-27,29030.0
ING025,2024-11-28,29030.0
ING025,2024-11-29,28980.0
ING025,2024-11-30,28950.0
ING025,2024-12-01,29030.0
ING025,2024-12-02,29030.0
ING025,2024-12-03,28970.0
ING025,2024-12-04,29040.0
ING025,2024-12-05,29150.0
ING025,2024-12-06,29210.0
ING025,2024-12-07,29060.0
ING025,2024-12-08,29010.0
ING025,2024-12-09,29040.0
ING025,2024-12-10,29050.0
ING025,2024-12-11,29060.0
ING025,2024-12-12,29020.0
ING025,2024-12-13,28950.0
ING025,2024-12-14,29120.0
ING025,2024-12-15,29150.0
ING025,2024-12-16,29220.0
ING025,2024-12-17,29240.0
ING025,2024-12-18,29270.0
ING025,2024-12-19,29280.0
ING025,2024-12-20,29220.0
ING025,2024-12-21,29140.0
ING025,2024-12-22,29190.0
ING025,2024-12-23,29230.0
ING025,2024-12-24,29310.0
ING025,2024-12-25,29380.0
ING025,2024-12-26,29340.0
ING025,2024-12-27,29440.0
ING025,2024-12-28,29500.0
ING025,2024-12-29,29560.0
ING025,2024-12-30,29720.0
ING025,2024-12-31,29860.0
ING025,2025-01-01,29900.0
ING025,2025-01-02,29930.0
ING025,2025-01-03,30000.0
ING025,2025-01-04,29940.0
ING025,2025-01-05,29890.0
ING025,2025-01-06,29930.0
ING025,2025-01-07,29850.0
ING025,2025-01-08,29890.0
ING025,2025-01-09,29890.0
ING025,2025-01-10,29820.0
ING025,2025-01-11,29820.0
ING025,2025-01-12,29910.0
ING025,2025-01-13,29900.0
ING025,2025-01-14,29900.0
ING025,2025-01-15,29910.0
ING025,2025-01-16,29940.0
ING025,2025-01-17,29900.0
ING025,2025-01-18,29920.0
ING025,2025-01-19,29840.0
ING025,2025-01-20,29780.0
ING025,2025-01-21,29730.0
ING025,2025-01-22,29760.0
ING025,2025-01-23,29770.0
ING025,2025-01-24,29760.0
ING025,2025-01-25,29810.0
ING025,2025-01-26,29840.0
ING025,2025-01-27,29810.0
ING025,2025-01-28,29740.0
ING025,2025-01-29,29680.0
ING025,2025-01-30,29580.0
ING025,2025-01-31,29600.0
ING025,2025-02-01,29550.0
ING025,2025-02-02,29530.0
ING025,2025-02-03,29530.0
ING025,2025-02-04,29620.0
ING025,2025-02-05,29690.0
ING025,2025-02-06,29690.0
ING025,2025-02-07,29790.0
ING025,2025-02-08,29650.0
ING025,2025-02-09,29790.0
ING025,2025-02-10,29840.0
ING025,2025-02-11,29840.0
ING025,2025-02-12,29780.0
ING025,2025-02-13,29750.0
ING025,2025-02-14,29800.0
ING025,2025-02-15,29840.0
ING025,2025-02-16,29890.0
ING025,2025-02-17,29840.0
ING025,2025-02-18,29770.0
ING025,2025-02-19,29790.0
ING025,2025-02-20,29840.0
ING025,2025-02-21,29840.0
ING025,2025-02-22,29950.0
ING025,2025-02-23,29950.0
ING025,2025-02-24,29940.0
ING025,2025-02-25,29980.0
ING025,2025-02-26,30060.0
ING025,2025-02-27,29960.0
ING025,2025-02-28,29880.0
ING025,2025-03-01,29850.0
ING025,2025-03-02,30080.0
ING025,2025-03-03,30050.0
ING025,2025-03-04,30030.0
ING025,2025-03-05,30070.0
ING025,2025-03-06,30120.0
ING025,2025-03-07,30120.0
ING025,2025-03-08,30190.0
ING025,2025-03-09,30100.0
ING025,2025-03-10,30030.0
ING025,2025-03-11,30110.0
ING025,2025-03-12,30100.0
ING025,2025-03-13,30000.0
ING025,2025-03-14,29900.0
ING025,2025-03-15,29850.0
ING025,2025-03-16,29850.0
ING025,2025-03-17,29890.0
ING025,2025-03-18,29860.0
ING025,2025-03-19,29890.0
ING025,2025-03-20,29870.0
ING025,2025-03-21,29950.0
ING025,2025-03-22,30130.0
ING025,2025-03-23,30090.0
ING025,2025-03-24,30120.0
ING025,2025-03-25,30140.0
ING025,2025-03-26,30140.0
ING025,2025-03-27,30180.0
ING025,2025-03-28,30200.0
ING025,2025-03-29,30150.0
ING025,2025-03-30,30240.0
ING025,2025-03-31,30240.0
ING025,2025-04-01,30200.0
ING025,2025-04-02,30350.0
ING025,2025-04-03,30330.0
ING025,2025-04-04,30330.0
ING025,2025-04-05,30320.0
ING025,2025-04-06,30300.0
ING025,2025-04-07,30310.0
ING025,2025-04-08,30240.0
ING025,2025-04-09,30270.0
ING025,2025-04-10,30130.0
ING025,2025-04-11,30030.0
ING025,2025-04-12,30160.0
ING025,2025-04-13,30060.0
ING025,2025-04-14,29920.0
ING025,2025-04-15,29840.0
ING025,2025-04-16,29970.0
ING025,2025-04-17,29850.0
ING025,2025-04-18,29790.0
ING025,2025-04-19,29700.0
ING025,2025-04-20,29690.0
ING025,2025-04-21,29680.0
ING025,2025-04-22,29660.0
ING025,2025-04-23,29810.0
ING025,2025-04-24,29740.0
ING025,2025-04-25,29750.0
ING025,2025-04-26,29790.0
ING025,2025-04-27,29730.0
ING025,2025-04-28,29780.0
ING025,2025-04-29,29770.0
ING025,2025-04-30,29810.0
ING025,2025-05-01,29810.0
ING025,2025-05-02,29680.0
ING025,2025-05-03,29790.0
ING025,2025-05-04,29950.0
ING025,2025-05-05,29940.0
ING025,2025-05-06,29890.0
ING025,2025-05-07,30000.0
ING025,2025-05-08,30140.0
ING025,2025-05-09,30120.0
ING025,2025-05-10,30110.0
ING025,2025-05-11,30100.0
ING025,2025-05-12,29980.0
ING025,2025-05-13,29970.0
ING025,2025-05-14,30090.0
ING025,2025-05-15,30080.0
ING025,2025-05-16,30010.0
ING025,2025-05-17,30050.0
ING025,2025-05-18,30010.0
ING025,2025-05-19,30010.0
ING025,2025-05-20,29920.0
ING025,2025-05-21,29860.0
ING025,2025-05-22,29920.0
ING025,2025-05-23,29940.0
ING025,2025-05-24,29900.0
ING025,2025-05-25,29920.0
ING025,2025-05-26,29890.0
ING025,2025-05-27,29840.0
ING025,2025-05-28,29940.0
ING025,2025-05-29,30000.0
ING025,2025-05-30,30010.0
ING025,2025-05-31,30030.0
ING025,2025-06-01,30030.0
ING025,2025-06-02,30070.0
ING025,2025-06-03,30020.0
ING025,2025-06-04,30090.0
ING025,2025-06-05,30120.0
ING025,2025-06-06,30100.0
ING025,2025-06-07,30070.0
ING025,2025-06-08,30130.0
ING025,2025-06-09,30130.0
ING025,2025-06-10,30080.0
ING025,2025-06-11,30060.0
ING025,2025-06-12,30120.0
ING025,2025-06-13,30010.0
ING025,2025-06-14,29990.0
ING025,2025-06-15,30080.0
ING025,2025-06-16,30070.0
ING025,2025-06-17,30100.0
ING025,2025-06-18,30180.0
ING025,2025-06-19,30240.0
ING025,2025-06-20,30210.0
ING025,2025-06-21,30200.0
ING025,2025-06-22,30270.0
ING025,2025-06-23,30330.0
ING025,2025-06-24,30320.0
ING025,2025-06-25,30310.0
ING025,2025-06-26,30320.0
ING025,2025-06-27,30410.0
ING025,2025-06-28,30480.0
ING025,2025-06-29,30520.0
ING025,2025-06-30,30430.0
ING025,2025-07-01,30400.0
ING025,2025-07-02,30380.0
ING025,2025-07-03,30470.0
ING025,2025-07-04,30440.0
ING025,2025-07-05,30520.0
ING025,2025-07-06,30470.0
ING025,2025-07-07,30420.0
ING025,2025-07-08,30450.0
ING025,2025-07-09,30550.0
ING025,2025-07-10,30520.0
ING025,2025-07-11,30330.0
ING025,2025-07-12,30220.0
ING025,2025-07-13,30240.0
ING025,2025-07-14,30140.0
ING025,2025-07-15,30090.0
ING025,2025-07-16,30100.0
ING025,2025-07-17,29940.0
ING025,2025-07-18,29930.0
ING025,2025-07-19,29860.0
ING025,2025-07-20,29780.0
ING025,2025-07-21,29750.0
ING025,2025-07-22,29700.0
ING025,2025-07-23,29770.0
ING025,2025-07-24,29880.0
ING025,2025-07-25,29870.0
ING025,2025-07-26,29850.0
ING025,2025-07-27,29850.0
ING025,2025-07-28,29800.0
ING025,2025-07-29,29730.0
ING025,2025-07-30,29650.0
ING025,2025-07-31,29590.0
ING025,2025-08-01,29740.0
ING025,2025-08-02,29720.0
ING025,2025-08-03,29550.0
ING025,2025-08-04,29550.0
ING025,2025-08-05,29470.0
ING025,2025-08-06,29520.0
ING025,2025-08-07,29560.0
ING025,2025-08-08,29600.0
ING025,2025-08-09,29640.0
ING025,2025-08-10,29650.0
ING025,2025-08-11,29580.0
ING025,2025-08-12,29620.0
ING025,2025-08-13,29730.0
ING025,2025-08-14,29890.0
ING025,2025-08-15,29900.0
ING025,2025-08-16,29910.0
ING025,2025-08-17,29970.0
ING025,2025-08-18,30090.0
ING025,2025-08-19,30080.0
ING025,2025-08-20,30140.0
ING025,2025-08-21,30100.0
ING025,2025-08-22,30130.0
ING025,2025-08-23,30220.0
ING025,2025-08-24,30130.0
ING025,2025-08-25,30110.0
ING025,2025-08-26,30190.0
ING025,2025-08-27,30250.0
ING025,2025-08-28,30330.0
ING025,2025-08-29,30390.0
ING025,2025-08-30,30370.0
ING025,2025-08-31,30530.0
ING025,2025-09-01,30530.0
ING025,2025-09-02,30310.0
ING025,2025-09-03,30300.0
ING025,2025-09-04,30280.0
ING025,2025-09-05,30340.0
ING025,2025-09-06,30310.0
ING025,2025-09-07,30400.0
ING025,2025-09-08,30440.0
ING025,2025-09-09,30370.0
ING025,2025-09-10,30360.0
ING025,2025-09-11,30320.0
ING025,2025-09-12,30340.0
ING025,2025-09-13,30290.0
ING025,2025-09-14,30300.0
ING025,2025-09-15,30290.0
ING025,2025-09-16,30290.0
ING025,2025-09-17,30440.0
ING025,2025-09-18,30420.0
ING025,2025-09-19,30290.0
ING025,2025-09-20,30370.0
ING025,2025-09-21,30450.0
ING025,2025-09-22,30310.0
ING025,2025-09-23,30270.0
ING025,2025-09-24,30310.0
ING025,2025-09-25,30360.0
ING025,2025-09-26,30370.0
ING025,2025-09-27,30380.0
ING025,2025-09-28,30320.0
ING025,2025-09-29,30160.0
ING025,2025-09-30,30320.0
ING025,2025-10-01,30260.0
ING025,2025-10-02,30290.0
ING025,2025-10-03,30290.0
ING025,2025-10-04,30360.0
ING025,2025-10-05,30380.0
ING025,2025-10-06,30400.0
ING025,2025-10-07,30220.0
ING025,2025-10-08,30180.0
ING025,2025-10-09,30250.0
ING025,2025-10-10,30310.0
ING025,2025-10-11,30260.0
ING025,2025-10-12,30160.0
ING025,2025-10-13,30190.0
ING025,2025-10-14,30010.0
ING025,2025-10-15,29950.0
ING025,2025-10-16,30110.0
ING025,2025-10-17,30230.0
ING025,2025-10-18,30280.0
ING025,2025-10-19,30320.0
ING025,2025-10-20,30200.0
ING025,2025-10-21,30160.0
ING025,2025-10-22,30170.0
ING025,2025-10-23,30140.0
ING025,2025-10-24,30130.0
ING025,2025-10-25,30250.0
ING025,2025-10-26,30230.0
ING025,2025-10-27,30220.0
ING025,2025-10-28,30290.0
ING025,2025-10-29,30210.0
ING025,2025-10-30,30170.0
ING025,2025-10-31,30140.0
ING025,2025-11-01,30170.0
ING025,2025-11-02,30170.0
ING025,2025-11-03,30170.0
ING025,2025-11-04,30150.0
ING025,2025-11-05,30100.0
ING025,2025-11-06,30170.0
ING025,2025-11-07,30170.0
ING025,2025-11-08,30230.0
ING025,2025-11-09,30180.0
ING025,2025-11-10,30150.0
ING025,2025-11-11,30160.0
ING025,2025-11-12,30180.0
ING025,2025-11-13,30250.0
ING025,2025-11-14,30240.0
ING025,2025-11-15,30320.0
ING025,2025-11-16,30360.0
ING025,2025-11-17,30370.0
ING025,2025-11-18,30320.0
ING025,2025-11-19,30390.0
ING025,2025-11-20,30340.0
ING025,2025-11-21,30350.0
ING025,2025-11-22,30370.0
ING025,2025-11-23,30370.0
ING025,2025-11-24,30360.0
ING025,2025-11-25,30320.0
ING025,2025-11-26,30220.0
ING025,2025-11-27,30340.0
ING025,2025-11-28,30330.0
ING025,2025-11-29,30340.0
ING025,2025-11-30,30350.0
ING025,2025-12-01,30440.0
ING025,2025-12-02,30590.0
ING025,2025-12-03,30610.0
ING025,2025-12-04,30600.0
ING025,2025-12-05,30530.0
ING025,2025-12-06,30440.0
ING025,2025-12-07,30330.0
ING025,2025-12-08,30290.0
ING025,2025-12-09,30170.0
ING025,2025-12-10,30270.0
ING025,2025-12-11,30330.0
ING025,2025-12-12,30330.0
ING025,2025-12-13,30430.0
ING025,2025-12-14,30370.0
ING025,2025-12-15,30330.0
ING025,2025-12-16,30220.0
ING025,2025-12-17,30300.0
ING025,2025-12-18,30270.0
ING025,2025-12-19,30290.0
ING025,2025-12-20,30390.0
ING025,2025-12-21,30500.0
ING025,2025-12-22,30510.0
ING025,2025-12-23,30550.0
ING025,2025-12-24,30500.0
ING025,2025-12-25,30630.0
ING025,2025-12-26,30630.0
ING025,2025-12-27,30640.0
ING025,2025-12-28,30620.0
ING025,2025-12-29,30720.0
ING025,2025-12-30,30730.0
ING025,2025-12-31,30790.0
ING025,2026-01-01,30820.0
ING025,2026-01-02,30800.0
ING025,2026-01-03,30870.0
ING025,2026-01-04,30890.0
ING025,2026-01-05,30820.0
ING025,2026-01-06,30750.0
ING025,2026-01-07,30760.0
ING025,2026-01-08,30830.0
ING025,2026-01-09,30940.0
ING025,2026-01-10,30810.0
ING025,2026-01-11,30820.0
ING025,2026-01-12,30850.0
ING025,2026-01-13,30870.0
ING025,2026-01-14,30940.0
ING025,2026-01-15,30980.0
ING025,2026-01-16,30910.0
ING025,2026-01-17,30830.0
ING025,2026-01-18,30860.0
ING025,2026-01-19,30930.0
ING025,2026-01-20,30930.0
ING025,2026-01-21,30820.0
ING025,2026-01-22,30750.0
ING025,2026-01-23,30800.0
ING025,2026-01-24,30780.0
ING025,2026-01-25,30800.0
ING025,2026-01-26,30880.0
ING025,2026-01-27,30790.0
ING025,2026-01-28,30770.0
ING025,2026-01-29,30740.0
ING025,2026-01-30,30770.0
ING025,2026-01-31,30830.0
ING025,2026-02-01,30730.0
ING025,2026-02-02,30740.0
ING025,2026-02-03,30810.0
ING025,2026-02-04,30680.0
ING025,2026-02-05,30690.0
ING025,2026-02-06,30620.0
ING025,2026-02-07,30590.0
ING025,2026-02-08,30430.0
ING025,2026-02-09,30550.0
ING025,2026-02-10,30550.0
ING025,2026-02-11,30510.0
ING025,2026-02-12,30550.0
ING025,2026-02-13,30500.0
ING025,2026-02-14,30440.0
ING025,2026-02-15,30570.0
ING025,2026-02-16,30720.0
ING025,2026-02-17,30690.0
ING025,2026-02-18,30780.0
ING025,2026-02-19,30810.0
ING025,2026-02-20,30720.0
ING025,2026-02-21,30670.0
ING025,2026-02-22,30790.0
ING025,2026-02-23,30700.0
ING025,2026-02-24,30870.0
ING025,2026-02-25,30840.0
ING025,2026-02-26,30960.0
ING025,2026-02-27,30940.0
ING025,2026-02-28,30990.0
ING025,2026-03-01,31090.0
ING025,2026-03-02,31180.0
ING025,2026-03-03,31130.0
ING025,2026-03-04,31070.0
ING025,2026-03-05,31060.0
ING025,2026-03-06,30960.0
ING025,2026-03-07,30980.0
ING025,2026-03-08,30930.0
ING025,2026-03-09,31010.0
ING025,2026-03-10,30970.0
ING025,2026-03-11,30850.0
ING025,2026-03-12,30950.0
ING025,2026-03-13,30970.0
ING025,2026-03-14,30980.0
ING025,2026-03-15,31060.0
ING025,2026-03-16,31120.0
ING025,2026-03-17,31060.0
ING025,2026-03-18,31030.0
ING025,2026-03-19,30950.0
ING025,2026-03-20,30850.0
ING025,2026-03-21,30900.0
ING025,2026-03-22,30940.0
ING025,2026-03-23,31000.0
ING025,2026-03-24,31090.0
ING025,2026-03-25,31140.0
ING025,2026-03-26,31200.0
ING025,2026-03-27,31050.0
ING025,2026-03-28,31030.0
ING025,2026-03-29,31100.0
ING025,2026-03-30,31010.0
ING025,2026-03-31,31020.0
ING025,2026-04-01,31060.0
ING025,2026-04-02,31090.0
ING025,2026-04-03,31120.0
ING025,2026-04-04,31160.0
ING025,2026-04-05,31170.0
ING025,2026-04-06,31060.0
ING025,2026-04-07,31100.0
ING025,2026-04-08,31120.0
ING025,2026-04-09,31020.0
ING025,2026-04-10,31120.0
ING025,2026-04-11,31160.0
ING025,2026-04-12,31060.0
ING025,2026-04-13,31010.0
ING025,2026-04-14,30970.0
ING025,2026-04-15,30940.0
ING025,2026-04-16,30970.0
ING025,2026-04-17,30910.0
ING025,2026-04-18,31000.0
ING025,2026-04-19,31080.0
ING025,2026-04-20,31130.0
ING025,2026-04-21,31130.0
ING025,2026-04-22,31200.0
ING025,2026-04-23,31180.0
ING025,2026-04-24,31120.0
ING025,2026-04-25,31210.0
ING025,2026-04-26,31230.0
ING025,2026-04-27,31180.0
ING025,2026-04-28,31150.0
ING025,2026-04-29,31100.0
ING025,2026-04-30,31240.0
ING025,2026-05-01,31240.0
ING025,2026-05-02,31250.0
ING025,2026-05-03,31290.0
ING025,2026-05-04,31200.0
ING025,2026-05-05,31280.0
ING025,2026-05-06,31230.0
ING025,2026-05-07,31360.0
ING025,2026-05-08,31330.0
ING025,2026-05-09,31400.0
ING025,2026-05-10,31210.0
ING025,2026-05-11,31130.0
ING025,2026-05-12,31110.0
ING025,2026-05-13,30970.0
ING025,2026-05-14,31030.0
ING025,2026-05-15,31060.0
ING025,2026-05-16,31000.0
ING025,2026-05-17,31010.0
ING025,2026-05-18,31080.0
ING025,2026-05-19,30940.0
ING025,2026-05-20,30860.0
ING025,2026-05-21,30860.0
ING025,2026-05-22,30880.0
ING025,2026-05-23,30890.0
ING025,2026-05-24,30970.0
ING025,2026-05-25,31020.0
ING025,2026-05-26,31080.0
ING025,2026-05-27,30990.0
ING025,2026-05-28,31020.0
ING025,2026-05-29,31010.0
ING025,2026-05-30,31120.0
ING025,2026-05-31,31140.0
ING025,2026-06-01,31100.0
ING025,2026-06-02,31170.0
ING025,2026-06-03,31210.0
ING025,2026-06-04,31160.0
ING025,2026-06-05,31140.0
ING025,2026-06-06,31130.0
ING025,2026-06-07,31220.0
ING025,2026-06-08,31240.0
ING025,2026-06-09,31290.0
ING025,2026-06-10,31260.0
ING025,2026-06-11,31280.0
ING025,2026-06-12,31380.0
ING025,2026-06-13,31350.0
ING025,2026-06-14,31350.0
ING025,2026-06-15,31260.0
ING025,2026-06-16,31200.0
ING025,2026-06-17,31190.0
ING025,2026-06-18,31120.0
ING025,2026-06-19,31220.0
ING025,2026-06-20,31170.0
ING025,2026-06-21,31230.0
ING025,2026-06-22,31250.0
ING025,2026-06-23,31260.0
ING025,2026-06-24,31370.0
ING025,2026-06-25,31210.0
ING025,2026-06-26,31200.0
ING025,2026-06-27,31130.0
ING025,2026-06-28,31010.0
ING025,2026-06-29,30940.0
ING025,2026-06-30,30960.0
ING026,2023-07-01,184530.0
ING026,2023-07-02,185140.0
ING026,2023-07-03,184990.0
ING026,2023-07-04,184790.0
ING026,2023-07-05,184590.0
ING026,2023-07-06,184550.0
ING026,2023-07-07,184310.0
ING026,2023-07-08,183800.0
ING026,2023-07-09,184510.0
ING026,2023-07-10,184140.0
ING026,2023-07-11,183940.0
ING026,2023-07-12,184290.0
ING026,2023-07-13,184540.0
ING026,2023-07-14,184000.0
ING026,2023-07-15,184550.0
ING026,2023-07-16,184940.0
ING026,2023-07-17,185070.0
ING026,2023-07-18,184810.0
ING026,2023-07-19,184570.0
ING026,2023-07-20,184480.0
ING026,2023-07-21,183730.0
ING026,2023-07-22,183790.0
ING026,2023-07-23,184450.0
ING026,2023-07-24,185070.0
ING026,2023-07-25,184840.0
ING026,2023-07-26,185560.0
ING026,2023-07-27,186800.0
ING026,2023-07-28,186530.0
ING026,2023-07-29,186930.0
ING026,2023-07-30,185400.0
ING026,2023-07-31,184590.0
ING026,2023-08-01,184700.0
ING026,2023-08-02,184100.0
ING026,2023-08-03,185500.0
ING026,2023-08-04,185890.0
ING026,2023-08-05,186510.0
ING026,2023-08-06,186450.0
ING026,2023-08-07,185770.0
ING026,2023-08-08,185430.0
ING026,2023-08-09,185610.0
ING026,2023-08-10,185210.0
ING026,2023-08-11,185680.0
ING026,2023-08-12,186150.0
ING026,2023-08-13,186140.0
ING026,2023-08-14,184940.0
ING026,2023-08-15,186100.0
ING026,2023-08-16,185950.0
ING026,2023-08-17,187710.0
ING026,2023-08-18,188040.0
ING026,2023-08-19,187810.0
ING026,2023-08-20,188010.0
ING026,2023-08-21,186600.0
ING026,2023-08-22,187240.0
ING026,2023-08-23,188840.0
ING026,2023-08-24,187350.0
ING026,2023-08-25,187100.0
ING026,2023-08-26,186990.0
ING026,2023-08-27,187510.0
ING026,2023-08-28,188810.0
ING026,2023-08-29,188930.0
ING026,2023-08-30,190180.0
ING026,2023-08-31,190090.0
ING026,2023-09-01,190190.0
ING026,2023-09-02,190210.0
ING026,2023-09-03,190800.0
ING026,2023-09-04,190300.0
ING026,2023-09-05,190640.0
ING026,2023-09-06,189630.0
ING026,2023-09-07,189280.0
ING026,2023-09-08,188720.0
ING026,2023-09-09,188660.0
ING026,2023-09-10,188350.0
ING026,2023-09-11,188990.0
ING026,2023-09-12,188290.0
ING026,2023-09-13,187080.0
ING026,2023-09-14,186180.0
ING026,2023-09-15,186840.0
ING026,2023-09-16,186200.0
ING026,2023-09-17,186470.0
ING026,2023-09-18,186290.0
ING026,2023-09-19,186840.0
ING026,2023-09-20,186680.0
ING026,2023-09-21,188470.0
ING026,2023-09-22,189610.0
ING026,2023-09-23,189260.0
ING026,2023-09-24,188840.0
ING026,2023-09-25,190760.0
ING026,2023-09-26,189860.0
ING026,2023-09-27,189670.0
ING026,2023-09-28,189550.0
ING026,2023-09-29,189410.0
ING026,2023-09-30,188150.0
ING026,2023-10-01,188410.0
ING026,2023-10-02,187710.0
ING026,2023-10-03,188600.0
ING026,2023-10-04,187570.0
ING026,2023-10-05,187580.0
ING026,2023-10-06,186110.0
ING026,2023-10-07,184760.0
ING026,2023-10-08,184330.0
ING026,2023-10-09,184010.0
ING026,2023-10-10,185110.0
ING026,2023-10-11,185180.0
ING026,2023-10-12,186120.0
ING026,2023-10-13,185920.0
ING026,2023-10-14,186370.0
ING026,2023-10-15,185940.0
ING026,2023-10-16,185490.0
ING026,2023-10-17,184400.0
ING026,2023-10-18,184750.0
ING026,2023-10-19,185050.0
ING026,2023-10-20,185660.0
ING026,2023-10-21,185880.0
ING026,2023-10-22,187260.0
ING026,2023-10-23,187380.0
ING026,2023-10-24,188020.0
ING026,2023-10-25,187780.0
ING026,2023-10-26,187170.0
ING026,2023-10-27,187640.0
ING026,2023-10-28,187570.0
ING026,2023-10-29,188110.0
ING026,2023-10-30,188300.0
ING026,2023-10-31,187750.0
ING026,2023-11-01,188430.0
ING026,2023-11-02,187820.0
ING026,2023-11-03,188210.0
ING026,2023-11-04,189010.0
ING026,2023-11-05,188690.0
ING026,2023-11-06,189380.0
ING026,2023-11-07,189550.0
ING026,2023-11-08,190010.0
ING026,2023-11-09,189350.0
ING026,2023-11-10,189400.0
ING026,2023-11-11,188400.0
ING026,2023-11-12,189480.0
ING026,2023-11-13,188090.0
ING026,2023-11-14,187840.0
ING026,2023-11-15,187230.0
ING026,2023-11-16,187700.0
ING026,2023-11-17,188950.0
ING026,2023-11-18,189320.0
ING026,2023-11-19,191160.0
ING026,2023-11-20,190110.0
ING026,2023-11-21,189150.0
ING026,2023-11-22,188510.0
ING026,2023-11-23,188560.0
ING026,2023-11-24,187870.0
ING026,2023-11-25,187390.0
ING026,2023-11-26,187820.0
ING026,2023-11-27,187030.0
ING026,2023-11-28,186350.0
ING026,2023-11-29,186170.0
ING026,2023-11-30,186070.0
ING026,2023-12-01,186830.0
ING026,2023-12-02,186310.0
ING026,2023-12-03,185930.0
ING026,2023-12-04,186420.0
ING026,2023-12-05,187030.0
ING026,2023-12-06,188010.0
ING026,2023-12-07,188330.0
ING026,2023-12-08,188410.0
ING026,2023-12-09,188770.0
ING026,2023-12-10,188570.0
ING026,2023-12-11,188380.0
ING026,2023-12-12,187230.0
ING026,2023-12-13,187870.0
ING026,2023-12-14,188030.0
ING026,2023-12-15,188550.0
ING026,2023-12-16,186720.0
ING026,2023-12-17,186770.0
ING026,2023-12-18,186300.0
ING026,2023-12-19,187380.0
ING026,2023-12-20,187840.0
ING026,2023-12-21,188020.0
ING026,2023-12-22,187770.0
ING026,2023-12-23,188060.0
ING026,2023-12-24,187490.0
ING026,2023-12-25,187480.0
ING026,2023-12-26,187160.0
ING026,2023-12-27,188700.0
ING026,2023-12-28,189650.0
ING026,2023-12-29,190290.0
ING026,2023-12-30,189240.0
ING026,2023-12-31,189780.0
ING026,2024-01-01,189850.0
ING026,2024-01-02,190580.0
ING026,2024-01-03,190700.0
ING026,2024-01-04,190600.0
ING026,2024-01-05,190660.0
ING026,2024-01-06,189400.0
ING026,2024-01-07,188880.0
ING026,2024-01-08,189120.0
ING026,2024-01-09,189850.0
ING026,2024-01-10,189440.0
ING026,2024-01-11,189390.0
ING026,2024-01-12,188330.0
ING026,2024-01-13,189310.0
ING026,2024-01-14,190020.0
ING026,2024-01-15,190390.0
ING026,2024-01-16,190580.0
ING026,2024-01-17,191510.0
ING026,2024-01-18,190870.0
ING026,2024-01-19,190190.0
ING026,2024-01-20,190820.0
ING026,2024-01-21,191380.0
ING026,2024-01-22,190500.0
ING026,2024-01-23,190090.0
ING026,2024-01-24,191140.0
ING026,2024-01-25,191310.0
ING026,2024-01-26,191710.0
ING026,2024-01-27,190840.0
ING026,2024-01-28,191190.0
ING026,2024-01-29,190170.0
ING026,2024-01-30,188850.0
ING026,2024-01-31,189340.0
ING026,2024-02-01,190270.0
ING026,2024-02-02,190060.0
ING026,2024-02-03,189680.0
ING026,2024-02-04,190770.0
ING026,2024-02-05,190580.0
ING026,2024-02-06,190480.0
ING026,2024-02-07,191530.0
ING026,2024-02-08,191200.0
ING026,2024-02-09,190690.0
ING026,2024-02-10,191160.0
ING026,2024-02-11,190620.0
ING026,2024-02-12,190470.0
ING026,2024-02-13,189580.0
ING026,2024-02-14,189700.0
ING026,2024-02-15,189740.0
ING026,2024-02-16,190360.0
ING026,2024-02-17,190880.0
ING026,2024-02-18,191180.0
ING026,2024-02-19,191360.0
ING026,2024-02-20,191240.0
ING026,2024-02-21,191560.0
ING026,2024-02-22,190750.0
ING026,2024-02-23,189180.0
ING026,2024-02-24,189960.0
ING026,2024-02-25,190400.0
ING026,2024-02-26,190290.0
ING026,2024-02-27,190960.0
ING026,2024-02-28,190440.0
ING026,2024-02-29,189950.0
ING026,2024-03-01,189410.0
ING026,2024-03-02,189800.0
ING026,2024-03-03,188790.0
ING026,2024-03-04,188350.0
ING026,2024-03-05,188620.0
ING026,2024-03-06,187910.0
ING026,2024-03-07,187590.0
ING026,2024-03-08,186290.0
ING026,2024-03-09,186870.0
ING026,2024-03-10,186590.0
ING026,2024-03-11,186050.0
ING026,2024-03-12,185420.0
ING026,2024-03-13,185390.0
ING026,2024-03-14,184610.0
ING026,2024-03-15,186150.0
ING026,2024-03-16,184810.0
ING026,2024-03-17,184790.0
ING026,2024-03-18,185130.0
ING026,2024-03-19,184890.0
ING026,2024-03-20,185300.0
ING026,2024-03-21,185030.0
ING026,2024-03-22,186290.0
ING026,2024-03-23,185770.0
ING026,2024-03-24,184480.0
ING026,2024-03-25,183940.0
ING026,2024-03-26,184510.0
ING026,2024-03-27,184740.0
ING026,2024-03-28,185510.0
ING026,2024-03-29,186090.0
ING026,2024-03-30,185900.0
ING026,2024-03-31,185810.0
ING026,2024-04-01,185800.0
ING026,2024-04-02,187260.0
ING026,2024-04-03,187880.0
ING026,2024-04-04,189240.0
ING026,2024-04-05,189850.0
ING026,2024-04-06,189850.0
ING026,2024-04-07,189240.0
ING026,2024-04-08,189440.0
ING026,2024-04-09,189470.0
ING026,2024-04-10,189470.0
ING026,2024-04-11,189400.0
ING026,2024-04-12,188140.0
ING026,2024-04-13,189090.0
ING026,2024-04-14,189150.0
ING026,2024-04-15,188320.0
ING026,2024-04-16,188760.0
ING026,2024-04-17,188310.0
ING026,2024-04-18,188800.0
ING026,2024-04-19,189480.0
ING026,2024-04-20,190220.0
ING026,2024-04-21,190150.0
ING026,2024-04-22,189920.0
ING026,2024-04-23,189570.0
ING026,2024-04-24,189180.0
ING026,2024-04-25,189260.0
ING026,2024-04-26,189220.0
ING026,2024-04-27,188780.0
ING026,2024-04-28,188150.0
ING026,2024-04-29,188230.0
ING026,2024-04-30,188100.0
ING026,2024-05-01,187510.0
ING026,2024-05-02,188240.0
ING026,2024-05-03,189530.0
ING026,2024-05-04,190240.0
ING026,2024-05-05,189830.0
ING026,2024-05-06,189870.0
ING026,2024-05-07,190940.0
ING026,2024-05-08,190200.0
ING026,2024-05-09,190760.0
ING026,2024-05-10,189850.0
ING026,2024-05-11,191020.0
ING026,2024-05-12,190760.0
ING026,2024-05-13,192240.0
ING026,2024-05-14,193320.0
ING026,2024-05-15,193160.0
ING026,2024-05-16,192610.0
ING026,2024-05-17,192680.0
ING026,2024-05-18,192500.0
ING026,2024-05-19,192200.0
ING026,2024-05-20,191090.0
ING026,2024-05-21,190780.0
ING026,2024-05-22,190100.0
ING026,2024-05-23,190540.0
ING026,2024-05-24,191240.0
ING026,2024-05-25,191740.0
ING026,2024-05-26,191960.0
ING026,2024-05-27,191390.0
ING026,2024-05-28,191540.0
ING026,2024-05-29,192070.0
ING026,2024-05-30,191670.0
ING026,2024-05-31,191750.0
ING026,2024-06-01,191660.0
ING026,2024-06-02,192750.0
ING026,2024-06-03,193250.0
ING026,2024-06-04,193580.0
ING026,2024-06-05,192380.0
ING026,2024-06-06,192470.0
ING026,2024-06-07,192340.0
ING026,2024-06-08,192220.0
ING026,2024-06-09,191190.0
ING026,2024-06-10,190530.0
ING026,2024-06-11,190560.0
ING026,2024-06-12,191360.0
ING026,2024-06-13,191010.0
ING026,2024-06-14,190800.0
ING026,2024-06-15,192020.0
ING026,2024-06-16,191830.0
ING026,2024-06-17,191770.0
ING026,2024-06-18,191710.0
ING026,2024-06-19,190860.0
ING026,2024-06-20,191300.0
ING026,2024-06-21,190920.0
ING026,2024-06-22,190970.0
ING026,2024-06-23,191320.0
ING026,2024-06-24,192630.0
ING026,2024-06-25,191760.0
ING026,2024-06-26,192350.0
ING026,2024-06-27,192910.0
ING026,2024-06-28,192470.0
ING026,2024-06-29,192850.0
ING026,2024-06-30,193890.0
ING026,2024-07-01,193320.0
ING026,2024-07-02,193440.0
ING026,2024-07-03,193650.0
ING026,2024-07-04,193940.0
ING026,2024-07-05,194360.0
ING026,2024-07-06,194380.0
ING026,2024-07-07,194620.0
ING026,2024-07-08,193930.0
ING026,2024-07-09,193960.0
ING026,2024-07-10,193590.0
ING026,2024-07-11,192740.0
ING026,2024-07-12,192410.0
ING026,2024-07-13,192600.0
ING026,2024-07-14,192880.0
ING026,2024-07-15,192050.0
ING026,2024-07-16,191480.0
ING026,2024-07-17,192010.0
ING026,2024-07-18,192380.0
ING026,2024-07-19,192970.0
ING026,2024-07-20,193850.0
ING026,2024-07-21,194150.0
ING026,2024-07-22,193810.0
ING026,2024-07-23,193840.0
ING026,2024-07-24,194870.0
ING026,2024-07-25,196560.0
ING026,2024-07-26,196680.0
ING026,2024-07-27,196840.0
ING026,2024-07-28,197110.0
ING026,2024-07-29,196920.0
ING026,2024-07-30,197480.0
ING026,2024-07-31,197910.0
ING026,2024-08-01,197900.0
ING026,2024-08-02,197450.0
ING026,2024-08-03,196250.0
ING026,2024-08-04,196570.0
ING026,2024-08-05,196530.0
ING026,2024-08-06,195880.0
ING026,2024-08-07,195020.0
ING026,2024-08-08,195350.0
ING026,2024-08-09,194210.0
ING026,2024-08-10,194360.0
ING026,2024-08-11,194850.0
ING026,2024-08-12,195120.0
ING026,2024-08-13,194780.0
ING026,2024-08-14,193900.0
ING026,2024-08-15,194250.0
ING026,2024-08-16,194980.0
ING026,2024-08-17,194530.0
ING026,2024-08-18,194800.0
ING026,2024-08-19,195760.0
ING026,2024-08-20,195860.0
ING026,2024-08-21,195480.0
ING026,2024-08-22,196060.0
ING026,2024-08-23,195450.0
ING026,2024-08-24,194510.0
ING026,2024-08-25,194990.0
ING026,2024-08-26,194660.0
ING026,2024-08-27,194400.0
ING026,2024-08-28,193950.0
ING026,2024-08-29,193630.0
ING026,2024-08-30,194540.0
ING026,2024-08-31,195570.0
ING026,2024-09-01,196640.0
ING026,2024-09-02,197200.0
ING026,2024-09-03,197320.0
ING026,2024-09-04,196220.0
ING026,2024-09-05,195970.0
ING026,2024-09-06,197260.0
ING026,2024-09-07,196800.0
ING026,2024-09-08,197640.0
ING026,2024-09-09,197480.0
ING026,2024-09-10,195570.0
ING026,2024-09-11,195900.0
ING026,2024-09-12,196620.0
ING026,2024-09-13,196450.0
ING026,2024-09-14,197120.0
ING026,2024-09-15,195880.0
ING026,2024-09-16,194890.0
ING026,2024-09-17,194980.0
ING026,2024-09-18,195240.0
ING026,2024-09-19,196060.0
ING026,2024-09-20,196370.0
ING026,2024-09-21,195490.0
ING026,2024-09-22,195560.0
ING026,2024-09-23,195870.0
ING026,2024-09-24,194570.0
ING026,2024-09-25,194520.0
ING026,2024-09-26,194290.0
ING026,2024-09-27,193860.0
ING026,2024-09-28,194200.0
ING026,2024-09-29,193460.0
ING026,2024-09-30,193770.0
ING026,2024-10-01,194160.0
ING026,2024-10-02,194870.0
ING026,2024-10-03,194110.0
ING026,2024-10-04,193150.0
ING026,2024-10-05,193390.0
ING026,2024-10-06,193260.0
ING026,2024-10-07,195190.0
ING026,2024-10-08,195450.0
ING026,2024-10-09,195440.0
ING026,2024-10-10,195280.0
ING026,2024-10-11,194450.0
ING026,2024-10-12,194820.0
ING026,2024-10-13,194750.0
ING026,2024-10-14,194690.0
ING026,2024-10-15,194750.0
ING026,2024-10-16,194880.0
ING026,2024-10-17,193740.0
ING026,2024-10-18,194330.0
ING026,2024-10-19,193800.0
ING026,2024-10-20,193750.0
ING026,2024-10-21,194630.0
ING026,2024-10-22,195790.0
ING026,2024-10-23,194630.0
ING026,2024-10-24,194660.0
ING026,2024-10-25,194840.0
ING026,2024-10-26,193860.0
ING026,2024-10-27,194430.0
ING026,2024-10-28,194530.0
ING026,2024-10-29,194670.0
ING026,2024-10-30,194080.0
ING026,2024-10-31,194390.0
ING026,2024-11-01,194960.0
ING026,2024-11-02,195040.0
ING026,2024-11-03,194700.0
ING026,2024-11-04,194440.0
ING026,2024-11-05,194610.0
ING026,2024-11-06,194660.0
ING026,2024-11-07,195260.0
ING026,2024-11-08,194940.0
ING026,2024-11-09,194160.0
ING026,2024-11-10,194440.0
ING026,2024-11-11,194160.0
ING026,2024-11-12,194720.0
ING026,2024-11-13,194750.0
ING026,2024-11-14,195190.0
ING026,2024-11-15,194540.0
ING026,2024-11-16,194660.0
ING026,2024-11-17,194240.0
ING026,2024-11-18,193500.0
ING026,2024-11-19,193030.0
ING026,2024-11-20,192790.0
ING026,2024-11-21,193720.0
ING026,2024-11-22,193440.0
ING026,2024-11-23,192710.0
ING026,2024-11-24,192930.0
ING026,2024-11-25,193070.0
ING026,2024-11-26,192870.0
ING026,2024-11-27,192890.0
ING026,2024-11-28,193650.0
ING026,2024-11-29,194180.0
ING026,2024-11-30,194620.0
ING026,2024-12-01,193900.0
ING026,2024-12-02,195850.0
ING026,2024-12-03,196520.0
ING026,2024-12-04,196810.0
ING026,2024-12-05,195990.0
ING026,2024-12-06,196590.0
ING026,2024-12-07,196220.0
ING026,2024-12-08,196060.0
ING026,2024-12-09,194960.0
ING026,2024-12-10,194190.0
ING026,2024-12-11,194550.0
ING026,2024-12-12,195260.0
ING026,2024-12-13,195730.0
ING026,2024-12-14,196150.0
ING026,2024-12-15,196090.0
ING026,2024-12-16,195820.0
ING026,2024-12-17,196010.0
ING026,2024-12-18,196530.0
ING026,2024-12-19,196500.0
ING026,2024-12-20,197260.0
ING026,2024-12-21,197050.0
ING026,2024-12-22,196360.0
ING026,2024-12-23,196330.0
ING026,2024-12-24,196390.0
ING026,2024-12-25,196310.0
ING026,2024-12-26,197130.0
ING026,2024-12-27,197600.0
ING026,2024-12-28,196590.0
ING026,2024-12-29,197560.0
ING026,2024-12-30,195710.0
ING026,2024-12-31,197130.0
ING026,2025-01-01,196890.0
ING026,2025-01-02,196730.0
ING026,2025-01-03,196670.0
ING026,2025-01-04,196890.0
ING026,2025-01-05,196860.0
ING026,2025-01-06,196740.0
ING026,2025-01-07,197570.0
ING026,2025-01-08,197870.0
ING026,2025-01-09,197170.0
ING026,2025-01-10,197610.0
ING026,2025-01-11,197890.0
ING026,2025-01-12,197460.0
ING026,2025-01-13,197920.0
ING026,2025-01-14,197740.0
ING026,2025-01-15,197530.0
ING026,2025-01-16,197320.0
ING026,2025-01-17,195700.0
ING026,2025-01-18,195400.0
ING026,2025-01-19,195920.0
ING026,2025-01-20,195930.0
ING026,2025-01-21,195130.0
ING026,2025-01-22,195830.0
ING026,2025-01-23,195680.0
ING026,2025-01-24,194930.0
ING026,2025-01-25,196450.0
ING026,2025-01-26,195770.0
ING026,2025-01-27,196390.0
ING026,2025-01-28,195910.0
ING026,2025-01-29,196030.0
ING026,2025-01-30,195490.0
ING026,2025-01-31,194750.0
ING026,2025-02-01,195190.0
ING026,2025-02-02,195530.0
ING026,2025-02-03,196340.0
ING026,2025-02-04,196340.0
ING026,2025-02-05,197800.0
ING026,2025-02-06,197930.0
ING026,2025-02-07,198250.0
ING026,2025-02-08,197300.0
ING026,2025-02-09,196880.0
ING026,2025-02-10,197220.0
ING026,2025-02-11,197160.0
ING026,2025-02-12,197270.0
ING026,2025-02-13,196730.0
ING026,2025-02-14,196820.0
ING026,2025-02-15,196910.0
ING026,2025-02-16,196160.0
ING026,2025-02-17,196620.0
ING026,2025-02-18,195550.0
ING026,2025-02-19,195740.0
ING026,2025-02-20,196960.0
ING026,2025-02-21,197410.0
ING026,2025-02-22,197840.0
ING026,2025-02-23,197230.0
ING026,2025-02-24,198370.0
ING026,2025-02-25,199210.0
ING026,2025-02-26,198570.0
ING026,2025-02-27,198200.0
ING026,2025-02-28,198960.0
ING026,2025-03-01,200050.0
ING026,2025-03-02,199090.0
ING026,2025-03-03,198360.0
ING026,2025-03-04,198220.0
ING026,2025-03-05,196770.0
ING026,2025-03-06,196820.0
ING026,2025-03-07,197620.0
ING026,2025-03-08,196680.0
ING026,2025-03-09,196800.0
ING026,2025-03-10,196460.0
ING026,2025-03-11,197580.0
ING026,2025-03-12,197210.0
ING026,2025-03-13,198210.0
ING026,2025-03-14,197800.0
ING026,2025-03-15,198290.0
ING026,2025-03-16,198420.0
ING026,2025-03-17,198290.0
ING026,2025-03-18,197750.0
ING026,2025-03-19,197960.0
ING026,2025-03-20,197660.0
ING026,2025-03-21,197220.0
ING026,2025-03-22,198200.0
ING026,2025-03-23,198530.0
ING026,2025-03-24,198910.0
ING026,2025-03-25,198610.0
ING026,2025-03-26,198450.0
ING026,2025-03-27,198260.0
ING026,2025-03-28,198460.0
ING026,2025-03-29,198850.0
ING026,2025-03-30,198780.0
ING026,2025-03-31,198230.0
ING026,2025-04-01,198710.0
ING026,2025-04-02,198690.0
ING026,2025-04-03,197730.0
ING026,2025-04-04,196360.0
ING026,2025-04-05,196640.0
ING026,2025-04-06,196170.0
ING026,2025-04-07,196550.0
ING026,2025-04-08,196120.0
ING026,2025-04-09,196310.0
ING026,2025-04-10,196160.0
ING026,2025-04-11,197390.0
ING026,2025-04-12,198050.0
ING026,2025-04-13,198930.0
ING026,2025-04-14,198910.0
ING026,2025-04-15,199410.0
ING026,2025-04-16,199410.0
ING026,2025-04-17,200310.0
ING026,2025-04-18,200160.0
ING026,2025-04-19,199170.0
ING026,2025-04-20,197830.0
ING026,2025-04-21,198940.0
ING026,2025-04-22,199220.0
ING026,2025-04-23,199540.0
ING026,2025-04-24,200450.0
ING026,2025-04-25,199280.0
ING026,2025-04-26,199000.0
ING026,2025-04-27,198830.0
ING026,2025-04-28,199290.0
ING026,2025-04-29,198810.0
ING026,2025-04-30,198020.0
ING026,2025-05-01,197260.0
ING026,2025-05-02,198070.0
ING026,2025-05-03,197620.0
ING026,2025-05-04,197310.0
ING026,2025-05-05,197790.0
ING026,2025-05-06,197380.0
ING026,2025-05-07,196350.0
ING026,2025-05-08,195440.0
ING026,2025-05-09,195570.0
ING026,2025-05-10,196050.0
ING026,2025-05-11,196060.0
ING026,2025-05-12,196470.0
ING026,2025-05-13,195550.0
ING026,2025-05-14,194710.0
ING026,2025-05-15,196380.0
ING026,2025-05-16,197300.0
ING026,2025-05-17,197880.0
ING026,2025-05-18,197510.0
ING026,2025-05-19,197420.0
ING026,2025-05-20,197500.0
ING026,2025-05-21,198420.0
ING026,2025-05-22,198710.0
ING026,2025-05-23,199070.0
ING026,2025-05-24,198960.0
ING026,2025-05-25,199480.0
ING026,2025-05-26,199660.0
ING026,2025-05-27,199660.0
ING026,2025-05-28,199150.0
ING026,2025-05-29,199080.0
ING026,2025-05-30,198380.0
ING026,2025-05-31,198400.0
ING026,2025-06-01,198500.0
ING026,2025-06-02,196980.0
ING026,2025-06-03,196940.0
ING026,2025-06-04,196300.0
ING026,2025-06-05,196770.0
ING026,2025-06-06,197310.0
ING026,2025-06-07,197130.0
ING026,2025-06-08,197600.0
ING026,2025-06-09,198070.0
ING026,2025-06-10,197990.0
ING026,2025-06-11,199050.0
ING026,2025-06-12,198600.0
ING026,2025-06-13,199600.0
ING026,2025-06-14,199450.0
ING026,2025-06-15,198900.0
ING026,2025-06-16,198710.0
ING026,2025-06-17,198040.0
ING026,2025-06-18,198620.0
ING026,2025-06-19,197630.0
ING026,2025-06-20,198630.0
ING026,2025-06-21,198070.0
ING026,2025-06-22,198690.0
ING026,2025-06-23,198760.0
ING026,2025-06-24,198980.0
ING026,2025-06-25,198630.0
ING026,2025-06-26,198910.0
ING026,2025-06-27,199040.0
ING026,2025-06-28,198130.0
ING026,2025-06-29,197590.0
ING026,2025-06-30,197350.0
ING026,2025-07-01,196990.0
ING026,2025-07-02,197940.0
ING026,2025-07-03,198040.0
ING026,2025-07-04,197630.0
ING026,2025-07-05,197430.0
ING026,2025-07-06,197220.0
ING026,2025-07-07,197170.0
ING026,2025-07-08,196620.0
ING026,2025-07-09,196260.0
ING026,2025-07-10,196940.0
ING026,2025-07-11,197220.0
ING026,2025-07-12,197260.0
ING026,2025-07-13,197400.0
ING026,2025-07-14,197500.0
ING026,2025-07-15,197500.0
ING026,2025-07-16,197970.0
ING026,2025-07-17,198360.0
ING026,2025-07-18,197430.0
ING026,2025-07-19,197490.0
ING026,2025-07-20,196650.0
ING026,2025-07-21,197240.0
ING026,2025-07-22,197890.0
ING026,2025-07-23,197610.0
ING026,2025-07-24,197670.0
ING026,2025-07-25,196430.0
ING026,2025-07-26,197260.0
ING026,2025-07-27,197870.0
ING026,2025-07-28,198740.0
ING026,2025-07-29,199790.0
ING026,2025-07-30,199020.0
ING026,2025-07-31,199670.0
ING026,2025-08-01,200670.0
ING026,2025-08-02,199690.0
ING026,2025-08-03,199620.0
ING026,2025-08-04,199430.0
ING026,2025-08-05,200040.0
ING026,2025-08-06,198510.0
ING026,2025-08-07,199790.0
ING026,2025-08-08,199760.0
ING026,2025-08-09,200390.0
ING026,2025-08-10,200370.0
ING026,2025-08-11,200700.0
ING026,2025-08-12,199190.0
ING026,2025-08-13,199020.0
ING026,2025-08-14,199650.0
ING026,2025-08-15,199890.0
ING026,2025-08-16,198880.0
ING026,2025-08-17,199010.0
ING026,2025-08-18,198570.0
ING026,2025-08-19,198100.0
ING026,2025-08-20,197250.0
ING026,2025-08-21,197830.0
ING026,2025-08-22,198700.0
ING026,2025-08-23,200190.0
ING026,2025-08-24,199270.0
ING026,2025-08-25,199850.0
ING026,2025-08-26,200440.0
ING026,2025-08-27,200090.0
ING026,2025-08-28,199540.0
ING026,2025-08-29,198910.0
ING026,2025-08-30,198680.0
ING026,2025-08-31,198930.0
ING026,2025-09-01,199920.0
ING026,2025-09-02,200690.0
ING026,2025-09-03,199670.0
ING026,2025-09-04,199230.0
ING026,2025-09-05,200170.0
ING026,2025-09-06,199750.0
ING026,2025-09-07,199780.0
ING026,2025-09-08,198750.0
ING026,2025-09-09,199620.0
ING026,2025-09-10,198460.0
ING026,2025-09-11,197540.0
ING026,2025-09-12,198410.0
ING026,2025-09-13,199800.0
ING026,2025-09-14,199690.0
ING026,2025-09-15,199740.0
ING026,2025-09-16,200410.0
ING026,2025-09-17,200650.0
ING026,2025-09-18,200440.0
ING026,2025-09-19,200180.0
ING026,2025-09-20,199230.0
ING026,2025-09-21,199490.0
ING026,2025-09-22,199530.0
ING026,2025-09-23,199350.0
ING026,2025-09-24,198810.0
ING026,2025-09-25,198370.0
ING026,2025-09-26,198930.0
ING026,2025-09-27,199630.0
ING026,2025-09-28,199520.0
ING026,2025-09-29,199350.0
ING026,2025-09-30,198910.0
ING026,2025-10-01,199650.0
ING026,2025-10-02,199780.0
ING026,2025-10-03,200110.0
ING026,2025-10-04,200430.0
ING026,2025-10-05,200290.0
ING026,2025-10-06,199610.0
ING026,2025-10-07,199080.0
ING026,2025-10-08,199950.0
ING026,2025-10-09,199570.0
ING026,2025-10-10,199420.0
ING026,2025-10-11,198810.0
ING026,2025-10-12,198180.0
ING026,2025-10-13,197870.0
ING026,2025-10-14,199160.0
ING026,2025-10-15,199730.0
ING026,2025-10-16,199500.0
ING026,2025-10-17,200330.0
ING026,2025-10-18,200320.0
ING026,2025-10-19,201280.0
ING026,2025-10-20,202750.0
ING026,2025-10-21,203380.0
ING026,2025-10-22,203380.0
ING026,2025-10-23,203770.0
ING026,2025-10-24,203700.0
ING026,2025-10-25,202430.0
ING026,2025-10-26,202000.0
ING026,2025-10-27,201390.0
ING026,2025-10-28,201000.0
ING026,2025-10-29,202220.0
ING026,2025-10-30,202950.0
ING026,2025-10-31,203200.0
ING026,2025-11-01,203680.0
ING026,2025-11-02,202390.0
ING026,2025-11-03,202860.0
ING026,2025-11-04,203450.0
ING026,2025-11-05,201940.0
ING026,2025-11-06,202460.0
ING026,2025-11-07,201540.0
ING026,2025-11-08,200310.0
ING026,2025-11-09,201280.0
ING026,2025-11-10,200690.0
ING026,2025-11-11,200310.0
ING026,2025-11-12,201070.0
ING026,2025-11-13,200940.0
ING026,2025-11-14,200910.0
ING026,2025-11-15,200860.0
ING026,2025-11-16,201170.0
ING026,2025-11-17,201100.0
ING026,2025-11-18,201250.0
ING026,2025-11-19,201000.0
ING026,2025-11-20,201310.0
ING026,2025-11-21,201580.0
ING026,2025-11-22,202870.0
ING026,2025-11-23,202620.0
ING026,2025-11-24,202510.0
ING026,2025-11-25,202680.0
ING026,2025-11-26,203310.0
ING026,2025-11-27,202580.0
ING026,2025-11-28,202660.0
ING026,2025-11-29,201050.0
ING026,2025-11-30,200960.0
ING026,2025-12-01,201760.0
ING026,2025-12-02,201350.0
ING026,2025-12-03,201540.0
ING026,2025-12-04,201270.0
ING026,2025-12-05,200800.0
ING026,2025-12-06,201540.0
ING026,2025-12-07,200940.0
ING026,2025-12-08,201230.0
ING026,2025-12-09,201530.0
ING026,2025-12-10,201050.0
ING026,2025-12-11,201260.0
ING026,2025-12-12,200750.0
ING026,2025-12-13,201210.0
ING026,2025-12-14,200450.0
ING026,2025-12-15,200370.0
ING026,2025-12-16,200350.0
ING026,2025-12-17,201220.0
ING026,2025-12-18,201410.0
ING026,2025-12-19,202120.0
ING026,2025-12-20,202540.0
ING026,2025-12-21,202930.0
ING026,2025-12-22,202740.0
ING026,2025-12-23,203430.0
ING026,2025-12-24,203200.0
ING026,2025-12-25,202090.0
ING026,2025-12-26,202020.0
ING026,2025-12-27,202380.0
ING026,2025-12-28,201400.0
ING026,2025-12-29,200930.0
ING026,2025-12-30,200260.0
ING026,2025-12-31,200930.0
ING026,2026-01-01,202150.0
ING026,2026-01-02,202080.0
ING026,2026-01-03,202500.0
ING026,2026-01-04,202890.0
ING026,2026-01-05,203930.0
ING026,2026-01-06,203490.0
ING026,2026-01-07,203360.0
ING026,2026-01-08,203160.0
ING026,2026-01-09,203230.0
ING026,2026-01-10,204880.0
ING026,2026-01-11,204840.0
ING026,2026-01-12,204240.0
ING026,2026-01-13,203470.0
ING026,2026-01-14,204290.0
ING026,2026-01-15,203710.0
ING026,2026-01-16,204150.0
ING026,2026-01-17,203700.0
ING026,2026-01-18,202890.0
ING026,2026-01-19,203330.0
ING026,2026-01-20,202950.0
ING026,2026-01-21,203280.0
ING026,2026-01-22,203640.0
ING026,2026-01-23,204010.0
ING026,2026-01-24,203830.0
ING026,2026-01-25,204290.0
ING026,2026-01-26,203680.0
ING026,2026-01-27,202110.0
ING026,2026-01-28,202670.0
ING026,2026-01-29,202850.0
ING026,2026-01-30,202520.0
ING026,2026-01-31,201650.0
ING026,2026-02-01,200450.0
ING026,2026-02-02,200680.0
ING026,2026-02-03,201920.0
ING026,2026-02-04,201950.0
ING026,2026-02-05,201830.0
ING026,2026-02-06,201940.0
ING026,2026-02-07,203460.0
ING026,2026-02-08,203990.0
ING026,2026-02-09,203410.0
ING026,2026-02-10,203470.0
ING026,2026-02-11,203730.0
ING026,2026-02-12,203080.0
ING026,2026-02-13,203640.0
ING026,2026-02-14,203150.0
ING026,2026-02-15,202240.0
ING026,2026-02-16,202400.0
ING026,2026-02-17,202450.0
ING026,2026-02-18,202560.0
ING026,2026-02-19,202160.0
ING026,2026-02-20,201880.0
ING026,2026-02-21,202740.0
ING026,2026-02-22,203120.0
ING026,2026-02-23,202580.0
ING026,2026-02-24,201420.0
ING026,2026-02-25,200990.0
ING026,2026-02-26,201270.0
ING026,2026-02-27,201040.0
ING026,2026-02-28,200760.0
ING026,2026-03-01,200580.0
ING026,2026-03-02,200740.0
ING026,2026-03-03,201450.0
ING026,2026-03-04,201620.0
ING026,2026-03-05,201820.0
ING026,2026-03-06,201830.0
ING026,2026-03-07,201650.0
ING026,2026-03-08,202400.0
ING026,2026-03-09,203000.0
ING026,2026-03-10,204420.0
ING026,2026-03-11,204840.0
ING026,2026-03-12,204530.0
ING026,2026-03-13,203960.0
ING026,2026-03-14,204630.0
ING026,2026-03-15,204130.0
ING026,2026-03-16,204700.0
ING026,2026-03-17,204220.0
ING026,2026-03-18,204490.0
ING026,2026-03-19,203840.0
ING026,2026-03-20,204410.0
ING026,2026-03-21,203650.0
ING026,2026-03-22,203900.0
ING026,2026-03-23,203840.0
ING026,2026-03-24,203970.0
ING026,2026-03-25,203780.0
ING026,2026-03-26,203580.0
ING026,2026-03-27,203760.0
ING026,2026-03-28,203190.0
ING026,2026-03-29,202650.0
ING026,2026-03-30,202550.0
ING026,2026-03-31,202430.0
ING026,2026-04-01,201930.0
ING026,2026-04-02,202700.0
ING026,2026-04-03,202620.0
ING026,2026-04-04,202610.0
ING026,2026-04-05,201890.0
ING026,2026-04-06,203420.0
ING026,2026-04-07,205090.0
ING026,2026-04-08,204610.0
ING026,2026-04-09,205450.0
ING026,2026-04-10,205390.0
ING026,2026-04-11,206440.0
ING026,2026-04-12,206620.0
ING026,2026-04-13,206630.0
ING026,2026-04-14,204960.0
ING026,2026-04-15,204430.0
ING026,2026-04-16,204510.0
ING026,2026-04-17,204690.0
ING026,2026-04-18,203960.0
ING026,2026-04-19,203580.0
ING026,2026-04-20,204040.0
ING026,2026-04-21,203230.0
ING026,2026-04-22,203450.0
ING026,2026-04-23,204370.0
ING026,2026-04-24,204690.0
ING026,2026-04-25,204970.0
ING026,2026-04-26,203710.0
ING026,2026-04-27,203280.0
ING026,2026-04-28,204750.0
ING026,2026-04-29,204420.0
ING026,2026-04-30,205310.0
ING026,2026-05-01,204950.0
ING026,2026-05-02,204820.0
ING026,2026-05-03,205220.0
ING026,2026-05-04,205320.0
ING026,2026-05-05,205610.0
ING026,2026-05-06,205100.0
ING026,2026-05-07,204420.0
ING026,2026-05-08,203930.0
ING026,2026-05-09,203700.0
ING026,2026-05-10,203670.0
ING026,2026-05-11,204470.0
ING026,2026-05-12,204610.0
ING026,2026-05-13,205010.0
ING026,2026-05-14,205160.0
ING026,2026-05-15,204490.0
ING026,2026-05-16,204590.0
ING026,2026-05-17,204760.0
ING026,2026-05-18,205330.0
ING026,2026-05-19,204690.0
ING026,2026-05-20,203460.0
ING026,2026-05-21,203720.0
ING026,2026-05-22,204080.0
ING026,2026-05-23,204080.0
ING026,2026-05-24,204220.0
ING026,2026-05-25,204900.0
ING026,2026-05-26,204680.0
ING026,2026-05-27,204590.0
ING026,2026-05-28,204740.0
ING026,2026-05-29,204040.0
ING026,2026-05-30,204070.0
ING026,2026-05-31,204150.0
ING026,2026-06-01,205340.0
ING026,2026-06-02,205210.0
ING026,2026-06-03,205410.0
ING026,2026-06-04,206070.0
ING026,2026-06-05,205560.0
ING026,2026-06-06,206510.0
ING026,2026-06-07,207660.0
ING026,2026-06-08,207600.0
ING026,2026-06-09,207210.0
ING026,2026-06-10,208240.0
ING026,2026-06-11,208680.0
ING026,2026-06-12,208640.0
ING026,2026-06-13,209480.0
ING026,2026-06-14,210200.0
ING026,2026-06-15,209820.0
ING026,2026-06-16,209840.0
ING026,2026-06-17,210060.0
ING026,2026-06-18,209930.0
ING026,2026-06-19,208880.0
ING026,2026-06-20,208180.0
ING026,2026-06-21,207240.0
ING026,2026-06-22,207550.0
ING026,2026-06-23,206760.0
ING026,2026-06-24,206900.0
ING026,2026-06-25,208090.0
ING026,2026-06-26,208970.0
ING026,2026-06-27,207690.0
ING026,2026-06-28,206830.0
ING026,2026-06-29,206350.0
ING026,2026-06-30,205630.0
ING027,2023-07-01,3980.0
ING027,2023-07-02,3980.0
ING027,2023-07-03,3990.0
ING027,2023-07-04,4000.0
ING027,2023-07-05,4000.0
ING027,2023-07-06,3990.0
ING027,2023-07-07,4000.0
ING027,2023-07-08,4000.0
ING027,2023-07-09,4010.0
ING027,2023-07-10,4010.0
ING027,2023-07-11,4010.0
ING027,2023-07-12,3990.0
ING027,2023-07-13,4000.0
ING027,2023-07-14,4000.0
ING027,2023-07-15,4000.0
ING027,2023-07-16,3980.0
ING027,2023-07-17,3980.0
ING027,2023-07-18,3990.0
ING027,2023-07-19,3990.0
ING027,2023-07-20,4020.0
ING027,2023-07-21,4010.0
ING027,2023-07-22,4020.0
ING027,2023-07-23,4030.0
ING027,2023-07-24,4020.0
ING027,2023-07-25,4030.0
ING027,2023-07-26,4020.0
ING027,2023-07-27,4030.0
ING027,2023-07-28,4050.0
ING027,2023-07-29,4050.0
ING027,2023-07-30,4040.0
ING027,2023-07-31,4050.0
ING027,2023-08-01,4070.0
ING027,2023-08-02,4050.0
ING027,2023-08-03,4050.0
ING027,2023-08-04,4050.0
ING027,2023-08-05,4050.0
ING027,2023-08-06,4040.0
ING027,2023-08-07,4040.0
ING027,2023-08-08,4050.0
ING027,2023-08-09,4040.0
ING027,2023-08-10,4040.0
ING027,2023-08-11,4040.0
ING027,2023-08-12,4020.0
ING027,2023-08-13,4020.0
ING027,2023-08-14,4020.0
ING027,2023-08-15,4000.0
ING027,2023-08-16,4000.0
ING027,2023-08-17,4000.0
ING027,2023-08-18,4020.0
ING027,2023-08-19,4010.0
ING027,2023-08-20,4000.0
ING027,2023-08-21,4000.0
ING027,2023-08-22,4000.0
ING027,2023-08-23,4000.0
ING027,2023-08-24,4000.0
ING027,2023-08-25,3970.0
ING027,2023-08-26,4010.0
ING027,2023-08-27,4020.0
ING027,2023-08-28,4020.0
ING027,2023-08-29,4000.0
ING027,2023-08-30,3990.0
ING027,2023-08-31,3990.0
ING027,2023-09-01,3990.0
ING027,2023-09-02,4000.0
ING027,2023-09-03,4010.0
ING027,2023-09-04,4000.0
ING027,2023-09-05,3970.0
ING027,2023-09-06,3970.0
ING027,2023-09-07,3970.0
ING027,2023-09-08,3960.0
ING027,2023-09-09,3970.0
ING027,2023-09-10,3960.0
ING027,2023-09-11,3970.0
ING027,2023-09-12,3960.0
ING027,2023-09-13,3960.0
ING027,2023-09-14,3980.0
ING027,2023-09-15,3980.0
ING027,2023-09-16,4000.0
ING027,2023-09-17,4020.0
ING027,2023-09-18,4020.0
ING027,2023-09-19,4030.0
ING027,2023-09-20,4040.0
ING027,2023-09-21,4040.0
ING027,2023-09-22,4050.0
ING027,2023-09-23,4040.0
ING027,2023-09-24,4020.0
ING027,2023-09-25,4010.0
ING027,2023-09-26,4040.0
ING027,2023-09-27,4040.0
ING027,2023-09-28,4040.0
ING027,2023-09-29,4050.0
ING027,2023-09-30,4040.0
ING027,2023-10-01,4050.0
ING027,2023-10-02,4050.0
ING027,2023-10-03,4050.0
ING027,2023-10-04,4050.0
ING027,2023-10-05,4040.0
ING027,2023-10-06,4030.0
ING027,2023-10-07,4020.0
ING027,2023-10-08,4020.0
ING027,2023-10-09,4010.0
ING027,2023-10-10,4000.0
ING027,2023-10-11,4000.0
ING027,2023-10-12,4000.0
ING027,2023-10-13,4010.0
ING027,2023-10-14,4010.0
ING027,2023-10-15,4040.0
ING027,2023-10-16,4040.0
ING027,2023-10-17,4030.0
ING027,2023-10-18,4040.0
ING027,2023-10-19,4050.0
ING027,2023-10-20,4050.0
ING027,2023-10-21,4050.0
ING027,2023-10-22,4060.0
ING027,2023-10-23,4050.0
ING027,2023-10-24,4050.0
ING027,2023-10-25,4070.0
ING027,2023-10-26,4070.0
ING027,2023-10-27,4060.0
ING027,2023-10-28,4060.0
ING027,2023-10-29,4040.0
ING027,2023-10-30,4040.0
ING027,2023-10-31,4050.0
ING027,2023-11-01,4040.0
ING027,2023-11-02,4040.0
ING027,2023-11-03,4050.0
ING027,2023-11-04,4060.0
ING027,2023-11-05,4080.0
ING027,2023-11-06,4060.0
ING027,2023-11-07,4060.0
ING027,2023-11-08,4050.0
ING027,2023-11-09,4040.0
ING027,2023-11-10,4050.0
ING027,2023-11-11,4050.0
ING027,2023-11-12,4060.0
ING027,2023-11-13,4050.0
ING027,2023-11-14,4060.0
ING027,2023-11-15,4070.0
ING027,2023-11-16,4080.0
ING027,2023-11-17,4070.0
ING027,2023-11-18,4080.0
ING027,2023-11-19,4070.0
ING027,2023-11-20,4070.0
ING027,2023-11-21,4070.0
ING027,2023-11-22,4080.0
ING027,2023-11-23,4070.0
ING027,2023-11-24,4090.0
ING027,2023-11-25,4110.0
ING027,2023-11-26,4110.0
ING027,2023-11-27,4110.0
ING027,2023-11-28,4110.0
ING027,2023-11-29,4100.0
ING027,2023-11-30,4090.0
ING027,2023-12-01,4090.0
ING027,2023-12-02,4090.0
ING027,2023-12-03,4080.0
ING027,2023-12-04,4060.0
ING027,2023-12-05,4050.0
ING027,2023-12-06,4060.0
ING027,2023-12-07,4080.0
ING027,2023-12-08,4070.0
ING027,2023-12-09,4070.0
ING027,2023-12-10,4080.0
ING027,2023-12-11,4070.0
ING027,2023-12-12,4080.0
ING027,2023-12-13,4080.0
ING027,2023-12-14,4090.0
ING027,2023-12-15,4080.0
ING027,2023-12-16,4070.0
ING027,2023-12-17,4070.0
ING027,2023-12-18,4070.0
ING027,2023-12-19,4070.0
ING027,2023-12-20,4080.0
ING027,2023-12-21,4070.0
ING027,2023-12-22,4050.0
ING027,2023-12-23,4050.0
ING027,2023-12-24,4050.0
ING027,2023-12-25,4050.0
ING027,2023-12-26,4060.0
ING027,2023-12-27,4070.0
ING027,2023-12-28,4070.0
ING027,2023-12-29,4080.0
ING027,2023-12-30,4070.0
ING027,2023-12-31,4060.0
ING027,2024-01-01,4050.0
ING027,2024-01-02,4050.0
ING027,2024-01-03,4050.0
ING027,2024-01-04,4040.0
ING027,2024-01-05,4040.0
ING027,2024-01-06,4040.0
ING027,2024-01-07,4040.0
ING027,2024-01-08,4060.0
ING027,2024-01-09,4030.0
ING027,2024-01-10,4030.0
ING027,2024-01-11,4010.0
ING027,2024-01-12,4020.0
ING027,2024-01-13,4030.0
ING027,2024-01-14,4020.0
ING027,2024-01-15,4010.0
ING027,2024-01-16,3990.0
ING027,2024-01-17,4000.0
ING027,2024-01-18,4000.0
ING027,2024-01-19,4000.0
ING027,2024-01-20,4000.0
ING027,2024-01-21,4000.0
ING027,2024-01-22,4010.0
ING027,2024-01-23,4020.0
ING027,2024-01-24,4010.0
ING027,2024-01-25,4010.0
ING027,2024-01-26,4000.0
ING027,2024-01-27,4020.0
ING027,2024-01-28,4030.0
ING027,2024-01-29,4040.0
ING027,2024-01-30,4060.0
ING027,2024-01-31,4070.0
ING027,2024-02-01,4070.0
ING027,2024-02-02,4070.0
ING027,2024-02-03,4070.0
ING027,2024-02-04,4060.0
ING027,2024-02-05,4080.0
ING027,2024-02-06,4070.0
ING027,2024-02-07,4080.0
ING027,2024-02-08,4090.0
ING027,2024-02-09,4080.0
ING027,2024-02-10,4100.0
ING027,2024-02-11,4090.0
ING027,2024-02-12,4090.0
ING027,2024-02-13,4080.0
ING027,2024-02-14,4090.0
ING027,2024-02-15,4100.0
ING027,2024-02-16,4080.0
ING027,2024-02-17,4090.0
ING027,2024-02-18,4100.0
ING027,2024-02-19,4090.0
ING027,2024-02-20,4090.0
ING027,2024-02-21,4070.0
ING027,2024-02-22,4070.0
ING027,2024-02-23,4080.0
ING027,2024-02-24,4070.0
ING027,2024-02-25,4070.0
ING027,2024-02-26,4060.0
ING027,2024-02-27,4060.0
ING027,2024-02-28,4050.0
ING027,2024-02-29,4050.0
ING027,2024-03-01,4030.0
ING027,2024-03-02,4040.0
ING027,2024-03-03,4040.0
ING027,2024-03-04,4050.0
ING027,2024-03-05,4060.0
ING027,2024-03-06,4070.0
ING027,2024-03-07,4060.0
ING027,2024-03-08,4060.0
ING027,2024-03-09,4080.0
ING027,2024-03-10,4090.0
ING027,2024-03-11,4080.0
ING027,2024-03-12,4080.0
ING027,2024-03-13,4080.0
ING027,2024-03-14,4070.0
ING027,2024-03-15,4080.0
ING027,2024-03-16,4090.0
ING027,2024-03-17,4070.0
ING027,2024-03-18,4080.0
ING027,2024-03-19,4070.0
ING027,2024-03-20,4060.0
ING027,2024-03-21,4050.0
ING027,2024-03-22,4040.0
ING027,2024-03-23,4040.0
ING027,2024-03-24,4040.0
ING027,2024-03-25,4030.0
ING027,2024-03-26,4030.0
ING027,2024-03-27,4050.0
ING027,2024-03-28,4050.0
ING027,2024-03-29,4070.0
ING027,2024-03-30,4070.0
ING027,2024-03-31,4090.0
ING027,2024-04-01,4090.0
ING027,2024-04-02,4090.0
ING027,2024-04-03,4090.0
ING027,2024-04-04,4080.0
ING027,2024-04-05,4080.0
ING027,2024-04-06,4080.0
ING027,2024-04-07,4090.0
ING027,2024-04-08,4090.0
ING027,2024-04-09,4120.0
ING027,2024-04-10,4120.0
ING027,2024-04-11,4100.0
ING027,2024-04-12,4110.0
ING027,2024-04-13,4120.0
ING027,2024-04-14,4120.0
ING027,2024-04-15,4120.0
ING027,2024-04-16,4120.0
ING027,2024-04-17,4140.0
ING027,2024-04-18,4140.0
ING027,2024-04-19,4130.0
ING027,2024-04-20,4090.0
ING027,2024-04-21,4100.0
ING027,2024-04-22,4090.0
ING027,2024-04-23,4090.0
ING027,2024-04-24,4080.0
ING027,2024-04-25,4080.0
ING027,2024-04-26,4070.0
ING027,2024-04-27,4070.0
ING027,2024-04-28,4080.0
ING027,2024-04-29,4090.0
ING027,2024-04-30,4080.0
ING027,2024-05-01,4070.0
ING027,2024-05-02,4080.0
ING027,2024-05-03,4090.0
ING027,2024-05-04,4100.0
ING027,2024-05-05,4100.0
ING027,2024-05-06,4110.0
ING027,2024-05-07,4090.0
ING027,2024-05-08,4090.0
ING027,2024-05-09,4100.0
ING027,2024-05-10,4080.0
ING027,2024-05-11,4100.0
ING027,2024-05-12,4120.0
ING027,2024-05-13,4130.0
ING027,2024-05-14,4120.0
ING027,2024-05-15,4120.0
ING027,2024-05-16,4130.0
ING027,2024-05-17,4120.0
ING027,2024-05-18,4120.0
ING027,2024-05-19,4130.0
ING027,2024-05-20,4110.0
ING027,2024-05-21,4120.0
ING027,2024-05-22,4100.0
ING027,2024-05-23,4090.0
ING027,2024-05-24,4090.0
ING027,2024-05-25,4100.0
ING027,2024-05-26,4090.0
ING027,2024-05-27,4100.0
ING027,2024-05-28,4090.0
ING027,2024-05-29,4090.0
ING027,2024-05-30,4110.0
ING027,2024-05-31,4100.0
ING027,2024-06-01,4110.0
ING027,2024-06-02,4110.0
ING027,2024-06-03,4100.0
ING027,2024-06-04,4090.0
ING027,2024-06-05,4090.0
ING027,2024-06-06,4080.0
ING027,2024-06-07,4080.0
ING027,2024-06-08,4090.0
ING027,2024-06-09,4090.0
ING027,2024-06-10,4090.0
ING027,2024-06-11,4100.0
ING027,2024-06-12,4100.0
ING027,2024-06-13,4110.0
ING027,2024-06-14,4100.0
ING027,2024-06-15,4100.0
ING027,2024-06-16,4120.0
ING027,2024-06-17,4100.0
ING027,2024-06-18,4110.0
ING027,2024-06-19,4110.0
ING027,2024-06-20,4100.0
ING027,2024-06-21,4120.0
ING027,2024-06-22,4130.0
ING027,2024-06-23,4140.0
ING027,2024-06-24,4140.0
ING027,2024-06-25,4150.0
ING027,2024-06-26,4140.0
ING027,2024-06-27,4140.0
ING027,2024-06-28,4140.0
ING027,2024-06-29,4150.0
ING027,2024-06-30,4150.0
ING027,2024-07-01,4160.0
ING027,2024-07-02,4150.0
ING027,2024-07-03,4140.0
ING027,2024-07-04,4150.0
ING027,2024-07-05,4130.0
ING027,2024-07-06,4130.0
ING027,2024-07-07,4130.0
ING027,2024-07-08,4140.0
ING027,2024-07-09,4150.0
ING027,2024-07-10,4140.0
ING027,2024-07-11,4140.0
ING027,2024-07-12,4130.0
ING027,2024-07-13,4140.0
ING027,2024-07-14,4120.0
ING027,2024-07-15,4120.0
ING027,2024-07-16,4120.0
ING027,2024-07-17,4120.0
ING027,2024-07-18,4130.0
ING027,2024-07-19,4110.0
ING027,2024-07-20,4110.0
ING027,2024-07-21,4120.0
ING027,2024-07-22,4120.0
ING027,2024-07-23,4120.0
ING027,2024-07-24,4110.0
ING027,2024-07-25,4100.0
ING027,2024-07-26,4090.0
ING027,2024-07-27,4100.0
ING027,2024-07-28,4110.0
ING027,2024-07-29,4110.0
ING027,2024-07-30,4090.0
ING027,2024-07-31,4100.0
ING027,2024-08-01,4110.0
ING027,2024-08-02,4090.0
ING027,2024-08-03,4090.0
ING027,2024-08-04,4080.0
ING027,2024-08-05,4080.0
ING027,2024-08-06,4080.0
ING027,2024-08-07,4090.0
ING027,2024-08-08,4090.0
ING027,2024-08-09,4110.0
ING027,2024-08-10,4110.0
ING027,2024-08-11,4120.0
ING027,2024-08-12,4120.0
ING027,2024-08-13,4110.0
ING027,2024-08-14,4120.0
ING027,2024-08-15,4140.0
ING027,2024-08-16,4140.0
ING027,2024-08-17,4150.0
ING027,2024-08-18,4140.0
ING027,2024-08-19,4150.0
ING027,2024-08-20,4160.0
ING027,2024-08-21,4180.0
ING027,2024-08-22,4170.0
ING027,2024-08-23,4180.0
ING027,2024-08-24,4190.0
ING027,2024-08-25,4180.0
ING027,2024-08-26,4200.0
ING027,2024-08-27,4200.0
ING027,2024-08-28,4190.0
ING027,2024-08-29,4190.0
ING027,2024-08-30,4180.0
ING027,2024-08-31,4170.0
ING027,2024-09-01,4180.0
ING027,2024-09-02,4190.0
ING027,2024-09-03,4190.0
ING027,2024-09-04,4190.0
ING027,2024-09-05,4190.0
ING027,2024-09-06,4200.0
ING027,2024-09-07,4180.0
ING027,2024-09-08,4180.0
ING027,2024-09-09,4180.0
ING027,2024-09-10,4190.0
ING027,2024-09-11,4190.0
ING027,2024-09-12,4200.0
ING027,2024-09-13,4190.0
ING027,2024-09-14,4190.0
ING027,2024-09-15,4200.0
ING027,2024-09-16,4200.0
ING027,2024-09-17,4200.0
ING027,2024-09-18,4190.0
ING027,2024-09-19,4190.0
ING027,2024-09-20,4170.0
ING027,2024-09-21,4160.0
ING027,2024-09-22,4170.0
ING027,2024-09-23,4170.0
ING027,2024-09-24,4170.0
ING027,2024-09-25,4170.0
ING027,2024-09-26,4190.0
ING027,2024-09-27,4180.0
ING027,2024-09-28,4170.0
ING027,2024-09-29,4170.0
ING027,2024-09-30,4160.0
ING027,2024-10-01,4150.0
ING027,2024-10-02,4170.0
ING027,2024-10-03,4190.0
ING027,2024-10-04,4180.0
ING027,2024-10-05,4170.0
ING027,2024-10-06,4170.0
ING027,2024-10-07,4160.0
ING027,2024-10-08,4190.0
ING027,2024-10-09,4180.0
ING027,2024-10-10,4180.0
ING027,2024-10-11,4200.0
ING027,2024-10-12,4200.0
ING027,2024-10-13,4210.0
ING027,2024-10-14,4200.0
ING027,2024-10-15,4200.0
ING027,2024-10-16,4190.0
ING027,2024-10-17,4200.0
ING027,2024-10-18,4210.0
ING027,2024-10-19,4200.0
ING027,2024-10-20,4200.0
ING027,2024-10-21,4200.0
ING027,2024-10-22,4180.0
ING027,2024-10-23,4180.0
ING027,2024-10-24,4190.0
ING027,2024-10-25,4180.0
ING027,2024-10-26,4180.0
ING027,2024-10-27,4170.0
ING027,2024-10-28,4170.0
ING027,2024-10-29,4170.0
ING027,2024-10-30,4160.0
ING027,2024-10-31,4170.0
ING027,2024-11-01,4180.0
ING027,2024-11-02,4170.0
ING027,2024-11-03,4170.0
ING027,2024-11-04,4170.0
ING027,2024-11-05,4160.0
ING027,2024-11-06,4150.0
ING027,2024-11-07,4160.0
ING027,2024-11-08,4160.0
ING027,2024-11-09,4170.0
ING027,2024-11-10,4160.0
ING027,2024-11-11,4170.0
ING027,2024-11-12,4170.0
ING027,2024-11-13,4170.0
ING027,2024-11-14,4190.0
ING027,2024-11-15,4180.0
ING027,2024-11-16,4190.0
ING027,2024-11-17,4190.0
ING027,2024-11-18,4230.0
ING027,2024-11-19,4220.0
ING027,2024-11-20,4210.0
ING027,2024-11-21,4220.0
ING027,2024-11-22,4220.0
ING027,2024-11-23,4210.0
ING027,2024-11-24,4230.0
ING027,2024-11-25,4220.0
ING027,2024-11-26,4210.0
ING027,2024-11-27,4220.0
ING027,2024-11-28,4230.0
ING027,2024-11-29,4220.0
ING027,2024-11-30,4220.0
ING027,2024-12-01,4210.0
ING027,2024-12-02,4220.0
ING027,2024-12-03,4220.0
ING027,2024-12-04,4210.0
ING027,2024-12-05,4200.0
ING027,2024-12-06,4200.0
ING027,2024-12-07,4200.0
ING027,2024-12-08,4180.0
ING027,2024-12-09,4170.0
ING027,2024-12-10,4170.0
ING027,2024-12-11,4170.0
ING027,2024-12-12,4170.0
ING027,2024-12-13,4170.0
ING027,2024-12-14,4160.0
ING027,2024-12-15,4160.0
ING027,2024-12-16,4170.0
ING027,2024-12-17,4180.0
ING027,2024-12-18,4190.0
ING027,2024-12-19,4200.0
ING027,2024-12-20,4210.0
ING027,2024-12-21,4200.0
ING027,2024-12-22,4200.0
ING027,2024-12-23,4190.0
ING027,2024-12-24,4180.0
ING027,2024-12-25,4190.0
ING027,2024-12-26,4200.0
ING027,2024-12-27,4200.0
ING027,2024-12-28,4220.0
ING027,2024-12-29,4220.0
ING027,2024-12-30,4220.0
ING027,2024-12-31,4210.0
ING027,2025-01-01,4220.0
ING027,2025-01-02,4220.0
ING027,2025-01-03,4230.0
ING027,2025-01-04,4200.0
ING027,2025-01-05,4210.0
ING027,2025-01-06,4200.0
ING027,2025-01-07,4190.0
ING027,2025-01-08,4190.0
ING027,2025-01-09,4210.0
ING027,2025-01-10,4230.0
ING027,2025-01-11,4240.0
ING027,2025-01-12,4230.0
ING027,2025-01-13,4220.0
ING027,2025-01-14,4230.0
ING027,2025-01-15,4220.0
ING027,2025-01-16,4230.0
ING027,2025-01-17,4230.0
ING027,2025-01-18,4240.0
ING027,2025-01-19,4220.0
ING027,2025-01-20,4220.0
ING027,2025-01-21,4210.0
ING027,2025-01-22,4200.0
ING027,2025-01-23,4210.0
ING027,2025-01-24,4230.0
ING027,2025-01-25,4230.0
ING027,2025-01-26,4230.0
ING027,2025-01-27,4240.0
ING027,2025-01-28,4240.0
ING027,2025-01-29,4230.0
ING027,2025-01-30,4240.0
ING027,2025-01-31,4240.0
ING027,2025-02-01,4240.0
ING027,2025-02-02,4240.0
ING027,2025-02-03,4240.0
ING027,2025-02-04,4250.0
ING027,2025-02-05,4250.0
ING027,2025-02-06,4250.0
ING027,2025-02-07,4250.0
ING027,2025-02-08,4250.0
ING027,2025-02-09,4250.0
ING027,2025-02-10,4250.0
ING027,2025-02-11,4250.0
ING027,2025-02-12,4230.0
ING027,2025-02-13,4230.0
ING027,2025-02-14,4230.0
ING027,2025-02-15,4220.0
ING027,2025-02-16,4210.0
ING027,2025-02-17,4240.0
ING027,2025-02-18,4230.0
ING027,2025-02-19,4230.0
ING027,2025-02-20,4220.0
ING027,2025-02-21,4220.0
ING027,2025-02-22,4220.0
ING027,2025-02-23,4220.0
ING027,2025-02-24,4210.0
ING027,2025-02-25,4220.0
ING027,2025-02-26,4230.0
ING027,2025-02-27,4220.0
ING027,2025-02-28,4230.0
ING027,2025-03-01,4220.0
ING027,2025-03-02,4210.0
ING027,2025-03-03,4210.0
ING027,2025-03-04,4230.0
ING027,2025-03-05,4220.0
ING027,2025-03-06,4210.0
ING027,2025-03-07,4220.0
ING027,2025-03-08,4210.0
ING027,2025-03-09,4220.0
ING027,2025-03-10,4220.0
ING027,2025-03-11,4220.0
ING027,2025-03-12,4240.0
ING027,2025-03-13,4230.0
ING027,2025-03-14,4240.0
ING027,2025-03-15,4250.0
ING027,2025-03-16,4240.0
ING027,2025-03-17,4240.0
ING027,2025-03-18,4250.0
ING027,2025-03-19,4250.0
ING027,2025-03-20,4250.0
ING027,2025-03-21,4250.0
ING027,2025-03-22,4250.0
ING027,2025-03-23,4260.0
ING027,2025-03-24,4270.0
ING027,2025-03-25,4250.0
ING027,2025-03-26,4270.0
ING027,2025-03-27,4250.0
ING027,2025-03-28,4260.0
ING027,2025-03-29,4260.0
ING027,2025-03-30,4250.0
ING027,2025-03-31,4260.0
ING027,2025-04-01,4250.0
ING027,2025-04-02,4260.0
ING027,2025-04-03,4260.0
ING027,2025-04-04,4240.0
ING027,2025-04-05,4260.0
ING027,2025-04-06,4260.0
ING027,2025-04-07,4270.0
ING027,2025-04-08,4270.0
ING027,2025-04-09,4250.0
ING027,2025-04-10,4270.0
ING027,2025-04-11,4270.0
ING027,2025-04-12,4270.0
ING027,2025-04-13,4280.0
ING027,2025-04-14,4280.0
ING027,2025-04-15,4280.0
ING027,2025-04-16,4300.0
ING027,2025-04-17,4290.0
ING027,2025-04-18,4300.0
ING027,2025-04-19,4280.0
ING027,2025-04-20,4290.0
ING027,2025-04-21,4280.0
ING027,2025-04-22,4290.0
ING027,2025-04-23,4290.0
ING027,2025-04-24,4290.0
ING027,2025-04-25,4290.0
ING027,2025-04-26,4290.0
ING027,2025-04-27,4280.0
ING027,2025-04-28,4280.0
ING027,2025-04-29,4300.0
ING027,2025-04-30,4310.0
ING027,2025-05-01,4310.0
ING027,2025-05-02,4310.0
ING027,2025-05-03,4310.0
ING027,2025-05-04,4310.0
ING027,2025-05-05,4300.0
ING027,2025-05-06,4300.0
ING027,2025-05-07,4310.0
ING027,2025-05-08,4300.0
ING027,2025-05-09,4320.0
ING027,2025-05-10,4330.0
ING027,2025-05-11,4340.0
ING027,2025-05-12,4320.0
ING027,2025-05-13,4320.0
ING027,2025-05-14,4330.0
ING027,2025-05-15,4330.0
ING027,2025-05-16,4340.0
ING027,2025-05-17,4340.0
ING027,2025-05-18,4360.0
ING027,2025-05-19,4360.0
ING027,2025-05-20,4350.0
ING027,2025-05-21,4380.0
ING027,2025-05-22,4380.0
ING027,2025-05-23,4370.0
ING027,2025-05-24,4370.0
ING027,2025-05-25,4370.0
ING027,2025-05-26,4370.0
ING027,2025-05-27,4370.0
ING027,2025-05-28,4350.0
ING027,2025-05-29,4340.0
ING027,2025-05-30,4340.0
ING027,2025-05-31,4340.0
ING027,2025-06-01,4340.0
ING027,2025-06-02,4330.0
ING027,2025-06-03,4320.0
ING027,2025-06-04,4310.0
ING027,2025-06-05,4320.0
ING027,2025-06-06,4310.0
ING027,2025-06-07,4310.0
ING027,2025-06-08,4300.0
ING027,2025-06-09,4300.0
ING027,2025-06-10,4290.0
ING027,2025-06-11,4280.0
ING027,2025-06-12,4300.0
ING027,2025-06-13,4310.0
ING027,2025-06-14,4320.0
ING027,2025-06-15,4330.0
ING027,2025-06-16,4310.0
ING027,2025-06-17,4310.0
ING027,2025-06-18,4310.0
ING027,2025-06-19,4320.0
ING027,2025-06-20,4310.0
ING027,2025-06-21,4300.0
ING027,2025-06-22,4290.0
ING027,2025-06-23,4290.0
ING027,2025-06-24,4300.0
ING027,2025-06-25,4300.0
ING027,2025-06-26,4290.0
ING027,2025-06-27,4310.0
ING027,2025-06-28,4320.0
ING027,2025-06-29,4330.0
ING027,2025-06-30,4340.0
ING027,2025-07-01,4320.0
ING027,2025-07-02,4310.0
ING027,2025-07-03,4320.0
ING027,2025-07-04,4310.0
ING027,2025-07-05,4310.0
ING027,2025-07-06,4310.0
ING027,2025-07-07,4300.0
ING027,2025-07-08,4300.0
ING027,2025-07-09,4310.0
ING027,2025-07-10,4310.0
ING027,2025-07-11,4330.0
ING027,2025-07-12,4340.0
ING027,2025-07-13,4340.0
ING027,2025-07-14,4340.0
ING027,2025-07-15,4340.0
ING027,2025-07-16,4340.0
ING027,2025-07-17,4330.0
ING027,2025-07-18,4320.0
ING027,2025-07-19,4320.0
ING027,2025-07-20,4310.0
ING027,2025-07-21,4320.0
ING027,2025-07-22,4320.0
ING027,2025-07-23,4320.0
ING027,2025-07-24,4330.0
ING027,2025-07-25,4340.0
ING027,2025-07-26,4340.0
ING027,2025-07-27,4350.0
ING027,2025-07-28,4350.0
ING027,2025-07-29,4360.0
ING027,2025-07-30,4380.0
ING027,2025-07-31,4380.0
ING027,2025-08-01,4380.0
ING027,2025-08-02,4380.0
ING027,2025-08-03,4370.0
ING027,2025-08-04,4360.0
ING027,2025-08-05,4370.0
ING027,2025-08-06,4360.0
ING027,2025-08-07,4380.0
ING027,2025-08-08,4370.0
ING027,2025-08-09,4400.0
ING027,2025-08-10,4390.0
ING027,2025-08-11,4390.0
ING027,2025-08-12,4380.0
ING027,2025-08-13,4370.0
ING027,2025-08-14,4380.0
ING027,2025-08-15,4370.0
ING027,2025-08-16,4360.0
ING027,2025-08-17,4370.0
ING027,2025-08-18,4370.0
ING027,2025-08-19,4360.0
ING027,2025-08-20,4360.0
ING027,2025-08-21,4360.0
ING027,2025-08-22,4350.0
ING027,2025-08-23,4340.0
ING027,2025-08-24,4320.0
ING027,2025-08-25,4340.0
ING027,2025-08-26,4350.0
ING027,2025-08-27,4340.0
ING027,2025-08-28,4350.0
ING027,2025-08-29,4340.0
ING027,2025-08-30,4350.0
ING027,2025-08-31,4350.0
ING027,2025-09-01,4340.0
ING027,2025-09-02,4340.0
ING027,2025-09-03,4330.0
ING027,2025-09-04,4350.0
ING027,2025-09-05,4360.0
ING027,2025-09-06,4360.0
ING027,2025-09-07,4370.0
ING027,2025-09-08,4350.0
ING027,2025-09-09,4340.0
ING027,2025-09-10,4340.0
ING027,2025-09-11,4350.0
ING027,2025-09-12,4350.0
ING027,2025-09-13,4340.0
ING027,2025-09-14,4330.0
ING027,2025-09-15,4330.0
ING027,2025-09-16,4360.0
ING027,2025-09-17,4370.0
ING027,2025-09-18,4380.0
ING027,2025-09-19,4390.0
ING027,2025-09-20,4390.0
ING027,2025-09-21,4380.0
ING027,2025-09-22,4380.0
ING027,2025-09-23,4380.0
ING027,2025-09-24,4390.0
ING027,2025-09-25,4390.0
ING027,2025-09-26,4390.0
ING027,2025-09-27,4390.0
ING027,2025-09-28,4390.0
ING027,2025-09-29,4400.0
ING027,2025-09-30,4380.0
ING027,2025-10-01,4370.0
ING027,2025-10-02,4370.0
ING027,2025-10-03,4380.0
ING027,2025-10-04,4400.0
ING027,2025-10-05,4380.0
ING027,2025-10-06,4380.0
ING027,2025-10-07,4360.0
ING027,2025-10-08,4360.0
ING027,2025-10-09,4370.0
ING027,2025-10-10,4370.0
ING027,2025-10-11,4370.0
ING027,2025-10-12,4370.0
ING027,2025-10-13,4360.0
ING027,2025-10-14,4380.0
ING027,2025-10-15,4380.0
ING027,2025-10-16,4370.0
ING027,2025-10-17,4380.0
ING027,2025-10-18,4390.0
ING027,2025-10-19,4400.0
ING027,2025-10-20,4400.0
ING027,2025-10-21,4410.0
ING027,2025-10-22,4410.0
ING027,2025-10-23,4400.0
ING027,2025-10-24,4390.0
ING027,2025-10-25,4380.0
ING027,2025-10-26,4370.0
ING027,2025-10-27,4380.0
ING027,2025-10-28,4390.0
ING027,2025-10-29,4380.0
ING027,2025-10-30,4360.0
ING027,2025-10-31,4350.0
ING027,2025-11-01,4340.0
ING027,2025-11-02,4340.0
ING027,2025-11-03,4350.0
ING027,2025-11-04,4350.0
ING027,2025-11-05,4370.0
ING027,2025-11-06,4350.0
ING027,2025-11-07,4350.0
ING027,2025-11-08,4360.0
ING027,2025-11-09,4370.0
ING027,2025-11-10,4360.0
ING027,2025-11-11,4380.0
ING027,2025-11-12,4380.0
ING027,2025-11-13,4380.0
ING027,2025-11-14,4380.0
ING027,2025-11-15,4390.0
ING027,2025-11-16,4380.0
ING027,2025-11-17,4400.0
ING027,2025-11-18,4390.0
ING027,2025-11-19,4390.0
ING027,2025-11-20,4380.0
ING027,2025-11-21,4380.0
ING027,2025-11-22,4370.0
ING027,2025-11-23,4370.0
ING027,2025-11-24,4350.0
ING027,2025-11-25,4360.0
ING027,2025-11-26,4370.0
ING027,2025-11-27,4380.0
ING027,2025-11-28,4370.0
ING027,2025-11-29,4390.0
ING027,2025-11-30,4390.0
ING027,2025-12-01,4390.0
ING027,2025-12-02,4410.0
ING027,2025-12-03,4400.0
ING027,2025-12-04,4410.0
ING027,2025-12-05,4420.0
ING027,2025-12-06,4410.0
ING027,2025-12-07,4400.0
ING027,2025-12-08,4390.0
ING027,2025-12-09,4400.0
ING027,2025-12-10,4410.0
ING027,2025-12-11,4410.0
ING027,2025-12-12,4410.0
ING027,2025-12-13,4420.0
ING027,2025-12-14,4420.0
ING027,2025-12-15,4430.0
ING027,2025-12-16,4430.0
ING027,2025-12-17,4430.0
ING027,2025-12-18,4420.0
ING027,2025-12-19,4410.0
ING027,2025-12-20,4380.0
ING027,2025-12-21,4390.0
ING027,2025-12-22,4390.0
ING027,2025-12-23,4390.0
ING027,2025-12-24,4370.0
ING027,2025-12-25,4360.0
ING027,2025-12-26,4360.0
ING027,2025-12-27,4350.0
ING027,2025-12-28,4360.0
ING027,2025-12-29,4360.0
ING027,2025-12-30,4350.0
ING027,2025-12-31,4340.0
ING027,2026-01-01,4330.0
ING027,2026-01-02,4350.0
ING027,2026-01-03,4370.0
ING027,2026-01-04,4360.0
ING027,2026-01-05,4340.0
ING027,2026-01-06,4350.0
ING027,2026-01-07,4350.0
ING027,2026-01-08,4360.0
ING027,2026-01-09,4370.0
ING027,2026-01-10,4370.0
ING027,2026-01-11,4360.0
ING027,2026-01-12,4370.0
ING027,2026-01-13,4380.0
ING027,2026-01-14,4370.0
ING027,2026-01-15,4380.0
ING027,2026-01-16,4370.0
ING027,2026-01-17,4400.0
ING027,2026-01-18,4380.0
ING027,2026-01-19,4400.0
ING027,2026-01-20,4380.0
ING027,2026-01-21,4400.0
ING027,2026-01-22,4390.0
ING027,2026-01-23,4390.0
ING027,2026-01-24,4380.0
ING027,2026-01-25,4360.0
ING027,2026-01-26,4380.0
ING027,2026-01-27,4390.0
ING027,2026-01-28,4390.0
ING027,2026-01-29,4400.0
ING027,2026-01-30,4410.0
ING027,2026-01-31,4400.0
ING027,2026-02-01,4390.0
ING027,2026-02-02,4390.0
ING027,2026-02-03,4390.0
ING027,2026-02-04,4390.0
ING027,2026-02-05,4400.0
ING027,2026-02-06,4390.0
ING027,2026-02-07,4400.0
ING027,2026-02-08,4410.0
ING027,2026-02-09,4420.0
ING027,2026-02-10,4410.0
ING027,2026-02-11,4420.0
ING027,2026-02-12,4430.0
ING027,2026-02-13,4430.0
ING027,2026-02-14,4450.0
ING027,2026-02-15,4450.0
ING027,2026-02-16,4440.0
ING027,2026-02-17,4430.0
ING027,2026-02-18,4440.0
ING027,2026-02-19,4440.0
ING027,2026-02-20,4460.0
ING027,2026-02-21,4440.0
ING027,2026-02-22,4450.0
ING027,2026-02-23,4440.0
ING027,2026-02-24,4440.0
ING027,2026-02-25,4430.0
ING027,2026-02-26,4440.0
ING027,2026-02-27,4440.0
ING027,2026-02-28,4430.0
ING027,2026-03-01,4430.0
ING027,2026-03-02,4440.0
ING027,2026-03-03,4440.0
ING027,2026-03-04,4450.0
ING027,2026-03-05,4450.0
ING027,2026-03-06,4420.0
ING027,2026-03-07,4430.0
ING027,2026-03-08,4430.0
ING027,2026-03-09,4430.0
ING027,2026-03-10,4440.0
ING027,2026-03-11,4420.0
ING027,2026-03-12,4420.0
ING027,2026-03-13,4410.0
ING027,2026-03-14,4400.0
ING027,2026-03-15,4400.0
ING027,2026-03-16,4410.0
ING027,2026-03-17,4410.0
ING027,2026-03-18,4410.0
ING027,2026-03-19,4410.0
ING027,2026-03-20,4420.0
ING027,2026-03-21,4430.0
ING027,2026-03-22,4420.0
ING027,2026-03-23,4420.0
ING027,2026-03-24,4400.0
ING027,2026-03-25,4400.0
ING027,2026-03-26,4380.0
ING027,2026-03-27,4410.0
ING027,2026-03-28,4400.0
ING027,2026-03-29,4410.0
ING027,2026-03-30,4430.0
ING027,2026-03-31,4430.0
ING027,2026-04-01,4430.0
ING027,2026-04-02,4420.0
ING027,2026-04-03,4420.0
ING027,2026-04-04,4430.0
ING027,2026-04-05,4440.0
ING027,2026-04-06,4440.0
ING027,2026-04-07,4450.0
ING027,2026-04-08,4460.0
ING027,2026-04-09,4460.0
ING027,2026-04-10,4460.0
ING027,2026-04-11,4450.0
ING027,2026-04-12,4440.0
ING027,2026-04-13,4440.0
ING027,2026-04-14,4450.0
ING027,2026-04-15,4430.0
ING027,2026-04-16,4440.0
ING027,2026-04-17,4430.0
ING027,2026-04-18,4420.0
ING027,2026-04-19,4420.0
ING027,2026-04-20,4400.0
ING027,2026-04-21,4400.0
ING027,2026-04-22,4390.0
ING027,2026-04-23,4390.0
ING027,2026-04-24,4370.0
ING027,2026-04-25,4370.0
ING027,2026-04-26,4390.0
ING027,2026-04-27,4390.0
ING027,2026-04-28,4400.0
ING027,2026-04-29,4390.0
ING027,2026-04-30,4380.0
ING027,2026-05-01,4390.0
ING027,2026-05-02,4400.0
ING027,2026-05-03,4390.0
ING027,2026-05-04,4380.0
ING027,2026-05-05,4390.0
ING027,2026-05-06,4420.0
ING027,2026-05-07,4420.0
ING027,2026-05-08,4400.0
ING027,2026-05-09,4390.0
ING027,2026-05-10,4400.0
ING027,2026-05-11,4420.0
ING027,2026-05-12,4420.0
ING027,2026-05-13,4420.0
ING027,2026-05-14,4430.0
ING027,2026-05-15,4420.0
ING027,2026-05-16,4400.0
ING027,2026-05-17,4410.0
ING027,2026-05-18,4410.0
ING027,2026-05-19,4420.0
ING027,2026-05-20,4420.0
ING027,2026-05-21,4420.0
ING027,2026-05-22,4430.0
ING027,2026-05-23,4440.0
ING027,2026-05-24,4450.0
ING027,2026-05-25,4450.0
ING027,2026-05-26,4460.0
ING027,2026-05-27,4460.0
ING027,2026-05-28,4450.0
ING027,2026-05-29,4440.0
ING027,2026-05-30,4420.0
ING027,2026-05-31,4430.0
ING027,2026-06-01,4420.0
ING027,2026-06-02,4440.0
ING027,2026-06-03,4440.0
ING027,2026-06-04,4430.0
ING027,2026-06-05,4430.0
ING027,2026-06-06,4430.0
ING027,2026-06-07,4430.0
ING027,2026-06-08,4440.0
ING027,2026-06-09,4460.0
ING027,2026-06-10,4480.0
ING027,2026-06-11,4480.0
ING027,2026-06-12,4490.0
ING027,2026-06-13,4500.0
ING027,2026-06-14,4490.0
ING027,2026-06-15,4500.0
ING027,2026-06-16,4510.0
ING027,2026-06-17,4520.0
ING027,2026-06-18,4520.0
ING027,2026-06-19,4520.0
ING027,2026-06-20,4540.0
ING027,2026-06-21,4540.0
ING027,2026-06-22,4530.0
ING027,2026-06-23,4530.0
ING027,2026-06-24,4540.0
ING027,2026-06-25,4540.0
ING027,2026-06-26,4540.0
ING027,2026-06-27,4540.0
ING027,2026-06-28,4530.0
ING027,2026-06-29,4520.0
ING027,2026-06-30,4500.0
ING028,2023-07-01,20230.0
ING028,2023-07-02,20180.0
ING028,2023-07-03,19660.0
ING028,2023-07-04,19740.0
ING028,2023-07-05,19810.0
ING028,2023-07-06,19540.0
ING028,2023-07-07,19440.0
ING028,2023-07-08,19330.0
ING028,2023-07-09,19260.0
ING028,2023-07-10,19480.0
ING028,2023-07-11,19480.0
ING028,2023-07-12,19440.0
ING028,2023-07-13,19640.0
ING028,2023-07-14,19740.0
ING028,2023-07-15,19490.0
ING028,2023-07-16,19420.0
ING028,2023-07-17,19500.0
ING028,2023-07-18,19390.0
ING028,2023-07-19,19730.0
ING028,2023-07-20,19760.0
ING028,2023-07-21,19660.0
ING028,2023-07-22,19510.0
ING028,2023-07-23,19680.0
ING028,2023-07-24,19600.0
ING028,2023-07-25,19680.0
ING028,2023-07-26,19520.0
ING028,2023-07-27,19560.0
ING028,2023-07-28,19490.0
ING028,2023-07-29,19470.0
ING028,2023-07-30,19380.0
ING028,2023-07-31,19570.0
ING028,2023-08-01,19520.0
ING028,2023-08-02,19530.0
ING028,2023-08-03,19540.0
ING028,2023-08-04,19810.0
ING028,2023-08-05,19960.0
ING028,2023-08-06,20080.0
ING028,2023-08-07,19840.0
ING028,2023-08-08,19760.0
ING028,2023-08-09,19950.0
ING028,2023-08-10,19780.0
ING028,2023-08-11,19810.0
ING028,2023-08-12,19670.0
ING028,2023-08-13,19540.0
ING028,2023-08-14,19820.0
ING028,2023-08-15,19940.0
ING028,2023-08-16,20100.0
ING028,2023-08-17,20220.0
ING028,2023-08-18,20190.0
ING028,2023-08-19,20080.0
ING028,2023-08-20,20020.0
ING028,2023-08-21,20000.0
ING028,2023-08-22,20270.0
ING028,2023-08-23,20060.0
ING028,2023-08-24,19980.0
ING028,2023-08-25,19850.0
ING028,2023-08-26,20020.0
ING028,2023-08-27,20310.0
ING028,2023-08-28,20350.0
ING028,2023-08-29,20390.0
ING028,2023-08-30,20390.0
ING028,2023-08-31,20450.0
ING028,2023-09-01,20550.0
ING028,2023-09-02,20590.0
ING028,2023-09-03,20640.0
ING028,2023-09-04,20730.0
ING028,2023-09-05,20440.0
ING028,2023-09-06,20420.0
ING028,2023-09-07,20460.0
ING028,2023-09-08,20500.0
ING028,2023-09-09,20460.0
ING028,2023-09-10,20470.0
ING028,2023-09-11,20340.0
ING028,2023-09-12,20070.0
ING028,2023-09-13,20220.0
ING028,2023-09-14,20050.0
ING028,2023-09-15,20030.0
ING028,2023-09-16,19920.0
ING028,2023-09-17,20180.0
ING028,2023-09-18,20160.0
ING028,2023-09-19,20120.0
ING028,2023-09-20,20230.0
ING028,2023-09-21,20550.0
ING028,2023-09-22,20600.0
ING028,2023-09-23,20520.0
ING028,2023-09-24,20610.0
ING028,2023-09-25,20350.0
ING028,2023-09-26,20350.0
ING028,2023-09-27,20640.0
ING028,2023-09-28,20640.0
ING028,2023-09-29,20640.0
ING028,2023-09-30,20620.0
ING028,2023-10-01,20540.0
ING028,2023-10-02,20570.0
ING028,2023-10-03,20670.0
ING028,2023-10-04,20590.0
ING028,2023-10-05,20200.0
ING028,2023-10-06,20270.0
ING028,2023-10-07,20590.0
ING028,2023-10-08,20510.0
ING028,2023-10-09,20280.0
ING028,2023-10-10,20380.0
ING028,2023-10-11,20630.0
ING028,2023-10-12,20690.0
ING028,2023-10-13,20920.0
ING028,2023-10-14,21010.0
ING028,2023-10-15,21080.0
ING028,2023-10-16,20960.0
ING028,2023-10-17,20960.0
ING028,2023-10-18,20920.0
ING028,2023-10-19,20880.0
ING028,2023-10-20,20810.0
ING028,2023-10-21,20810.0
ING028,2023-10-22,20590.0
ING028,2023-10-23,20700.0
ING028,2023-10-24,20540.0
ING028,2023-10-25,20490.0
ING028,2023-10-26,20530.0
ING028,2023-10-27,20380.0
ING028,2023-10-28,20080.0
ING028,2023-10-29,20030.0
ING028,2023-10-30,19820.0
ING028,2023-10-31,19950.0
ING028,2023-11-01,19800.0
ING028,2023-11-02,20040.0
ING028,2023-11-03,20050.0
ING028,2023-11-04,20070.0
ING028,2023-11-05,19790.0
ING028,2023-11-06,19830.0
ING028,2023-11-07,19840.0
ING028,2023-11-08,19670.0
ING028,2023-11-09,19710.0
ING028,2023-11-10,19680.0
ING028,2023-11-11,19680.0
ING028,2023-11-12,19720.0
ING028,2023-11-13,19670.0
ING028,2023-11-14,19740.0
ING028,2023-11-15,19760.0
ING028,2023-11-16,19860.0
ING028,2023-11-17,19800.0
ING028,2023-11-18,19660.0
ING028,2023-11-19,19590.0
ING028,2023-11-20,19840.0
ING028,2023-11-21,20010.0
ING028,2023-11-22,20210.0
ING028,2023-11-23,20400.0
ING028,2023-11-24,20330.0
ING028,2023-11-25,20370.0
ING028,2023-11-26,20380.0
ING028,2023-11-27,20480.0
ING028,2023-11-28,20430.0
ING028,2023-11-29,20440.0
ING028,2023-11-30,20440.0
ING028,2023-12-01,20520.0
ING028,2023-12-02,20610.0
ING028,2023-12-03,20610.0
ING028,2023-12-04,20610.0
ING028,2023-12-05,20630.0
ING028,2023-12-06,20870.0
ING028,2023-12-07,20580.0
ING028,2023-12-08,20420.0
ING028,2023-12-09,20520.0
ING028,2023-12-10,20550.0
ING028,2023-12-11,20580.0
ING028,2023-12-12,20670.0
ING028,2023-12-13,20690.0
ING028,2023-12-14,20590.0
ING028,2023-12-15,20670.0
ING028,2023-12-16,20660.0
ING028,2023-12-17,20580.0
ING028,2023-12-18,20670.0
ING028,2023-12-19,20750.0
ING028,2023-12-20,20770.0
ING028,2023-12-21,21010.0
ING028,2023-12-22,21170.0
ING028,2023-12-23,21280.0
ING028,2023-12-24,21620.0
ING028,2023-12-25,21540.0
ING028,2023-12-26,21410.0
ING028,2023-12-27,21490.0
ING028,2023-12-28,21400.0
ING028,2023-12-29,21350.0
ING028,2023-12-30,21150.0
ING028,2023-12-31,21210.0
ING028,2024-01-01,20950.0
ING028,2024-01-02,20910.0
ING028,2024-01-03,20880.0
ING028,2024-01-04,20790.0
ING028,2024-01-05,20510.0
ING028,2024-01-06,20240.0
ING028,2024-01-07,20130.0
ING028,2024-01-08,20230.0
ING028,2024-01-09,20280.0
ING028,2024-01-10,20290.0
ING028,2024-01-11,20160.0
ING028,2024-01-12,20230.0
ING028,2024-01-13,19970.0
ING028,2024-01-14,19630.0
ING028,2024-01-15,19630.0
ING028,2024-01-16,19590.0
ING028,2024-01-17,19790.0
ING028,2024-01-18,19840.0
ING028,2024-01-19,20120.0
ING028,2024-01-20,20050.0
ING028,2024-01-21,20150.0
ING028,2024-01-22,20120.0
ING028,2024-01-23,20350.0
ING028,2024-01-24,20320.0
ING028,2024-01-25,20460.0
ING028,2024-01-26,20300.0
ING028,2024-01-27,20240.0
ING028,2024-01-28,20240.0
ING028,2024-01-29,20440.0
ING028,2024-01-30,20110.0
ING028,2024-01-31,20080.0
ING028,2024-02-01,20050.0
ING028,2024-02-02,19750.0
ING028,2024-02-03,19720.0
ING028,2024-02-04,19530.0
ING028,2024-02-05,19230.0
ING028,2024-02-06,19250.0
ING028,2024-02-07,19270.0
ING028,2024-02-08,19290.0
ING028,2024-02-09,19390.0
ING028,2024-02-10,19310.0
ING028,2024-02-11,19640.0
ING028,2024-02-12,19680.0
ING028,2024-02-13,19910.0
ING028,2024-02-14,19690.0
ING028,2024-02-15,19600.0
ING028,2024-02-16,19750.0
ING028,2024-02-17,19760.0
ING028,2024-02-18,19630.0
ING028,2024-02-19,19400.0
ING028,2024-02-20,19570.0
ING028,2024-02-21,19710.0
ING028,2024-02-22,19790.0
ING028,2024-02-23,19750.0
ING028,2024-02-24,19620.0
ING028,2024-02-25,19660.0
ING028,2024-02-26,19510.0
ING028,2024-02-27,19440.0
ING028,2024-02-28,19690.0
ING028,2024-02-29,19450.0
ING028,2024-03-01,19610.0
ING028,2024-03-02,19880.0
ING028,2024-03-03,20030.0
ING028,2024-03-04,20120.0
ING028,2024-03-05,20070.0
ING028,2024-03-06,20000.0
ING028,2024-03-07,19690.0
ING028,2024-03-08,19740.0
ING028,2024-03-09,19720.0
ING028,2024-03-10,19650.0
ING028,2024-03-11,19700.0
ING028,2024-03-12,19750.0
ING028,2024-03-13,19690.0
ING028,2024-03-14,19980.0
ING028,2024-03-15,20120.0
ING028,2024-03-16,20280.0
ING028,2024-03-17,20270.0
ING028,2024-03-18,20370.0
ING028,2024-03-19,20240.0
ING028,2024-03-20,20360.0
ING028,2024-03-21,20340.0
ING028,2024-03-22,20200.0
ING028,2024-03-23,20210.0
ING028,2024-03-24,20190.0
ING028,2024-03-25,20560.0
ING028,2024-03-26,20620.0
ING028,2024-03-27,20860.0
ING028,2024-03-28,21020.0
ING028,2024-03-29,21000.0
ING028,2024-03-30,20910.0
ING028,2024-03-31,20640.0
ING028,2024-04-01,20500.0
ING028,2024-04-02,20610.0
ING028,2024-04-03,20560.0
ING028,2024-04-04,20620.0
ING028,2024-04-05,20320.0
ING028,2024-04-06,20400.0
ING028,2024-04-07,20580.0
ING028,2024-04-08,20310.0
ING028,2024-04-09,20380.0
ING028,2024-04-10,20600.0
ING028,2024-04-11,20850.0
ING028,2024-04-12,20760.0
ING028,2024-04-13,20870.0
ING028,2024-04-14,21080.0
ING028,2024-04-15,21110.0
ING028,2024-04-16,21280.0
ING028,2024-04-17,21240.0
ING028,2024-04-18,21270.0
ING028,2024-04-19,21150.0
ING028,2024-04-20,21100.0
ING028,2024-04-21,21140.0
ING028,2024-04-22,21010.0
ING028,2024-04-23,20960.0
ING028,2024-04-24,21060.0
ING028,2024-04-25,21350.0
ING028,2024-04-26,21010.0
ING028,2024-04-27,21280.0
ING028,2024-04-28,21210.0
ING028,2024-04-29,21330.0
ING028,2024-04-30,21470.0
ING028,2024-05-01,21670.0
ING028,2024-05-02,21510.0
ING028,2024-05-03,21430.0
ING028,2024-05-04,21390.0
ING028,2024-05-05,21300.0
ING028,2024-05-06,21460.0
ING028,2024-05-07,21410.0
ING028,2024-05-08,21130.0
ING028,2024-05-09,21020.0
ING028,2024-05-10,20760.0
ING028,2024-05-11,20730.0
ING028,2024-05-12,20830.0
ING028,2024-05-13,20720.0
ING028,2024-05-14,20660.0
ING028,2024-05-15,20620.0
ING028,2024-05-16,20640.0
ING028,2024-05-17,20730.0
ING028,2024-05-18,20850.0
ING028,2024-05-19,21180.0
ING028,2024-05-20,21170.0
ING028,2024-05-21,21260.0
ING028,2024-05-22,20990.0
ING028,2024-05-23,20920.0
ING028,2024-05-24,20870.0
ING028,2024-05-25,20710.0
ING028,2024-05-26,20630.0
ING028,2024-05-27,20620.0
ING028,2024-05-28,20550.0
ING028,2024-05-29,20950.0
ING028,2024-05-30,21020.0
ING028,2024-05-31,21300.0
ING028,2024-06-01,21500.0
ING028,2024-06-02,21360.0
ING028,2024-06-03,21340.0
ING028,2024-06-04,21240.0
ING028,2024-06-05,21190.0
ING028,2024-06-06,21030.0
ING028,2024-06-07,20950.0
ING028,2024-06-08,20990.0
ING028,2024-06-09,21030.0
ING028,2024-06-10,21050.0
ING028,2024-06-11,21030.0
ING028,2024-06-12,21140.0
ING028,2024-06-13,21090.0
ING028,2024-06-14,21280.0
ING028,2024-06-15,20980.0
ING028,2024-06-16,21060.0
ING028,2024-06-17,21120.0
ING028,2024-06-18,21000.0
ING028,2024-06-19,20940.0
ING028,2024-06-20,21000.0
ING028,2024-06-21,21130.0
ING028,2024-06-22,20850.0
ING028,2024-06-23,20940.0
ING028,2024-06-24,20860.0
ING028,2024-06-25,21030.0
ING028,2024-06-26,20740.0
ING028,2024-06-27,21110.0
ING028,2024-06-28,20960.0
ING028,2024-06-29,21170.0
ING028,2024-06-30,21140.0
ING028,2024-07-01,21000.0
ING028,2024-07-02,21030.0
ING028,2024-07-03,21170.0
ING028,2024-07-04,20920.0
ING028,2024-07-05,21020.0
ING028,2024-07-06,21010.0
ING028,2024-07-07,21090.0
ING028,2024-07-08,21070.0
ING028,2024-07-09,20980.0
ING028,2024-07-10,20800.0
ING028,2024-07-11,20900.0
ING028,2024-07-12,21000.0
ING028,2024-07-13,21090.0
ING028,2024-07-14,21140.0
ING028,2024-07-15,21270.0
ING028,2024-07-16,21460.0
ING028,2024-07-17,21140.0
ING028,2024-07-18,20780.0
ING028,2024-07-19,21040.0
ING028,2024-07-20,20830.0
ING028,2024-07-21,20670.0
ING028,2024-07-22,20630.0
ING028,2024-07-23,20390.0
ING028,2024-07-24,20360.0
ING028,2024-07-25,20240.0
ING028,2024-07-26,20240.0
ING028,2024-07-27,20310.0
ING028,2024-07-28,20290.0
ING028,2024-07-29,20260.0
ING028,2024-07-30,20330.0
ING028,2024-07-31,20510.0
ING028,2024-08-01,20770.0
ING028,2024-08-02,20740.0
ING028,2024-08-03,21020.0
ING028,2024-08-04,21150.0
ING028,2024-08-05,20950.0
ING028,2024-08-06,20750.0
ING028,2024-08-07,20670.0
ING028,2024-08-08,20900.0
ING028,2024-08-09,20830.0
ING028,2024-08-10,20550.0
ING028,2024-08-11,20530.0
ING028,2024-08-12,20250.0
ING028,2024-08-13,20120.0
ING028,2024-08-14,20070.0
ING028,2024-08-15,20140.0
ING028,2024-08-16,20330.0
ING028,2024-08-17,20460.0
ING028,2024-08-18,20310.0
ING028,2024-08-19,20280.0
ING028,2024-08-20,20330.0
ING028,2024-08-21,20320.0
ING028,2024-08-22,20310.0
ING028,2024-08-23,20080.0
ING028,2024-08-24,19950.0
ING028,2024-08-25,19940.0
ING028,2024-08-26,19520.0
ING028,2024-08-27,19690.0
ING028,2024-08-28,19540.0
ING028,2024-08-29,19720.0
ING028,2024-08-30,19870.0
ING028,2024-08-31,19840.0
ING028,2024-09-01,20040.0
ING028,2024-09-02,20200.0
ING028,2024-09-03,20190.0
ING028,2024-09-04,20160.0
ING028,2024-09-05,20370.0
ING028,2024-09-06,20430.0
ING028,2024-09-07,20620.0
ING028,2024-09-08,20270.0
ING028,2024-09-09,20320.0
ING028,2024-09-10,20120.0
ING028,2024-09-11,20160.0
ING028,2024-09-12,20300.0
ING028,2024-09-13,20600.0
ING028,2024-09-14,20470.0
ING028,2024-09-15,20420.0
ING028,2024-09-16,20430.0
ING028,2024-09-17,20310.0
ING028,2024-09-18,20490.0
ING028,2024-09-19,20510.0
ING028,2024-09-20,20550.0
ING028,2024-09-21,20660.0
ING028,2024-09-22,20670.0
ING028,2024-09-23,20560.0
ING028,2024-09-24,20570.0
ING028,2024-09-25,20470.0
ING028,2024-09-26,20510.0
ING028,2024-09-27,20680.0
ING028,2024-09-28,20520.0
ING028,2024-09-29,20320.0
ING028,2024-09-30,20360.0
ING028,2024-10-01,20280.0
ING028,2024-10-02,20320.0
ING028,2024-10-03,20400.0
ING028,2024-10-04,20110.0
ING028,2024-10-05,20260.0
ING028,2024-10-06,20120.0
ING028,2024-10-07,20160.0
ING028,2024-10-08,20110.0
ING028,2024-10-09,20070.0
ING028,2024-10-10,20370.0
ING028,2024-10-11,20450.0
ING028,2024-10-12,20620.0
ING028,2024-10-13,20660.0
ING028,2024-10-14,20770.0
ING028,2024-10-15,20850.0
ING028,2024-10-16,20890.0
ING028,2024-10-17,21070.0
ING028,2024-10-18,21090.0
ING028,2024-10-19,21430.0
ING028,2024-10-20,21550.0
ING028,2024-10-21,21360.0
ING028,2024-10-22,21320.0
ING028,2024-10-23,21360.0
ING028,2024-10-24,21350.0
ING028,2024-10-25,21440.0
ING028,2024-10-26,21540.0
ING028,2024-10-27,21310.0
ING028,2024-10-28,21490.0
ING028,2024-10-29,21400.0
ING028,2024-10-30,21290.0
ING028,2024-10-31,21190.0
ING028,2024-11-01,21310.0
ING028,2024-11-02,21250.0
ING028,2024-11-03,21150.0
ING028,2024-11-04,21080.0
ING028,2024-11-05,20810.0
ING028,2024-11-06,20700.0
ING028,2024-11-07,20530.0
ING028,2024-11-08,20520.0
ING028,2024-11-09,20650.0
ING028,2024-11-10,20750.0
ING028,2024-11-11,20960.0
ING028,2024-11-12,21120.0
ING028,2024-11-13,21040.0
ING028,2024-11-14,21050.0
ING028,2024-11-15,21040.0
ING028,2024-11-16,20720.0
ING028,2024-11-17,20560.0
ING028,2024-11-18,20560.0
ING028,2024-11-19,20560.0
ING028,2024-11-20,20670.0
ING028,2024-11-21,20760.0
ING028,2024-11-22,20510.0
ING028,2024-11-23,20620.0
ING028,2024-11-24,20670.0
ING028,2024-11-25,20790.0
ING028,2024-11-26,20970.0
ING028,2024-11-27,20950.0
ING028,2024-11-28,21150.0
ING028,2024-11-29,21010.0
ING028,2024-11-30,20880.0
ING028,2024-12-01,20960.0
ING028,2024-12-02,20910.0
ING028,2024-12-03,20960.0
ING028,2024-12-04,21270.0
ING028,2024-12-05,21320.0
ING028,2024-12-06,21340.0
ING028,2024-12-07,21200.0
ING028,2024-12-08,20950.0
ING028,2024-12-09,20950.0
ING028,2024-12-10,21120.0
ING028,2024-12-11,21070.0
ING028,2024-12-12,21140.0
ING028,2024-12-13,21350.0
ING028,2024-12-14,21550.0
ING028,2024-12-15,21600.0
ING028,2024-12-16,21600.0
ING028,2024-12-17,21350.0
ING028,2024-12-18,21250.0
ING028,2024-12-19,21200.0
ING028,2024-12-20,21070.0
ING028,2024-12-21,21120.0
ING028,2024-12-22,21410.0
ING028,2024-12-23,21620.0
ING028,2024-12-24,21640.0
ING028,2024-12-25,21730.0
ING028,2024-12-26,21600.0
ING028,2024-12-27,21800.0
ING028,2024-12-28,21530.0
ING028,2024-12-29,21650.0
ING028,2024-12-30,21700.0
ING028,2024-12-31,21570.0
ING028,2025-01-01,21520.0
ING028,2025-01-02,21330.0
ING028,2025-01-03,21160.0
ING028,2025-01-04,20920.0
ING028,2025-01-05,21050.0
ING028,2025-01-06,21240.0
ING028,2025-01-07,20920.0
ING028,2025-01-08,21210.0
ING028,2025-01-09,21210.0
ING028,2025-01-10,21250.0
ING028,2025-01-11,21030.0
ING028,2025-01-12,21240.0
ING028,2025-01-13,21270.0
ING028,2025-01-14,21440.0
ING028,2025-01-15,21610.0
ING028,2025-01-16,21790.0
ING028,2025-01-17,21670.0
ING028,2025-01-18,21610.0
ING028,2025-01-19,21500.0
ING028,2025-01-20,21630.0
ING028,2025-01-21,21660.0
ING028,2025-01-22,21800.0
ING028,2025-01-23,21940.0
ING028,2025-01-24,21640.0
ING028,2025-01-25,21830.0
ING028,2025-01-26,21940.0
ING028,2025-01-27,21850.0
ING028,2025-01-28,21870.0
ING028,2025-01-29,21830.0
ING028,2025-01-30,21890.0
ING028,2025-01-31,21800.0
ING028,2025-02-01,21850.0
ING028,2025-02-02,21830.0
ING028,2025-02-03,21740.0
ING028,2025-02-04,21740.0
ING028,2025-02-05,22130.0
ING028,2025-02-06,21980.0
ING028,2025-02-07,21910.0
ING028,2025-02-08,21780.0
ING028,2025-02-09,21670.0
ING028,2025-02-10,21770.0
ING028,2025-02-11,21860.0
ING028,2025-02-12,21830.0
ING028,2025-02-13,21960.0
ING028,2025-02-14,22040.0
ING028,2025-02-15,21980.0
ING028,2025-02-16,21720.0
ING028,2025-02-17,21820.0
ING028,2025-02-18,21820.0
ING028,2025-02-19,21800.0
ING028,2025-02-20,21700.0
ING028,2025-02-21,21800.0
ING028,2025-02-22,21830.0
ING028,2025-02-23,21760.0
ING028,2025-02-24,21560.0
ING028,2025-02-25,21710.0
ING028,2025-02-26,21780.0
ING028,2025-02-27,21790.0
ING028,2025-02-28,21370.0
ING028,2025-03-01,21370.0
ING028,2025-03-02,21330.0
ING028,2025-03-03,21240.0
ING028,2025-03-04,21350.0
ING028,2025-03-05,21460.0
ING028,2025-03-06,21520.0
ING028,2025-03-07,21670.0
ING028,2025-03-08,21500.0
ING028,2025-03-09,21420.0
ING028,2025-03-10,21430.0
ING028,2025-03-11,21330.0
ING028,2025-03-12,21440.0
ING028,2025-03-13,21360.0
ING028,2025-03-14,21560.0
ING028,2025-03-15,21410.0
ING028,2025-03-16,21730.0
ING028,2025-03-17,22010.0
ING028,2025-03-18,21970.0
ING028,2025-03-19,22110.0
ING028,2025-03-20,22010.0
ING028,2025-03-21,22130.0
ING028,2025-03-22,22070.0
ING028,2025-03-23,21840.0
ING028,2025-03-24,21290.0
ING028,2025-03-25,21250.0
ING028,2025-03-26,21300.0
ING028,2025-03-27,21510.0
ING028,2025-03-28,21510.0
ING028,2025-03-29,21650.0
ING028,2025-03-30,21570.0
ING028,2025-03-31,21510.0
ING028,2025-04-01,21660.0
ING028,2025-04-02,21280.0
ING028,2025-04-03,21290.0
ING028,2025-04-04,21230.0
ING028,2025-04-05,21450.0
ING028,2025-04-06,21370.0
ING028,2025-04-07,21450.0
ING028,2025-04-08,21580.0
ING028,2025-04-09,21350.0
ING028,2025-04-10,21330.0
ING028,2025-04-11,21270.0
ING028,2025-04-12,21420.0
ING028,2025-04-13,21530.0
ING028,2025-04-14,21490.0
ING028,2025-04-15,21330.0
ING028,2025-04-16,21490.0
ING028,2025-04-17,21470.0
ING028,2025-04-18,21230.0
ING028,2025-04-19,21010.0
ING028,2025-04-20,21100.0
ING028,2025-04-21,20920.0
ING028,2025-04-22,21230.0
ING028,2025-04-23,21100.0
ING028,2025-04-24,21120.0
ING028,2025-04-25,21160.0
ING028,2025-04-26,21060.0
ING028,2025-04-27,20750.0
ING028,2025-04-28,20810.0
ING028,2025-04-29,20730.0
ING028,2025-04-30,20790.0
ING028,2025-05-01,20800.0
ING028,2025-05-02,20870.0
ING028,2025-05-03,21140.0
ING028,2025-05-04,21070.0
ING028,2025-05-05,21020.0
ING028,2025-05-06,20800.0
ING028,2025-05-07,20800.0
ING028,2025-05-08,20900.0
ING028,2025-05-09,20850.0
ING028,2025-05-10,20950.0
ING028,2025-05-11,20950.0
ING028,2025-05-12,20780.0
ING028,2025-05-13,20860.0
ING028,2025-05-14,20860.0
ING028,2025-05-15,20910.0
ING028,2025-05-16,20860.0
ING028,2025-05-17,20790.0
ING028,2025-05-18,20850.0
ING028,2025-05-19,20850.0
ING028,2025-05-20,21140.0
ING028,2025-05-21,21280.0
ING028,2025-05-22,21370.0
ING028,2025-05-23,21350.0
ING028,2025-05-24,21060.0
ING028,2025-05-25,20960.0
ING028,2025-05-26,20890.0
ING028,2025-05-27,20880.0
ING028,2025-05-28,20910.0
ING028,2025-05-29,21040.0
ING028,2025-05-30,21100.0
ING028,2025-05-31,21300.0
ING028,2025-06-01,21260.0
ING028,2025-06-02,21320.0
ING028,2025-06-03,21380.0
ING028,2025-06-04,21420.0
ING028,2025-06-05,21620.0
ING028,2025-06-06,21740.0
ING028,2025-06-07,21530.0
ING028,2025-06-08,21520.0
ING028,2025-06-09,21520.0
ING028,2025-06-10,21840.0
ING028,2025-06-11,21780.0
ING028,2025-06-12,21620.0
ING028,2025-06-13,21680.0
ING028,2025-06-14,21750.0
ING028,2025-06-15,21730.0
ING028,2025-06-16,21690.0
ING028,2025-06-17,21830.0
ING028,2025-06-18,21690.0
ING028,2025-06-19,21630.0
ING028,2025-06-20,21550.0
ING028,2025-06-21,21710.0
ING028,2025-06-22,21750.0
ING028,2025-06-23,21580.0
ING028,2025-06-24,21440.0
ING028,2025-06-25,21730.0
ING028,2025-06-26,21880.0
ING028,2025-06-27,21990.0
ING028,2025-06-28,21980.0
ING028,2025-06-29,22180.0
ING028,2025-06-30,21990.0
ING028,2025-07-01,22080.0
ING028,2025-07-02,21990.0
ING028,2025-07-03,21930.0
ING028,2025-07-04,22030.0
ING028,2025-07-05,21980.0
ING028,2025-07-06,21900.0
ING028,2025-07-07,21810.0
ING028,2025-07-08,21500.0
ING028,2025-07-09,21630.0
ING028,2025-07-10,21470.0
ING028,2025-07-11,21760.0
ING028,2025-07-12,21710.0
ING028,2025-07-13,21900.0
ING028,2025-07-14,21620.0
ING028,2025-07-15,21730.0
ING028,2025-07-16,21870.0
ING028,2025-07-17,22060.0
ING028,2025-07-18,21810.0
ING028,2025-07-19,21690.0
ING028,2025-07-20,21780.0
ING028,2025-07-21,21790.0
ING028,2025-07-22,21830.0
ING028,2025-07-23,21770.0
ING028,2025-07-24,21990.0
ING028,2025-07-25,22370.0
ING028,2025-07-26,22350.0
ING028,2025-07-27,22380.0
ING028,2025-07-28,22350.0
ING028,2025-07-29,22510.0
ING028,2025-07-30,22590.0
ING028,2025-07-31,22390.0
ING028,2025-08-01,22260.0
ING028,2025-08-02,22080.0
ING028,2025-08-03,22460.0
ING028,2025-08-04,22520.0
ING028,2025-08-05,22390.0
ING028,2025-08-06,22250.0
ING028,2025-08-07,22340.0
ING028,2025-08-08,22450.0
ING028,2025-08-09,22530.0
ING028,2025-08-10,22420.0
ING028,2025-08-11,22430.0
ING028,2025-08-12,22410.0
ING028,2025-08-13,22240.0
ING028,2025-08-14,22070.0
ING028,2025-08-15,22110.0
ING028,2025-08-16,22120.0
ING028,2025-08-17,22180.0
ING028,2025-08-18,22280.0
ING028,2025-08-19,22480.0
ING028,2025-08-20,22320.0
ING028,2025-08-21,22380.0
ING028,2025-08-22,22460.0
ING028,2025-08-23,22380.0
ING028,2025-08-24,22360.0
ING028,2025-08-25,22290.0
ING028,2025-08-26,22580.0
ING028,2025-08-27,22550.0
ING028,2025-08-28,22580.0
ING028,2025-08-29,22500.0
ING028,2025-08-30,22390.0
ING028,2025-08-31,22160.0
ING028,2025-09-01,22300.0
ING028,2025-09-02,22390.0
ING028,2025-09-03,22310.0
ING028,2025-09-04,22150.0
ING028,2025-09-05,22160.0
ING028,2025-09-06,22060.0
ING028,2025-09-07,22010.0
ING028,2025-09-08,21810.0
ING028,2025-09-09,21840.0
ING028,2025-09-10,21870.0
ING028,2025-09-11,22030.0
ING028,2025-09-12,21990.0
ING028,2025-09-13,21930.0
ING028,2025-09-14,21690.0
ING028,2025-09-15,21860.0
ING028,2025-09-16,21990.0
ING028,2025-09-17,21980.0
ING028,2025-09-18,21770.0
ING028,2025-09-19,21590.0
ING028,2025-09-20,21520.0
ING028,2025-09-21,21680.0
ING028,2025-09-22,21720.0
ING028,2025-09-23,21500.0
ING028,2025-09-24,21580.0
ING028,2025-09-25,21460.0
ING028,2025-09-26,21400.0
ING028,2025-09-27,21570.0
ING028,2025-09-28,21690.0
ING028,2025-09-29,21860.0
ING028,2025-09-30,21860.0
ING028,2025-10-01,21990.0
ING028,2025-10-02,21890.0
ING028,2025-10-03,21850.0
ING028,2025-10-04,21800.0
ING028,2025-10-05,21800.0
ING028,2025-10-06,21610.0
ING028,2025-10-07,21580.0
ING028,2025-10-08,21810.0
ING028,2025-10-09,21650.0
ING028,2025-10-10,21460.0
ING028,2025-10-11,21290.0
ING028,2025-10-12,21720.0
ING028,2025-10-13,21790.0
ING028,2025-10-14,21750.0
ING028,2025-10-15,21770.0
ING028,2025-10-16,21810.0
ING028,2025-10-17,21710.0
ING028,2025-10-18,21640.0
ING028,2025-10-19,21630.0
ING028,2025-10-20,21530.0
ING028,2025-10-21,21490.0
ING028,2025-10-22,21560.0
ING028,2025-10-23,21420.0
ING028,2025-10-24,21830.0
ING028,2025-10-25,21950.0
ING028,2025-10-26,21750.0
ING028,2025-10-27,21390.0
ING028,2025-10-28,21310.0
ING028,2025-10-29,21440.0
ING028,2025-10-30,21530.0
ING028,2025-10-31,21530.0
ING028,2025-11-01,21460.0
ING028,2025-11-02,21350.0
ING028,2025-11-03,21310.0
ING028,2025-11-04,21190.0
ING028,2025-11-05,21160.0
ING028,2025-11-06,21400.0
ING028,2025-11-07,21310.0
ING028,2025-11-08,21430.0
ING028,2025-11-09,21570.0
ING028,2025-11-10,21420.0
ING028,2025-11-11,21320.0
ING028,2025-11-12,21510.0
ING028,2025-11-13,21390.0
ING028,2025-11-14,21400.0
ING028,2025-11-15,21730.0
ING028,2025-11-16,21890.0
ING028,2025-11-17,21900.0
ING028,2025-11-18,22030.0
ING028,2025-11-19,22020.0
ING028,2025-11-20,22160.0
ING028,2025-11-21,21840.0
ING028,2025-11-22,21830.0
ING028,2025-11-23,21520.0
ING028,2025-11-24,21560.0
ING028,2025-11-25,21550.0
ING028,2025-11-26,21770.0
ING028,2025-11-27,21880.0
ING028,2025-11-28,21810.0
ING028,2025-11-29,21750.0
ING028,2025-11-30,21820.0
ING028,2025-12-01,21740.0
ING028,2025-12-02,21740.0
ING028,2025-12-03,21950.0
ING028,2025-12-04,21830.0
ING028,2025-12-05,21770.0
ING028,2025-12-06,21730.0
ING028,2025-12-07,22210.0
ING028,2025-12-08,22290.0
ING028,2025-12-09,22440.0
ING028,2025-12-10,22540.0
ING028,2025-12-11,22630.0
ING028,2025-12-12,22670.0
ING028,2025-12-13,22690.0
ING028,2025-12-14,22440.0
ING028,2025-12-15,22470.0
ING028,2025-12-16,22420.0
ING028,2025-12-17,22480.0
ING028,2025-12-18,22450.0
ING028,2025-12-19,22540.0
ING028,2025-12-20,22650.0
ING028,2025-12-21,22180.0
ING028,2025-12-22,22110.0
ING028,2025-12-23,21820.0
ING028,2025-12-24,21870.0
ING028,2025-12-25,21830.0
ING028,2025-12-26,22040.0
ING028,2025-12-27,22070.0
ING028,2025-12-28,21990.0
ING028,2025-12-29,22130.0
ING028,2025-12-30,22080.0
ING028,2025-12-31,22000.0
ING028,2026-01-01,22060.0
ING028,2026-01-02,22300.0
ING028,2026-01-03,22410.0
ING028,2026-01-04,22480.0
ING028,2026-01-05,22870.0
ING028,2026-01-06,22710.0
ING028,2026-01-07,22570.0
ING028,2026-01-08,22560.0
ING028,2026-01-09,22760.0
ING028,2026-01-10,22580.0
ING028,2026-01-11,22820.0
ING028,2026-01-12,22560.0
ING028,2026-01-13,22520.0
ING028,2026-01-14,22520.0
ING028,2026-01-15,22360.0
ING028,2026-01-16,22250.0
ING028,2026-01-17,22360.0
ING028,2026-01-18,22560.0
ING028,2026-01-19,22220.0
ING028,2026-01-20,22240.0
ING028,2026-01-21,22210.0
ING028,2026-01-22,22220.0
ING028,2026-01-23,22160.0
ING028,2026-01-24,21970.0
ING028,2026-01-25,22200.0
ING028,2026-01-26,22370.0
ING028,2026-01-27,22340.0
ING028,2026-01-28,22250.0
ING028,2026-01-29,22150.0
ING028,2026-01-30,21760.0
ING028,2026-01-31,21830.0
ING028,2026-02-01,21960.0
ING028,2026-02-02,21980.0
ING028,2026-02-03,21970.0
ING028,2026-02-04,22000.0
ING028,2026-02-05,21880.0
ING028,2026-02-06,21810.0
ING028,2026-02-07,21800.0
ING028,2026-02-08,21920.0
ING028,2026-02-09,22130.0
ING028,2026-02-10,22100.0
ING028,2026-02-11,21940.0
ING028,2026-02-12,21950.0
ING028,2026-02-13,22260.0
ING028,2026-02-14,22110.0
ING028,2026-02-15,22240.0
ING028,2026-02-16,22440.0
ING028,2026-02-17,22370.0
ING028,2026-02-18,22250.0
ING028,2026-02-19,22330.0
ING028,2026-02-20,22370.0
ING028,2026-02-21,22460.0
ING028,2026-02-22,22760.0
ING028,2026-02-23,22750.0
ING028,2026-02-24,22540.0
ING028,2026-02-25,22530.0
ING028,2026-02-26,22550.0
ING028,2026-02-27,22710.0
ING028,2026-02-28,22660.0
ING028,2026-03-01,22570.0
ING028,2026-03-02,22340.0
ING028,2026-03-03,22410.0
ING028,2026-03-04,22900.0
ING028,2026-03-05,22830.0
ING028,2026-03-06,22860.0
ING028,2026-03-07,22750.0
ING028,2026-03-08,22520.0
ING028,2026-03-09,22570.0
ING028,2026-03-10,22550.0
ING028,2026-03-11,22180.0
ING028,2026-03-12,22420.0
ING028,2026-03-13,22470.0
ING028,2026-03-14,22460.0
ING028,2026-03-15,22380.0
ING028,2026-03-16,22430.0
ING028,2026-03-17,22490.0
ING028,2026-03-18,22530.0
ING028,2026-03-19,22680.0
ING028,2026-03-20,22840.0
ING028,2026-03-21,23110.0
ING028,2026-03-22,22940.0
ING028,2026-03-23,22820.0
ING028,2026-03-24,22840.0
ING028,2026-03-25,22690.0
ING028,2026-03-26,22570.0
ING028,2026-03-27,22620.0
ING028,2026-03-28,22740.0
ING028,2026-03-29,22900.0
ING028,2026-03-30,22840.0
ING028,2026-03-31,22880.0
ING028,2026-04-01,22880.0
ING028,2026-04-02,22850.0
ING028,2026-04-03,22690.0
ING028,2026-04-04,22530.0
ING028,2026-04-05,22610.0
ING028,2026-04-06,22470.0
ING028,2026-04-07,22190.0
ING028,2026-04-08,22180.0
ING028,2026-04-09,22400.0
ING028,2026-04-10,21980.0
ING028,2026-04-11,21950.0
ING028,2026-04-12,22060.0
ING028,2026-04-13,21800.0
ING028,2026-04-14,21790.0
ING028,2026-04-15,21640.0
ING028,2026-04-16,21520.0
ING028,2026-04-17,21490.0
ING028,2026-04-18,21360.0
ING028,2026-04-19,21220.0
ING028,2026-04-20,21270.0
ING028,2026-04-21,21650.0
ING028,2026-04-22,21790.0
ING028,2026-04-23,21970.0
ING028,2026-04-24,22100.0
ING028,2026-04-25,22000.0
ING028,2026-04-26,22060.0
ING028,2026-04-27,22240.0
ING028,2026-04-28,22360.0
ING028,2026-04-29,22390.0
ING028,2026-04-30,22460.0
ING028,2026-05-01,22820.0
ING028,2026-05-02,22920.0
ING028,2026-05-03,22840.0
ING028,2026-05-04,22800.0
ING028,2026-05-05,22610.0
ING028,2026-05-06,22950.0
ING028,2026-05-07,23160.0
ING028,2026-05-08,23130.0
ING028,2026-05-09,23410.0
ING028,2026-05-10,23450.0
ING028,2026-05-11,23330.0
ING028,2026-05-12,23410.0
ING028,2026-05-13,23420.0
ING028,2026-05-14,23490.0
ING028,2026-05-15,23220.0
ING028,2026-05-16,23050.0
ING028,2026-05-17,23240.0
ING028,2026-05-18,23450.0
ING028,2026-05-19,23600.0
ING028,2026-05-20,23870.0
ING028,2026-05-21,23880.0
ING028,2026-05-22,23880.0
ING028,2026-05-23,23660.0
ING028,2026-05-24,23510.0
ING028,2026-05-25,23150.0
ING028,2026-05-26,23060.0
ING028,2026-05-27,22710.0
ING028,2026-05-28,22860.0
ING028,2026-05-29,22890.0
ING028,2026-05-30,22560.0
ING028,2026-05-31,22520.0
ING028,2026-06-01,22800.0
ING028,2026-06-02,22760.0
ING028,2026-06-03,22590.0
ING028,2026-06-04,22310.0
ING028,2026-06-05,22050.0
ING028,2026-06-06,22140.0
ING028,2026-06-07,22090.0
ING028,2026-06-08,22050.0
ING028,2026-06-09,22000.0
ING028,2026-06-10,22000.0
ING028,2026-06-11,21830.0
ING028,2026-06-12,21910.0
ING028,2026-06-13,21710.0
ING028,2026-06-14,21630.0
ING028,2026-06-15,21820.0
ING028,2026-06-16,21910.0
ING028,2026-06-17,22030.0
ING028,2026-06-18,22370.0
ING028,2026-06-19,22360.0
ING028,2026-06-20,22370.0
ING028,2026-06-21,22330.0
ING028,2026-06-22,22260.0
ING028,2026-06-23,22120.0
ING028,2026-06-24,22140.0
ING028,2026-06-25,22210.0
ING028,2026-06-26,22280.0
ING028,2026-06-27,22300.0
ING028,2026-06-28,22440.0
ING028,2026-06-29,22440.0
ING028,2026-06-30,22380.0
ING029,2023-07-01,23930.0
ING029,2023-07-02,23830.0
ING029,2023-07-03,23940.0
ING029,2023-07-04,23890.0
ING029,2023-07-05,23830.0
ING029,2023-07-06,23810.0
ING029,2023-07-07,23800.0
ING029,2023-07-08,23930.0
ING029,2023-07-09,23910.0
ING029,2023-07-10,24110.0
ING029,2023-07-11,24110.0
ING029,2023-07-12,24250.0
ING029,2023-07-13,24300.0
ING029,2023-07-14,24320.0
ING029,2023-07-15,24420.0
ING029,2023-07-16,24480.0
ING029,2023-07-17,24500.0
ING029,2023-07-18,24650.0
ING029,2023-07-19,24580.0
ING029,2023-07-20,24480.0
ING029,2023-07-21,24410.0
ING029,2023-07-22,24520.0
ING029,2023-07-23,24600.0
ING029,2023-07-24,24540.0
ING029,2023-07-25,24340.0
ING029,2023-07-26,24310.0
ING029,2023-07-27,24230.0
ING029,2023-07-28,24190.0
ING029,2023-07-29,24100.0
ING029,2023-07-30,23990.0
ING029,2023-07-31,24130.0
ING029,2023-08-01,24080.0
ING029,2023-08-02,24180.0
ING029,2023-08-03,24160.0
ING029,2023-08-04,24070.0
ING029,2023-08-05,24110.0
ING029,2023-08-06,24080.0
ING029,2023-08-07,24070.0
ING029,2023-08-08,24080.0
ING029,2023-08-09,24020.0
ING029,2023-08-10,23910.0
ING029,2023-08-11,23920.0
ING029,2023-08-12,23990.0
ING029,2023-08-13,23940.0
ING029,2023-08-14,23960.0
ING029,2023-08-15,24070.0
ING029,2023-08-16,24070.0
ING029,2023-08-17,24080.0
ING029,2023-08-18,24080.0
ING029,2023-08-19,24040.0
ING029,2023-08-20,23970.0
ING029,2023-08-21,23910.0
ING029,2023-08-22,23950.0
ING029,2023-08-23,24010.0
ING029,2023-08-24,24070.0
ING029,2023-08-25,24050.0
ING029,2023-08-26,24130.0
ING029,2023-08-27,24160.0
ING029,2023-08-28,24160.0
ING029,2023-08-29,23920.0
ING029,2023-08-30,23870.0
ING029,2023-08-31,23780.0
ING029,2023-09-01,23840.0
ING029,2023-09-02,23870.0
ING029,2023-09-03,23800.0
ING029,2023-09-04,23840.0
ING029,2023-09-05,23760.0
ING029,2023-09-06,23700.0
ING029,2023-09-07,23680.0
ING029,2023-09-08,23740.0
ING029,2023-09-09,23860.0
ING029,2023-09-10,23840.0
ING029,2023-09-11,23950.0
ING029,2023-09-12,23970.0
ING029,2023-09-13,23990.0
ING029,2023-09-14,24000.0
ING029,2023-09-15,24000.0
ING029,2023-09-16,24040.0
ING029,2023-09-17,24100.0
ING029,2023-09-18,24040.0
ING029,2023-09-19,24040.0
ING029,2023-09-20,24160.0
ING029,2023-09-21,24180.0
ING029,2023-09-22,24200.0
ING029,2023-09-23,24290.0
ING029,2023-09-24,24250.0
ING029,2023-09-25,24240.0
ING029,2023-09-26,24300.0
ING029,2023-09-27,24390.0
ING029,2023-09-28,24210.0
ING029,2023-09-29,24160.0
ING029,2023-09-30,24090.0
ING029,2023-10-01,24090.0
ING029,2023-10-02,24030.0
ING029,2023-10-03,24090.0
ING029,2023-10-04,24110.0
ING029,2023-10-05,24180.0
ING029,2023-10-06,24250.0
ING029,2023-10-07,24300.0
ING029,2023-10-08,24280.0
ING029,2023-10-09,24280.0
ING029,2023-10-10,24250.0
ING029,2023-10-11,24150.0
ING029,2023-10-12,24230.0
ING029,2023-10-13,24220.0
ING029,2023-10-14,24120.0
ING029,2023-10-15,24160.0
ING029,2023-10-16,24150.0
ING029,2023-10-17,24010.0
ING029,2023-10-18,23930.0
ING029,2023-10-19,23890.0
ING029,2023-10-20,23930.0
ING029,2023-10-21,24000.0
ING029,2023-10-22,24070.0
ING029,2023-10-23,24130.0
ING029,2023-10-24,24130.0
ING029,2023-10-25,24270.0
ING029,2023-10-26,24320.0
ING029,2023-10-27,24330.0
ING029,2023-10-28,24370.0
ING029,2023-10-29,24340.0
ING029,2023-10-30,24340.0
ING029,2023-10-31,24190.0
ING029,2023-11-01,24170.0
ING029,2023-11-02,24300.0
ING029,2023-11-03,24310.0
ING029,2023-11-04,24320.0
ING029,2023-11-05,24390.0
ING029,2023-11-06,24420.0
ING029,2023-11-07,24360.0
ING029,2023-11-08,24360.0
ING029,2023-11-09,24270.0
ING029,2023-11-10,24290.0
ING029,2023-11-11,24230.0
ING029,2023-11-12,24310.0
ING029,2023-11-13,24270.0
ING029,2023-11-14,24220.0
ING029,2023-11-15,24220.0
ING029,2023-11-16,24250.0
ING029,2023-11-17,24170.0
ING029,2023-11-18,24140.0
ING029,2023-11-19,24160.0
ING029,2023-11-20,24270.0
ING029,2023-11-21,24090.0
ING029,2023-11-22,24150.0
ING029,2023-11-23,24130.0
ING029,2023-11-24,24110.0
ING029,2023-11-25,24080.0
ING029,2023-11-26,24060.0
ING029,2023-11-27,24130.0
ING029,2023-11-28,24100.0
ING029,2023-11-29,24230.0
ING029,2023-11-30,24290.0
ING029,2023-12-01,24310.0
ING029,2023-12-02,24300.0
ING029,2023-12-03,24390.0
ING029,2023-12-04,24490.0
ING029,2023-12-05,24400.0
ING029,2023-12-06,24350.0
ING029,2023-12-07,24400.0
ING029,2023-12-08,24470.0
ING029,2023-12-09,24450.0
ING029,2023-12-10,24390.0
ING029,2023-12-11,24400.0
ING029,2023-12-12,24510.0
ING029,2023-12-13,24510.0
ING029,2023-12-14,24410.0
ING029,2023-12-15,24420.0
ING029,2023-12-16,24480.0
ING029,2023-12-17,24470.0
ING029,2023-12-18,24560.0
ING029,2023-12-19,24620.0
ING029,2023-12-20,24600.0
ING029,2023-12-21,24600.0
ING029,2023-12-22,24460.0
ING029,2023-12-23,24550.0
ING029,2023-12-24,24520.0
ING029,2023-12-25,24490.0
ING029,2023-12-26,24450.0
ING029,2023-12-27,24480.0
ING029,2023-12-28,24400.0
ING029,2023-12-29,24330.0
ING029,2023-12-30,24340.0
ING029,2023-12-31,24300.0
ING029,2024-01-01,24330.0
ING029,2024-01-02,24300.0
ING029,2024-01-03,24420.0
ING029,2024-01-04,24470.0
ING029,2024-01-05,24520.0
ING029,2024-01-06,24480.0
ING029,2024-01-07,24650.0
ING029,2024-01-08,24610.0
ING029,2024-01-09,24560.0
ING029,2024-01-10,24610.0
ING029,2024-01-11,24620.0
ING029,2024-01-12,24550.0
ING029,2024-01-13,24710.0
ING029,2024-01-14,24770.0
ING029,2024-01-15,24760.0
ING029,2024-01-16,24920.0
ING029,2024-01-17,24960.0
ING029,2024-01-18,24930.0
ING029,2024-01-19,25080.0
ING029,2024-01-20,25100.0
ING029,2024-01-21,25110.0
ING029,2024-01-22,25060.0
ING029,2024-01-23,25040.0
ING029,2024-01-24,24980.0
ING029,2024-01-25,25060.0
ING029,2024-01-26,24920.0
ING029,2024-01-27,25000.0
ING029,2024-01-28,24920.0
ING029,2024-01-29,24890.0
ING029,2024-01-30,24860.0
ING029,2024-01-31,24800.0
ING029,2024-02-01,24840.0
ING029,2024-02-02,24830.0
ING029,2024-02-03,24770.0
ING029,2024-02-04,24770.0
ING029,2024-02-05,24710.0
ING029,2024-02-06,24660.0
ING029,2024-02-07,24550.0
ING029,2024-02-08,24520.0
ING029,2024-02-09,24560.0
ING029,2024-02-10,24560.0
ING029,2024-02-11,24700.0
ING029,2024-02-12,24880.0
ING029,2024-02-13,24830.0
ING029,2024-02-14,24760.0
ING029,2024-02-15,24830.0
ING029,2024-02-16,24850.0
ING029,2024-02-17,24920.0
ING029,2024-02-18,24930.0
ING029,2024-02-19,24900.0
ING029,2024-02-20,24870.0
ING029,2024-02-21,24890.0
ING029,2024-02-22,24860.0
ING029,2024-02-23,24940.0
ING029,2024-02-24,24830.0
ING029,2024-02-25,24910.0
ING029,2024-02-26,24760.0
ING029,2024-02-27,24760.0
ING029,2024-02-28,24730.0
ING029,2024-02-29,24620.0
ING029,2024-03-01,24470.0
ING029,2024-03-02,24400.0
ING029,2024-03-03,24420.0
ING029,2024-03-04,24380.0
ING029,2024-03-05,24320.0
ING029,2024-03-06,24440.0
ING029,2024-03-07,24360.0
ING029,2024-03-08,24420.0
ING029,2024-03-09,24370.0
ING029,2024-03-10,24300.0
ING029,2024-03-11,24280.0
ING029,2024-03-12,24340.0
ING029,2024-03-13,24260.0
ING029,2024-03-14,24300.0
ING029,2024-03-15,24250.0
ING029,2024-03-16,24220.0
ING029,2024-03-17,24270.0
ING029,2024-03-18,24450.0
ING029,2024-03-19,24390.0
ING029,2024-03-20,24460.0
ING029,2024-03-21,24450.0
ING029,2024-03-22,24430.0
ING029,2024-03-23,24520.0
ING029,2024-03-24,24470.0
ING029,2024-03-25,24400.0
ING029,2024-03-26,24440.0
ING029,2024-03-27,24570.0
ING029,2024-03-28,24630.0
ING029,2024-03-29,24540.0
ING029,2024-03-30,24500.0
ING029,2024-03-31,24580.0
ING029,2024-04-01,24700.0
ING029,2024-04-02,24720.0
ING029,2024-04-03,24680.0
ING029,2024-04-04,24800.0
ING029,2024-04-05,24790.0
ING029,2024-04-06,24750.0
ING029,2024-04-07,24690.0
ING029,2024-04-08,24610.0
ING029,2024-04-09,24820.0
ING029,2024-04-10,24920.0
ING029,2024-04-11,24860.0
ING029,2024-04-12,24980.0
ING029,2024-04-13,25010.0
ING029,2024-04-14,25030.0
ING029,2024-04-15,24960.0
ING029,2024-04-16,24920.0
ING029,2024-04-17,24910.0
ING029,2024-04-18,24760.0
ING029,2024-04-19,24720.0
ING029,2024-04-20,24730.0
ING029,2024-04-21,24820.0
ING029,2024-04-22,24780.0
ING029,2024-04-23,24830.0
ING029,2024-04-24,24680.0
ING029,2024-04-25,24770.0
ING029,2024-04-26,24710.0
ING029,2024-04-27,24720.0
ING029,2024-04-28,24760.0
ING029,2024-04-29,24770.0
ING029,2024-04-30,24770.0
ING029,2024-05-01,24680.0
ING029,2024-05-02,24620.0
ING029,2024-05-03,24700.0
ING029,2024-05-04,24660.0
ING029,2024-05-05,24660.0
ING029,2024-05-06,24560.0
ING029,2024-05-07,24640.0
ING029,2024-05-08,24550.0
ING029,2024-05-09,24630.0
ING029,2024-05-10,24570.0
ING029,2024-05-11,24650.0
ING029,2024-05-12,24660.0
ING029,2024-05-13,24630.0
ING029,2024-05-14,24760.0
ING029,2024-05-15,24750.0
ING029,2024-05-16,24730.0
ING029,2024-05-17,24800.0
ING029,2024-05-18,24700.0
ING029,2024-05-19,24530.0
ING029,2024-05-20,24620.0
ING029,2024-05-21,24580.0
ING029,2024-05-22,24650.0
ING029,2024-05-23,24670.0
ING029,2024-05-24,24590.0
ING029,2024-05-25,24650.0
ING029,2024-05-26,24630.0
ING029,2024-05-27,24570.0
ING029,2024-05-28,24510.0
ING029,2024-05-29,24400.0
ING029,2024-05-30,24450.0
ING029,2024-05-31,24410.0
ING029,2024-06-01,24430.0
ING029,2024-06-02,24440.0
ING029,2024-06-03,24390.0
ING029,2024-06-04,24310.0
ING029,2024-06-05,24520.0
ING029,2024-06-06,24530.0
ING029,2024-06-07,24680.0
ING029,2024-06-08,24780.0
ING029,2024-06-09,24760.0
ING029,2024-06-10,24780.0
ING029,2024-06-11,24800.0
ING029,2024-06-12,24940.0
ING029,2024-06-13,25000.0
ING029,2024-06-14,24930.0
ING029,2024-06-15,24960.0
ING029,2024-06-16,25020.0
ING029,2024-06-17,24930.0
ING029,2024-06-18,24960.0
ING029,2024-06-19,25060.0
ING029,2024-06-20,24990.0
ING029,2024-06-21,24930.0
ING029,2024-06-22,25020.0
ING029,2024-06-23,24990.0
ING029,2024-06-24,24920.0
ING029,2024-06-25,24980.0
ING029,2024-06-26,25020.0
ING029,2024-06-27,25020.0
ING029,2024-06-28,25100.0
ING029,2024-06-29,25180.0
ING029,2024-06-30,25160.0
ING029,2024-07-01,25300.0
ING029,2024-07-02,25390.0
ING029,2024-07-03,25230.0
ING029,2024-07-04,25140.0
ING029,2024-07-05,24970.0
ING029,2024-07-06,24950.0
ING029,2024-07-07,24860.0
ING029,2024-07-08,24810.0
ING029,2024-07-09,24900.0
ING029,2024-07-10,24780.0
ING029,2024-07-11,24800.0
ING029,2024-07-12,24810.0
ING029,2024-07-13,24820.0
ING029,2024-07-14,24840.0
ING029,2024-07-15,24680.0
ING029,2024-07-16,24640.0
ING029,2024-07-17,24770.0
ING029,2024-07-18,24700.0
ING029,2024-07-19,24830.0
ING029,2024-07-20,24740.0
ING029,2024-07-21,24640.0
ING029,2024-07-22,24590.0
ING029,2024-07-23,24700.0
ING029,2024-07-24,24670.0
ING029,2024-07-25,24720.0
ING029,2024-07-26,24740.0
ING029,2024-07-27,24750.0
ING029,2024-07-28,24850.0
ING029,2024-07-29,24920.0
ING029,2024-07-30,24840.0
ING029,2024-07-31,24830.0
ING029,2024-08-01,24970.0
ING029,2024-08-02,24990.0
ING029,2024-08-03,24890.0
ING029,2024-08-04,24790.0
ING029,2024-08-05,24870.0
ING029,2024-08-06,24930.0
ING029,2024-08-07,24870.0
ING029,2024-08-08,24930.0
ING029,2024-08-09,25060.0
ING029,2024-08-10,25160.0
ING029,2024-08-11,25270.0
ING029,2024-08-12,25300.0
ING029,2024-08-13,25280.0
ING029,2024-08-14,25240.0
ING029,2024-08-15,25230.0
ING029,2024-08-16,25160.0
ING029,2024-08-17,25130.0
ING029,2024-08-18,25220.0
ING029,2024-08-19,25100.0
ING029,2024-08-20,24990.0
ING029,2024-08-21,25050.0
ING029,2024-08-22,25030.0
ING029,2024-08-23,24890.0
ING029,2024-08-24,24900.0
ING029,2024-08-25,24900.0
ING029,2024-08-26,24880.0
ING029,2024-08-27,24940.0
ING029,2024-08-28,24850.0
ING029,2024-08-29,24860.0
ING029,2024-08-30,24860.0
ING029,2024-08-31,24880.0
ING029,2024-09-01,24770.0
ING029,2024-09-02,24750.0
ING029,2024-09-03,24770.0
ING029,2024-09-04,24820.0
ING029,2024-09-05,24970.0
ING029,2024-09-06,25040.0
ING029,2024-09-07,25080.0
ING029,2024-09-08,25170.0
ING029,2024-09-09,25150.0
ING029,2024-09-10,25260.0
ING029,2024-09-11,25340.0
ING029,2024-09-12,25290.0
ING029,2024-09-13,25430.0
ING029,2024-09-14,25450.0
ING029,2024-09-15,25590.0
ING029,2024-09-16,25590.0
ING029,2024-09-17,25530.0
ING029,2024-09-18,25450.0
ING029,2024-09-19,25420.0
ING029,2024-09-20,25360.0
ING029,2024-09-21,25440.0
ING029,2024-09-22,25430.0
ING029,2024-09-23,25300.0
ING029,2024-09-24,25310.0
ING029,2024-09-25,25310.0
ING029,2024-09-26,25270.0
ING029,2024-09-27,25290.0
ING029,2024-09-28,25280.0
ING029,2024-09-29,25320.0
ING029,2024-09-30,25360.0
ING029,2024-10-01,25380.0
ING029,2024-10-02,25270.0
ING029,2024-10-03,25420.0
ING029,2024-10-04,25300.0
ING029,2024-10-05,25290.0
ING029,2024-10-06,25210.0
ING029,2024-10-07,25230.0
ING029,2024-10-08,25240.0
ING029,2024-10-09,25230.0
ING029,2024-10-10,25340.0
ING029,2024-10-11,25410.0
ING029,2024-10-12,25380.0
ING029,2024-10-13,25430.0
ING029,2024-10-14,25540.0
ING029,2024-10-15,25600.0
ING029,2024-10-16,25570.0
ING029,2024-10-17,25440.0
ING029,2024-10-18,25460.0
ING029,2024-10-19,25490.0
ING029,2024-10-20,25430.0
ING029,2024-10-21,25420.0
ING029,2024-10-22,25410.0
ING029,2024-10-23,25500.0
ING029,2024-10-24,25620.0
ING029,2024-10-25,25690.0
ING029,2024-10-26,25660.0
ING029,2024-10-27,25720.0
ING029,2024-10-28,25750.0
ING029,2024-10-29,25720.0
ING029,2024-10-30,25850.0
ING029,2024-10-31,25770.0
ING029,2024-11-01,25790.0
ING029,2024-11-02,25820.0
ING029,2024-11-03,25770.0
ING029,2024-11-04,25790.0
ING029,2024-11-05,25830.0
ING029,2024-11-06,25820.0
ING029,2024-11-07,25830.0
ING029,2024-11-08,25810.0
ING029,2024-11-09,25850.0
ING029,2024-11-10,25800.0
ING029,2024-11-11,25760.0
ING029,2024-11-12,25730.0
ING029,2024-11-13,25800.0
ING029,2024-11-14,25650.0
ING029,2024-11-15,25570.0
ING029,2024-11-16,25720.0
ING029,2024-11-17,25720.0
ING029,2024-11-18,25670.0
ING029,2024-11-19,25710.0
ING029,2024-11-20,25640.0
ING029,2024-11-21,25470.0
ING029,2024-11-22,25490.0
ING029,2024-11-23,25430.0
ING029,2024-11-24,25430.0
ING029,2024-11-25,25450.0
ING029,2024-11-26,25460.0
ING029,2024-11-27,25330.0
ING029,2024-11-28,25330.0
ING029,2024-11-29,25370.0
ING029,2024-11-30,25260.0
ING029,2024-12-01,25160.0
ING029,2024-12-02,25090.0
ING029,2024-12-03,25160.0
ING029,2024-12-04,25030.0
ING029,2024-12-05,25110.0
ING029,2024-12-06,25150.0
ING029,2024-12-07,25140.0
ING029,2024-12-08,25050.0
ING029,2024-12-09,25010.0
ING029,2024-12-10,25080.0
ING029,2024-12-11,25190.0
ING029,2024-12-12,25120.0
ING029,2024-12-13,25220.0
ING029,2024-12-14,25280.0
ING029,2024-12-15,25280.0
ING029,2024-12-16,25240.0
ING029,2024-12-17,25200.0
ING029,2024-12-18,25340.0
ING029,2024-12-19,25360.0
ING029,2024-12-20,25460.0
ING029,2024-12-21,25470.0
ING029,2024-12-22,25440.0
ING029,2024-12-23,25480.0
ING029,2024-12-24,25630.0
ING029,2024-12-25,25580.0
ING029,2024-12-26,25630.0
ING029,2024-12-27,25640.0
ING029,2024-12-28,25520.0
ING029,2024-12-29,25410.0
ING029,2024-12-30,25380.0
ING029,2024-12-31,25410.0
ING029,2025-01-01,25480.0
ING029,2025-01-02,25360.0
ING029,2025-01-03,25410.0
ING029,2025-01-04,25410.0
ING029,2025-01-05,25410.0
ING029,2025-01-06,25450.0
ING029,2025-01-07,25580.0
ING029,2025-01-08,25600.0
ING029,2025-01-09,25490.0
ING029,2025-01-10,25480.0
ING029,2025-01-11,25540.0
ING029,2025-01-12,25600.0
ING029,2025-01-13,25640.0
ING029,2025-01-14,25600.0
ING029,2025-01-15,25490.0
ING029,2025-01-16,25530.0
ING029,2025-01-17,25440.0
ING029,2025-01-18,25500.0
ING029,2025-01-19,25550.0
ING029,2025-01-20,25510.0
ING029,2025-01-21,25500.0
ING029,2025-01-22,25520.0
ING029,2025-01-23,25470.0
ING029,2025-01-24,25370.0
ING029,2025-01-25,25380.0
ING029,2025-01-26,25390.0
ING029,2025-01-27,25490.0
ING029,2025-01-28,25440.0
ING029,2025-01-29,25520.0
ING029,2025-01-30,25440.0
ING029,2025-01-31,25340.0
ING029,2025-02-01,25330.0
ING029,2025-02-02,25270.0
ING029,2025-02-03,25190.0
ING029,2025-02-04,25350.0
ING029,2025-02-05,25320.0
ING029,2025-02-06,25500.0
ING029,2025-02-07,25430.0
ING029,2025-02-08,25310.0
ING029,2025-02-09,25420.0
ING029,2025-02-10,25370.0
ING029,2025-02-11,25390.0
ING029,2025-02-12,25300.0
ING029,2025-02-13,25310.0
ING029,2025-02-14,25230.0
ING029,2025-02-15,25240.0
ING029,2025-02-16,25220.0
ING029,2025-02-17,25250.0
ING029,2025-02-18,25320.0
ING029,2025-02-19,25350.0
ING029,2025-02-20,25390.0
ING029,2025-02-21,25390.0
ING029,2025-02-22,25370.0
ING029,2025-02-23,25410.0
ING029,2025-02-24,25420.0
ING029,2025-02-25,25420.0
ING029,2025-02-26,25460.0
ING029,2025-02-27,25390.0
ING029,2025-02-28,25500.0
ING029,2025-03-01,25490.0
ING029,2025-03-02,25500.0
ING029,2025-03-03,25510.0
ING029,2025-03-04,25560.0
ING029,2025-03-05,25590.0
ING029,2025-03-06,25580.0
ING029,2025-03-07,25690.0
ING029,2025-03-08,25460.0
ING029,2025-03-09,25550.0
ING029,2025-03-10,25620.0
ING029,2025-03-11,25490.0
ING029,2025-03-12,25560.0
ING029,2025-03-13,25640.0
ING029,2025-03-14,25680.0
ING029,2025-03-15,25570.0
ING029,2025-03-16,25620.0
ING029,2025-03-17,25700.0
ING029,2025-03-18,25650.0
ING029,2025-03-19,25680.0
ING029,2025-03-20,25660.0
ING029,2025-03-21,25720.0
ING029,2025-03-22,25690.0
ING029,2025-03-23,25650.0
ING029,2025-03-24,25650.0
ING029,2025-03-25,25550.0
ING029,2025-03-26,25550.0
ING029,2025-03-27,25580.0
ING029,2025-03-28,25650.0
ING029,2025-03-29,25670.0
ING029,2025-03-30,25570.0
ING029,2025-03-31,25670.0
ING029,2025-04-01,25770.0
ING029,2025-04-02,25780.0
ING029,2025-04-03,25720.0
ING029,2025-04-04,25680.0
ING029,2025-04-05,25660.0
ING029,2025-04-06,25690.0
ING029,2025-04-07,25660.0
ING029,2025-04-08,25600.0
ING029,2025-04-09,25680.0
ING029,2025-04-10,25700.0
ING029,2025-04-11,25630.0
ING029,2025-04-12,25650.0
ING029,2025-04-13,25670.0
ING029,2025-04-14,25620.0
ING029,2025-04-15,25710.0
ING029,2025-04-16,25720.0
ING029,2025-04-17,25700.0
ING029,2025-04-18,25700.0
ING029,2025-04-19,25730.0
ING029,2025-04-20,25730.0
ING029,2025-04-21,25720.0
ING029,2025-04-22,25800.0
ING029,2025-04-23,25700.0
ING029,2025-04-24,25610.0
ING029,2025-04-25,25670.0
ING029,2025-04-26,25850.0
ING029,2025-04-27,25910.0
ING029,2025-04-28,26030.0
ING029,2025-04-29,25990.0
ING029,2025-04-30,25930.0
ING029,2025-05-01,25960.0
ING029,2025-05-02,26010.0
ING029,2025-05-03,25910.0
ING029,2025-05-04,25890.0
ING029,2025-05-05,25880.0
ING029,2025-05-06,25820.0
ING029,2025-05-07,25780.0
ING029,2025-05-08,25840.0
ING029,2025-05-09,25870.0
ING029,2025-05-10,25930.0
ING029,2025-05-11,25940.0
ING029,2025-05-12,25870.0
ING029,2025-05-13,25900.0
ING029,2025-05-14,25830.0
ING029,2025-05-15,25800.0
ING029,2025-05-16,25730.0
ING029,2025-05-17,25690.0
ING029,2025-05-18,25700.0
ING029,2025-05-19,25670.0
ING029,2025-05-20,25620.0
ING029,2025-05-21,25710.0
ING029,2025-05-22,25700.0
ING029,2025-05-23,25670.0
ING029,2025-05-24,25600.0
ING029,2025-05-25,25480.0
ING029,2025-05-26,25480.0
ING029,2025-05-27,25400.0
ING029,2025-05-28,25470.0
ING029,2025-05-29,25490.0
ING029,2025-05-30,25620.0
ING029,2025-05-31,25650.0
ING029,2025-06-01,25610.0
ING029,2025-06-02,25480.0
ING029,2025-06-03,25560.0
ING029,2025-06-04,25480.0
ING029,2025-06-05,25470.0
ING029,2025-06-06,25610.0
ING029,2025-06-07,25670.0
ING029,2025-06-08,25700.0
ING029,2025-06-09,25780.0
ING029,2025-06-10,25850.0
ING029,2025-06-11,25960.0
ING029,2025-06-12,25920.0
ING029,2025-06-13,25890.0
ING029,2025-06-14,25820.0
ING029,2025-06-15,25820.0
ING029,2025-06-16,25810.0
ING029,2025-06-17,25690.0
ING029,2025-06-18,25650.0
ING029,2025-06-19,25770.0
ING029,2025-06-20,25790.0
ING029,2025-06-21,25850.0
ING029,2025-06-22,25840.0
ING029,2025-06-23,25710.0
ING029,2025-06-24,25710.0
ING029,2025-06-25,25800.0
ING029,2025-06-26,25720.0
ING029,2025-06-27,25780.0
ING029,2025-06-28,25660.0
ING029,2025-06-29,25680.0
ING029,2025-06-30,25730.0
ING029,2025-07-01,25720.0
ING029,2025-07-02,25910.0
ING029,2025-07-03,25870.0
ING029,2025-07-04,25830.0
ING029,2025-07-05,25850.0
ING029,2025-07-06,25800.0
ING029,2025-07-07,25700.0
ING029,2025-07-08,25640.0
ING029,2025-07-09,25710.0
ING029,2025-07-10,25700.0
ING029,2025-07-11,25830.0
ING029,2025-07-12,25810.0
ING029,2025-07-13,25870.0
ING029,2025-07-14,25910.0
ING029,2025-07-15,25880.0
ING029,2025-07-16,25820.0
ING029,2025-07-17,25700.0
ING029,2025-07-18,25750.0
ING029,2025-07-19,25850.0
ING029,2025-07-20,25740.0
ING029,2025-07-21,25730.0
ING029,2025-07-22,25690.0
ING029,2025-07-23,25750.0
ING029,2025-07-24,25730.0
ING029,2025-07-25,25840.0
ING029,2025-07-26,25820.0
ING029,2025-07-27,25740.0
ING029,2025-07-28,25720.0
ING029,2025-07-29,25710.0
ING029,2025-07-30,25760.0
ING029,2025-07-31,25750.0
ING029,2025-08-01,25790.0
ING029,2025-08-02,25740.0
ING029,2025-08-03,25740.0
ING029,2025-08-04,25690.0
ING029,2025-08-05,25650.0
ING029,2025-08-06,25760.0
ING029,2025-08-07,25720.0
ING029,2025-08-08,25710.0
ING029,2025-08-09,25800.0
ING029,2025-08-10,25870.0
ING029,2025-08-11,25990.0
ING029,2025-08-12,26030.0
ING029,2025-08-13,25990.0
ING029,2025-08-14,26140.0
ING029,2025-08-15,26170.0
ING029,2025-08-16,26160.0
ING029,2025-08-17,26160.0
ING029,2025-08-18,26160.0
ING029,2025-08-19,26140.0
ING029,2025-08-20,26040.0
ING029,2025-08-21,26160.0
ING029,2025-08-22,26150.0
ING029,2025-08-23,26160.0
ING029,2025-08-24,26300.0
ING029,2025-08-25,26240.0
ING029,2025-08-26,26280.0
ING029,2025-08-27,26210.0
ING029,2025-08-28,26230.0
ING029,2025-08-29,26240.0
ING029,2025-08-30,26290.0
ING029,2025-08-31,26360.0
ING029,2025-09-01,26310.0
ING029,2025-09-02,26400.0
ING029,2025-09-03,26490.0
ING029,2025-09-04,26450.0
ING029,2025-09-05,26430.0
ING029,2025-09-06,26380.0
ING029,2025-09-07,26350.0
ING029,2025-09-08,26250.0
ING029,2025-09-09,26300.0
ING029,2025-09-10,26140.0
ING029,2025-09-11,26090.0
ING029,2025-09-12,26080.0
ING029,2025-09-13,26180.0
ING029,2025-09-14,26140.0
ING029,2025-09-15,26170.0
ING029,2025-09-16,26160.0
ING029,2025-09-17,26230.0
ING029,2025-09-18,26250.0
ING029,2025-09-19,26300.0
ING029,2025-09-20,26250.0
ING029,2025-09-21,26180.0
ING029,2025-09-22,26200.0
ING029,2025-09-23,26160.0
ING029,2025-09-24,26160.0
ING029,2025-09-25,26190.0
ING029,2025-09-26,26270.0
ING029,2025-09-27,26320.0
ING029,2025-09-28,26270.0
ING029,2025-09-29,26180.0
ING029,2025-09-30,26300.0
ING029,2025-10-01,26180.0
ING029,2025-10-02,26150.0
ING029,2025-10-03,26190.0
ING029,2025-10-04,26310.0
ING029,2025-10-05,26290.0
ING029,2025-10-06,26290.0
ING029,2025-10-07,26220.0
ING029,2025-10-08,26230.0
ING029,2025-10-09,26140.0
ING029,2025-10-10,26090.0
ING029,2025-10-11,26150.0
ING029,2025-10-12,26120.0
ING029,2025-10-13,26190.0
ING029,2025-10-14,26180.0
ING029,2025-10-15,26080.0
ING029,2025-10-16,26170.0
ING029,2025-10-17,26080.0
ING029,2025-10-18,26040.0
ING029,2025-10-19,26040.0
ING029,2025-10-20,26120.0
ING029,2025-10-21,26090.0
ING029,2025-10-22,26030.0
ING029,2025-10-23,26050.0
ING029,2025-10-24,26040.0
ING029,2025-10-25,26020.0
ING029,2025-10-26,26040.0
ING029,2025-10-27,25970.0
ING029,2025-10-28,25850.0
ING029,2025-10-29,26030.0
ING029,2025-10-30,26050.0
ING029,2025-10-31,26070.0
ING029,2025-11-01,26020.0
ING029,2025-11-02,26100.0
ING029,2025-11-03,26070.0
ING029,2025-11-04,25880.0
ING029,2025-11-05,25850.0
ING029,2025-11-06,25850.0
ING029,2025-11-07,25860.0
ING029,2025-11-08,25870.0
ING029,2025-11-09,25840.0
ING029,2025-11-10,25810.0
ING029,2025-11-11,25810.0
ING029,2025-11-12,25720.0
ING029,2025-11-13,25600.0
ING029,2025-11-14,25640.0
ING029,2025-11-15,25680.0
ING029,2025-11-16,25780.0
ING029,2025-11-17,25780.0
ING029,2025-11-18,25720.0
ING029,2025-11-19,25610.0
ING029,2025-11-20,25580.0
ING029,2025-11-21,25650.0
ING029,2025-11-22,25790.0
ING029,2025-11-23,25820.0
ING029,2025-11-24,25750.0
ING029,2025-11-25,25720.0
ING029,2025-11-26,25690.0
ING029,2025-11-27,25690.0
ING029,2025-11-28,25800.0
ING029,2025-11-29,25910.0
ING029,2025-11-30,25920.0
ING029,2025-12-01,25950.0
ING029,2025-12-02,25920.0
ING029,2025-12-03,25810.0
ING029,2025-12-04,25970.0
ING029,2025-12-05,25820.0
ING029,2025-12-06,25710.0
ING029,2025-12-07,25870.0
ING029,2025-12-08,25900.0
ING029,2025-12-09,25840.0
ING029,2025-12-10,25910.0
ING029,2025-12-11,25990.0
ING029,2025-12-12,25910.0
ING029,2025-12-13,25900.0
ING029,2025-12-14,25980.0
ING029,2025-12-15,25940.0
ING029,2025-12-16,25980.0
ING029,2025-12-17,26110.0
ING029,2025-12-18,25950.0
ING029,2025-12-19,25940.0
ING029,2025-12-20,25980.0
ING029,2025-12-21,25880.0
ING029,2025-12-22,25860.0
ING029,2025-12-23,25960.0
ING029,2025-12-24,25930.0
ING029,2025-12-25,25850.0
ING029,2025-12-26,25960.0
ING029,2025-12-27,26010.0
ING029,2025-12-28,26030.0
ING029,2025-12-29,26040.0
ING029,2025-12-30,26130.0
ING029,2025-12-31,26160.0
ING029,2026-01-01,26220.0
ING029,2026-01-02,26180.0
ING029,2026-01-03,26060.0
ING029,2026-01-04,26120.0
ING029,2026-01-05,26210.0
ING029,2026-01-06,26210.0
ING029,2026-01-07,26280.0
ING029,2026-01-08,26270.0
ING029,2026-01-09,26270.0
ING029,2026-01-10,26400.0
ING029,2026-01-11,26380.0
ING029,2026-01-12,26360.0
ING029,2026-01-13,26230.0
ING029,2026-01-14,26290.0
ING029,2026-01-15,26250.0
ING029,2026-01-16,26270.0
ING029,2026-01-17,26250.0
ING029,2026-01-18,26230.0
ING029,2026-01-19,26230.0
ING029,2026-01-20,26240.0
ING029,2026-01-21,26340.0
ING029,2026-01-22,26450.0
ING029,2026-01-23,26500.0
ING029,2026-01-24,26590.0
ING029,2026-01-25,26650.0
ING029,2026-01-26,26670.0
ING029,2026-01-27,26770.0
ING029,2026-01-28,26660.0
ING029,2026-01-29,26600.0
ING029,2026-01-30,26540.0
ING029,2026-01-31,26510.0
ING029,2026-02-01,26560.0
ING029,2026-02-02,26480.0
ING029,2026-02-03,26510.0
ING029,2026-02-04,26470.0
ING029,2026-02-05,26450.0
ING029,2026-02-06,26460.0
ING029,2026-02-07,26590.0
ING029,2026-02-08,26530.0
ING029,2026-02-09,26520.0
ING029,2026-02-10,26450.0
ING029,2026-02-11,26400.0
ING029,2026-02-12,26330.0
ING029,2026-02-13,26350.0
ING029,2026-02-14,26390.0
ING029,2026-02-15,26450.0
ING029,2026-02-16,26400.0
ING029,2026-02-17,26440.0
ING029,2026-02-18,26450.0
ING029,2026-02-19,26450.0
ING029,2026-02-20,26370.0
ING029,2026-02-21,26390.0
ING029,2026-02-22,26410.0
ING029,2026-02-23,26420.0
ING029,2026-02-24,26460.0
ING029,2026-02-25,26510.0
ING029,2026-02-26,26440.0
ING029,2026-02-27,26430.0
ING029,2026-02-28,26470.0
ING029,2026-03-01,26460.0
ING029,2026-03-02,26530.0
ING029,2026-03-03,26540.0
ING029,2026-03-04,26400.0
ING029,2026-03-05,26470.0
ING029,2026-03-06,26470.0
ING029,2026-03-07,26340.0
ING029,2026-03-08,26340.0
ING029,2026-03-09,26260.0
ING029,2026-03-10,26330.0
ING029,2026-03-11,26340.0
ING029,2026-03-12,26280.0
ING029,2026-03-13,26360.0
ING029,2026-03-14,26400.0
ING029,2026-03-15,26400.0
ING029,2026-03-16,26320.0
ING029,2026-03-17,26270.0
ING029,2026-03-18,26230.0
ING029,2026-03-19,26300.0
ING029,2026-03-20,26190.0
ING029,2026-03-21,26210.0
ING029,2026-03-22,26210.0
ING029,2026-03-23,26310.0
ING029,2026-03-24,26340.0
ING029,2026-03-25,26390.0
ING029,2026-03-26,26370.0
ING029,2026-03-27,26290.0
ING029,2026-03-28,26290.0
ING029,2026-03-29,26360.0
ING029,2026-03-30,26430.0
ING029,2026-03-31,26410.0
ING029,2026-04-01,26360.0
ING029,2026-04-02,26300.0
ING029,2026-04-03,26300.0
ING029,2026-04-04,26330.0
ING029,2026-04-05,26450.0
ING029,2026-04-06,26470.0
ING029,2026-04-07,26530.0
ING029,2026-04-08,26480.0
ING029,2026-04-09,26490.0
ING029,2026-04-10,26510.0
ING029,2026-04-11,26510.0
ING029,2026-04-12,26510.0
ING029,2026-04-13,26530.0
ING029,2026-04-14,26570.0
ING029,2026-04-15,26660.0
ING029,2026-04-16,26500.0
ING029,2026-04-17,26590.0
ING029,2026-04-18,26470.0
ING029,2026-04-19,26500.0
ING029,2026-04-20,26680.0
ING029,2026-04-21,26680.0
ING029,2026-04-22,26690.0
ING029,2026-04-23,26670.0
ING029,2026-04-24,26720.0
ING029,2026-04-25,26750.0
ING029,2026-04-26,26700.0
ING029,2026-04-27,26690.0
ING029,2026-04-28,26610.0
ING029,2026-04-29,26610.0
ING029,2026-04-30,26580.0
ING029,2026-05-01,26600.0
ING029,2026-05-02,26550.0
ING029,2026-05-03,26550.0
ING029,2026-05-04,26560.0
ING029,2026-05-05,26570.0
ING029,2026-05-06,26600.0
ING029,2026-05-07,26590.0
ING029,2026-05-08,26540.0
ING029,2026-05-09,26560.0
ING029,2026-05-10,26560.0
ING029,2026-05-11,26640.0
ING029,2026-05-12,26730.0
ING029,2026-05-13,26630.0
ING029,2026-05-14,26680.0
ING029,2026-05-15,26740.0
ING029,2026-05-16,26650.0
ING029,2026-05-17,26700.0
ING029,2026-05-18,26760.0
ING029,2026-05-19,26700.0
ING029,2026-05-20,26680.0
ING029,2026-05-21,26700.0
ING029,2026-05-22,26750.0
ING029,2026-05-23,26680.0
ING029,2026-05-24,26760.0
ING029,2026-05-25,26620.0
ING029,2026-05-26,26720.0
ING029,2026-05-27,26770.0
ING029,2026-05-28,26720.0
ING029,2026-05-29,26790.0
ING029,2026-05-30,26710.0
ING029,2026-05-31,26730.0
ING029,2026-06-01,26750.0
ING029,2026-06-02,26770.0
ING029,2026-06-03,26710.0
ING029,2026-06-04,26680.0
ING029,2026-06-05,26690.0
ING029,2026-06-06,26650.0
ING029,2026-06-07,26680.0
ING029,2026-06-08,26640.0
ING029,2026-06-09,26720.0
ING029,2026-06-10,26840.0
ING029,2026-06-11,26820.0
ING029,2026-06-12,26880.0
ING029,2026-06-13,26870.0
ING029,2026-06-14,26800.0
ING029,2026-06-15,26770.0
ING029,2026-06-16,26780.0
ING029,2026-06-17,26650.0
ING029,2026-06-18,26710.0
ING029,2026-06-19,26720.0
ING029,2026-06-20,26800.0
ING029,2026-06-21,26850.0
ING029,2026-06-22,26860.0
ING029,2026-06-23,26830.0
ING029,2026-06-24,26940.0
ING029,2026-06-25,27090.0
ING029,2026-06-26,27060.0
ING029,2026-06-27,27120.0
ING029,2026-06-28,27060.0
ING029,2026-06-29,27010.0
ING029,2026-06-30,26980.0
ING030,2023-07-01,75510.0
ING030,2023-07-02,74680.0
ING030,2023-07-03,75860.0
ING030,2023-07-04,76520.0
ING030,2023-07-05,76940.0
ING030,2023-07-06,76630.0
ING030,2023-07-07,77170.0
ING030,2023-07-08,74880.0
ING030,2023-07-09,75220.0
ING030,2023-07-10,75330.0
ING030,2023-07-11,73900.0
ING030,2023-07-12,74270.0
ING030,2023-07-13,74750.0
ING030,2023-07-14,73380.0
ING030,2023-07-15,72580.0
ING030,2023-07-16,74250.0
ING030,2023-07-17,74160.0
ING030,2023-07-18,74940.0
ING030,2023-07-19,75790.0
ING030,2023-07-20,76060.0
ING030,2023-07-21,76780.0
ING030,2023-07-22,75110.0
ING030,2023-07-23,74940.0
ING030,2023-07-24,72640.0
ING030,2023-07-25,71460.0
ING030,2023-07-26,71240.0
ING030,2023-07-27,70940.0
ING030,2023-07-28,71180.0
ING030,2023-07-29,71370.0
ING030,2023-07-30,71660.0
ING030,2023-07-31,71970.0
ING030,2023-08-01,72390.0
ING030,2023-08-02,71810.0
ING030,2023-08-03,71440.0
ING030,2023-08-04,71610.0
ING030,2023-08-05,71770.0
ING030,2023-08-06,71140.0
ING030,2023-08-07,72160.0
ING030,2023-08-08,72860.0
ING030,2023-08-09,72340.0
ING030,2023-08-10,72330.0
ING030,2023-08-11,73990.0
ING030,2023-08-12,74180.0
ING030,2023-08-13,74530.0
ING030,2023-08-14,74120.0
ING030,2023-08-15,73940.0
ING030,2023-08-16,75150.0
ING030,2023-08-17,75250.0
ING030,2023-08-18,75200.0
ING030,2023-08-19,75220.0
ING030,2023-08-20,77140.0
ING030,2023-08-21,77080.0
ING030,2023-08-22,76370.0
ING030,2023-08-23,75840.0
ING030,2023-08-24,76400.0
ING030,2023-08-25,75280.0
ING030,2023-08-26,75630.0
ING030,2023-08-27,75080.0
ING030,2023-08-28,73700.0
ING030,2023-08-29,73060.0
ING030,2023-08-30,73200.0
ING030,2023-08-31,74360.0
ING030,2023-09-01,75100.0
ING030,2023-09-02,74910.0
ING030,2023-09-03,75670.0
ING030,2023-09-04,75390.0
ING030,2023-09-05,74300.0
ING030,2023-09-06,74380.0
ING030,2023-09-07,73310.0
ING030,2023-09-08,74010.0
ING030,2023-09-09,74700.0
ING030,2023-09-10,74080.0
ING030,2023-09-11,74270.0
ING030,2023-09-12,74430.0
ING030,2023-09-13,75150.0
ING030,2023-09-14,74240.0
ING030,2023-09-15,74760.0
ING030,2023-09-16,73810.0
ING030,2023-09-17,74490.0
ING030,2023-09-18,75340.0
ING030,2023-09-19,74850.0
ING030,2023-09-20,75810.0
ING030,2023-09-21,74620.0
ING030,2023-09-22,75500.0
ING030,2023-09-23,76590.0
ING030,2023-09-24,76800.0
ING030,2023-09-25,76600.0
ING030,2023-09-26,76790.0
ING030,2023-09-27,76290.0
ING030,2023-09-28,78230.0
ING030,2023-09-29,77660.0
ING030,2023-09-30,78550.0
ING030,2023-10-01,77860.0
ING030,2023-10-02,78950.0
ING030,2023-10-03,80300.0
ING030,2023-10-04,80370.0
ING030,2023-10-05,80350.0
ING030,2023-10-06,79410.0
ING030,2023-10-07,78420.0
ING030,2023-10-08,78510.0
ING030,2023-10-09,79470.0
ING030,2023-10-10,78880.0
ING030,2023-10-11,80380.0
ING030,2023-10-12,79700.0
ING030,2023-10-13,79680.0
ING030,2023-10-14,79660.0
ING030,2023-10-15,79400.0
ING030,2023-10-16,77690.0
ING030,2023-10-17,77130.0
ING030,2023-10-18,77220.0
ING030,2023-10-19,77080.0
ING030,2023-10-20,77500.0
ING030,2023-10-21,77990.0
ING030,2023-10-22,77710.0
ING030,2023-10-23,76900.0
ING030,2023-10-24,78010.0
ING030,2023-10-25,76890.0
ING030,2023-10-26,76400.0
ING030,2023-10-27,75740.0
ING030,2023-10-28,76310.0
ING030,2023-10-29,77280.0
ING030,2023-10-30,77090.0
ING030,2023-10-31,77210.0
ING030,2023-11-01,77470.0
ING030,2023-11-02,78750.0
ING030,2023-11-03,77280.0
ING030,2023-11-04,77780.0
ING030,2023-11-05,77970.0
ING030,2023-11-06,77600.0
ING030,2023-11-07,77770.0
ING030,2023-11-08,78240.0
ING030,2023-11-09,78570.0
ING030,2023-11-10,80060.0
ING030,2023-11-11,79960.0
ING030,2023-11-12,79790.0
ING030,2023-11-13,79470.0
ING030,2023-11-14,79710.0
ING030,2023-11-15,79510.0
ING030,2023-11-16,79350.0
ING030,2023-11-17,79200.0
ING030,2023-11-18,78950.0
ING030,2023-11-19,78350.0
ING030,2023-11-20,78560.0
ING030,2023-11-21,78230.0
ING030,2023-11-22,78580.0
ING030,2023-11-23,78550.0
ING030,2023-11-24,78140.0
ING030,2023-11-25,79220.0
ING030,2023-11-26,78990.0
ING030,2023-11-27,79320.0
ING030,2023-11-28,78640.0
ING030,2023-11-29,77000.0
ING030,2023-11-30,76540.0
ING030,2023-12-01,74920.0
ING030,2023-12-02,74810.0
ING030,2023-12-03,75990.0
ING030,2023-12-04,75320.0
ING030,2023-12-05,73790.0
ING030,2023-12-06,75040.0
ING030,2023-12-07,74750.0
ING030,2023-12-08,74810.0
ING030,2023-12-09,75480.0
ING030,2023-12-10,75920.0
ING030,2023-12-11,76500.0
ING030,2023-12-12,77170.0
ING030,2023-12-13,75820.0
ING030,2023-12-14,74780.0
ING030,2023-12-15,75740.0
ING030,2023-12-16,75190.0
ING030,2023-12-17,74740.0
ING030,2023-12-18,73880.0
ING030,2023-12-19,73700.0
ING030,2023-12-20,73570.0
ING030,2023-12-21,73010.0
ING030,2023-12-22,72400.0
ING030,2023-12-23,72840.0
ING030,2023-12-24,72410.0
ING030,2023-12-25,72160.0
ING030,2023-12-26,70730.0
ING030,2023-12-27,72470.0
ING030,2023-12-28,73380.0
ING030,2023-12-29,73170.0
ING030,2023-12-30,72660.0
ING030,2023-12-31,72860.0
ING030,2024-01-01,73030.0
ING030,2024-01-02,72250.0
ING030,2024-01-03,70550.0
ING030,2024-01-04,70450.0
ING030,2024-01-05,69580.0
ING030,2024-01-06,70060.0
ING030,2024-01-07,70520.0
ING030,2024-01-08,70090.0
ING030,2024-01-09,70020.0
ING030,2024-01-10,71670.0
ING030,2024-01-11,72490.0
ING030,2024-01-12,72360.0
ING030,2024-01-13,74290.0
ING030,2024-01-14,73510.0
ING030,2024-01-15,73060.0
ING030,2024-01-16,73150.0
ING030,2024-01-17,72180.0
ING030,2024-01-18,73750.0
ING030,2024-01-19,74030.0
ING030,2024-01-20,73570.0
ING030,2024-01-21,74060.0
ING030,2024-01-22,74300.0
ING030,2024-01-23,74190.0
ING030,2024-01-24,73410.0
ING030,2024-01-25,72500.0
ING030,2024-01-26,74350.0
ING030,2024-01-27,73450.0
ING030,2024-01-28,74890.0
ING030,2024-01-29,74350.0
ING030,2024-01-30,75060.0
ING030,2024-01-31,75500.0
ING030,2024-02-01,76060.0
ING030,2024-02-02,76640.0
ING030,2024-02-03,75440.0
ING030,2024-02-04,75000.0
ING030,2024-02-05,74070.0
ING030,2024-02-06,74350.0
ING030,2024-02-07,73480.0
ING030,2024-02-08,72160.0
ING030,2024-02-09,72210.0
ING030,2024-02-10,70790.0
ING030,2024-02-11,71290.0
ING030,2024-02-12,70620.0
ING030,2024-02-13,70300.0
ING030,2024-02-14,68920.0
ING030,2024-02-15,70560.0
ING030,2024-02-16,69780.0
ING030,2024-02-17,69860.0
ING030,2024-02-18,68870.0
ING030,2024-02-19,68640.0
ING030,2024-02-20,70370.0
ING030,2024-02-21,70920.0
ING030,2024-02-22,70680.0
ING030,2024-02-23,70970.0
ING030,2024-02-24,70850.0
ING030,2024-02-25,71080.0
ING030,2024-02-26,71940.0
ING030,2024-02-27,71940.0
ING030,2024-02-28,72360.0
ING030,2024-02-29,72770.0
ING030,2024-03-01,72730.0
ING030,2024-03-02,72400.0
ING030,2024-03-03,72230.0
ING030,2024-03-04,73000.0
ING030,2024-03-05,73790.0
ING030,2024-03-06,73100.0
ING030,2024-03-07,73100.0
ING030,2024-03-08,72730.0
ING030,2024-03-09,73550.0
ING030,2024-03-10,73370.0
ING030,2024-03-11,75210.0
ING030,2024-03-12,75470.0
ING030,2024-03-13,76430.0
ING030,2024-03-14,75710.0
ING030,2024-03-15,75790.0
ING030,2024-03-16,76320.0
ING030,2024-03-17,75580.0
ING030,2024-03-18,75680.0
ING030,2024-03-19,76540.0
ING030,2024-03-20,76320.0
ING030,2024-03-21,75730.0
ING030,2024-03-22,77150.0
ING030,2024-03-23,76280.0
ING030,2024-03-24,76440.0
ING030,2024-03-25,75950.0
ING030,2024-03-26,75310.0
ING030,2024-03-27,75960.0
ING030,2024-03-28,75870.0
ING030,2024-03-29,76240.0
ING030,2024-03-30,74600.0
ING030,2024-03-31,75110.0
ING030,2024-04-01,74680.0
ING030,2024-04-02,73400.0
ING030,2024-04-03,75000.0
ING030,2024-04-04,75570.0
ING030,2024-04-05,75830.0
ING030,2024-04-06,76840.0
ING030,2024-04-07,77050.0
ING030,2024-04-08,76460.0
ING030,2024-04-09,76370.0
ING030,2024-04-10,75910.0
ING030,2024-04-11,75610.0
ING030,2024-04-12,74750.0
ING030,2024-04-13,74150.0
ING030,2024-04-14,74990.0
ING030,2024-04-15,75350.0
ING030,2024-04-16,75080.0
ING030,2024-04-17,74420.0
ING030,2024-04-18,74270.0
ING030,2024-04-19,73160.0
ING030,2024-04-20,73470.0
ING030,2024-04-21,74380.0
ING030,2024-04-22,76300.0
ING030,2024-04-23,75530.0
ING030,2024-04-24,76310.0
ING030,2024-04-25,75830.0
ING030,2024-04-26,75070.0
ING030,2024-04-27,74340.0
ING030,2024-04-28,74610.0
ING030,2024-04-29,74050.0
ING030,2024-04-30,73770.0
ING030,2024-05-01,73630.0
ING030,2024-05-02,73270.0
ING030,2024-05-03,72870.0
ING030,2024-05-04,71280.0
ING030,2024-05-05,71660.0
ING030,2024-05-06,72000.0
ING030,2024-05-07,71680.0
ING030,2024-05-08,72250.0
ING030,2024-05-09,73560.0
ING030,2024-05-10,73780.0
ING030,2024-05-11,74970.0
ING030,2024-05-12,76780.0
ING030,2024-05-13,78720.0
ING030,2024-05-14,77770.0
ING030,2024-05-15,76880.0
ING030,2024-05-16,76580.0
ING030,2024-05-17,76730.0
ING030,2024-05-18,77970.0
ING030,2024-05-19,78420.0
ING030,2024-05-20,77480.0
ING030,2024-05-21,77030.0
ING030,2024-05-22,77030.0
ING030,2024-05-23,75950.0
ING030,2024-05-24,76050.0
ING030,2024-05-25,75240.0
ING030,2024-05-26,74120.0
ING030,2024-05-27,73590.0
ING030,2024-05-28,74110.0
ING030,2024-05-29,74590.0
ING030,2024-05-30,74820.0
ING030,2024-05-31,75710.0
ING030,2024-06-01,76480.0
ING030,2024-06-02,76700.0
ING030,2024-06-03,76800.0
ING030,2024-06-04,76950.0
ING030,2024-06-05,76880.0
ING030,2024-06-06,75290.0
ING030,2024-06-07,76270.0
ING030,2024-06-08,76650.0
ING030,2024-06-09,75790.0
ING030,2024-06-10,76970.0
ING030,2024-06-11,76570.0
ING030,2024-06-12,76550.0
ING030,2024-06-13,77380.0
ING030,2024-06-14,77570.0
ING030,2024-06-15,78590.0
ING030,2024-06-16,78290.0
ING030,2024-06-17,79540.0
ING030,2024-06-18,78870.0
ING030,2024-06-19,79810.0
ING030,2024-06-20,78020.0
ING030,2024-06-21,77190.0
ING030,2024-06-22,77450.0
ING030,2024-06-23,77180.0
ING030,2024-06-24,77160.0
ING030,2024-06-25,77230.0
ING030,2024-06-26,76370.0
ING030,2024-06-27,75620.0
ING030,2024-06-28,75910.0
ING030,2024-06-29,75510.0
ING030,2024-06-30,76640.0
ING030,2024-07-01,76570.0
ING030,2024-07-02,77180.0
ING030,2024-07-03,77550.0
ING030,2024-07-04,77130.0
ING030,2024-07-05,75690.0
ING030,2024-07-06,76690.0
ING030,2024-07-07,76030.0
ING030,2024-07-08,75830.0
ING030,2024-07-09,75830.0
ING030,2024-07-10,75900.0
ING030,2024-07-11,76730.0
ING030,2024-07-12,76800.0
ING030,2024-07-13,76770.0
ING030,2024-07-14,77610.0
ING030,2024-07-15,78080.0
ING030,2024-07-16,77530.0
ING030,2024-07-17,76700.0
ING030,2024-07-18,76160.0
ING030,2024-07-19,76220.0
ING030,2024-07-20,75380.0
ING030,2024-07-21,75590.0
ING030,2024-07-22,75620.0
ING030,2024-07-23,73840.0
ING030,2024-07-24,73010.0
ING030,2024-07-25,71100.0
ING030,2024-07-26,71200.0
ING030,2024-07-27,72360.0
ING030,2024-07-28,71230.0
ING030,2024-07-29,70590.0
ING030,2024-07-30,70850.0
ING030,2024-07-31,70420.0
ING030,2024-08-01,70010.0
ING030,2024-08-02,70830.0
ING030,2024-08-03,70830.0
ING030,2024-08-04,70090.0
ING030,2024-08-05,68940.0
ING030,2024-08-06,71060.0
ING030,2024-08-07,72270.0
ING030,2024-08-08,72230.0
ING030,2024-08-09,72600.0
ING030,2024-08-10,72520.0
ING030,2024-08-11,73200.0
ING030,2024-08-12,72820.0
ING030,2024-08-13,72690.0
ING030,2024-08-14,73310.0
ING030,2024-08-15,74650.0
ING030,2024-08-16,75400.0
ING030,2024-08-17,76470.0
ING030,2024-08-18,76330.0
ING030,2024-08-19,75970.0
ING030,2024-08-20,74640.0
ING030,2024-08-21,74880.0
ING030,2024-08-22,75350.0
ING030,2024-08-23,75280.0
ING030,2024-08-24,74850.0
ING030,2024-08-25,75960.0
ING030,2024-08-26,76560.0
ING030,2024-08-27,77640.0
ING030,2024-08-28,76970.0
ING030,2024-08-29,76520.0
ING030,2024-08-30,77520.0
ING030,2024-08-31,77530.0
ING030,2024-09-01,77150.0
ING030,2024-09-02,76850.0
ING030,2024-09-03,76920.0
ING030,2024-09-04,77760.0
ING030,2024-09-05,77680.0
ING030,2024-09-06,78310.0
ING030,2024-09-07,78680.0
ING030,2024-09-08,78010.0
ING030,2024-09-09,77380.0
ING030,2024-09-10,77100.0
ING030,2024-09-11,76180.0
ING030,2024-09-12,75910.0
ING030,2024-09-13,77180.0
ING030,2024-09-14,77230.0
ING030,2024-09-15,76730.0
ING030,2024-09-16,78260.0
ING030,2024-09-17,77580.0
ING030,2024-09-18,76910.0
ING030,2024-09-19,77920.0
ING030,2024-09-20,78460.0
ING030,2024-09-21,78370.0
ING030,2024-09-22,79010.0
ING030,2024-09-23,79220.0
ING030,2024-09-24,78300.0
ING030,2024-09-25,76530.0
ING030,2024-09-26,76210.0
ING030,2024-09-27,77150.0
ING030,2024-09-28,76910.0
ING030,2024-09-29,77350.0
ING030,2024-09-30,77560.0
ING030,2024-10-01,76350.0
ING030,2024-10-02,76160.0
ING030,2024-10-03,76560.0
ING030,2024-10-04,76080.0
ING030,2024-10-05,75950.0
ING030,2024-10-06,76380.0
ING030,2024-10-07,76560.0
ING030,2024-10-08,77460.0
ING030,2024-10-09,77810.0
ING030,2024-10-10,77150.0
ING030,2024-10-11,76880.0
ING030,2024-10-12,76990.0
ING030,2024-10-13,78090.0
ING030,2024-10-14,77770.0
ING030,2024-10-15,76530.0
ING030,2024-10-16,76980.0
ING030,2024-10-17,76500.0
ING030,2024-10-18,75660.0
ING030,2024-10-19,75840.0
ING030,2024-10-20,76720.0
ING030,2024-10-21,76400.0
ING030,2024-10-22,76900.0
ING030,2024-10-23,77510.0
ING030,2024-10-24,78180.0
ING030,2024-10-25,77670.0
ING030,2024-10-26,76890.0
ING030,2024-10-27,76260.0
ING030,2024-10-28,76990.0
ING030,2024-10-29,77590.0
ING030,2024-10-30,76940.0
ING030,2024-10-31,78650.0
ING030,2024-11-01,77860.0
ING030,2024-11-02,78670.0
ING030,2024-11-03,79820.0
ING030,2024-11-04,79870.0
ING030,2024-11-05,79250.0
ING030,2024-11-06,78680.0
ING030,2024-11-07,78500.0
ING030,2024-11-08,79340.0
ING030,2024-11-09,78430.0
ING030,2024-11-10,77080.0
ING030,2024-11-11,77450.0
ING030,2024-11-12,77970.0
ING030,2024-11-13,79510.0
ING030,2024-11-14,78450.0
ING030,2024-11-15,78380.0
ING030,2024-11-16,79290.0
ING030,2024-11-17,79380.0
ING030,2024-11-18,79220.0
ING030,2024-11-19,79810.0
ING030,2024-11-20,79330.0
ING030,2024-11-21,79960.0
ING030,2024-11-22,78980.0
ING030,2024-11-23,77850.0
ING030,2024-11-24,77710.0
ING030,2024-11-25,75870.0
ING030,2024-11-26,76100.0
ING030,2024-11-27,74960.0
ING030,2024-11-28,75380.0
ING030,2024-11-29,75710.0
ING030,2024-11-30,75840.0
ING030,2024-12-01,76340.0
ING030,2024-12-02,76640.0
ING030,2024-12-03,76550.0
ING030,2024-12-04,78060.0
ING030,2024-12-05,78420.0
ING030,2024-12-06,79040.0
ING030,2024-12-07,79860.0
ING030,2024-12-08,80330.0
ING030,2024-12-09,81830.0
ING030,2024-12-10,81830.0
ING030,2024-12-11,81700.0
ING030,2024-12-12,81100.0
ING030,2024-12-13,80820.0
ING030,2024-12-14,80200.0
ING030,2024-12-15,80670.0
ING030,2024-12-16,79920.0
ING030,2024-12-17,79950.0
ING030,2024-12-18,80340.0
ING030,2024-12-19,80410.0
ING030,2024-12-20,79680.0
ING030,2024-12-21,80200.0
ING030,2024-12-22,80090.0
ING030,2024-12-23,77910.0
ING030,2024-12-24,77250.0
ING030,2024-12-25,78410.0
ING030,2024-12-26,79580.0
ING030,2024-12-27,79960.0
ING030,2024-12-28,80530.0
ING030,2024-12-29,79890.0
ING030,2024-12-30,79680.0
ING030,2024-12-31,80600.0
ING030,2025-01-01,80860.0
ING030,2025-01-02,80840.0
ING030,2025-01-03,80640.0
ING030,2025-01-04,81470.0
ING030,2025-01-05,82210.0
ING030,2025-01-06,82570.0
ING030,2025-01-07,82470.0
ING030,2025-01-08,82050.0
ING030,2025-01-09,82450.0
ING030,2025-01-10,81480.0
ING030,2025-01-11,80720.0
ING030,2025-01-12,79570.0
ING030,2025-01-13,80500.0
ING030,2025-01-14,79920.0
ING030,2025-01-15,80210.0
ING030,2025-01-16,80080.0
ING030,2025-01-17,82240.0
ING030,2025-01-18,82440.0
ING030,2025-01-19,80900.0
ING030,2025-01-20,81720.0
ING030,2025-01-21,81330.0
ING030,2025-01-22,81100.0
ING030,2025-01-23,80520.0
ING030,2025-01-24,80630.0
ING030,2025-01-25,80720.0
ING030,2025-01-26,80190.0
ING030,2025-01-27,79780.0
ING030,2025-01-28,79860.0
ING030,2025-01-29,78100.0
ING030,2025-01-30,77100.0
ING030,2025-01-31,78480.0
ING030,2025-02-01,78790.0
ING030,2025-02-02,78450.0
ING030,2025-02-03,77240.0
ING030,2025-02-04,77330.0
ING030,2025-02-05,78190.0
ING030,2025-02-06,80250.0
ING030,2025-02-07,81650.0
ING030,2025-02-08,80900.0
ING030,2025-02-09,80470.0
ING030,2025-02-10,79340.0
ING030,2025-02-11,78730.0
ING030,2025-02-12,78630.0
ING030,2025-02-13,78410.0
ING030,2025-02-14,80030.0
ING030,2025-02-15,79040.0
ING030,2025-02-16,79040.0
ING030,2025-02-17,77540.0
ING030,2025-02-18,77910.0
ING030,2025-02-19,77000.0
ING030,2025-02-20,77980.0
ING030,2025-02-21,77860.0
ING030,2025-02-22,76910.0
ING030,2025-02-23,75480.0
ING030,2025-02-24,74970.0
ING030,2025-02-25,75400.0
ING030,2025-02-26,75950.0
ING030,2025-02-27,75780.0
ING030,2025-02-28,76680.0
ING030,2025-03-01,76000.0
ING030,2025-03-02,74000.0
ING030,2025-03-03,74510.0
ING030,2025-03-04,75760.0
ING030,2025-03-05,76950.0
ING030,2025-03-06,76130.0
ING030,2025-03-07,75910.0
ING030,2025-03-08,76660.0
ING030,2025-03-09,76360.0
ING030,2025-03-10,76630.0
ING030,2025-03-11,76270.0
ING030,2025-03-12,75640.0
ING030,2025-03-13,75190.0
ING030,2025-03-14,76150.0
ING030,2025-03-15,76360.0
ING030,2025-03-16,77500.0
ING030,2025-03-17,78030.0
ING030,2025-03-18,79340.0
ING030,2025-03-19,79990.0
ING030,2025-03-20,80570.0
ING030,2025-03-21,80460.0
ING030,2025-03-22,82700.0
ING030,2025-03-23,82660.0
ING030,2025-03-24,81060.0
ING030,2025-03-25,81220.0
ING030,2025-03-26,80430.0
ING030,2025-03-27,81180.0
ING030,2025-03-28,81680.0
ING030,2025-03-29,81460.0
ING030,2025-03-30,80740.0
ING030,2025-03-31,80820.0
ING030,2025-04-01,80310.0
ING030,2025-04-02,80900.0
ING030,2025-04-03,81290.0
ING030,2025-04-04,83440.0
ING030,2025-04-05,82950.0
ING030,2025-04-06,82590.0
ING030,2025-04-07,82360.0
ING030,2025-04-08,82170.0
ING030,2025-04-09,82850.0
ING030,2025-04-10,82520.0
ING030,2025-04-11,83890.0
ING030,2025-04-12,84150.0
ING030,2025-04-13,83590.0
ING030,2025-04-14,82880.0
ING030,2025-04-15,83530.0
ING030,2025-04-16,83400.0
ING030,2025-04-17,83250.0
ING030,2025-04-18,82660.0
ING030,2025-04-19,82500.0
ING030,2025-04-20,81920.0
ING030,2025-04-21,82870.0
ING030,2025-04-22,83280.0
ING030,2025-04-23,83010.0
ING030,2025-04-24,82740.0
ING030,2025-04-25,82690.0
ING030,2025-04-26,82580.0
ING030,2025-04-27,81760.0
ING030,2025-04-28,80270.0
ING030,2025-04-29,79680.0
ING030,2025-04-30,79620.0
ING030,2025-05-01,79110.0
ING030,2025-05-02,79800.0
ING030,2025-05-03,79660.0
ING030,2025-05-04,81110.0
ING030,2025-05-05,80660.0
ING030,2025-05-06,80760.0
ING030,2025-05-07,80530.0
ING030,2025-05-08,80870.0
ING030,2025-05-09,81650.0
ING030,2025-05-10,82050.0
ING030,2025-05-11,80460.0
ING030,2025-05-12,80840.0
ING030,2025-05-13,80070.0
ING030,2025-05-14,79860.0
ING030,2025-05-15,80420.0
ING030,2025-05-16,79590.0
ING030,2025-05-17,80510.0
ING030,2025-05-18,80250.0
ING030,2025-05-19,81900.0
ING030,2025-05-20,81890.0
ING030,2025-05-21,83110.0
ING030,2025-05-22,83880.0
ING030,2025-05-23,83270.0
ING030,2025-05-24,82160.0
ING030,2025-05-25,82170.0
ING030,2025-05-26,81660.0
ING030,2025-05-27,82800.0
ING030,2025-05-28,82510.0
ING030,2025-05-29,82200.0
ING030,2025-05-30,81080.0
ING030,2025-05-31,81380.0
ING030,2025-06-01,80470.0
ING030,2025-06-02,80810.0
ING030,2025-06-03,81250.0
ING030,2025-06-04,80660.0
ING030,2025-06-05,81380.0
ING030,2025-06-06,81150.0
ING030,2025-06-07,80030.0
ING030,2025-06-08,81230.0
ING030,2025-06-09,80510.0
ING030,2025-06-10,80910.0
ING030,2025-06-11,81230.0
ING030,2025-06-12,81500.0
ING030,2025-06-13,81750.0
ING030,2025-06-14,80980.0
ING030,2025-06-15,82240.0
ING030,2025-06-16,82890.0
ING030,2025-06-17,83150.0
ING030,2025-06-18,82030.0
ING030,2025-06-19,81240.0
ING030,2025-06-20,81720.0
ING030,2025-06-21,80180.0
ING030,2025-06-22,80470.0
ING030,2025-06-23,79490.0
ING030,2025-06-24,78920.0
ING030,2025-06-25,77960.0
ING030,2025-06-26,78300.0
ING030,2025-06-27,79270.0
ING030,2025-06-28,79610.0
ING030,2025-06-29,80030.0
ING030,2025-06-30,80200.0
ING030,2025-07-01,80750.0
ING030,2025-07-02,81120.0
ING030,2025-07-03,79080.0
ING030,2025-07-04,79850.0
ING030,2025-07-05,80510.0
ING030,2025-07-06,80270.0
ING030,2025-07-07,78830.0
ING030,2025-07-08,79120.0
ING030,2025-07-09,79460.0
ING030,2025-07-10,79210.0
ING030,2025-07-11,79450.0
ING030,2025-07-12,80330.0
ING030,2025-07-13,82170.0
ING030,2025-07-14,82230.0
ING030,2025-07-15,82420.0
ING030,2025-07-16,81740.0
ING030,2025-07-17,81340.0
ING030,2025-07-18,81220.0
ING030,2025-07-19,82100.0
ING030,2025-07-20,82670.0
ING030,2025-07-21,84040.0
ING030,2025-07-22,82780.0
ING030,2025-07-23,81710.0
ING030,2025-07-24,82510.0
ING030,2025-07-25,83530.0
ING030,2025-07-26,83440.0
ING030,2025-07-27,79980.0
ING030,2025-07-28,79490.0
ING030,2025-07-29,79820.0
ING030,2025-07-30,79220.0
ING030,2025-07-31,79460.0
ING030,2025-08-01,80980.0
ING030,2025-08-02,82060.0
ING030,2025-08-03,82630.0
ING030,2025-08-04,82510.0
ING030,2025-08-05,82080.0
ING030,2025-08-06,82610.0
ING030,2025-08-07,82560.0
ING030,2025-08-08,82550.0
ING030,2025-08-09,81320.0
ING030,2025-08-10,80790.0
ING030,2025-08-11,81380.0
ING030,2025-08-12,80550.0
ING030,2025-08-13,80790.0
ING030,2025-08-14,81130.0
ING030,2025-08-15,81500.0
ING030,2025-08-16,81910.0
ING030,2025-08-17,82360.0
ING030,2025-08-18,81840.0
ING030,2025-08-19,80720.0
ING030,2025-08-20,80100.0
ING030,2025-08-21,80710.0
ING030,2025-08-22,79850.0
ING030,2025-08-23,79150.0
ING030,2025-08-24,78480.0
ING030,2025-08-25,77240.0
ING030,2025-08-26,76590.0
ING030,2025-08-27,77590.0
ING030,2025-08-28,77240.0
ING030,2025-08-29,76150.0
ING030,2025-08-30,76030.0
ING030,2025-08-31,76690.0
ING030,2025-09-01,75550.0
ING030,2025-09-02,76570.0
ING030,2025-09-03,75740.0
ING030,2025-09-04,75730.0
ING030,2025-09-05,75710.0
ING030,2025-09-06,75590.0
ING030,2025-09-07,75840.0
ING030,2025-09-08,76710.0
ING030,2025-09-09,76920.0
ING030,2025-09-10,76700.0
ING030,2025-09-11,77290.0
ING030,2025-09-12,77660.0
ING030,2025-09-13,77350.0
ING030,2025-09-14,77600.0
ING030,2025-09-15,77240.0
ING030,2025-09-16,76810.0
ING030,2025-09-17,77650.0
ING030,2025-09-18,78190.0
ING030,2025-09-19,78940.0
ING030,2025-09-20,79550.0
ING030,2025-09-21,79000.0
ING030,2025-09-22,79880.0
ING030,2025-09-23,79750.0
ING030,2025-09-24,80540.0
ING030,2025-09-25,80510.0
ING030,2025-09-26,80800.0
ING030,2025-09-27,81110.0
ING030,2025-09-28,81750.0
ING030,2025-09-29,80520.0
ING030,2025-09-30,79400.0
ING030,2025-10-01,80020.0
ING030,2025-10-02,80380.0
ING030,2025-10-03,79870.0
ING030,2025-10-04,80240.0
ING030,2025-10-05,79260.0
ING030,2025-10-06,81830.0
ING030,2025-10-07,82820.0
ING030,2025-10-08,83230.0
ING030,2025-10-09,83220.0
ING030,2025-10-10,82690.0
ING030,2025-10-11,81660.0
ING030,2025-10-12,81590.0
ING030,2025-10-13,80960.0
ING030,2025-10-14,80400.0
ING030,2025-10-15,79410.0
ING030,2025-10-16,79720.0
ING030,2025-10-17,79550.0
ING030,2025-10-18,80070.0
ING030,2025-10-19,80500.0
ING030,2025-10-20,80750.0
ING030,2025-10-21,82800.0
ING030,2025-10-22,83370.0
ING030,2025-10-23,82360.0
ING030,2025-10-24,82680.0
ING030,2025-10-25,82600.0
ING030,2025-10-26,81570.0
ING030,2025-10-27,80520.0
ING030,2025-10-28,80930.0
ING030,2025-10-29,81510.0
ING030,2025-10-30,80750.0
ING030,2025-10-31,81540.0
ING030,2025-11-01,81780.0
ING030,2025-11-02,82690.0
ING030,2025-11-03,83470.0
ING030,2025-11-04,83280.0
ING030,2025-11-05,84450.0
ING030,2025-11-06,83490.0
ING030,2025-11-07,85210.0
ING030,2025-11-08,84390.0
ING030,2025-11-09,84240.0
ING030,2025-11-10,83710.0
ING030,2025-11-11,83340.0
ING030,2025-11-12,85480.0
ING030,2025-11-13,84960.0
ING030,2025-11-14,85460.0
ING030,2025-11-15,85110.0
ING030,2025-11-16,85670.0
ING030,2025-11-17,85080.0
ING030,2025-11-18,85130.0
ING030,2025-11-19,85450.0
ING030,2025-11-20,84750.0
ING030,2025-11-21,86690.0
ING030,2025-11-22,86970.0
ING030,2025-11-23,86570.0
ING030,2025-11-24,85830.0
ING030,2025-11-25,85710.0
ING030,2025-11-26,84630.0
ING030,2025-11-27,85840.0
ING030,2025-11-28,85990.0
ING030,2025-11-29,85730.0
ING030,2025-11-30,86350.0
ING030,2025-12-01,85600.0
ING030,2025-12-02,84570.0
ING030,2025-12-03,84350.0
ING030,2025-12-04,84350.0
ING030,2025-12-05,84640.0
ING030,2025-12-06,83420.0
ING030,2025-12-07,83020.0
ING030,2025-12-08,80670.0
ING030,2025-12-09,79870.0
ING030,2025-12-10,80530.0
ING030,2025-12-11,81340.0
ING030,2025-12-12,80540.0
ING030,2025-12-13,80380.0
ING030,2025-12-14,80500.0
ING030,2025-12-15,81400.0
ING030,2025-12-16,82600.0
ING030,2025-12-17,82710.0
ING030,2025-12-18,82500.0
ING030,2025-12-19,81410.0
ING030,2025-12-20,81540.0
ING030,2025-12-21,83140.0
ING030,2025-12-22,84070.0
ING030,2025-12-23,84120.0
ING030,2025-12-24,84270.0
ING030,2025-12-25,83660.0
ING030,2025-12-26,83330.0
ING030,2025-12-27,83400.0
ING030,2025-12-28,83470.0
ING030,2025-12-29,84180.0
ING030,2025-12-30,84820.0
ING030,2025-12-31,85090.0
ING030,2026-01-01,84210.0
ING030,2026-01-02,83410.0
ING030,2026-01-03,82700.0
ING030,2026-01-04,82870.0
ING030,2026-01-05,81330.0
ING030,2026-01-06,81390.0
ING030,2026-01-07,82500.0
ING030,2026-01-08,83010.0
ING030,2026-01-09,82720.0
ING030,2026-01-10,82190.0
ING030,2026-01-11,82820.0
ING030,2026-01-12,83040.0
ING030,2026-01-13,82830.0
ING030,2026-01-14,82380.0
ING030,2026-01-15,82450.0
ING030,2026-01-16,82230.0
ING030,2026-01-17,82840.0
ING030,2026-01-18,83760.0
ING030,2026-01-19,82680.0
ING030,2026-01-20,81760.0
ING030,2026-01-21,82820.0
ING030,2026-01-22,82940.0
ING030,2026-01-23,82080.0
ING030,2026-01-24,82850.0
ING030,2026-01-25,83100.0
ING030,2026-01-26,84730.0
ING030,2026-01-27,84450.0
ING030,2026-01-28,85200.0
ING030,2026-01-29,83990.0
ING030,2026-01-30,84980.0
ING030,2026-01-31,85570.0
ING030,2026-02-01,86640.0
ING030,2026-02-02,87280.0
ING030,2026-02-03,86980.0
ING030,2026-02-04,85890.0
ING030,2026-02-05,85290.0
ING030,2026-02-06,83840.0
ING030,2026-02-07,83100.0
ING030,2026-02-08,83410.0
ING030,2026-02-09,83340.0
ING030,2026-02-10,83150.0
ING030,2026-02-11,82540.0
ING030,2026-02-12,81230.0
ING030,2026-02-13,81450.0
ING030,2026-02-14,81800.0
ING030,2026-02-15,81110.0
ING030,2026-02-16,80800.0
ING030,2026-02-17,82060.0
ING030,2026-02-18,82980.0
ING030,2026-02-19,81860.0
ING030,2026-02-20,81850.0
ING030,2026-02-21,83000.0
ING030,2026-02-22,82830.0
ING030,2026-02-23,82640.0
ING030,2026-02-24,83470.0
ING030,2026-02-25,84190.0
ING030,2026-02-26,84830.0
ING030,2026-02-27,84540.0
ING030,2026-02-28,84960.0
ING030,2026-03-01,85980.0
ING030,2026-03-02,85800.0
ING030,2026-03-03,85360.0
ING030,2026-03-04,86160.0
ING030,2026-03-05,87540.0
ING030,2026-03-06,88900.0
ING030,2026-03-07,88330.0
ING030,2026-03-08,87860.0
ING030,2026-03-09,86850.0
ING030,2026-03-10,86750.0
ING030,2026-03-11,85760.0
ING030,2026-03-12,85230.0
ING030,2026-03-13,85650.0
ING030,2026-03-14,85820.0
ING030,2026-03-15,84320.0
ING030,2026-03-16,85440.0
ING030,2026-03-17,84510.0
ING030,2026-03-18,83720.0
ING030,2026-03-19,82760.0
ING030,2026-03-20,82290.0
ING030,2026-03-21,81660.0
ING030,2026-03-22,81080.0
ING030,2026-03-23,79340.0
ING030,2026-03-24,79630.0
ING030,2026-03-25,79980.0
ING030,2026-03-26,81830.0
ING030,2026-03-27,82260.0
ING030,2026-03-28,81940.0
ING030,2026-03-29,81100.0
ING030,2026-03-30,81140.0
ING030,2026-03-31,81580.0
ING030,2026-04-01,81280.0
ING030,2026-04-02,81430.0
ING030,2026-04-03,82950.0
ING030,2026-04-04,82670.0
ING030,2026-04-05,81290.0
ING030,2026-04-06,82050.0
ING030,2026-04-07,82340.0
ING030,2026-04-08,81110.0
ING030,2026-04-09,81540.0
ING030,2026-04-10,80880.0
ING030,2026-04-11,81340.0
ING030,2026-04-12,82870.0
ING030,2026-04-13,82760.0
ING030,2026-04-14,83600.0
ING030,2026-04-15,82670.0
ING030,2026-04-16,81570.0
ING030,2026-04-17,83170.0
ING030,2026-04-18,83410.0
ING030,2026-04-19,83890.0
ING030,2026-04-20,84730.0
ING030,2026-04-21,84270.0
ING030,2026-04-22,84850.0
ING030,2026-04-23,85280.0
ING030,2026-04-24,84220.0
ING030,2026-04-25,85320.0
ING030,2026-04-26,86200.0
ING030,2026-04-27,85100.0
ING030,2026-04-28,85170.0
ING030,2026-04-29,84920.0
ING030,2026-04-30,85910.0
ING030,2026-05-01,84730.0
ING030,2026-05-02,87370.0
ING030,2026-05-03,87050.0
ING030,2026-05-04,87430.0
ING030,2026-05-05,88270.0
ING030,2026-05-06,87890.0
ING030,2026-05-07,87590.0
ING030,2026-05-08,87010.0
ING030,2026-05-09,86170.0
ING030,2026-05-10,86250.0
ING030,2026-05-11,86010.0
ING030,2026-05-12,85510.0
ING030,2026-05-13,85080.0
ING030,2026-05-14,85440.0
ING030,2026-05-15,84750.0
ING030,2026-05-16,84510.0
ING030,2026-05-17,85140.0
ING030,2026-05-18,85250.0
ING030,2026-05-19,84380.0
ING030,2026-05-20,84330.0
ING030,2026-05-21,84620.0
ING030,2026-05-22,85320.0
ING030,2026-05-23,84670.0
ING030,2026-05-24,84200.0
ING030,2026-05-25,83650.0
ING030,2026-05-26,83170.0
ING030,2026-05-27,83500.0
ING030,2026-05-28,83960.0
ING030,2026-05-29,84740.0
ING030,2026-05-30,84620.0
ING030,2026-05-31,83520.0
ING030,2026-06-01,84040.0
ING030,2026-06-02,84140.0
ING030,2026-06-03,84170.0
ING030,2026-06-04,83190.0
ING030,2026-06-05,83070.0
ING030,2026-06-06,82210.0
ING030,2026-06-07,82650.0
ING030,2026-06-08,82390.0
ING030,2026-06-09,82070.0
ING030,2026-06-10,81010.0
ING030,2026-06-11,81920.0
ING030,2026-06-12,81820.0
ING030,2026-06-13,81990.0
ING030,2026-06-14,81530.0
ING030,2026-06-15,80410.0
ING030,2026-06-16,80190.0
ING030,2026-06-17,80090.0
ING030,2026-06-18,80500.0
ING030,2026-06-19,80410.0
ING030,2026-06-20,80040.0
ING030,2026-06-21,79110.0
ING030,2026-06-22,79390.0
ING030,2026-06-23,79020.0
ING030,2026-06-24,80260.0
ING030,2026-06-25,80550.0
ING030,2026-06-26,81150.0
ING030,2026-06-27,81100.0
ING030,2026-06-28,81400.0
ING030,2026-06-29,80860.0
ING030,2026-06-30,80130.0
