property_id,room_type,date,base_rate,applied_rate,reason
P01,Standard,2023-07-01,950000,1034000,manual
P01,Standard,2023-07-02,950000,1027000,manual
P01,Standard,2023-07-03,950000,1094000,manual
P01,Standard,2023-07-04,950000,1036000,manual
P01,Standard,2023-07-05,950000,1019000,manual
P01,Standard,2023-07-06,950000,1082000,manual
P01,Standard,2023-07-07,950000,1100000,manual
P01,Standard,2023-07-08,950000,1097000,manual
P01,Standard,2023-07-09,950000,1026000,manual
P01,Standard,2023-07-10,950000,1037000,manual
P01,Standard,2023-07-11,950000,1099000,manual
P01,Standard,2023-07-12,950000,1040000,manual
P01,Standard,2023-07-13,950000,1087000,manual
P01,Standard,2023-07-14,950000,1032000,manual
P01,Standard,2023-07-15,950000,1076000,manual
P01,Standard,2023-07-16,950000,1001000,manual
P01,Standard,2023-07-17,950000,1029000,manual
P01,Standard,2023-07-18,950000,972000,manual
P01,Standard,2023-07-19,950000,1010000,manual
P01,Standard,2023-07-20,950000,1057000,manual
P01,Standard,2023-07-21,950000,1058000,manual
P01,Standard,2023-07-22,950000,1072000,manual
P01,Standard,2023-07-23,950000,1024000,manual
P01,Standard,2023-07-24,950000,1055000,manual
P01,Standard,2023-07-25,950000,1100000,manual
P01,Standard,2023-07-26,950000,1080000,manual
P01,Standard,2023-07-27,950000,1074000,manual
P01,Standard,2023-07-28,950000,998000,manual
P01,Standard,2023-07-29,950000,1028000,manual
P01,Standard,2023-07-30,950000,1061000,manual
P01,Standard,2023-07-31,950000,1065000,manual
P01,Standard,2023-08-01,950000,1006000,manual
P01,Standard,2023-08-02,950000,1004000,manual
P01,Standard,2023-08-03,950000,978000,manual
P01,Standard,2023-08-04,950000,958000,manual
P01,Standard,2023-08-05,950000,975000,manual
P01,Standard,2023-08-06,950000,950000,manual
P01,Standard,2023-08-07,950000,971000,manual
P01,Standard,2023-08-08,950000,1005000,manual
P01,Standard,2023-08-09,950000,926000,manual
P01,Standard,2023-08-10,950000,990000,manual
P01,Standard,2023-08-11,950000,990000,manual
P01,Standard,2023-08-12,950000,970000,manual
P01,Standard,2023-08-13,950000,969000,manual
P01,Standard,2023-08-14,950000,982000,manual
P01,Standard,2023-08-15,950000,1008000,manual
P01,Standard,2023-08-16,950000,1014000,manual
P01,Standard,2023-08-17,950000,972000,manual
P01,Standard,2023-08-18,950000,962000,manual
P01,Standard,2023-08-19,950000,944000,manual
P01,Standard,2023-08-20,950000,1000000,manual
P01,Standard,2023-08-21,950000,961000,manual
P01,Standard,2023-08-22,950000,981000,manual
P01,Standard,2023-08-23,950000,1027000,manual
P01,Standard,2023-08-24,950000,992000,manual
P01,Standard,2023-08-25,950000,991000,manual
P01,Standard,2023-08-26,950000,960000,manual
P01,Standard,2023-08-27,950000,1018000,manual
P01,Standard,2023-08-28,950000,954000,manual
P01,Standard,2023-08-29,950000,963000,manual
P01,Standard,2023-08-30,950000,1008000,manual
P01,Standard,2023-08-31,950000,956000,manual
P01,Standard,2023-09-01,950000,866000,promo
P01,Standard,2023-09-02,950000,866000,promo
P01,Standard,2023-09-03,950000,899000,promo
P01,Standard,2023-09-04,950000,887000,promo
P01,Standard,2023-09-05,950000,883000,promo
P01,Standard,2023-09-06,950000,904000,promo
P01,Standard,2023-09-07,950000,886000,promo
P01,Standard,2023-09-08,950000,857000,promo
P01,Standard,2023-09-09,950000,850000,promo
P01,Standard,2023-09-10,950000,860000,promo
P01,Standard,2023-09-11,950000,879000,promo
P01,Standard,2023-09-12,950000,927000,promo
P01,Standard,2023-09-13,950000,868000,promo
P01,Standard,2023-09-14,950000,896000,promo
P01,Standard,2023-09-15,950000,861000,promo
P01,Standard,2023-09-16,950000,894000,promo
P01,Standard,2023-09-17,950000,887000,promo
P01,Standard,2023-09-18,950000,900000,promo
P01,Standard,2023-09-19,950000,892000,promo
P01,Standard,2023-09-20,950000,919000,promo
P01,Standard,2023-09-21,950000,945000,promo
P01,Standard,2023-09-22,950000,869000,promo
P01,Standard,2023-09-23,950000,879000,promo
P01,Standard,2023-09-24,950000,917000,promo
P01,Standard,2023-09-25,950000,873000,promo
P01,Standard,2023-09-26,950000,886000,promo
P01,Standard,2023-09-27,950000,903000,promo
P01,Standard,2023-09-28,950000,919000,promo
P01,Standard,2023-09-29,950000,961000,promo
P01,Standard,2023-09-30,950000,858000,promo
P01,Standard,2023-10-01,950000,893000,promo
P01,Standard,2023-10-02,950000,901000,promo
P01,Standard,2023-10-03,950000,904000,promo
P01,Standard,2023-10-04,950000,895000,promo
P01,Standard,2023-10-05,950000,851000,promo
P01,Standard,2023-10-06,950000,897000,promo
P01,Standard,2023-10-07,950000,886000,promo
P01,Standard,2023-10-08,950000,860000,promo
P01,Standard,2023-10-09,950000,889000,promo
P01,Standard,2023-10-10,950000,882000,promo
P01,Standard,2023-10-11,950000,917000,promo
P01,Standard,2023-10-12,950000,897000,promo
P01,Standard,2023-10-13,950000,933000,promo
P01,Standard,2023-10-14,950000,855000,promo
P01,Standard,2023-10-15,950000,901000,promo
P01,Standard,2023-10-16,950000,897000,promo
P01,Standard,2023-10-17,950000,871000,promo
P01,Standard,2023-10-18,950000,889000,promo
P01,Standard,2023-10-19,950000,922000,promo
P01,Standard,2023-10-20,950000,928000,promo
P01,Standard,2023-10-21,950000,833000,promo
P01,Standard,2023-10-22,950000,899000,promo
P01,Standard,2023-10-23,950000,918000,promo
P01,Standard,2023-10-24,950000,903000,promo
P01,Standard,2023-10-25,950000,965000,promo
P01,Standard,2023-10-26,950000,899000,promo
P01,Standard,2023-10-27,950000,897000,promo
P01,Standard,2023-10-28,950000,888000,promo
P01,Standard,2023-10-29,950000,866000,promo
P01,Standard,2023-10-30,950000,953000,promo
P01,Standard,2023-10-31,950000,871000,promo
P01,Standard,2023-11-01,950000,948000,manual
P01,Standard,2023-11-02,950000,940000,manual
P01,Standard,2023-11-03,950000,924000,manual
P01,Standard,2023-11-04,950000,971000,manual
P01,Standard,2023-11-05,950000,897000,manual
P01,Standard,2023-11-06,950000,966000,manual
P01,Standard,2023-11-07,950000,925000,manual
P01,Standard,2023-11-08,950000,949000,manual
P01,Standard,2023-11-09,950000,963000,manual
P01,Standard,2023-11-10,950000,931000,manual
P01,Standard,2023-11-11,950000,960000,manual
P01,Standard,2023-11-12,950000,950000,manual
P01,Standard,2023-11-13,950000,944000,manual
P01,Standard,2023-11-14,950000,966000,manual
P01,Standard,2023-11-15,950000,907000,manual
P01,Standard,2023-11-16,950000,950000,manual
P01,Standard,2023-11-17,950000,946000,manual
P01,Standard,2023-11-18,950000,936000,manual
P01,Standard,2023-11-19,950000,892000,manual
P01,Standard,2023-11-20,950000,942000,manual
P01,Standard,2023-11-21,950000,900000,manual
P01,Standard,2023-11-22,950000,989000,manual
P01,Standard,2023-11-23,950000,971000,manual
P01,Standard,2023-11-24,950000,910000,manual
P01,Standard,2023-11-25,950000,937000,manual
P01,Standard,2023-11-26,950000,932000,manual
P01,Standard,2023-11-27,950000,900000,manual
P01,Standard,2023-11-28,950000,957000,manual
P01,Standard,2023-11-29,950000,941000,manual
P01,Standard,2023-11-30,950000,930000,manual
P01,Standard,2023-12-01,950000,1028000,manual
P01,Standard,2023-12-02,950000,1067000,manual
P01,Standard,2023-12-03,950000,1105000,manual
P01,Standard,2023-12-04,950000,1048000,manual
P01,Standard,2023-12-05,950000,1046000,manual
P01,Standard,2023-12-06,950000,1075000,manual
P01,Standard,2023-12-07,950000,1056000,manual
P01,Standard,2023-12-08,950000,1080000,manual
P01,Standard,2023-12-09,950000,1075000,manual
P01,Standard,2023-12-10,950000,1081000,manual
P01,Standard,2023-12-11,950000,1109000,manual
P01,Standard,2023-12-12,950000,1033000,manual
P01,Standard,2023-12-13,950000,1079000,manual
P01,Standard,2023-12-14,950000,1061000,manual
P01,Standard,2023-12-15,950000,1135000,manual
P01,Standard,2023-12-16,950000,1052000,manual
P01,Standard,2023-12-17,950000,1090000,manual
P01,Standard,2023-12-18,950000,1041000,manual
P01,Standard,2023-12-19,950000,1058000,manual
P01,Standard,2023-12-20,950000,1067000,manual
P01,Standard,2023-12-21,950000,1011000,manual
P01,Standard,2023-12-22,950000,1039000,manual
P01,Standard,2023-12-23,950000,1098000,manual
P01,Standard,2023-12-24,950000,1067000,manual
P01,Standard,2023-12-25,950000,1059000,manual
P01,Standard,2023-12-26,950000,1113000,manual
P01,Standard,2023-12-27,950000,1069000,manual
P01,Standard,2023-12-28,950000,1061000,manual
P01,Standard,2023-12-29,950000,1048000,manual
P01,Standard,2023-12-30,950000,1147000,manual
P01,Standard,2023-12-31,950000,1057000,manual
P01,Standard,2024-01-01,950000,1039000,manual
P01,Standard,2024-01-02,950000,1106000,manual
P01,Standard,2024-01-03,950000,1074000,manual
P01,Standard,2024-01-04,950000,1065000,manual
P01,Standard,2024-01-05,950000,1051000,manual
P01,Standard,2024-01-06,950000,1065000,manual
P01,Standard,2024-01-07,950000,991000,manual
P01,Standard,2024-01-08,950000,1040000,manual
P01,Standard,2024-01-09,950000,1116000,manual
P01,Standard,2024-01-10,950000,1049000,manual
P01,Standard,2024-01-11,950000,1081000,manual
P01,Standard,2024-01-12,950000,1024000,manual
P01,Standard,2024-01-13,950000,1002000,manual
P01,Standard,2024-01-14,950000,1055000,manual
P01,Standard,2024-01-15,950000,1049000,manual
P01,Standard,2024-01-16,950000,1011000,manual
P01,Standard,2024-01-17,950000,1064000,manual
P01,Standard,2024-01-18,950000,1038000,manual
P01,Standard,2024-01-19,950000,1044000,manual
P01,Standard,2024-01-20,950000,1024000,manual
P01,Standard,2024-01-21,950000,1048000,manual
P01,Standard,2024-01-22,950000,1009000,manual
P01,Standard,2024-01-23,950000,1081000,manual
P01,Standard,2024-01-24,950000,1058000,manual
P01,Standard,2024-01-25,950000,1053000,manual
P01,Standard,2024-01-26,950000,989000,manual
P01,Standard,2024-01-27,950000,1039000,manual
P01,Standard,2024-01-28,950000,1075000,manual
P01,Standard,2024-01-29,950000,986000,manual
P01,Standard,2024-01-30,950000,1097000,manual
P01,Standard,2024-01-31,950000,1028000,manual
P01,Standard,2024-02-01,950000,878000,promo
P01,Standard,2024-02-02,950000,891000,promo
P01,Standard,2024-02-03,950000,852000,promo
P01,Standard,2024-02-04,950000,808000,promo
P01,Standard,2024-02-05,950000,925000,promo
P01,Standard,2024-02-06,950000,892000,promo
P01,Standard,2024-02-07,950000,889000,promo
P01,Standard,2024-02-08,950000,882000,promo
P01,Standard,2024-02-09,950000,877000,promo
P01,Standard,2024-02-10,950000,856000,promo
P01,Standard,2024-02-11,950000,880000,promo
P01,Standard,2024-02-12,950000,891000,promo
P01,Standard,2024-02-13,950000,897000,promo
P01,Standard,2024-02-14,950000,872000,promo
P01,Standard,2024-02-15,950000,871000,promo
P01,Standard,2024-02-16,950000,883000,promo
P01,Standard,2024-02-17,950000,876000,promo
P01,Standard,2024-02-18,950000,922000,promo
P01,Standard,2024-02-19,950000,918000,promo
P01,Standard,2024-02-20,950000,876000,promo
P01,Standard,2024-02-21,950000,893000,promo
P01,Standard,2024-02-22,950000,899000,promo
P01,Standard,2024-02-23,950000,913000,promo
P01,Standard,2024-02-24,950000,910000,promo
P01,Standard,2024-02-25,950000,849000,promo
P01,Standard,2024-02-26,950000,882000,promo
P01,Standard,2024-02-27,950000,927000,promo
P01,Standard,2024-02-28,950000,945000,promo
P01,Standard,2024-02-29,950000,909000,promo
P01,Standard,2024-03-01,950000,890000,promo
P01,Standard,2024-03-02,950000,901000,promo
P01,Standard,2024-03-03,950000,932000,promo
P01,Standard,2024-03-04,950000,912000,promo
P01,Standard,2024-03-05,950000,882000,promo
P01,Standard,2024-03-06,950000,886000,promo
P01,Standard,2024-03-07,950000,937000,promo
P01,Standard,2024-03-08,950000,856000,promo
P01,Standard,2024-03-09,950000,924000,promo
P01,Standard,2024-03-10,950000,936000,promo
P01,Standard,2024-03-11,950000,968000,promo
P01,Standard,2024-03-12,950000,897000,promo
P01,Standard,2024-03-13,950000,840000,promo
P01,Standard,2024-03-14,950000,884000,promo
P01,Standard,2024-03-15,950000,855000,promo
P01,Standard,2024-03-16,950000,931000,promo
P01,Standard,2024-03-17,950000,924000,promo
P01,Standard,2024-03-18,950000,932000,promo
P01,Standard,2024-03-19,950000,939000,promo
P01,Standard,2024-03-20,950000,912000,promo
P01,Standard,2024-03-21,950000,866000,promo
P01,Standard,2024-03-22,950000,915000,promo
P01,Standard,2024-03-23,950000,893000,promo
P01,Standard,2024-03-24,950000,897000,promo
P01,Standard,2024-03-25,950000,851000,promo
P01,Standard,2024-03-26,950000,934000,promo
P01,Standard,2024-03-27,950000,904000,promo
P01,Standard,2024-03-28,950000,902000,promo
P01,Standard,2024-03-29,950000,966000,promo
P01,Standard,2024-03-30,950000,877000,promo
P01,Standard,2024-03-31,950000,911000,promo
P01,Standard,2024-04-01,950000,964000,manual
P01,Standard,2024-04-02,950000,944000,manual
P01,Standard,2024-04-03,950000,993000,manual
P01,Standard,2024-04-04,950000,994000,manual
P01,Standard,2024-04-05,950000,987000,manual
P01,Standard,2024-04-06,950000,968000,manual
P01,Standard,2024-04-07,950000,956000,manual
P01,Standard,2024-04-08,950000,935000,manual
P01,Standard,2024-04-09,950000,965000,manual
P01,Standard,2024-04-10,950000,928000,manual
P01,Standard,2024-04-11,950000,976000,manual
P01,Standard,2024-04-12,950000,959000,manual
P01,Standard,2024-04-13,950000,993000,manual
P01,Standard,2024-04-14,950000,989000,manual
P01,Standard,2024-04-15,950000,979000,manual
P01,Standard,2024-04-16,950000,922000,manual
P01,Standard,2024-04-17,950000,931000,manual
P01,Standard,2024-04-18,950000,987000,manual
P01,Standard,2024-04-19,950000,891000,manual
P01,Standard,2024-04-20,950000,917000,manual
P01,Standard,2024-04-21,950000,979000,manual
P01,Standard,2024-04-22,950000,949000,manual
P01,Standard,2024-04-23,950000,967000,manual
P01,Standard,2024-04-24,950000,961000,manual
P01,Standard,2024-04-25,950000,924000,manual
P01,Standard,2024-04-26,950000,894000,manual
P01,Standard,2024-04-27,950000,976000,manual
P01,Standard,2024-04-28,950000,988000,manual
P01,Standard,2024-04-29,950000,923000,manual
P01,Standard,2024-04-30,950000,935000,manual
P01,Standard,2024-05-01,950000,908000,manual
P01,Standard,2024-05-02,950000,959000,manual
P01,Standard,2024-05-03,950000,993000,manual
P01,Standard,2024-05-04,950000,934000,manual
P01,Standard,2024-05-05,950000,967000,manual
P01,Standard,2024-05-06,950000,1003000,manual
P01,Standard,2024-05-07,950000,929000,manual
P01,Standard,2024-05-08,950000,965000,manual
P01,Standard,2024-05-09,950000,980000,manual
P01,Standard,2024-05-10,950000,956000,manual
P01,Standard,2024-05-11,950000,956000,manual
P01,Standard,2024-05-12,950000,948000,manual
P01,Standard,2024-05-13,950000,946000,manual
P01,Standard,2024-05-14,950000,972000,manual
P01,Standard,2024-05-15,950000,973000,manual
P01,Standard,2024-05-16,950000,942000,manual
P01,Standard,2024-05-17,950000,1052000,manual
P01,Standard,2024-05-18,950000,988000,manual
P01,Standard,2024-05-19,950000,948000,manual
P01,Standard,2024-05-20,950000,915000,manual
P01,Standard,2024-05-21,950000,988000,manual
P01,Standard,2024-05-22,950000,939000,manual
P01,Standard,2024-05-23,950000,950000,manual
P01,Standard,2024-05-24,950000,934000,manual
P01,Standard,2024-05-25,950000,900000,manual
P01,Standard,2024-05-26,950000,975000,manual
P01,Standard,2024-05-27,950000,980000,manual
P01,Standard,2024-05-28,950000,967000,manual
P01,Standard,2024-05-29,950000,936000,manual
P01,Standard,2024-05-30,950000,912000,manual
P01,Standard,2024-05-31,950000,960000,manual
P01,Standard,2024-06-01,950000,1059000,manual
P01,Standard,2024-06-02,950000,1007000,manual
P01,Standard,2024-06-03,950000,1050000,manual
P01,Standard,2024-06-04,950000,1026000,manual
P01,Standard,2024-06-05,950000,1009000,manual
P01,Standard,2024-06-06,950000,1008000,manual
P01,Standard,2024-06-07,950000,995000,manual
P01,Standard,2024-06-08,950000,978000,manual
P01,Standard,2024-06-09,950000,1029000,manual
P01,Standard,2024-06-10,950000,1024000,manual
P01,Standard,2024-06-11,950000,1002000,manual
P01,Standard,2024-06-12,950000,1021000,manual
P01,Standard,2024-06-13,950000,995000,manual
P01,Standard,2024-06-14,950000,1067000,manual
P01,Standard,2024-06-15,950000,1048000,manual
P01,Standard,2024-06-16,950000,1000000,manual
P01,Standard,2024-06-17,950000,1053000,manual
P01,Standard,2024-06-18,950000,1030000,manual
P01,Standard,2024-06-19,950000,1014000,manual
P01,Standard,2024-06-20,950000,1032000,manual
P01,Standard,2024-06-21,950000,1002000,manual
P01,Standard,2024-06-22,950000,999000,manual
P01,Standard,2024-06-23,950000,1035000,manual
P01,Standard,2024-06-24,950000,1010000,manual
P01,Standard,2024-06-25,950000,1011000,manual
P01,Standard,2024-06-26,950000,1051000,manual
P01,Standard,2024-06-27,950000,932000,manual
P01,Standard,2024-06-28,950000,1025000,manual
P01,Standard,2024-06-29,950000,1026000,manual
P01,Standard,2024-06-30,950000,1045000,manual
P01,Standard,2024-07-01,950000,1052000,manual
P01,Standard,2024-07-02,950000,1086000,manual
P01,Standard,2024-07-03,950000,1071000,manual
P01,Standard,2024-07-04,950000,1081000,manual
P01,Standard,2024-07-05,950000,1038000,manual
P01,Standard,2024-07-06,950000,1010000,manual
P01,Standard,2024-07-07,950000,1069000,manual
P01,Standard,2024-07-08,950000,1107000,manual
P01,Standard,2024-07-09,950000,1042000,manual
P01,Standard,2024-07-10,950000,1030000,manual
P01,Standard,2024-07-11,950000,1034000,manual
P01,Standard,2024-07-12,950000,1063000,manual
P01,Standard,2024-07-13,950000,1128000,manual
P01,Standard,2024-07-14,950000,998000,manual
P01,Standard,2024-07-15,950000,1076000,manual
P01,Standard,2024-07-16,950000,1079000,manual
P01,Standard,2024-07-17,950000,1032000,manual
P01,Standard,2024-07-18,950000,1095000,manual
P01,Standard,2024-07-19,950000,1081000,manual
P01,Standard,2024-07-20,950000,1080000,manual
P01,Standard,2024-07-21,950000,1090000,manual
P01,Standard,2024-07-22,950000,1096000,manual
P01,Standard,2024-07-23,950000,1050000,manual
P01,Standard,2024-07-24,950000,1081000,manual
P01,Standard,2024-07-25,950000,1052000,manual
P01,Standard,2024-07-26,950000,1067000,manual
P01,Standard,2024-07-27,950000,1073000,manual
P01,Standard,2024-07-28,950000,1068000,manual
P01,Standard,2024-07-29,950000,1029000,manual
P01,Standard,2024-07-30,950000,1044000,manual
P01,Standard,2024-07-31,950000,1063000,manual
P01,Standard,2024-08-01,950000,981000,manual
P01,Standard,2024-08-02,950000,959000,manual
P01,Standard,2024-08-03,950000,959000,manual
P01,Standard,2024-08-04,950000,976000,manual
P01,Standard,2024-08-05,950000,948000,manual
P01,Standard,2024-08-06,950000,978000,manual
P01,Standard,2024-08-07,950000,993000,manual
P01,Standard,2024-08-08,950000,982000,manual
P01,Standard,2024-08-09,950000,968000,manual
P01,Standard,2024-08-10,950000,990000,manual
P01,Standard,2024-08-11,950000,928000,manual
P01,Standard,2024-08-12,950000,997000,manual
P01,Standard,2024-08-13,950000,933000,manual
P01,Standard,2024-08-14,950000,951000,manual
P01,Standard,2024-08-15,950000,949000,manual
P01,Standard,2024-08-16,950000,995000,manual
P01,Standard,2024-08-17,950000,933000,manual
P01,Standard,2024-08-18,950000,989000,manual
P01,Standard,2024-08-19,950000,991000,manual
P01,Standard,2024-08-20,950000,992000,manual
P01,Standard,2024-08-21,950000,964000,manual
P01,Standard,2024-08-22,950000,961000,manual
P01,Standard,2024-08-23,950000,966000,manual
P01,Standard,2024-08-24,950000,953000,manual
P01,Standard,2024-08-25,950000,987000,manual
P01,Standard,2024-08-26,950000,1020000,manual
P01,Standard,2024-08-27,950000,985000,manual
P01,Standard,2024-08-28,950000,974000,manual
P01,Standard,2024-08-29,950000,965000,manual
P01,Standard,2024-08-30,950000,979000,manual
P01,Standard,2024-08-31,950000,943000,manual
P01,Standard,2024-09-01,950000,874000,promo
P01,Standard,2024-09-02,950000,887000,promo
P01,Standard,2024-09-03,950000,868000,promo
P01,Standard,2024-09-04,950000,897000,promo
P01,Standard,2024-09-05,950000,885000,promo
P01,Standard,2024-09-06,950000,892000,promo
P01,Standard,2024-09-07,950000,925000,promo
P01,Standard,2024-09-08,950000,926000,promo
P01,Standard,2024-09-09,950000,861000,promo
P01,Standard,2024-09-10,950000,883000,promo
P01,Standard,2024-09-11,950000,904000,promo
P01,Standard,2024-09-12,950000,860000,promo
P01,Standard,2024-09-13,950000,889000,promo
P01,Standard,2024-09-14,950000,902000,promo
P01,Standard,2024-09-15,950000,903000,promo
P01,Standard,2024-09-16,950000,872000,promo
P01,Standard,2024-09-17,950000,893000,promo
P01,Standard,2024-09-18,950000,895000,promo
P01,Standard,2024-09-19,950000,900000,promo
P01,Standard,2024-09-20,950000,926000,promo
P01,Standard,2024-09-21,950000,911000,promo
P01,Standard,2024-09-22,950000,870000,promo
P01,Standard,2024-09-23,950000,928000,promo
P01,Standard,2024-09-24,950000,925000,promo
P01,Standard,2024-09-25,950000,899000,promo
P01,Standard,2024-09-26,950000,860000,promo
P01,Standard,2024-09-27,950000,875000,promo
P01,Standard,2024-09-28,950000,907000,promo
P01,Standard,2024-09-29,950000,903000,promo
P01,Standard,2024-09-30,950000,883000,promo
P01,Standard,2024-10-01,950000,909000,promo
P01,Standard,2024-10-02,950000,904000,promo
P01,Standard,2024-10-03,950000,899000,promo
P01,Standard,2024-10-04,950000,895000,promo
P01,Standard,2024-10-05,950000,888000,promo
P01,Standard,2024-10-06,950000,870000,promo
P01,Standard,2024-10-07,950000,877000,promo
P01,Standard,2024-10-08,950000,936000,promo
P01,Standard,2024-10-09,950000,878000,promo
P01,Standard,2024-10-10,950000,912000,promo
P01,Standard,2024-10-11,950000,875000,promo
P01,Standard,2024-10-12,950000,860000,promo
P01,Standard,2024-10-13,950000,890000,promo
P01,Standard,2024-10-14,950000,891000,promo
P01,Standard,2024-10-15,950000,935000,promo
P01,Standard,2024-10-16,950000,883000,promo
P01,Standard,2024-10-17,950000,867000,promo
P01,Standard,2024-10-18,950000,884000,promo
P01,Standard,2024-10-19,950000,851000,promo
P01,Standard,2024-10-20,950000,918000,promo
P01,Standard,2024-10-21,950000,869000,promo
P01,Standard,2024-10-22,950000,910000,promo
P01,Standard,2024-10-23,950000,976000,promo
P01,Standard,2024-10-24,950000,896000,promo
P01,Standard,2024-10-25,950000,901000,promo
P01,Standard,2024-10-26,950000,920000,promo
P01,Standard,2024-10-27,950000,928000,promo
P01,Standard,2024-10-28,950000,873000,promo
P01,Standard,2024-10-29,950000,899000,promo
P01,Standard,2024-10-30,950000,919000,promo
P01,Standard,2024-10-31,950000,901000,promo
P01,Standard,2024-11-01,950000,953000,manual
P01,Standard,2024-11-02,950000,908000,manual
P01,Standard,2024-11-03,950000,965000,manual
P01,Standard,2024-11-04,950000,951000,manual
P01,Standard,2024-11-05,950000,924000,manual
P01,Standard,2024-11-06,950000,898000,manual
P01,Standard,2024-11-07,950000,870000,manual
P01,Standard,2024-11-08,950000,929000,manual
P01,Standard,2024-11-09,950000,949000,manual
P01,Standard,2024-11-10,950000,954000,manual
P01,Standard,2024-11-11,950000,932000,manual
P01,Standard,2024-11-12,950000,897000,manual
P01,Standard,2024-11-13,950000,937000,manual
P01,Standard,2024-11-14,950000,970000,manual
P01,Standard,2024-11-15,950000,935000,manual
P01,Standard,2024-11-16,950000,975000,manual
P01,Standard,2024-11-17,950000,935000,manual
P01,Standard,2024-11-18,950000,920000,manual
P01,Standard,2024-11-19,950000,966000,manual
P01,Standard,2024-11-20,950000,925000,manual
P01,Standard,2024-11-21,950000,910000,manual
P01,Standard,2024-11-22,950000,985000,manual
P01,Standard,2024-11-23,950000,948000,manual
P01,Standard,2024-11-24,950000,976000,manual
P01,Standard,2024-11-25,950000,909000,manual
P01,Standard,2024-11-26,950000,924000,manual
P01,Standard,2024-11-27,950000,928000,manual
P01,Standard,2024-11-28,950000,919000,manual
P01,Standard,2024-11-29,950000,940000,manual
P01,Standard,2024-11-30,950000,992000,manual
P01,Standard,2024-12-01,950000,1083000,manual
P01,Standard,2024-12-02,950000,1017000,manual
P01,Standard,2024-12-03,950000,1081000,manual
P01,Standard,2024-12-04,950000,1060000,manual
P01,Standard,2024-12-05,950000,1051000,manual
P01,Standard,2024-12-06,950000,1104000,manual
P01,Standard,2024-12-07,950000,1057000,manual
P01,Standard,2024-12-08,950000,1105000,manual
P01,Standard,2024-12-09,950000,1092000,manual
P01,Standard,2024-12-10,950000,1107000,manual
P01,Standard,2024-12-11,950000,1020000,manual
P01,Standard,2024-12-12,950000,1092000,manual
P01,Standard,2024-12-13,950000,1052000,manual
P01,Standard,2024-12-14,950000,1042000,manual
P01,Standard,2024-12-15,950000,1057000,manual
P01,Standard,2024-12-16,950000,1079000,manual
P01,Standard,2024-12-17,950000,1074000,manual
P01,Standard,2024-12-18,950000,1085000,manual
P01,Standard,2024-12-19,950000,1109000,manual
P01,Standard,2024-12-20,950000,1099000,manual
P01,Standard,2024-12-21,950000,1111000,manual
P01,Standard,2024-12-22,950000,1118000,manual
P01,Standard,2024-12-23,950000,1033000,manual
P01,Standard,2024-12-24,950000,1540000,dynamic-pricing-AI
P01,Standard,2024-12-25,950000,1600000,dynamic-pricing-AI
P01,Standard,2024-12-26,950000,1595000,dynamic-pricing-AI
P01,Standard,2024-12-27,950000,1526000,dynamic-pricing-AI
P01,Standard,2024-12-28,950000,1587000,dynamic-pricing-AI
P01,Standard,2024-12-29,950000,1605000,dynamic-pricing-AI
P01,Standard,2024-12-30,950000,1549000,dynamic-pricing-AI
P01,Standard,2024-12-31,950000,1488000,dynamic-pricing-AI
P01,Standard,2025-01-01,950000,1502000,dynamic-pricing-AI
P01,Standard,2025-01-02,950000,1451000,dynamic-pricing-AI
P01,Standard,2025-01-03,950000,1066000,manual
P01,Standard,2025-01-04,950000,1076000,manual
P01,Standard,2025-01-05,950000,1077000,manual
P01,Standard,2025-01-06,950000,1067000,manual
P01,Standard,2025-01-07,950000,1007000,manual
P01,Standard,2025-01-08,950000,1044000,manual
P01,Standard,2025-01-09,950000,1102000,manual
P01,Standard,2025-01-10,950000,1061000,manual
P01,Standard,2025-01-11,950000,1041000,manual
P01,Standard,2025-01-12,950000,1072000,manual
P01,Standard,2025-01-13,950000,1009000,manual
P01,Standard,2025-01-14,950000,1043000,manual
P01,Standard,2025-01-15,950000,1036000,manual
P01,Standard,2025-01-16,950000,1075000,manual
P01,Standard,2025-01-17,950000,1043000,manual
P01,Standard,2025-01-18,950000,1036000,manual
P01,Standard,2025-01-19,950000,1094000,manual
P01,Standard,2025-01-20,950000,1091000,manual
P01,Standard,2025-01-21,950000,1037000,manual
P01,Standard,2025-01-22,950000,1062000,manual
P01,Standard,2025-01-23,950000,1020000,manual
P01,Standard,2025-01-24,950000,1009000,manual
P01,Standard,2025-01-25,950000,1023000,manual
P01,Standard,2025-01-26,950000,1050000,manual
P01,Standard,2025-01-27,950000,1037000,manual
P01,Standard,2025-01-28,950000,1061000,manual
P01,Standard,2025-01-29,950000,996000,manual
P01,Standard,2025-01-30,950000,1010000,manual
P01,Standard,2025-01-31,950000,1024000,manual
P01,Standard,2025-02-01,950000,878000,promo
P01,Standard,2025-02-02,950000,896000,promo
P01,Standard,2025-02-03,950000,885000,promo
P01,Standard,2025-02-04,950000,853000,promo
P01,Standard,2025-02-05,950000,919000,promo
P01,Standard,2025-02-06,950000,953000,promo
P01,Standard,2025-02-07,950000,949000,promo
P01,Standard,2025-02-08,950000,878000,promo
P01,Standard,2025-02-09,950000,875000,promo
P01,Standard,2025-02-10,950000,888000,promo
P01,Standard,2025-02-11,950000,900000,promo
P01,Standard,2025-02-12,950000,908000,promo
P01,Standard,2025-02-13,950000,938000,promo
P01,Standard,2025-02-14,950000,911000,promo
P01,Standard,2025-02-15,950000,913000,promo
P01,Standard,2025-02-16,950000,896000,promo
P01,Standard,2025-02-17,950000,860000,promo
P01,Standard,2025-02-18,950000,866000,promo
P01,Standard,2025-02-19,950000,906000,promo
P01,Standard,2025-02-20,950000,877000,promo
P01,Standard,2025-02-21,950000,875000,promo
P01,Standard,2025-02-22,950000,906000,promo
P01,Standard,2025-02-23,950000,882000,promo
P01,Standard,2025-02-24,950000,892000,promo
P01,Standard,2025-02-25,950000,901000,promo
P01,Standard,2025-02-26,950000,848000,promo
P01,Standard,2025-02-27,950000,859000,promo
P01,Standard,2025-02-28,950000,874000,promo
P01,Standard,2025-03-01,950000,891000,promo
P01,Standard,2025-03-02,950000,898000,promo
P01,Standard,2025-03-03,950000,940000,promo
P01,Standard,2025-03-04,950000,901000,promo
P01,Standard,2025-03-05,950000,902000,promo
P01,Standard,2025-03-06,950000,933000,promo
P01,Standard,2025-03-07,950000,929000,promo
P01,Standard,2025-03-08,950000,893000,promo
P01,Standard,2025-03-09,950000,878000,promo
P01,Standard,2025-03-10,950000,914000,promo
P01,Standard,2025-03-11,950000,907000,promo
P01,Standard,2025-03-12,950000,852000,promo
P01,Standard,2025-03-13,950000,858000,promo
P01,Standard,2025-03-14,950000,925000,promo
P01,Standard,2025-03-15,950000,901000,promo
P01,Standard,2025-03-16,950000,920000,promo
P01,Standard,2025-03-17,950000,912000,promo
P01,Standard,2025-03-18,950000,873000,promo
P01,Standard,2025-03-19,950000,886000,promo
P01,Standard,2025-03-20,950000,887000,promo
P01,Standard,2025-03-21,950000,942000,promo
P01,Standard,2025-03-22,950000,913000,promo
P01,Standard,2025-03-23,950000,905000,promo
P01,Standard,2025-03-24,950000,902000,promo
P01,Standard,2025-03-25,950000,905000,promo
P01,Standard,2025-03-26,950000,885000,promo
P01,Standard,2025-03-27,950000,943000,promo
P01,Standard,2025-03-28,950000,904000,promo
P01,Standard,2025-03-29,950000,926000,promo
P01,Standard,2025-03-30,950000,918000,promo
P01,Standard,2025-03-31,950000,863000,promo
P01,Standard,2025-04-01,950000,977000,manual
P01,Standard,2025-04-02,950000,966000,manual
P01,Standard,2025-04-03,950000,961000,manual
P01,Standard,2025-04-04,950000,952000,manual
P01,Standard,2025-04-05,950000,932000,manual
P01,Standard,2025-04-06,950000,924000,manual
P01,Standard,2025-04-07,950000,926000,manual
P01,Standard,2025-04-08,950000,990000,manual
P01,Standard,2025-04-09,950000,985000,manual
P01,Standard,2025-04-10,950000,948000,manual
P01,Standard,2025-04-11,950000,922000,manual
P01,Standard,2025-04-12,950000,935000,manual
P01,Standard,2025-04-13,950000,978000,manual
P01,Standard,2025-04-14,950000,921000,manual
P01,Standard,2025-04-15,950000,937000,manual
P01,Standard,2025-04-16,950000,969000,manual
P01,Standard,2025-04-17,950000,942000,manual
P01,Standard,2025-04-18,950000,980000,manual
P01,Standard,2025-04-19,950000,928000,manual
P01,Standard,2025-04-20,950000,949000,manual
P01,Standard,2025-04-21,950000,990000,manual
P01,Standard,2025-04-22,950000,942000,manual
P01,Standard,2025-04-23,950000,955000,manual
P01,Standard,2025-04-24,950000,931000,manual
P01,Standard,2025-04-25,950000,925000,manual
P01,Standard,2025-04-26,950000,919000,manual
P01,Standard,2025-04-27,950000,956000,manual
P01,Standard,2025-04-28,950000,942000,manual
P01,Standard,2025-04-29,950000,958000,manual
P01,Standard,2025-04-30,950000,954000,manual
P01,Standard,2025-05-01,950000,985000,manual
P01,Standard,2025-05-02,950000,1033000,manual
P01,Standard,2025-05-03,950000,960000,manual
P01,Standard,2025-05-04,950000,988000,manual
P01,Standard,2025-05-05,950000,966000,manual
P01,Standard,2025-05-06,950000,908000,manual
P01,Standard,2025-05-07,950000,987000,manual
P01,Standard,2025-05-08,950000,929000,manual
P01,Standard,2025-05-09,950000,974000,manual
P01,Standard,2025-05-10,950000,968000,manual
P01,Standard,2025-05-11,950000,956000,manual
P01,Standard,2025-05-12,950000,938000,manual
P01,Standard,2025-05-13,950000,950000,manual
P01,Standard,2025-05-14,950000,965000,manual
P01,Standard,2025-05-15,950000,908000,manual
P01,Standard,2025-05-16,950000,1032000,manual
P01,Standard,2025-05-17,950000,947000,manual
P01,Standard,2025-05-18,950000,1021000,manual
P01,Standard,2025-05-19,950000,956000,manual
P01,Standard,2025-05-20,950000,950000,manual
P01,Standard,2025-05-21,950000,991000,manual
P01,Standard,2025-05-22,950000,929000,manual
P01,Standard,2025-05-23,950000,974000,manual
P01,Standard,2025-05-24,950000,1016000,manual
P01,Standard,2025-05-25,950000,948000,manual
P01,Standard,2025-05-26,950000,974000,manual
P01,Standard,2025-05-27,950000,911000,manual
P01,Standard,2025-05-28,950000,933000,manual
P01,Standard,2025-05-29,950000,961000,manual
P01,Standard,2025-05-30,950000,960000,manual
P01,Standard,2025-05-31,950000,969000,manual
P01,Standard,2025-06-01,950000,1009000,manual
P01,Standard,2025-06-02,950000,983000,manual
P01,Standard,2025-06-03,950000,1025000,manual
P01,Standard,2025-06-04,950000,1028000,manual
P01,Standard,2025-06-05,950000,969000,manual
P01,Standard,2025-06-06,950000,1000000,manual
P01,Standard,2025-06-07,950000,1055000,manual
P01,Standard,2025-06-08,950000,1096000,manual
P01,Standard,2025-06-09,950000,1040000,manual
P01,Standard,2025-06-10,950000,980000,manual
P01,Standard,2025-06-11,950000,980000,manual
P01,Standard,2025-06-12,950000,983000,manual
P01,Standard,2025-06-13,950000,1015000,manual
P01,Standard,2025-06-14,950000,1059000,manual
P01,Standard,2025-06-15,950000,1007000,manual
P01,Standard,2025-06-16,950000,1008000,manual
P01,Standard,2025-06-17,950000,1047000,manual
P01,Standard,2025-06-18,950000,991000,manual
P01,Standard,2025-06-19,950000,1032000,manual
P01,Standard,2025-06-20,950000,1011000,manual
P01,Standard,2025-06-21,950000,1012000,manual
P01,Standard,2025-06-22,950000,987000,manual
P01,Standard,2025-06-23,950000,1025000,manual
P01,Standard,2025-06-24,950000,997000,manual
P01,Standard,2025-06-25,950000,983000,manual
P01,Standard,2025-06-26,950000,1060000,manual
P01,Standard,2025-06-27,950000,1013000,manual
P01,Standard,2025-06-28,950000,1039000,manual
P01,Standard,2025-06-29,950000,1005000,manual
P01,Standard,2025-06-30,950000,972000,manual
P01,Standard,2025-07-01,950000,1040000,manual
P01,Standard,2025-07-02,950000,1044000,manual
P01,Standard,2025-07-03,950000,1019000,manual
P01,Standard,2025-07-04,950000,1076000,manual
P01,Standard,2025-07-05,950000,1048000,manual
P01,Standard,2025-07-06,950000,1034000,manual
P01,Standard,2025-07-07,950000,1086000,manual
P01,Standard,2025-07-08,950000,1047000,manual
P01,Standard,2025-07-09,950000,1039000,manual
P01,Standard,2025-07-10,950000,1134000,manual
P01,Standard,2025-07-11,950000,1081000,manual
P01,Standard,2025-07-12,950000,1047000,manual
P01,Standard,2025-07-13,950000,1026000,manual
P01,Standard,2025-07-14,950000,966000,manual
P01,Standard,2025-07-15,950000,1028000,manual
P01,Standard,2025-07-16,950000,1063000,manual
P01,Standard,2025-07-17,950000,1056000,manual
P01,Standard,2025-07-18,950000,1079000,manual
P01,Standard,2025-07-19,950000,1065000,manual
P01,Standard,2025-07-20,950000,1031000,manual
P01,Standard,2025-07-21,950000,1052000,manual
P01,Standard,2025-07-22,950000,1036000,manual
P01,Standard,2025-07-23,950000,996000,manual
P01,Standard,2025-07-24,950000,1048000,manual
P01,Standard,2025-07-25,950000,1074000,manual
P01,Standard,2025-07-26,950000,1075000,manual
P01,Standard,2025-07-27,950000,1029000,manual
P01,Standard,2025-07-28,950000,993000,manual
P01,Standard,2025-07-29,950000,1048000,manual
P01,Standard,2025-07-30,950000,1124000,manual
P01,Standard,2025-07-31,950000,1067000,manual
P01,Standard,2025-08-01,950000,961000,manual
P01,Standard,2025-08-02,950000,947000,manual
P01,Standard,2025-08-03,950000,955000,manual
P01,Standard,2025-08-04,950000,960000,manual
P01,Standard,2025-08-05,950000,942000,manual
P01,Standard,2025-08-06,950000,979000,manual
P01,Standard,2025-08-07,950000,996000,manual
P01,Standard,2025-08-08,950000,1008000,manual
P01,Standard,2025-08-09,950000,980000,manual
P01,Standard,2025-08-10,950000,1042000,manual
P01,Standard,2025-08-11,950000,1003000,manual
P01,Standard,2025-08-12,950000,918000,manual
P01,Standard,2025-08-13,950000,962000,manual
P01,Standard,2025-08-14,950000,973000,manual
P01,Standard,2025-08-15,950000,980000,manual
P01,Standard,2025-08-16,950000,964000,manual
P01,Standard,2025-08-17,950000,977000,manual
P01,Standard,2025-08-18,950000,982000,manual
P01,Standard,2025-08-19,950000,982000,manual
P01,Standard,2025-08-20,950000,1005000,manual
P01,Standard,2025-08-21,950000,979000,manual
P01,Standard,2025-08-22,950000,932000,manual
P01,Standard,2025-08-23,950000,981000,manual
P01,Standard,2025-08-24,950000,981000,manual
P01,Standard,2025-08-25,950000,928000,manual
P01,Standard,2025-08-26,950000,1009000,manual
P01,Standard,2025-08-27,950000,961000,manual
P01,Standard,2025-08-28,950000,959000,manual
P01,Standard,2025-08-29,950000,968000,manual
P01,Standard,2025-08-30,950000,997000,manual
P01,Standard,2025-08-31,950000,954000,manual
P01,Standard,2025-09-01,950000,886000,promo
P01,Standard,2025-09-02,950000,919000,promo
P01,Standard,2025-09-03,950000,921000,promo
P01,Standard,2025-09-04,950000,869000,promo
P01,Standard,2025-09-05,950000,887000,promo
P01,Standard,2025-09-06,950000,897000,promo
P01,Standard,2025-09-07,950000,860000,promo
P01,Standard,2025-09-08,950000,913000,promo
P01,Standard,2025-09-09,950000,895000,promo
P01,Standard,2025-09-10,950000,857000,promo
P01,Standard,2025-09-11,950000,886000,promo
P01,Standard,2025-09-12,950000,883000,promo
P01,Standard,2025-09-13,950000,930000,promo
P01,Standard,2025-09-14,950000,913000,promo
P01,Standard,2025-09-15,950000,932000,promo
P01,Standard,2025-09-16,950000,843000,promo
P01,Standard,2025-09-17,950000,937000,promo
P01,Standard,2025-09-18,950000,908000,promo
P01,Standard,2025-09-19,950000,893000,promo
P01,Standard,2025-09-20,950000,906000,promo
P01,Standard,2025-09-21,950000,883000,promo
P01,Standard,2025-09-22,950000,899000,promo
P01,Standard,2025-09-23,950000,897000,promo
P01,Standard,2025-09-24,950000,886000,promo
P01,Standard,2025-09-25,950000,888000,promo
P01,Standard,2025-09-26,950000,854000,promo
P01,Standard,2025-09-27,950000,921000,promo
P01,Standard,2025-09-28,950000,914000,promo
P01,Standard,2025-09-29,950000,850000,promo
P01,Standard,2025-09-30,950000,896000,promo
P01,Standard,2025-10-01,950000,852000,promo
P01,Standard,2025-10-02,950000,883000,promo
P01,Standard,2025-10-03,950000,887000,promo
P01,Standard,2025-10-04,950000,875000,promo
P01,Standard,2025-10-05,950000,914000,promo
P01,Standard,2025-10-06,950000,873000,promo
P01,Standard,2025-10-07,950000,936000,promo
P01,Standard,2025-10-08,950000,860000,promo
P01,Standard,2025-10-09,950000,921000,promo
P01,Standard,2025-10-10,950000,914000,promo
P01,Standard,2025-10-11,950000,834000,promo
P01,Standard,2025-10-12,950000,873000,promo
P01,Standard,2025-10-13,950000,926000,promo
P01,Standard,2025-10-14,950000,931000,promo
P01,Standard,2025-10-15,950000,909000,promo
P01,Standard,2025-10-16,950000,881000,promo
P01,Standard,2025-10-17,950000,933000,promo
P01,Standard,2025-10-18,950000,913000,promo
P01,Standard,2025-10-19,950000,897000,promo
P01,Standard,2025-10-20,950000,915000,promo
P01,Standard,2025-10-21,950000,879000,promo
P01,Standard,2025-10-22,950000,889000,promo
P01,Standard,2025-10-23,950000,921000,promo
P01,Standard,2025-10-24,950000,903000,promo
P01,Standard,2025-10-25,950000,885000,promo
P01,Standard,2025-10-26,950000,898000,promo
P01,Standard,2025-10-27,950000,922000,promo
P01,Standard,2025-10-28,950000,919000,promo
P01,Standard,2025-10-29,950000,915000,promo
P01,Standard,2025-10-30,950000,887000,promo
P01,Standard,2025-10-31,950000,849000,promo
P01,Standard,2025-11-01,950000,916000,manual
P01,Standard,2025-11-02,950000,930000,manual
P01,Standard,2025-11-03,950000,944000,manual
P01,Standard,2025-11-04,950000,931000,manual
P01,Standard,2025-11-05,950000,922000,manual
P01,Standard,2025-11-06,950000,962000,manual
P01,Standard,2025-11-07,950000,880000,manual
P01,Standard,2025-11-08,950000,969000,manual
P01,Standard,2025-11-09,950000,923000,manual
P01,Standard,2025-11-10,950000,909000,manual
P01,Standard,2025-11-11,950000,992000,manual
P01,Standard,2025-11-12,950000,937000,manual
P01,Standard,2025-11-13,950000,973000,manual
P01,Standard,2025-11-14,950000,987000,manual
P01,Standard,2025-11-15,950000,918000,manual
P01,Standard,2025-11-16,950000,946000,manual
P01,Standard,2025-11-17,950000,971000,manual
P01,Standard,2025-11-18,950000,899000,manual
P01,Standard,2025-11-19,950000,956000,manual
P01,Standard,2025-11-20,950000,947000,manual
P01,Standard,2025-11-21,950000,980000,manual
P01,Standard,2025-11-22,950000,965000,manual
P01,Standard,2025-11-23,950000,911000,manual
P01,Standard,2025-11-24,950000,919000,manual
P01,Standard,2025-11-25,950000,932000,manual
P01,Standard,2025-11-26,950000,891000,manual
P01,Standard,2025-11-27,950000,966000,manual
P01,Standard,2025-11-28,950000,933000,manual
P01,Standard,2025-11-29,950000,907000,manual
P01,Standard,2025-11-30,950000,897000,manual
P01,Standard,2025-12-01,950000,1095000,manual
P01,Standard,2025-12-02,950000,1060000,manual
P01,Standard,2025-12-03,950000,1078000,manual
P01,Standard,2025-12-04,950000,1054000,manual
P01,Standard,2025-12-05,950000,1124000,manual
P01,Standard,2025-12-06,950000,1072000,manual
P01,Standard,2025-12-07,950000,1027000,manual
P01,Standard,2025-12-08,950000,1060000,manual
P01,Standard,2025-12-09,950000,1051000,manual
P01,Standard,2025-12-10,950000,1036000,manual
P01,Standard,2025-12-11,950000,1070000,manual
P01,Standard,2025-12-12,950000,1115000,manual
P01,Standard,2025-12-13,950000,1085000,manual
P01,Standard,2025-12-14,950000,1074000,manual
P01,Standard,2025-12-15,950000,1045000,manual
P01,Standard,2025-12-16,950000,1069000,manual
P01,Standard,2025-12-17,950000,1092000,manual
P01,Standard,2025-12-18,950000,1101000,manual
P01,Standard,2025-12-19,950000,1055000,manual
P01,Standard,2025-12-20,950000,1056000,manual
P01,Standard,2025-12-21,950000,1037000,manual
P01,Standard,2025-12-22,950000,1119000,manual
P01,Standard,2025-12-23,950000,1093000,manual
P01,Standard,2025-12-24,950000,1155000,manual
P01,Standard,2025-12-25,950000,1044000,manual
P01,Standard,2025-12-26,950000,1087000,manual
P01,Standard,2025-12-27,950000,1013000,manual
P01,Standard,2025-12-28,950000,1061000,manual
P01,Standard,2025-12-29,950000,1068000,manual
P01,Standard,2025-12-30,950000,1090000,manual
P01,Standard,2025-12-31,950000,1114000,manual
P01,Standard,2026-01-01,950000,1067000,manual
P01,Standard,2026-01-02,950000,1025000,manual
P01,Standard,2026-01-03,950000,1024000,manual
P01,Standard,2026-01-04,950000,1051000,manual
P01,Standard,2026-01-05,950000,1037000,manual
P01,Standard,2026-01-06,950000,1087000,manual
P01,Standard,2026-01-07,950000,1039000,manual
P01,Standard,2026-01-08,950000,1026000,manual
P01,Standard,2026-01-09,950000,1068000,manual
P01,Standard,2026-01-10,950000,1071000,manual
P01,Standard,2026-01-11,950000,1062000,manual
P01,Standard,2026-01-12,950000,1014000,manual
P01,Standard,2026-01-13,950000,1069000,manual
P01,Standard,2026-01-14,950000,1054000,manual
P01,Standard,2026-01-15,950000,1040000,manual
P01,Standard,2026-01-16,950000,1131000,manual
P01,Standard,2026-01-17,950000,1037000,manual
P01,Standard,2026-01-18,950000,1028000,manual
P01,Standard,2026-01-19,950000,1058000,manual
P01,Standard,2026-01-20,950000,1077000,manual
P01,Standard,2026-01-21,950000,1028000,manual
P01,Standard,2026-01-22,950000,1086000,manual
P01,Standard,2026-01-23,950000,1036000,manual
P01,Standard,2026-01-24,950000,1044000,manual
P01,Standard,2026-01-25,950000,1005000,manual
P01,Standard,2026-01-26,950000,1062000,manual
P01,Standard,2026-01-27,950000,1104000,manual
P01,Standard,2026-01-28,950000,1034000,manual
P01,Standard,2026-01-29,950000,1051000,manual
P01,Standard,2026-01-30,950000,1109000,manual
P01,Standard,2026-01-31,950000,1016000,manual
P01,Standard,2026-02-01,950000,905000,promo
P01,Standard,2026-02-02,950000,898000,promo
P01,Standard,2026-02-03,950000,895000,promo
P01,Standard,2026-02-04,950000,904000,promo
P01,Standard,2026-02-05,950000,875000,promo
P01,Standard,2026-02-06,950000,921000,promo
P01,Standard,2026-02-07,950000,839000,promo
P01,Standard,2026-02-08,950000,908000,promo
P01,Standard,2026-02-09,950000,867000,promo
P01,Standard,2026-02-10,950000,907000,promo
P01,Standard,2026-02-11,950000,877000,promo
P01,Standard,2026-02-12,950000,955000,promo
P01,Standard,2026-02-13,950000,913000,promo
P01,Standard,2026-02-14,950000,893000,promo
P01,Standard,2026-02-15,950000,896000,promo
P01,Standard,2026-02-16,950000,900000,promo
P01,Standard,2026-02-17,950000,951000,promo
P01,Standard,2026-02-18,950000,915000,promo
P01,Standard,2026-02-19,950000,941000,promo
P01,Standard,2026-02-20,950000,916000,promo
P01,Standard,2026-02-21,950000,885000,promo
P01,Standard,2026-02-22,950000,854000,promo
P01,Standard,2026-02-23,950000,918000,promo
P01,Standard,2026-02-24,950000,918000,promo
P01,Standard,2026-02-25,950000,859000,promo
P01,Standard,2026-02-26,950000,918000,promo
P01,Standard,2026-02-27,950000,904000,promo
P01,Standard,2026-02-28,950000,874000,promo
P01,Standard,2026-03-01,950000,928000,promo
P01,Standard,2026-03-02,950000,896000,promo
P01,Standard,2026-03-03,950000,924000,promo
P01,Standard,2026-03-04,950000,883000,promo
P01,Standard,2026-03-05,950000,879000,promo
P01,Standard,2026-03-06,950000,887000,promo
P01,Standard,2026-03-07,950000,914000,promo
P01,Standard,2026-03-08,950000,943000,promo
P01,Standard,2026-03-09,950000,894000,promo
P01,Standard,2026-03-10,950000,942000,promo
P01,Standard,2026-03-11,950000,882000,promo
P01,Standard,2026-03-12,950000,915000,promo
P01,Standard,2026-03-13,950000,911000,promo
P01,Standard,2026-03-14,950000,897000,promo
P01,Standard,2026-03-15,950000,940000,promo
P01,Standard,2026-03-16,950000,931000,promo
P01,Standard,2026-03-17,950000,981000,promo
P01,Standard,2026-03-18,950000,937000,promo
P01,Standard,2026-03-19,950000,933000,promo
P01,Standard,2026-03-20,950000,855000,promo
P01,Standard,2026-03-21,950000,909000,promo
P01,Standard,2026-03-22,950000,891000,promo
P01,Standard,2026-03-23,950000,943000,promo
P01,Standard,2026-03-24,950000,873000,promo
P01,Standard,2026-03-25,950000,870000,promo
P01,Standard,2026-03-26,950000,887000,promo
P01,Standard,2026-03-27,950000,972000,promo
P01,Standard,2026-03-28,950000,939000,promo
P01,Standard,2026-03-29,950000,896000,promo
P01,Standard,2026-03-30,950000,878000,promo
P01,Standard,2026-03-31,950000,952000,promo
P01,Standard,2026-04-01,950000,926000,manual
P01,Standard,2026-04-02,950000,965000,manual
P01,Standard,2026-04-03,950000,961000,manual
P01,Standard,2026-04-04,950000,976000,manual
P01,Standard,2026-04-05,950000,953000,manual
P01,Standard,2026-04-06,950000,1001000,manual
P01,Standard,2026-04-07,950000,961000,manual
P01,Standard,2026-04-08,950000,894000,manual
P01,Standard,2026-04-09,950000,976000,manual
P01,Standard,2026-04-10,950000,933000,manual
P01,Standard,2026-04-11,950000,922000,manual
P01,Standard,2026-04-12,950000,944000,manual
P01,Standard,2026-04-13,950000,945000,manual
P01,Standard,2026-04-14,950000,980000,manual
P01,Standard,2026-04-15,950000,950000,manual
P01,Standard,2026-04-16,950000,956000,manual
P01,Standard,2026-04-17,950000,941000,manual
P01,Standard,2026-04-18,950000,967000,manual
P01,Standard,2026-04-19,950000,1016000,manual
P01,Standard,2026-04-20,950000,934000,manual
P01,Standard,2026-04-21,950000,919000,manual
P01,Standard,2026-04-22,950000,942000,manual
P01,Standard,2026-04-23,950000,961000,manual
P01,Standard,2026-04-24,950000,956000,manual
P01,Standard,2026-04-25,950000,970000,manual
P01,Standard,2026-04-26,950000,975000,manual
P01,Standard,2026-04-27,950000,923000,manual
P01,Standard,2026-04-28,950000,924000,manual
P01,Standard,2026-04-29,950000,903000,manual
P01,Standard,2026-04-30,950000,952000,manual
P01,Standard,2026-05-01,950000,909000,manual
P01,Standard,2026-05-02,950000,963000,manual
P01,Standard,2026-05-03,950000,999000,manual
P01,Standard,2026-05-04,950000,956000,manual
P01,Standard,2026-05-05,950000,958000,manual
P01,Standard,2026-05-06,950000,910000,manual
P01,Standard,2026-05-07,950000,966000,manual
P01,Standard,2026-05-08,950000,940000,manual
P01,Standard,2026-05-09,950000,1012000,manual
P01,Standard,2026-05-10,950000,1019000,manual
P01,Standard,2026-05-11,950000,934000,manual
P01,Standard,2026-05-12,950000,1019000,manual
P01,Standard,2026-05-13,950000,994000,manual
P01,Standard,2026-05-14,950000,938000,manual
P01,Standard,2026-05-15,950000,972000,manual
P01,Standard,2026-05-16,950000,962000,manual
P01,Standard,2026-05-17,950000,934000,manual
P01,Standard,2026-05-18,950000,983000,manual
P01,Standard,2026-05-19,950000,971000,manual
P01,Standard,2026-05-20,950000,982000,manual
P01,Standard,2026-05-21,950000,980000,manual
P01,Standard,2026-05-22,950000,984000,manual
P01,Standard,2026-05-23,950000,947000,manual
P01,Standard,2026-05-24,950000,985000,manual
P01,Standard,2026-05-25,950000,952000,manual
P01,Standard,2026-05-26,950000,987000,manual
P01,Standard,2026-05-27,950000,949000,manual
P01,Standard,2026-05-28,950000,948000,manual
P01,Standard,2026-05-29,950000,946000,manual
P01,Standard,2026-05-30,950000,942000,manual
P01,Standard,2026-05-31,950000,1015000,manual
P01,Standard,2026-06-01,950000,1045000,manual
P01,Standard,2026-06-02,950000,1028000,manual
P01,Standard,2026-06-03,950000,1006000,manual
P01,Standard,2026-06-04,950000,1013000,manual
P01,Standard,2026-06-05,950000,1022000,manual
P01,Standard,2026-06-06,950000,993000,manual
P01,Standard,2026-06-07,950000,1042000,manual
P01,Standard,2026-06-08,950000,1015000,manual
P01,Standard,2026-06-09,950000,1039000,manual
P01,Standard,2026-06-10,950000,1002000,manual
P01,Standard,2026-06-11,950000,976000,manual
P01,Standard,2026-06-12,950000,1095000,manual
P01,Standard,2026-06-13,950000,991000,manual
P01,Standard,2026-06-14,950000,1002000,manual
P01,Standard,2026-06-15,950000,992000,manual
P01,Standard,2026-06-16,950000,1048000,manual
P01,Standard,2026-06-17,950000,1045000,manual
P01,Standard,2026-06-18,950000,1080000,manual
P01,Standard,2026-06-19,950000,1008000,manual
P01,Standard,2026-06-20,950000,1041000,manual
P01,Standard,2026-06-21,950000,1026000,manual
P01,Standard,2026-06-22,950000,1031000,manual
P01,Standard,2026-06-23,950000,1114000,manual
P01,Standard,2026-06-24,950000,975000,manual
P01,Standard,2026-06-25,950000,1016000,manual
P01,Standard,2026-06-26,950000,1016000,manual
P01,Standard,2026-06-27,950000,997000,manual
P01,Standard,2026-06-28,950000,1048000,manual
P01,Standard,2026-06-29,950000,1036000,manual
P01,Standard,2026-06-30,950000,1053000,manual
P01,Deluxe,2023-07-01,1450000,1595000,manual
P01,Deluxe,2023-07-02,1450000,1603000,manual
P01,Deluxe,2023-07-03,1450000,1646000,manual
P01,Deluxe,2023-07-04,1450000,1600000,manual
P01,Deluxe,2023-07-05,1450000,1656000,manual
P01,Deluxe,2023-07-06,1450000,1583000,manual
P01,Deluxe,2023-07-07,1450000,1729000,manual
P01,Deluxe,2023-07-08,1450000,1605000,manual
P01,Deluxe,2023-07-09,1450000,1518000,manual
P01,Deluxe,2023-07-10,1450000,1653000,manual
P01,Deluxe,2023-07-11,1450000,1500000,manual
P01,Deluxe,2023-07-12,1450000,1599000,manual
P01,Deluxe,2023-07-13,1450000,1657000,manual
P01,Deluxe,2023-07-14,1450000,1624000,manual
P01,Deluxe,2023-07-15,1450000,1540000,manual
P01,Deluxe,2023-07-16,1450000,1544000,manual
P01,Deluxe,2023-07-17,1450000,1656000,manual
P01,Deluxe,2023-07-18,1450000,1606000,manual
P01,Deluxe,2023-07-19,1450000,1710000,manual
P01,Deluxe,2023-07-20,1450000,1649000,manual
P01,Deluxe,2023-07-21,1450000,1698000,manual
P01,Deluxe,2023-07-22,1450000,1614000,manual
P01,Deluxe,2023-07-23,1450000,1576000,manual
P01,Deluxe,2023-07-24,1450000,1652000,manual
P01,Deluxe,2023-07-25,1450000,1609000,manual
P01,Deluxe,2023-07-26,1450000,1727000,manual
P01,Deluxe,2023-07-27,1450000,1639000,manual
P01,Deluxe,2023-07-28,1450000,1611000,manual
P01,Deluxe,2023-07-29,1450000,1652000,manual
P01,Deluxe,2023-07-30,1450000,1574000,manual
P01,Deluxe,2023-07-31,1450000,1582000,manual
P01,Deluxe,2023-08-01,1450000,1517000,manual
P01,Deluxe,2023-08-02,1450000,1526000,manual
P01,Deluxe,2023-08-03,1450000,1560000,manual
P01,Deluxe,2023-08-04,1450000,1438000,manual
P01,Deluxe,2023-08-05,1450000,1510000,manual
P01,Deluxe,2023-08-06,1450000,1502000,manual
P01,Deluxe,2023-08-07,1450000,1563000,manual
P01,Deluxe,2023-08-08,1450000,1480000,manual
P01,Deluxe,2023-08-09,1450000,1443000,manual
P01,Deluxe,2023-08-10,1450000,1491000,manual
P01,Deluxe,2023-08-11,1450000,1495000,manual
P01,Deluxe,2023-08-12,1450000,1507000,manual
P01,Deluxe,2023-08-13,1450000,1526000,manual
P01,Deluxe,2023-08-14,1450000,1520000,manual
P01,Deluxe,2023-08-15,1450000,1547000,manual
P01,Deluxe,2023-08-16,1450000,1482000,manual
P01,Deluxe,2023-08-17,1450000,1487000,manual
P01,Deluxe,2023-08-18,1450000,1401000,manual
P01,Deluxe,2023-08-19,1450000,1554000,manual
P01,Deluxe,2023-08-20,1450000,1364000,manual
P01,Deluxe,2023-08-21,1450000,1498000,manual
P01,Deluxe,2023-08-22,1450000,1408000,manual
P01,Deluxe,2023-08-23,1450000,1468000,manual
P01,Deluxe,2023-08-24,1450000,1486000,manual
P01,Deluxe,2023-08-25,1450000,1503000,manual
P01,Deluxe,2023-08-26,1450000,1544000,manual
P01,Deluxe,2023-08-27,1450000,1509000,manual
P01,Deluxe,2023-08-28,1450000,1551000,manual
P01,Deluxe,2023-08-29,1450000,1493000,manual
P01,Deluxe,2023-08-30,1450000,1454000,manual
P01,Deluxe,2023-08-31,1450000,1468000,manual
P01,Deluxe,2023-09-01,1450000,1419000,promo
P01,Deluxe,2023-09-02,1450000,1369000,promo
P01,Deluxe,2023-09-03,1450000,1306000,promo
P01,Deluxe,2023-09-04,1450000,1354000,promo
P01,Deluxe,2023-09-05,1450000,1363000,promo
P01,Deluxe,2023-09-06,1450000,1390000,promo
P01,Deluxe,2023-09-07,1450000,1351000,promo
P01,Deluxe,2023-09-08,1450000,1371000,promo
P01,Deluxe,2023-09-09,1450000,1323000,promo
P01,Deluxe,2023-09-10,1450000,1352000,promo
P01,Deluxe,2023-09-11,1450000,1389000,promo
P01,Deluxe,2023-09-12,1450000,1309000,promo
P01,Deluxe,2023-09-13,1450000,1325000,promo
P01,Deluxe,2023-09-14,1450000,1374000,promo
P01,Deluxe,2023-09-15,1450000,1351000,promo
P01,Deluxe,2023-09-16,1450000,1399000,promo
P01,Deluxe,2023-09-17,1450000,1356000,promo
P01,Deluxe,2023-09-18,1450000,1311000,promo
P01,Deluxe,2023-09-19,1450000,1350000,promo
P01,Deluxe,2023-09-20,1450000,1439000,promo
P01,Deluxe,2023-09-21,1450000,1343000,promo
P01,Deluxe,2023-09-22,1450000,1360000,promo
P01,Deluxe,2023-09-23,1450000,1345000,promo
P01,Deluxe,2023-09-24,1450000,1393000,promo
P01,Deluxe,2023-09-25,1450000,1319000,promo
P01,Deluxe,2023-09-26,1450000,1368000,promo
P01,Deluxe,2023-09-27,1450000,1418000,promo
P01,Deluxe,2023-09-28,1450000,1369000,promo
P01,Deluxe,2023-09-29,1450000,1360000,promo
P01,Deluxe,2023-09-30,1450000,1339000,promo
P01,Deluxe,2023-10-01,1450000,1365000,promo
P01,Deluxe,2023-10-02,1450000,1381000,promo
P01,Deluxe,2023-10-03,1450000,1392000,promo
P01,Deluxe,2023-10-04,1450000,1359000,promo
P01,Deluxe,2023-10-05,1450000,1439000,promo
P01,Deluxe,2023-10-06,1450000,1305000,promo
P01,Deluxe,2023-10-07,1450000,1323000,promo
P01,Deluxe,2023-10-08,1450000,1330000,promo
P01,Deluxe,2023-10-09,1450000,1304000,promo
P01,Deluxe,2023-10-10,1450000,1342000,promo
P01,Deluxe,2023-10-11,1450000,1394000,promo
P01,Deluxe,2023-10-12,1450000,1381000,promo
P01,Deluxe,2023-10-13,1450000,1420000,promo
P01,Deluxe,2023-10-14,1450000,1399000,promo
P01,Deluxe,2023-10-15,1450000,1379000,promo
P01,Deluxe,2023-10-16,1450000,1315000,promo
P01,Deluxe,2023-10-17,1450000,1388000,promo
P01,Deluxe,2023-10-18,1450000,1389000,promo
P01,Deluxe,2023-10-19,1450000,1437000,promo
P01,Deluxe,2023-10-20,1450000,1348000,promo
P01,Deluxe,2023-10-21,1450000,1376000,promo
P01,Deluxe,2023-10-22,1450000,1375000,promo
P01,Deluxe,2023-10-23,1450000,1374000,promo
P01,Deluxe,2023-10-24,1450000,1323000,promo
P01,Deluxe,2023-10-25,1450000,1336000,promo
P01,Deluxe,2023-10-26,1450000,1421000,promo
P01,Deluxe,2023-10-27,1450000,1385000,promo
P01,Deluxe,2023-10-28,1450000,1427000,promo
P01,Deluxe,2023-10-29,1450000,1424000,promo
P01,Deluxe,2023-10-30,1450000,1306000,promo
P01,Deluxe,2023-10-31,1450000,1344000,promo
P01,Deluxe,2023-11-01,1450000,1401000,manual
P01,Deluxe,2023-11-02,1450000,1435000,manual
P01,Deluxe,2023-11-03,1450000,1427000,manual
P01,Deluxe,2023-11-04,1450000,1463000,manual
P01,Deluxe,2023-11-05,1450000,1459000,manual
P01,Deluxe,2023-11-06,1450000,1374000,manual
P01,Deluxe,2023-11-07,1450000,1489000,manual
P01,Deluxe,2023-11-08,1450000,1418000,manual
P01,Deluxe,2023-11-09,1450000,1397000,manual
P01,Deluxe,2023-11-10,1450000,1437000,manual
P01,Deluxe,2023-11-11,1450000,1365000,manual
P01,Deluxe,2023-11-12,1450000,1465000,manual
P01,Deluxe,2023-11-13,1450000,1434000,manual
P01,Deluxe,2023-11-14,1450000,1401000,manual
P01,Deluxe,2023-11-15,1450000,1402000,manual
P01,Deluxe,2023-11-16,1450000,1373000,manual
P01,Deluxe,2023-11-17,1450000,1420000,manual
P01,Deluxe,2023-11-18,1450000,1452000,manual
P01,Deluxe,2023-11-19,1450000,1450000,manual
P01,Deluxe,2023-11-20,1450000,1357000,manual
P01,Deluxe,2023-11-21,1450000,1483000,manual
P01,Deluxe,2023-11-22,1450000,1410000,manual
P01,Deluxe,2023-11-23,1450000,1405000,manual
P01,Deluxe,2023-11-24,1450000,1349000,manual
P01,Deluxe,2023-11-25,1450000,1456000,manual
P01,Deluxe,2023-11-26,1450000,1468000,manual
P01,Deluxe,2023-11-27,1450000,1372000,manual
P01,Deluxe,2023-11-28,1450000,1414000,manual
P01,Deluxe,2023-11-29,1450000,1369000,manual
P01,Deluxe,2023-11-30,1450000,1446000,manual
P01,Deluxe,2023-12-01,1450000,1703000,manual
P01,Deluxe,2023-12-02,1450000,1676000,manual
P01,Deluxe,2023-12-03,1450000,1648000,manual
P01,Deluxe,2023-12-04,1450000,1659000,manual
P01,Deluxe,2023-12-05,1450000,1609000,manual
P01,Deluxe,2023-12-06,1450000,1695000,manual
P01,Deluxe,2023-12-07,1450000,1688000,manual
P01,Deluxe,2023-12-08,1450000,1644000,manual
P01,Deluxe,2023-12-09,1450000,1653000,manual
P01,Deluxe,2023-12-10,1450000,1651000,manual
P01,Deluxe,2023-12-11,1450000,1637000,manual
P01,Deluxe,2023-12-12,1450000,1576000,manual
P01,Deluxe,2023-12-13,1450000,1661000,manual
P01,Deluxe,2023-12-14,1450000,1660000,manual
P01,Deluxe,2023-12-15,1450000,1590000,manual
P01,Deluxe,2023-12-16,1450000,1616000,manual
P01,Deluxe,2023-12-17,1450000,1599000,manual
P01,Deluxe,2023-12-18,1450000,1511000,manual
P01,Deluxe,2023-12-19,1450000,1621000,manual
P01,Deluxe,2023-12-20,1450000,1603000,manual
P01,Deluxe,2023-12-21,1450000,1638000,manual
P01,Deluxe,2023-12-22,1450000,1613000,manual
P01,Deluxe,2023-12-23,1450000,1660000,manual
P01,Deluxe,2023-12-24,1450000,1611000,manual
P01,Deluxe,2023-12-25,1450000,1720000,manual
P01,Deluxe,2023-12-26,1450000,1638000,manual
P01,Deluxe,2023-12-27,1450000,1599000,manual
P01,Deluxe,2023-12-28,1450000,1584000,manual
P01,Deluxe,2023-12-29,1450000,1596000,manual
P01,Deluxe,2023-12-30,1450000,1644000,manual
P01,Deluxe,2023-12-31,1450000,1666000,manual
P01,Deluxe,2024-01-01,1450000,1688000,manual
P01,Deluxe,2024-01-02,1450000,1586000,manual
P01,Deluxe,2024-01-03,1450000,1637000,manual
P01,Deluxe,2024-01-04,1450000,1519000,manual
P01,Deluxe,2024-01-05,1450000,1627000,manual
P01,Deluxe,2024-01-06,1450000,1586000,manual
P01,Deluxe,2024-01-07,1450000,1591000,manual
P01,Deluxe,2024-01-08,1450000,1680000,manual
P01,Deluxe,2024-01-09,1450000,1551000,manual
P01,Deluxe,2024-01-10,1450000,1509000,manual
P01,Deluxe,2024-01-11,1450000,1633000,manual
P01,Deluxe,2024-01-12,1450000,1563000,manual
P01,Deluxe,2024-01-13,1450000,1677000,manual
P01,Deluxe,2024-01-14,1450000,1559000,manual
P01,Deluxe,2024-01-15,1450000,1604000,manual
P01,Deluxe,2024-01-16,1450000,1585000,manual
P01,Deluxe,2024-01-17,1450000,1571000,manual
P01,Deluxe,2024-01-18,1450000,1591000,manual
P01,Deluxe,2024-01-19,1450000,1629000,manual
P01,Deluxe,2024-01-20,1450000,1663000,manual
P01,Deluxe,2024-01-21,1450000,1598000,manual
P01,Deluxe,2024-01-22,1450000,1606000,manual
P01,Deluxe,2024-01-23,1450000,1627000,manual
P01,Deluxe,2024-01-24,1450000,1663000,manual
P01,Deluxe,2024-01-25,1450000,1619000,manual
P01,Deluxe,2024-01-26,1450000,1633000,manual
P01,Deluxe,2024-01-27,1450000,1484000,manual
P01,Deluxe,2024-01-28,1450000,1602000,manual
P01,Deluxe,2024-01-29,1450000,1581000,manual
P01,Deluxe,2024-01-30,1450000,1634000,manual
P01,Deluxe,2024-01-31,1450000,1615000,manual
P01,Deluxe,2024-02-01,1450000,1411000,promo
P01,Deluxe,2024-02-02,1450000,1322000,promo
P01,Deluxe,2024-02-03,1450000,1381000,promo
P01,Deluxe,2024-02-04,1450000,1351000,promo
P01,Deluxe,2024-02-05,1450000,1338000,promo
P01,Deluxe,2024-02-06,1450000,1347000,promo
P01,Deluxe,2024-02-07,1450000,1353000,promo
P01,Deluxe,2024-02-08,1450000,1462000,promo
P01,Deluxe,2024-02-09,1450000,1406000,promo
P01,Deluxe,2024-02-10,1450000,1390000,promo
P01,Deluxe,2024-02-11,1450000,1349000,promo
P01,Deluxe,2024-02-12,1450000,1374000,promo
P01,Deluxe,2024-02-13,1450000,1360000,promo
P01,Deluxe,2024-02-14,1450000,1307000,promo
P01,Deluxe,2024-02-15,1450000,1361000,promo
P01,Deluxe,2024-02-16,1450000,1385000,promo
P01,Deluxe,2024-02-17,1450000,1352000,promo
P01,Deluxe,2024-02-18,1450000,1300000,promo
P01,Deluxe,2024-02-19,1450000,1449000,promo
P01,Deluxe,2024-02-20,1450000,1336000,promo
P01,Deluxe,2024-02-21,1450000,1322000,promo
P01,Deluxe,2024-02-22,1450000,1345000,promo
P01,Deluxe,2024-02-23,1450000,1355000,promo
P01,Deluxe,2024-02-24,1450000,1375000,promo
P01,Deluxe,2024-02-25,1450000,1381000,promo
P01,Deluxe,2024-02-26,1450000,1325000,promo
P01,Deluxe,2024-02-27,1450000,1373000,promo
P01,Deluxe,2024-02-28,1450000,1336000,promo
P01,Deluxe,2024-02-29,1450000,1358000,promo
P01,Deluxe,2024-03-01,1450000,1360000,promo
P01,Deluxe,2024-03-02,1450000,1383000,promo
P01,Deluxe,2024-03-03,1450000,1371000,promo
P01,Deluxe,2024-03-04,1450000,1370000,promo
P01,Deluxe,2024-03-05,1450000,1319000,promo
P01,Deluxe,2024-03-06,1450000,1384000,promo
P01,Deluxe,2024-03-07,1450000,1309000,promo
P01,Deluxe,2024-03-08,1450000,1370000,promo
P01,Deluxe,2024-03-09,1450000,1410000,promo
P01,Deluxe,2024-03-10,1450000,1355000,promo
P01,Deluxe,2024-03-11,1450000,1402000,promo
P01,Deluxe,2024-03-12,1450000,1400000,promo
P01,Deluxe,2024-03-13,1450000,1372000,promo
P01,Deluxe,2024-03-14,1450000,1401000,promo
P01,Deluxe,2024-03-15,1450000,1396000,promo
P01,Deluxe,2024-03-16,1450000,1397000,promo
P01,Deluxe,2024-03-17,1450000,1319000,promo
P01,Deluxe,2024-03-18,1450000,1352000,promo
P01,Deluxe,2024-03-19,1450000,1389000,promo
P01,Deluxe,2024-03-20,1450000,1248000,promo
P01,Deluxe,2024-03-21,1450000,1377000,promo
P01,Deluxe,2024-03-22,1450000,1420000,promo
P01,Deluxe,2024-03-23,1450000,1318000,promo
P01,Deluxe,2024-03-24,1450000,1326000,promo
P01,Deluxe,2024-03-25,1450000,1393000,promo
P01,Deluxe,2024-03-26,1450000,1419000,promo
P01,Deluxe,2024-03-27,1450000,1375000,promo
P01,Deluxe,2024-03-28,1450000,1394000,promo
P01,Deluxe,2024-03-29,1450000,1400000,promo
P01,Deluxe,2024-03-30,1450000,1355000,promo
P01,Deluxe,2024-03-31,1450000,1342000,promo
P01,Deluxe,2024-04-01,1450000,1403000,manual
P01,Deluxe,2024-04-02,1450000,1479000,manual
P01,Deluxe,2024-04-03,1450000,1433000,manual
P01,Deluxe,2024-04-04,1450000,1405000,manual
P01,Deluxe,2024-04-05,1450000,1366000,manual
P01,Deluxe,2024-04-06,1450000,1392000,manual
P01,Deluxe,2024-04-07,1450000,1458000,manual
P01,Deluxe,2024-04-08,1450000,1475000,manual
P01,Deluxe,2024-04-09,1450000,1407000,manual
P01,Deluxe,2024-04-10,1450000,1481000,manual
P01,Deluxe,2024-04-11,1450000,1503000,manual
P01,Deluxe,2024-04-12,1450000,1445000,manual
P01,Deluxe,2024-04-13,1450000,1429000,manual
P01,Deluxe,2024-04-14,1450000,1389000,manual
P01,Deluxe,2024-04-15,1450000,1504000,manual
P01,Deluxe,2024-04-16,1450000,1449000,manual
P01,Deluxe,2024-04-17,1450000,1403000,manual
P01,Deluxe,2024-04-18,1450000,1388000,manual
P01,Deluxe,2024-04-19,1450000,1561000,manual
P01,Deluxe,2024-04-20,1450000,1444000,manual
P01,Deluxe,2024-04-21,1450000,1458000,manual
P01,Deluxe,2024-04-22,1450000,1378000,manual
P01,Deluxe,2024-04-23,1450000,1446000,manual
P01,Deluxe,2024-04-24,1450000,1411000,manual
P01,Deluxe,2024-04-25,1450000,1481000,manual
P01,Deluxe,2024-04-26,1450000,1468000,manual
P01,Deluxe,2024-04-27,1450000,1412000,manual
P01,Deluxe,2024-04-28,1450000,1444000,manual
P01,Deluxe,2024-04-29,1450000,1477000,manual
P01,Deluxe,2024-04-30,1450000,1505000,manual
P01,Deluxe,2024-05-01,1450000,1497000,manual
P01,Deluxe,2024-05-02,1450000,1441000,manual
P01,Deluxe,2024-05-03,1450000,1451000,manual
P01,Deluxe,2024-05-04,1450000,1460000,manual
P01,Deluxe,2024-05-05,1450000,1458000,manual
P01,Deluxe,2024-05-06,1450000,1421000,manual
P01,Deluxe,2024-05-07,1450000,1476000,manual
P01,Deluxe,2024-05-08,1450000,1441000,manual
P01,Deluxe,2024-05-09,1450000,1447000,manual
P01,Deluxe,2024-05-10,1450000,1461000,manual
P01,Deluxe,2024-05-11,1450000,1486000,manual
P01,Deluxe,2024-05-12,1450000,1522000,manual
P01,Deluxe,2024-05-13,1450000,1461000,manual
P01,Deluxe,2024-05-14,1450000,1483000,manual
P01,Deluxe,2024-05-15,1450000,1465000,manual
P01,Deluxe,2024-05-16,1450000,1448000,manual
P01,Deluxe,2024-05-17,1450000,1418000,manual
P01,Deluxe,2024-05-18,1450000,1439000,manual
P01,Deluxe,2024-05-19,1450000,1478000,manual
P01,Deluxe,2024-05-20,1450000,1510000,manual
P01,Deluxe,2024-05-21,1450000,1374000,manual
P01,Deluxe,2024-05-22,1450000,1493000,manual
P01,Deluxe,2024-05-23,1450000,1499000,manual
P01,Deluxe,2024-05-24,1450000,1452000,manual
P01,Deluxe,2024-05-25,1450000,1540000,manual
P01,Deluxe,2024-05-26,1450000,1496000,manual
P01,Deluxe,2024-05-27,1450000,1525000,manual
P01,Deluxe,2024-05-28,1450000,1448000,manual
P01,Deluxe,2024-05-29,1450000,1386000,manual
P01,Deluxe,2024-05-30,1450000,1440000,manual
P01,Deluxe,2024-05-31,1450000,1453000,manual
P01,Deluxe,2024-06-01,1450000,1550000,manual
P01,Deluxe,2024-06-02,1450000,1551000,manual
P01,Deluxe,2024-06-03,1450000,1568000,manual
P01,Deluxe,2024-06-04,1450000,1615000,manual
P01,Deluxe,2024-06-05,1450000,1642000,manual
P01,Deluxe,2024-06-06,1450000,1536000,manual
P01,Deluxe,2024-06-07,1450000,1563000,manual
P01,Deluxe,2024-06-08,1450000,1589000,manual
P01,Deluxe,2024-06-09,1450000,1583000,manual
P01,Deluxe,2024-06-10,1450000,1563000,manual
P01,Deluxe,2024-06-11,1450000,1626000,manual
P01,Deluxe,2024-06-12,1450000,1544000,manual
P01,Deluxe,2024-06-13,1450000,1564000,manual
P01,Deluxe,2024-06-14,1450000,1592000,manual
P01,Deluxe,2024-06-15,1450000,1587000,manual
P01,Deluxe,2024-06-16,1450000,1496000,manual
P01,Deluxe,2024-06-17,1450000,1535000,manual
P01,Deluxe,2024-06-18,1450000,1608000,manual
P01,Deluxe,2024-06-19,1450000,1564000,manual
P01,Deluxe,2024-06-20,1450000,1552000,manual
P01,Deluxe,2024-06-21,1450000,1531000,manual
P01,Deluxe,2024-06-22,1450000,1505000,manual
P01,Deluxe,2024-06-23,1450000,1564000,manual
P01,Deluxe,2024-06-24,1450000,1568000,manual
P01,Deluxe,2024-06-25,1450000,1568000,manual
P01,Deluxe,2024-06-26,1450000,1553000,manual
P01,Deluxe,2024-06-27,1450000,1652000,manual
P01,Deluxe,2024-06-28,1450000,1474000,manual
P01,Deluxe,2024-06-29,1450000,1516000,manual
P01,Deluxe,2024-06-30,1450000,1570000,manual
P01,Deluxe,2024-07-01,1450000,1645000,manual
P01,Deluxe,2024-07-02,1450000,1661000,manual
P01,Deluxe,2024-07-03,1450000,1604000,manual
P01,Deluxe,2024-07-04,1450000,1621000,manual
P01,Deluxe,2024-07-05,1450000,1628000,manual
P01,Deluxe,2024-07-06,1450000,1666000,manual
P01,Deluxe,2024-07-07,1450000,1570000,manual
P01,Deluxe,2024-07-08,1450000,1679000,manual
P01,Deluxe,2024-07-09,1450000,1523000,manual
P01,Deluxe,2024-07-10,1450000,1688000,manual
P01,Deluxe,2024-07-11,1450000,1551000,manual
P01,Deluxe,2024-07-12,1450000,1606000,manual
P01,Deluxe,2024-07-13,1450000,1620000,manual
P01,Deluxe,2024-07-14,1450000,1628000,manual
P01,Deluxe,2024-07-15,1450000,1541000,manual
P01,Deluxe,2024-07-16,1450000,1639000,manual
P01,Deluxe,2024-07-17,1450000,1636000,manual
P01,Deluxe,2024-07-18,1450000,1621000,manual
P01,Deluxe,2024-07-19,1450000,1601000,manual
P01,Deluxe,2024-07-20,1450000,1671000,manual
P01,Deluxe,2024-07-21,1450000,1590000,manual
P01,Deluxe,2024-07-22,1450000,1565000,manual
P01,Deluxe,2024-07-23,1450000,1580000,manual
P01,Deluxe,2024-07-24,1450000,1647000,manual
P01,Deluxe,2024-07-25,1450000,1664000,manual
P01,Deluxe,2024-07-26,1450000,1586000,manual
P01,Deluxe,2024-07-27,1450000,1669000,manual
P01,Deluxe,2024-07-28,1450000,1616000,manual
P01,Deluxe,2024-07-29,1450000,1567000,manual
P01,Deluxe,2024-07-30,1450000,1655000,manual
P01,Deluxe,2024-07-31,1450000,1683000,manual
P01,Deluxe,2024-08-01,1450000,1510000,manual
P01,Deluxe,2024-08-02,1450000,1435000,manual
P01,Deluxe,2024-08-03,1450000,1417000,manual
P01,Deluxe,2024-08-04,1450000,1497000,manual
P01,Deluxe,2024-08-05,1450000,1384000,manual
P01,Deluxe,2024-08-06,1450000,1533000,manual
P01,Deluxe,2024-08-07,1450000,1482000,manual
P01,Deluxe,2024-08-08,1450000,1514000,manual
P01,Deluxe,2024-08-09,1450000,1431000,manual
P01,Deluxe,2024-08-10,1450000,1414000,manual
P01,Deluxe,2024-08-11,1450000,1444000,manual
P01,Deluxe,2024-08-12,1450000,1428000,manual
P01,Deluxe,2024-08-13,1450000,1578000,manual
P01,Deluxe,2024-08-14,1450000,1491000,manual
P01,Deluxe,2024-08-15,1450000,1468000,manual
P01,Deluxe,2024-08-16,1450000,1432000,manual
P01,Deluxe,2024-08-17,1450000,1469000,manual
P01,Deluxe,2024-08-18,1450000,1530000,manual
P01,Deluxe,2024-08-19,1450000,1480000,manual
P01,Deluxe,2024-08-20,1450000,1504000,manual
P01,Deluxe,2024-08-21,1450000,1502000,manual
P01,Deluxe,2024-08-22,1450000,1460000,manual
P01,Deluxe,2024-08-23,1450000,1394000,manual
P01,Deluxe,2024-08-24,1450000,1495000,manual
P01,Deluxe,2024-08-25,1450000,1532000,manual
P01,Deluxe,2024-08-26,1450000,1451000,manual
P01,Deluxe,2024-08-27,1450000,1410000,manual
P01,Deluxe,2024-08-28,1450000,1445000,manual
P01,Deluxe,2024-08-29,1450000,1417000,manual
P01,Deluxe,2024-08-30,1450000,1487000,manual
P01,Deluxe,2024-08-31,1450000,1460000,manual
P01,Deluxe,2024-09-01,1450000,1308000,promo
P01,Deluxe,2024-09-02,1450000,1319000,promo
P01,Deluxe,2024-09-03,1450000,1332000,promo
P01,Deluxe,2024-09-04,1450000,1354000,promo
P01,Deluxe,2024-09-05,1450000,1337000,promo
P01,Deluxe,2024-09-06,1450000,1371000,promo
P01,Deluxe,2024-09-07,1450000,1299000,promo
P01,Deluxe,2024-09-08,1450000,1323000,promo
P01,Deluxe,2024-09-09,1450000,1316000,promo
P01,Deluxe,2024-09-10,1450000,1427000,promo
P01,Deluxe,2024-09-11,1450000,1414000,promo
P01,Deluxe,2024-09-12,1450000,1380000,promo
P01,Deluxe,2024-09-13,1450000,1356000,promo
P01,Deluxe,2024-09-14,1450000,1323000,promo
P01,Deluxe,2024-09-15,1450000,1301000,promo
P01,Deluxe,2024-09-16,1450000,1334000,promo
P01,Deluxe,2024-09-17,1450000,1372000,promo
P01,Deluxe,2024-09-18,1450000,1390000,promo
P01,Deluxe,2024-09-19,1450000,1394000,promo
P01,Deluxe,2024-09-20,1450000,1395000,promo
P01,Deluxe,2024-09-21,1450000,1445000,promo
P01,Deluxe,2024-09-22,1450000,1363000,promo
P01,Deluxe,2024-09-23,1450000,1348000,promo
P01,Deluxe,2024-09-24,1450000,1324000,promo
P01,Deluxe,2024-09-25,1450000,1407000,promo
P01,Deluxe,2024-09-26,1450000,1356000,promo
P01,Deluxe,2024-09-27,1450000,1454000,promo
P01,Deluxe,2024-09-28,1450000,1313000,promo
P01,Deluxe,2024-09-29,1450000,1356000,promo
P01,Deluxe,2024-09-30,1450000,1354000,promo
P01,Deluxe,2024-10-01,1450000,1384000,promo
P01,Deluxe,2024-10-02,1450000,1398000,promo
P01,Deluxe,2024-10-03,1450000,1360000,promo
P01,Deluxe,2024-10-04,1450000,1420000,promo
P01,Deluxe,2024-10-05,1450000,1400000,promo
P01,Deluxe,2024-10-06,1450000,1330000,promo
P01,Deluxe,2024-10-07,1450000,1348000,promo
P01,Deluxe,2024-10-08,1450000,1390000,promo
P01,Deluxe,2024-10-09,1450000,1381000,promo
P01,Deluxe,2024-10-10,1450000,1403000,promo
P01,Deluxe,2024-10-11,1450000,1348000,promo
P01,Deluxe,2024-10-12,1450000,1339000,promo
P01,Deluxe,2024-10-13,1450000,1349000,promo
P01,Deluxe,2024-10-14,1450000,1408000,promo
P01,Deluxe,2024-10-15,1450000,1296000,promo
P01,Deluxe,2024-10-16,1450000,1398000,promo
P01,Deluxe,2024-10-17,1450000,1309000,promo
P01,Deluxe,2024-10-18,1450000,1376000,promo
P01,Deluxe,2024-10-19,1450000,1361000,promo
P01,Deluxe,2024-10-20,1450000,1378000,promo
P01,Deluxe,2024-10-21,1450000,1300000,promo
P01,Deluxe,2024-10-22,1450000,1386000,promo
P01,Deluxe,2024-10-23,1450000,1319000,promo
P01,Deluxe,2024-10-24,1450000,1396000,promo
P01,Deluxe,2024-10-25,1450000,1332000,promo
P01,Deluxe,2024-10-26,1450000,1352000,promo
P01,Deluxe,2024-10-27,1450000,1342000,promo
P01,Deluxe,2024-10-28,1450000,1325000,promo
P01,Deluxe,2024-10-29,1450000,1371000,promo
P01,Deluxe,2024-10-30,1450000,1361000,promo
P01,Deluxe,2024-10-31,1450000,1373000,promo
P01,Deluxe,2024-11-01,1450000,1413000,manual
P01,Deluxe,2024-11-02,1450000,1378000,manual
P01,Deluxe,2024-11-03,1450000,1487000,manual
P01,Deluxe,2024-11-04,1450000,1378000,manual
P01,Deluxe,2024-11-05,1450000,1371000,manual
P01,Deluxe,2024-11-06,1450000,1515000,manual
P01,Deluxe,2024-11-07,1450000,1348000,manual
P01,Deluxe,2024-11-08,1450000,1470000,manual
P01,Deluxe,2024-11-09,1450000,1475000,manual
P01,Deluxe,2024-11-10,1450000,1465000,manual
P01,Deluxe,2024-11-11,1450000,1385000,manual
P01,Deluxe,2024-11-12,1450000,1385000,manual
P01,Deluxe,2024-11-13,1450000,1446000,manual
P01,Deluxe,2024-11-14,1450000,1398000,manual
P01,Deluxe,2024-11-15,1450000,1528000,manual
P01,Deluxe,2024-11-16,1450000,1455000,manual
P01,Deluxe,2024-11-17,1450000,1457000,manual
P01,Deluxe,2024-11-18,1450000,1433000,manual
P01,Deluxe,2024-11-19,1450000,1371000,manual
P01,Deluxe,2024-11-20,1450000,1438000,manual
P01,Deluxe,2024-11-21,1450000,1348000,manual
P01,Deluxe,2024-11-22,1450000,1382000,manual
P01,Deluxe,2024-11-23,1450000,1495000,manual
P01,Deluxe,2024-11-24,1450000,1462000,manual
P01,Deluxe,2024-11-25,1450000,1449000,manual
P01,Deluxe,2024-11-26,1450000,1418000,manual
P01,Deluxe,2024-11-27,1450000,1484000,manual
P01,Deluxe,2024-11-28,1450000,1535000,manual
P01,Deluxe,2024-11-29,1450000,1455000,manual
P01,Deluxe,2024-11-30,1450000,1460000,manual
P01,Deluxe,2024-12-01,1450000,1596000,manual
P01,Deluxe,2024-12-02,1450000,1625000,manual
P01,Deluxe,2024-12-03,1450000,1578000,manual
P01,Deluxe,2024-12-04,1450000,1686000,manual
P01,Deluxe,2024-12-05,1450000,1648000,manual
P01,Deluxe,2024-12-06,1450000,1641000,manual
P01,Deluxe,2024-12-07,1450000,1668000,manual
P01,Deluxe,2024-12-08,1450000,1594000,manual
P01,Deluxe,2024-12-09,1450000,1662000,manual
P01,Deluxe,2024-12-10,1450000,1665000,manual
P01,Deluxe,2024-12-11,1450000,1584000,manual
P01,Deluxe,2024-12-12,1450000,1621000,manual
P01,Deluxe,2024-12-13,1450000,1671000,manual
P01,Deluxe,2024-12-14,1450000,1614000,manual
P01,Deluxe,2024-12-15,1450000,1610000,manual
P01,Deluxe,2024-12-16,1450000,1644000,manual
P01,Deluxe,2024-12-17,1450000,1636000,manual
P01,Deluxe,2024-12-18,1450000,1570000,manual
P01,Deluxe,2024-12-19,1450000,1578000,manual
P01,Deluxe,2024-12-20,1450000,1649000,manual
P01,Deluxe,2024-12-21,1450000,1587000,manual
P01,Deluxe,2024-12-22,1450000,1672000,manual
P01,Deluxe,2024-12-23,1450000,1690000,manual
P01,Deluxe,2024-12-24,1450000,2423000,dynamic-pricing-AI
P01,Deluxe,2024-12-25,1450000,2364000,dynamic-pricing-AI
P01,Deluxe,2024-12-26,1450000,2378000,dynamic-pricing-AI
P01,Deluxe,2024-12-27,1450000,2305000,dynamic-pricing-AI
P01,Deluxe,2024-12-28,1450000,2381000,dynamic-pricing-AI
P01,Deluxe,2024-12-29,1450000,2445000,dynamic-pricing-AI
P01,Deluxe,2024-12-30,1450000,2339000,dynamic-pricing-AI
P01,Deluxe,2024-12-31,1450000,2359000,dynamic-pricing-AI
P01,Deluxe,2025-01-01,1450000,2301000,dynamic-pricing-AI
P01,Deluxe,2025-01-02,1450000,2305000,dynamic-pricing-AI
P01,Deluxe,2025-01-03,1450000,1566000,manual
P01,Deluxe,2025-01-04,1450000,1581000,manual
P01,Deluxe,2025-01-05,1450000,1574000,manual
P01,Deluxe,2025-01-06,1450000,1616000,manual
P01,Deluxe,2025-01-07,1450000,1589000,manual
P01,Deluxe,2025-01-08,1450000,1526000,manual
P01,Deluxe,2025-01-09,1450000,1626000,manual
P01,Deluxe,2025-01-10,1450000,1628000,manual
P01,Deluxe,2025-01-11,1450000,1659000,manual
P01,Deluxe,2025-01-12,1450000,1513000,manual
P01,Deluxe,2025-01-13,1450000,1668000,manual
P01,Deluxe,2025-01-14,1450000,1616000,manual
P01,Deluxe,2025-01-15,1450000,1633000,manual
P01,Deluxe,2025-01-16,1450000,1544000,manual
P01,Deluxe,2025-01-17,1450000,1643000,manual
P01,Deluxe,2025-01-18,1450000,1597000,manual
P01,Deluxe,2025-01-19,1450000,1520000,manual
P01,Deluxe,2025-01-20,1450000,1497000,manual
P01,Deluxe,2025-01-21,1450000,1571000,manual
P01,Deluxe,2025-01-22,1450000,1582000,manual
P01,Deluxe,2025-01-23,1450000,1657000,manual
P01,Deluxe,2025-01-24,1450000,1632000,manual
P01,Deluxe,2025-01-25,1450000,1629000,manual
P01,Deluxe,2025-01-26,1450000,1631000,manual
P01,Deluxe,2025-01-27,1450000,1619000,manual
P01,Deluxe,2025-01-28,1450000,1583000,manual
P01,Deluxe,2025-01-29,1450000,1610000,manual
P01,Deluxe,2025-01-30,1450000,1595000,manual
P01,Deluxe,2025-01-31,1450000,1611000,manual
P01,Deluxe,2025-02-01,1450000,1331000,promo
P01,Deluxe,2025-02-02,1450000,1406000,promo
P01,Deluxe,2025-02-03,1450000,1387000,promo
P01,Deluxe,2025-02-04,1450000,1324000,promo
P01,Deluxe,2025-02-05,1450000,1335000,promo
P01,Deluxe,2025-02-06,1450000,1350000,promo
P01,Deluxe,2025-02-07,1450000,1350000,promo
P01,Deluxe,2025-02-08,1450000,1422000,promo
P01,Deluxe,2025-02-09,1450000,1292000,promo
P01,Deluxe,2025-02-10,1450000,1400000,promo
P01,Deluxe,2025-02-11,1450000,1398000,promo
P01,Deluxe,2025-02-12,1450000,1350000,promo
P01,Deluxe,2025-02-13,1450000,1382000,promo
P01,Deluxe,2025-02-14,1450000,1351000,promo
P01,Deluxe,2025-02-15,1450000,1346000,promo
P01,Deluxe,2025-02-16,1450000,1332000,promo
P01,Deluxe,2025-02-17,1450000,1414000,promo
P01,Deluxe,2025-02-18,1450000,1425000,promo
P01,Deluxe,2025-02-19,1450000,1367000,promo
P01,Deluxe,2025-02-20,1450000,1312000,promo
P01,Deluxe,2025-02-21,1450000,1370000,promo
P01,Deluxe,2025-02-22,1450000,1347000,promo
P01,Deluxe,2025-02-23,1450000,1366000,promo
P01,Deluxe,2025-02-24,1450000,1385000,promo
P01,Deluxe,2025-02-25,1450000,1379000,promo
P01,Deluxe,2025-02-26,1450000,1373000,promo
P01,Deluxe,2025-02-27,1450000,1352000,promo
P01,Deluxe,2025-02-28,1450000,1395000,promo
P01,Deluxe,2025-03-01,1450000,1410000,promo
P01,Deluxe,2025-03-02,1450000,1410000,promo
P01,Deluxe,2025-03-03,1450000,1394000,promo
P01,Deluxe,2025-03-04,1450000,1347000,promo
P01,Deluxe,2025-03-05,1450000,1323000,promo
P01,Deluxe,2025-03-06,1450000,1363000,promo
P01,Deluxe,2025-03-07,1450000,1403000,promo
P01,Deluxe,2025-03-08,1450000,1398000,promo
P01,Deluxe,2025-03-09,1450000,1315000,promo
P01,Deluxe,2025-03-10,1450000,1411000,promo
P01,Deluxe,2025-03-11,1450000,1342000,promo
P01,Deluxe,2025-03-12,1450000,1361000,promo
P01,Deluxe,2025-03-13,1450000,1381000,promo
P01,Deluxe,2025-03-14,1450000,1360000,promo
P01,Deluxe,2025-03-15,1450000,1388000,promo
P01,Deluxe,2025-03-16,1450000,1390000,promo
P01,Deluxe,2025-03-17,1450000,1329000,promo
P01,Deluxe,2025-03-18,1450000,1344000,promo
P01,Deluxe,2025-03-19,1450000,1390000,promo
P01,Deluxe,2025-03-20,1450000,1373000,promo
P01,Deluxe,2025-03-21,1450000,1370000,promo
P01,Deluxe,2025-03-22,1450000,1406000,promo
P01,Deluxe,2025-03-23,1450000,1349000,promo
P01,Deluxe,2025-03-24,1450000,1393000,promo
P01,Deluxe,2025-03-25,1450000,1372000,promo
P01,Deluxe,2025-03-26,1450000,1438000,promo
P01,Deluxe,2025-03-27,1450000,1352000,promo
P01,Deluxe,2025-03-28,1450000,1356000,promo
P01,Deluxe,2025-03-29,1450000,1322000,promo
P01,Deluxe,2025-03-30,1450000,1423000,promo
P01,Deluxe,2025-03-31,1450000,1322000,promo
P01,Deluxe,2025-04-01,1450000,1434000,manual
P01,Deluxe,2025-04-02,1450000,1419000,manual
P01,Deluxe,2025-04-03,1450000,1435000,manual
P01,Deluxe,2025-04-04,1450000,1404000,manual
P01,Deluxe,2025-04-05,1450000,1478000,manual
P01,Deluxe,2025-04-06,1450000,1412000,manual
P01,Deluxe,2025-04-07,1450000,1460000,manual
P01,Deluxe,2025-04-08,1450000,1497000,manual
P01,Deluxe,2025-04-09,1450000,1481000,manual
P01,Deluxe,2025-04-10,1450000,1382000,manual
P01,Deluxe,2025-04-11,1450000,1448000,manual
P01,Deluxe,2025-04-12,1450000,1474000,manual
P01,Deluxe,2025-04-13,1450000,1388000,manual
P01,Deluxe,2025-04-14,1450000,1469000,manual
P01,Deluxe,2025-04-15,1450000,1443000,manual
P01,Deluxe,2025-04-16,1450000,1421000,manual
P01,Deluxe,2025-04-17,1450000,1438000,manual
P01,Deluxe,2025-04-18,1450000,1442000,manual
P01,Deluxe,2025-04-19,1450000,1445000,manual
P01,Deluxe,2025-04-20,1450000,1485000,manual
P01,Deluxe,2025-04-21,1450000,1461000,manual
P01,Deluxe,2025-04-22,1450000,1511000,manual
P01,Deluxe,2025-04-23,1450000,1521000,manual
P01,Deluxe,2025-04-24,1450000,1439000,manual
P01,Deluxe,2025-04-25,1450000,1470000,manual
P01,Deluxe,2025-04-26,1450000,1446000,manual
P01,Deluxe,2025-04-27,1450000,1480000,manual
P01,Deluxe,2025-04-28,1450000,1450000,manual
P01,Deluxe,2025-04-29,1450000,1419000,manual
P01,Deluxe,2025-04-30,1450000,1465000,manual
P01,Deluxe,2025-05-01,1450000,1408000,manual
P01,Deluxe,2025-05-02,1450000,1452000,manual
P01,Deluxe,2025-05-03,1450000,1470000,manual
P01,Deluxe,2025-05-04,1450000,1452000,manual
P01,Deluxe,2025-05-05,1450000,1427000,manual
P01,Deluxe,2025-05-06,1450000,1526000,manual
P01,Deluxe,2025-05-07,1450000,1450000,manual
P01,Deluxe,2025-05-08,1450000,1444000,manual
P01,Deluxe,2025-05-09,1450000,1511000,manual
P01,Deluxe,2025-05-10,1450000,1420000,manual
P01,Deluxe,2025-05-11,1450000,1425000,manual
P01,Deluxe,2025-05-12,1450000,1388000,manual
P01,Deluxe,2025-05-13,1450000,1507000,manual
P01,Deluxe,2025-05-14,1450000,1462000,manual
P01,Deluxe,2025-05-15,1450000,1517000,manual
P01,Deluxe,2025-05-16,1450000,1485000,manual
P01,Deluxe,2025-05-17,1450000,1454000,manual
P01,Deluxe,2025-05-18,1450000,1482000,manual
P01,Deluxe,2025-05-19,1450000,1436000,manual
P01,Deluxe,2025-05-20,1450000,1511000,manual
P01,Deluxe,2025-05-21,1450000,1520000,manual
P01,Deluxe,2025-05-22,1450000,1473000,manual
P01,Deluxe,2025-05-23,1450000,1494000,manual
P01,Deluxe,2025-05-24,1450000,1482000,manual
P01,Deluxe,2025-05-25,1450000,1467000,manual
P01,Deluxe,2025-05-26,1450000,1501000,manual
P01,Deluxe,2025-05-27,1450000,1505000,manual
P01,Deluxe,2025-05-28,1450000,1538000,manual
P01,Deluxe,2025-05-29,1450000,1450000,manual
P01,Deluxe,2025-05-30,1450000,1513000,manual
P01,Deluxe,2025-05-31,1450000,1443000,manual
P01,Deluxe,2025-06-01,1450000,1596000,manual
P01,Deluxe,2025-06-02,1450000,1591000,manual
P01,Deluxe,2025-06-03,1450000,1558000,manual
P01,Deluxe,2025-06-04,1450000,1644000,manual
P01,Deluxe,2025-06-05,1450000,1556000,manual
P01,Deluxe,2025-06-06,1450000,1613000,manual
P01,Deluxe,2025-06-07,1450000,1527000,manual
P01,Deluxe,2025-06-08,1450000,1481000,manual
P01,Deluxe,2025-06-09,1450000,1550000,manual
P01,Deluxe,2025-06-10,1450000,1519000,manual
P01,Deluxe,2025-06-11,1450000,1558000,manual
P01,Deluxe,2025-06-12,1450000,1586000,manual
P01,Deluxe,2025-06-13,1450000,1643000,manual
P01,Deluxe,2025-06-14,1450000,1572000,manual
P01,Deluxe,2025-06-15,1450000,1559000,manual
P01,Deluxe,2025-06-16,1450000,1629000,manual
P01,Deluxe,2025-06-17,1450000,1551000,manual
P01,Deluxe,2025-06-18,1450000,1526000,manual
P01,Deluxe,2025-06-19,1450000,1567000,manual
P01,Deluxe,2025-06-20,1450000,1561000,manual
P01,Deluxe,2025-06-21,1450000,1564000,manual
P01,Deluxe,2025-06-22,1450000,1604000,manual
P01,Deluxe,2025-06-23,1450000,1629000,manual
P01,Deluxe,2025-06-24,1450000,1593000,manual
P01,Deluxe,2025-06-25,1450000,1637000,manual
P01,Deluxe,2025-06-26,1450000,1498000,manual
P01,Deluxe,2025-06-27,1450000,1527000,manual
P01,Deluxe,2025-06-28,1450000,1564000,manual
P01,Deluxe,2025-06-29,1450000,1602000,manual
P01,Deluxe,2025-06-30,1450000,1442000,manual
P01,Deluxe,2025-07-01,1450000,1616000,manual
P01,Deluxe,2025-07-02,1450000,1632000,manual
P01,Deluxe,2025-07-03,1450000,1547000,manual
P01,Deluxe,2025-07-04,1450000,1573000,manual
P01,Deluxe,2025-07-05,1450000,1640000,manual
P01,Deluxe,2025-07-06,1450000,1587000,manual
P01,Deluxe,2025-07-07,1450000,1552000,manual
P01,Deluxe,2025-07-08,1450000,1608000,manual
P01,Deluxe,2025-07-09,1450000,1626000,manual
P01,Deluxe,2025-07-10,1450000,1632000,manual
P01,Deluxe,2025-07-11,1450000,1546000,manual
P01,Deluxe,2025-07-12,1450000,1578000,manual
P01,Deluxe,2025-07-13,1450000,1665000,manual
P01,Deluxe,2025-07-14,1450000,1553000,manual
P01,Deluxe,2025-07-15,1450000,1658000,manual
P01,Deluxe,2025-07-16,1450000,1616000,manual
P01,Deluxe,2025-07-17,1450000,1621000,manual
P01,Deluxe,2025-07-18,1450000,1563000,manual
P01,Deluxe,2025-07-19,1450000,1659000,manual
P01,Deluxe,2025-07-20,1450000,1547000,manual
P01,Deluxe,2025-07-21,1450000,1634000,manual
P01,Deluxe,2025-07-22,1450000,1644000,manual
P01,Deluxe,2025-07-23,1450000,1518000,manual
P01,Deluxe,2025-07-24,1450000,1598000,manual
P01,Deluxe,2025-07-25,1450000,1603000,manual
P01,Deluxe,2025-07-26,1450000,1609000,manual
P01,Deluxe,2025-07-27,1450000,1630000,manual
P01,Deluxe,2025-07-28,1450000,1545000,manual
P01,Deluxe,2025-07-29,1450000,1630000,manual
P01,Deluxe,2025-07-30,1450000,1534000,manual
P01,Deluxe,2025-07-31,1450000,1562000,manual
P01,Deluxe,2025-08-01,1450000,1553000,manual
P01,Deluxe,2025-08-02,1450000,1582000,manual
P01,Deluxe,2025-08-03,1450000,1509000,manual
P01,Deluxe,2025-08-04,1450000,1547000,manual
P01,Deluxe,2025-08-05,1450000,1495000,manual
P01,Deluxe,2025-08-06,1450000,1526000,manual
P01,Deluxe,2025-08-07,1450000,1462000,manual
P01,Deluxe,2025-08-08,1450000,1480000,manual
P01,Deluxe,2025-08-09,1450000,1489000,manual
P01,Deluxe,2025-08-10,1450000,1496000,manual
P01,Deluxe,2025-08-11,1450000,1498000,manual
P01,Deluxe,2025-08-12,1450000,1501000,manual
P01,Deluxe,2025-08-13,1450000,1545000,manual
P01,Deluxe,2025-08-14,1450000,1426000,manual
P01,Deluxe,2025-08-15,1450000,1456000,manual
P01,Deluxe,2025-08-16,1450000,1497000,manual
P01,Deluxe,2025-08-17,1450000,1407000,manual
P01,Deluxe,2025-08-18,1450000,1528000,manual
P01,Deluxe,2025-08-19,1450000,1512000,manual
P01,Deluxe,2025-08-20,1450000,1467000,manual
P01,Deluxe,2025-08-21,1450000,1548000,manual
P01,Deluxe,2025-08-22,1450000,1449000,manual
P01,Deluxe,2025-08-23,1450000,1479000,manual
P01,Deluxe,2025-08-24,1450000,1493000,manual
P01,Deluxe,2025-08-25,1450000,1481000,manual
P01,Deluxe,2025-08-26,1450000,1483000,manual
P01,Deluxe,2025-08-27,1450000,1520000,manual
P01,Deluxe,2025-08-28,1450000,1476000,manual
P01,Deluxe,2025-08-29,1450000,1467000,manual
P01,Deluxe,2025-08-30,1450000,1480000,manual
P01,Deluxe,2025-08-31,1450000,1515000,manual
P01,Deluxe,2025-09-01,1450000,1351000,promo
P01,Deluxe,2025-09-02,1450000,1319000,promo
P01,Deluxe,2025-09-03,1450000,1396000,promo
P01,Deluxe,2025-09-04,1450000,1315000,promo
P01,Deluxe,2025-09-05,1450000,1352000,promo
P01,Deluxe,2025-09-06,1450000,1308000,promo
P01,Deluxe,2025-09-07,1450000,1339000,promo
P01,Deluxe,2025-09-08,1450000,1424000,promo
P01,Deluxe,2025-09-09,1450000,1341000,promo
P01,Deluxe,2025-09-10,1450000,1340000,promo
P01,Deluxe,2025-09-11,1450000,1311000,promo
P01,Deluxe,2025-09-12,1450000,1349000,promo
P01,Deluxe,2025-09-13,1450000,1352000,promo
P01,Deluxe,2025-09-14,1450000,1403000,promo
P01,Deluxe,2025-09-15,1450000,1378000,promo
P01,Deluxe,2025-09-16,1450000,1267000,promo
P01,Deluxe,2025-09-17,1450000,1297000,promo
P01,Deluxe,2025-09-18,1450000,1283000,promo
P01,Deluxe,2025-09-19,1450000,1322000,promo
P01,Deluxe,2025-09-20,1450000,1378000,promo
P01,Deluxe,2025-09-21,1450000,1385000,promo
P01,Deluxe,2025-09-22,1450000,1368000,promo
P01,Deluxe,2025-09-23,1450000,1335000,promo
P01,Deluxe,2025-09-24,1450000,1323000,promo
P01,Deluxe,2025-09-25,1450000,1399000,promo
P01,Deluxe,2025-09-26,1450000,1331000,promo
P01,Deluxe,2025-09-27,1450000,1322000,promo
P01,Deluxe,2025-09-28,1450000,1326000,promo
P01,Deluxe,2025-09-29,1450000,1353000,promo
P01,Deluxe,2025-09-30,1450000,1333000,promo
P01,Deluxe,2025-10-01,1450000,1370000,promo
P01,Deluxe,2025-10-02,1450000,1296000,promo
P01,Deluxe,2025-10-03,1450000,1362000,promo
P01,Deluxe,2025-10-04,1450000,1367000,promo
P01,Deluxe,2025-10-05,1450000,1378000,promo
P01,Deluxe,2025-10-06,1450000,1448000,promo
P01,Deluxe,2025-10-07,1450000,1407000,promo
P01,Deluxe,2025-10-08,1450000,1448000,promo
P01,Deluxe,2025-10-09,1450000,1328000,promo
P01,Deluxe,2025-10-10,1450000,1336000,promo
P01,Deluxe,2025-10-11,1450000,1380000,promo
P01,Deluxe,2025-10-12,1450000,1325000,promo
P01,Deluxe,2025-10-13,1450000,1393000,promo
P01,Deluxe,2025-10-14,1450000,1351000,promo
P01,Deluxe,2025-10-15,1450000,1418000,promo
P01,Deluxe,2025-10-16,1450000,1332000,promo
P01,Deluxe,2025-10-17,1450000,1334000,promo
P01,Deluxe,2025-10-18,1450000,1420000,promo
P01,Deluxe,2025-10-19,1450000,1320000,promo
P01,Deluxe,2025-10-20,1450000,1311000,promo
P01,Deluxe,2025-10-21,1450000,1475000,promo
P01,Deluxe,2025-10-22,1450000,1386000,promo
P01,Deluxe,2025-10-23,1450000,1297000,promo
P01,Deluxe,2025-10-24,1450000,1422000,promo
P01,Deluxe,2025-10-25,1450000,1387000,promo
P01,Deluxe,2025-10-26,1450000,1379000,promo
P01,Deluxe,2025-10-27,1450000,1318000,promo
P01,Deluxe,2025-10-28,1450000,1366000,promo
P01,Deluxe,2025-10-29,1450000,1336000,promo
P01,Deluxe,2025-10-30,1450000,1365000,promo
P01,Deluxe,2025-10-31,1450000,1386000,promo
P01,Deluxe,2025-11-01,1450000,1415000,manual
P01,Deluxe,2025-11-02,1450000,1365000,manual
P01,Deluxe,2025-11-03,1450000,1398000,manual
P01,Deluxe,2025-11-04,1450000,1385000,manual
P01,Deluxe,2025-11-05,1450000,1402000,manual
P01,Deluxe,2025-11-06,1450000,1434000,manual
P01,Deluxe,2025-11-07,1450000,1391000,manual
P01,Deluxe,2025-11-08,1450000,1471000,manual
P01,Deluxe,2025-11-09,1450000,1508000,manual
P01,Deluxe,2025-11-10,1450000,1368000,manual
P01,Deluxe,2025-11-11,1450000,1384000,manual
P01,Deluxe,2025-11-12,1450000,1433000,manual
P01,Deluxe,2025-11-13,1450000,1430000,manual
P01,Deluxe,2025-11-14,1450000,1433000,manual
P01,Deluxe,2025-11-15,1450000,1418000,manual
P01,Deluxe,2025-11-16,1450000,1463000,manual
P01,Deluxe,2025-11-17,1450000,1473000,manual
P01,Deluxe,2025-11-18,1450000,1465000,manual
P01,Deluxe,2025-11-19,1450000,1391000,manual
P01,Deluxe,2025-11-20,1450000,1470000,manual
P01,Deluxe,2025-11-21,1450000,1410000,manual
P01,Deluxe,2025-11-22,1450000,1408000,manual
P01,Deluxe,2025-11-23,1450000,1527000,manual
P01,Deluxe,2025-11-24,1450000,1467000,manual
P01,Deluxe,2025-11-25,1450000,1429000,manual
P01,Deluxe,2025-11-26,1450000,1472000,manual
P01,Deluxe,2025-11-27,1450000,1453000,manual
P01,Deluxe,2025-11-28,1450000,1381000,manual
P01,Deluxe,2025-11-29,1450000,1502000,manual
P01,Deluxe,2025-11-30,1450000,1416000,manual
P01,Deluxe,2025-12-01,1450000,1677000,manual
P01,Deluxe,2025-12-02,1450000,1705000,manual
P01,Deluxe,2025-12-03,1450000,1691000,manual
P01,Deluxe,2025-12-04,1450000,1587000,manual
P01,Deluxe,2025-12-05,1450000,1623000,manual
P01,Deluxe,2025-12-06,1450000,1679000,manual
P01,Deluxe,2025-12-07,1450000,1598000,manual
P01,Deluxe,2025-12-08,1450000,1681000,manual
P01,Deluxe,2025-12-09,1450000,1674000,manual
P01,Deluxe,2025-12-10,1450000,1665000,manual
P01,Deluxe,2025-12-11,1450000,1713000,manual
P01,Deluxe,2025-12-12,1450000,1587000,manual
P01,Deluxe,2025-12-13,1450000,1631000,manual
P01,Deluxe,2025-12-14,1450000,1684000,manual
P01,Deluxe,2025-12-15,1450000,1705000,manual
P01,Deluxe,2025-12-16,1450000,1609000,manual
P01,Deluxe,2025-12-17,1450000,1683000,manual
P01,Deluxe,2025-12-18,1450000,1616000,manual
P01,Deluxe,2025-12-19,1450000,1687000,manual
P01,Deluxe,2025-12-20,1450000,1624000,manual
P01,Deluxe,2025-12-21,1450000,1603000,manual
P01,Deluxe,2025-12-22,1450000,1704000,manual
P01,Deluxe,2025-12-23,1450000,1589000,manual
P01,Deluxe,2025-12-24,1450000,1641000,manual
P01,Deluxe,2025-12-25,1450000,1653000,manual
P01,Deluxe,2025-12-26,1450000,1626000,manual
P01,Deluxe,2025-12-27,1450000,1568000,manual
P01,Deluxe,2025-12-28,1450000,1618000,manual
P01,Deluxe,2025-12-29,1450000,1628000,manual
P01,Deluxe,2025-12-30,1450000,1602000,manual
P01,Deluxe,2025-12-31,1450000,1634000,manual
P01,Deluxe,2026-01-01,1450000,1634000,manual
P01,Deluxe,2026-01-02,1450000,1663000,manual
P01,Deluxe,2026-01-03,1450000,1605000,manual
P01,Deluxe,2026-01-04,1450000,1583000,manual
P01,Deluxe,2026-01-05,1450000,1658000,manual
P01,Deluxe,2026-01-06,1450000,1662000,manual
P01,Deluxe,2026-01-07,1450000,1602000,manual
P01,Deluxe,2026-01-08,1450000,1629000,manual
P01,Deluxe,2026-01-09,1450000,1604000,manual
P01,Deluxe,2026-01-10,1450000,1610000,manual
P01,Deluxe,2026-01-11,1450000,1567000,manual
P01,Deluxe,2026-01-12,1450000,1570000,manual
P01,Deluxe,2026-01-13,1450000,1665000,manual
P01,Deluxe,2026-01-14,1450000,1617000,manual
P01,Deluxe,2026-01-15,1450000,1633000,manual
P01,Deluxe,2026-01-16,1450000,1687000,manual
P01,Deluxe,2026-01-17,1450000,1589000,manual
P01,Deluxe,2026-01-18,1450000,1613000,manual
P01,Deluxe,2026-01-19,1450000,1563000,manual
P01,Deluxe,2026-01-20,1450000,1562000,manual
P01,Deluxe,2026-01-21,1450000,1572000,manual
P01,Deluxe,2026-01-22,1450000,1632000,manual
P01,Deluxe,2026-01-23,1450000,1605000,manual
P01,Deluxe,2026-01-24,1450000,1524000,manual
P01,Deluxe,2026-01-25,1450000,1599000,manual
P01,Deluxe,2026-01-26,1450000,1530000,manual
P01,Deluxe,2026-01-27,1450000,1663000,manual
P01,Deluxe,2026-01-28,1450000,1600000,manual
P01,Deluxe,2026-01-29,1450000,1580000,manual
P01,Deluxe,2026-01-30,1450000,1557000,manual
P01,Deluxe,2026-01-31,1450000,1569000,manual
P01,Deluxe,2026-02-01,1450000,1325000,promo
P01,Deluxe,2026-02-02,1450000,1397000,promo
P01,Deluxe,2026-02-03,1450000,1382000,promo
P01,Deluxe,2026-02-04,1450000,1256000,promo
P01,Deluxe,2026-02-05,1450000,1307000,promo
P01,Deluxe,2026-02-06,1450000,1430000,promo
P01,Deluxe,2026-02-07,1450000,1352000,promo
P01,Deluxe,2026-02-08,1450000,1334000,promo
P01,Deluxe,2026-02-09,1450000,1319000,promo
P01,Deluxe,2026-02-10,1450000,1415000,promo
P01,Deluxe,2026-02-11,1450000,1374000,promo
P01,Deluxe,2026-02-12,1450000,1396000,promo
P01,Deluxe,2026-02-13,1450000,1336000,promo
P01,Deluxe,2026-02-14,1450000,1292000,promo
P01,Deluxe,2026-02-15,1450000,1308000,promo
P01,Deluxe,2026-02-16,1450000,1466000,promo
P01,Deluxe,2026-02-17,1450000,1377000,promo
P01,Deluxe,2026-02-18,1450000,1374000,promo
P01,Deluxe,2026-02-19,1450000,1367000,promo
P01,Deluxe,2026-02-20,1450000,1411000,promo
P01,Deluxe,2026-02-21,1450000,1434000,promo
P01,Deluxe,2026-02-22,1450000,1354000,promo
P01,Deluxe,2026-02-23,1450000,1368000,promo
P01,Deluxe,2026-02-24,1450000,1333000,promo
P01,Deluxe,2026-02-25,1450000,1451000,promo
P01,Deluxe,2026-02-26,1450000,1375000,promo
P01,Deluxe,2026-02-27,1450000,1373000,promo
P01,Deluxe,2026-02-28,1450000,1351000,promo
P01,Deluxe,2026-03-01,1450000,1348000,promo
P01,Deluxe,2026-03-02,1450000,1353000,promo
P01,Deluxe,2026-03-03,1450000,1423000,promo
P01,Deluxe,2026-03-04,1450000,1398000,promo
P01,Deluxe,2026-03-05,1450000,1314000,promo
P01,Deluxe,2026-03-06,1450000,1435000,promo
P01,Deluxe,2026-03-07,1450000,1391000,promo
P01,Deluxe,2026-03-08,1450000,1482000,promo
P01,Deluxe,2026-03-09,1450000,1339000,promo
P01,Deluxe,2026-03-10,1450000,1389000,promo
P01,Deluxe,2026-03-11,1450000,1459000,promo
P01,Deluxe,2026-03-12,1450000,1361000,promo
P01,Deluxe,2026-03-13,1450000,1377000,promo
P01,Deluxe,2026-03-14,1450000,1420000,promo
P01,Deluxe,2026-03-15,1450000,1370000,promo
P01,Deluxe,2026-03-16,1450000,1386000,promo
P01,Deluxe,2026-03-17,1450000,1369000,promo
P01,Deluxe,2026-03-18,1450000,1464000,promo
P01,Deluxe,2026-03-19,1450000,1397000,promo
P01,Deluxe,2026-03-20,1450000,1393000,promo
P01,Deluxe,2026-03-21,1450000,1348000,promo
P01,Deluxe,2026-03-22,1450000,1474000,promo
P01,Deluxe,2026-03-23,1450000,1366000,promo
P01,Deluxe,2026-03-24,1450000,1368000,promo
P01,Deluxe,2026-03-25,1450000,1298000,promo
P01,Deluxe,2026-03-26,1450000,1395000,promo
P01,Deluxe,2026-03-27,1450000,1375000,promo
P01,Deluxe,2026-03-28,1450000,1442000,promo
P01,Deluxe,2026-03-29,1450000,1403000,promo
P01,Deluxe,2026-03-30,1450000,1364000,promo
P01,Deluxe,2026-03-31,1450000,1338000,promo
P01,Deluxe,2026-04-01,1450000,1505000,manual
P01,Deluxe,2026-04-02,1450000,1458000,manual
P01,Deluxe,2026-04-03,1450000,1472000,manual
P01,Deluxe,2026-04-04,1450000,1406000,manual
P01,Deluxe,2026-04-05,1450000,1476000,manual
P01,Deluxe,2026-04-06,1450000,1408000,manual
P01,Deluxe,2026-04-07,1450000,1430000,manual
P01,Deluxe,2026-04-08,1450000,1433000,manual
P01,Deluxe,2026-04-09,1450000,1452000,manual
P01,Deluxe,2026-04-10,1450000,1505000,manual
P01,Deluxe,2026-04-11,1450000,1431000,manual
P01,Deluxe,2026-04-12,1450000,1473000,manual
P01,Deluxe,2026-04-13,1450000,1471000,manual
P01,Deluxe,2026-04-14,1450000,1416000,manual
P01,Deluxe,2026-04-15,1450000,1502000,manual
P01,Deluxe,2026-04-16,1450000,1507000,manual
P01,Deluxe,2026-04-17,1450000,1403000,manual
P01,Deluxe,2026-04-18,1450000,1409000,manual
P01,Deluxe,2026-04-19,1450000,1487000,manual
P01,Deluxe,2026-04-20,1450000,1478000,manual
P01,Deluxe,2026-04-21,1450000,1435000,manual
P01,Deluxe,2026-04-22,1450000,1432000,manual
P01,Deluxe,2026-04-23,1450000,1435000,manual
P01,Deluxe,2026-04-24,1450000,1472000,manual
P01,Deluxe,2026-04-25,1450000,1518000,manual
P01,Deluxe,2026-04-26,1450000,1422000,manual
P01,Deluxe,2026-04-27,1450000,1410000,manual
P01,Deluxe,2026-04-28,1450000,1460000,manual
P01,Deluxe,2026-04-29,1450000,1491000,manual
P01,Deluxe,2026-04-30,1450000,1463000,manual
P01,Deluxe,2026-05-01,1450000,1449000,manual
P01,Deluxe,2026-05-02,1450000,1384000,manual
P01,Deluxe,2026-05-03,1450000,1461000,manual
P01,Deluxe,2026-05-04,1450000,1530000,manual
P01,Deluxe,2026-05-05,1450000,1450000,manual
P01,Deluxe,2026-05-06,1450000,1416000,manual
P01,Deluxe,2026-05-07,1450000,1480000,manual
P01,Deluxe,2026-05-08,1450000,1439000,manual
P01,Deluxe,2026-05-09,1450000,1525000,manual
P01,Deluxe,2026-05-10,1450000,1524000,manual
P01,Deluxe,2026-05-11,1450000,1453000,manual
P01,Deluxe,2026-05-12,1450000,1464000,manual
P01,Deluxe,2026-05-13,1450000,1445000,manual
P01,Deluxe,2026-05-14,1450000,1457000,manual
P01,Deluxe,2026-05-15,1450000,1564000,manual
P01,Deluxe,2026-05-16,1450000,1492000,manual
P01,Deluxe,2026-05-17,1450000,1469000,manual
P01,Deluxe,2026-05-18,1450000,1430000,manual
P01,Deluxe,2026-05-19,1450000,1408000,manual
P01,Deluxe,2026-05-20,1450000,1531000,manual
P01,Deluxe,2026-05-21,1450000,1446000,manual
P01,Deluxe,2026-05-22,1450000,1447000,manual
P01,Deluxe,2026-05-23,1450000,1433000,manual
P01,Deluxe,2026-05-24,1450000,1395000,manual
P01,Deluxe,2026-05-25,1450000,1512000,manual
P01,Deluxe,2026-05-26,1450000,1518000,manual
P01,Deluxe,2026-05-27,1450000,1577000,manual
P01,Deluxe,2026-05-28,1450000,1397000,manual
P01,Deluxe,2026-05-29,1450000,1475000,manual
P01,Deluxe,2026-05-30,1450000,1486000,manual
P01,Deluxe,2026-05-31,1450000,1499000,manual
P01,Deluxe,2026-06-01,1450000,1571000,manual
P01,Deluxe,2026-06-02,1450000,1541000,manual
P01,Deluxe,2026-06-03,1450000,1564000,manual
P01,Deluxe,2026-06-04,1450000,1506000,manual
P01,Deluxe,2026-06-05,1450000,1527000,manual
P01,Deluxe,2026-06-06,1450000,1586000,manual
P01,Deluxe,2026-06-07,1450000,1528000,manual
P01,Deluxe,2026-06-08,1450000,1516000,manual
P01,Deluxe,2026-06-09,1450000,1565000,manual
P01,Deluxe,2026-06-10,1450000,1582000,manual
P01,Deluxe,2026-06-11,1450000,1576000,manual
P01,Deluxe,2026-06-12,1450000,1540000,manual
P01,Deluxe,2026-06-13,1450000,1535000,manual
P01,Deluxe,2026-06-14,1450000,1547000,manual
P01,Deluxe,2026-06-15,1450000,1583000,manual
P01,Deluxe,2026-06-16,1450000,1509000,manual
P01,Deluxe,2026-06-17,1450000,1563000,manual
P01,Deluxe,2026-06-18,1450000,1484000,manual
P01,Deluxe,2026-06-19,1450000,1586000,manual
P01,Deluxe,2026-06-20,1450000,1589000,manual
P01,Deluxe,2026-06-21,1450000,1609000,manual
P01,Deluxe,2026-06-22,1450000,1549000,manual
P01,Deluxe,2026-06-23,1450000,1588000,manual
P01,Deluxe,2026-06-24,1450000,1609000,manual
P01,Deluxe,2026-06-25,1450000,1650000,manual
P01,Deluxe,2026-06-26,1450000,1678000,manual
P01,Deluxe,2026-06-27,1450000,1529000,manual
P01,Deluxe,2026-06-28,1450000,1554000,manual
P01,Deluxe,2026-06-29,1450000,1471000,manual
P01,Deluxe,2026-06-30,1450000,1502000,manual
P01,Suite,2023-07-01,2800000,3232000,manual
P01,Suite,2023-07-02,2800000,3003000,manual
P01,Suite,2023-07-03,2800000,3158000,manual
P01,Suite,2023-07-04,2800000,3084000,manual
P01,Suite,2023-07-05,2800000,3075000,manual
P01,Suite,2023-07-06,2800000,3136000,manual
P01,Suite,2023-07-07,2800000,3196000,manual
P01,Suite,2023-07-08,2800000,3043000,manual
P01,Suite,2023-07-09,2800000,2983000,manual
P01,Suite,2023-07-10,2800000,3045000,manual
P01,Suite,2023-07-11,2800000,3207000,manual
P01,Suite,2023-07-12,2800000,2925000,manual
P01,Suite,2023-07-13,2800000,3077000,manual
P01,Suite,2023-07-14,2800000,3099000,manual
P01,Suite,2023-07-15,2800000,3249000,manual
P01,Suite,2023-07-16,2800000,3080000,manual
P01,Suite,2023-07-17,2800000,3163000,manual
P01,Suite,2023-07-18,2800000,3077000,manual
P01,Suite,2023-07-19,2800000,3199000,manual
P01,Suite,2023-07-20,2800000,3130000,manual
P01,Suite,2023-07-21,2800000,3056000,manual
P01,Suite,2023-07-22,2800000,3315000,manual
P01,Suite,2023-07-23,2800000,3027000,manual
P01,Suite,2023-07-24,2800000,3172000,manual
P01,Suite,2023-07-25,2800000,3089000,manual
P01,Suite,2023-07-26,2800000,3138000,manual
P01,Suite,2023-07-27,2800000,3117000,manual
P01,Suite,2023-07-28,2800000,3244000,manual
P01,Suite,2023-07-29,2800000,2910000,manual
P01,Suite,2023-07-30,2800000,3151000,manual
P01,Suite,2023-07-31,2800000,3149000,manual
P01,Suite,2023-08-01,2800000,2930000,manual
P01,Suite,2023-08-02,2800000,2828000,manual
P01,Suite,2023-08-03,2800000,2824000,manual
P01,Suite,2023-08-04,2800000,2971000,manual
P01,Suite,2023-08-05,2800000,2907000,manual
P01,Suite,2023-08-06,2800000,2800000,manual
P01,Suite,2023-08-07,2800000,2848000,manual
P01,Suite,2023-08-08,2800000,2894000,manual
P01,Suite,2023-08-09,2800000,2813000,manual
P01,Suite,2023-08-10,2800000,2729000,manual
P01,Suite,2023-08-11,2800000,2877000,manual
P01,Suite,2023-08-12,2800000,2949000,manual
P01,Suite,2023-08-13,2800000,2878000,manual
P01,Suite,2023-08-14,2800000,2716000,manual
P01,Suite,2023-08-15,2800000,2871000,manual
P01,Suite,2023-08-16,2800000,2905000,manual
P01,Suite,2023-08-17,2800000,2872000,manual
P01,Suite,2023-08-18,2800000,2908000,manual
P01,Suite,2023-08-19,2800000,2857000,manual
P01,Suite,2023-08-20,2800000,2787000,manual
P01,Suite,2023-08-21,2800000,2928000,manual
P01,Suite,2023-08-22,2800000,2938000,manual
P01,Suite,2023-08-23,2800000,2927000,manual
P01,Suite,2023-08-24,2800000,2884000,manual
P01,Suite,2023-08-25,2800000,2829000,manual
P01,Suite,2023-08-26,2800000,2730000,manual
P01,Suite,2023-08-27,2800000,2952000,manual
P01,Suite,2023-08-28,2800000,2813000,manual
P01,Suite,2023-08-29,2800000,2919000,manual
P01,Suite,2023-08-30,2800000,2804000,manual
P01,Suite,2023-08-31,2800000,2815000,manual
P01,Suite,2023-09-01,2800000,2699000,promo
P01,Suite,2023-09-02,2800000,2690000,promo
P01,Suite,2023-09-03,2800000,2535000,promo
P01,Suite,2023-09-04,2800000,2655000,promo
P01,Suite,2023-09-05,2800000,2744000,promo
P01,Suite,2023-09-06,2800000,2573000,promo
P01,Suite,2023-09-07,2800000,2611000,promo
P01,Suite,2023-09-08,2800000,2716000,promo
P01,Suite,2023-09-09,2800000,2580000,promo
P01,Suite,2023-09-10,2800000,2766000,promo
P01,Suite,2023-09-11,2800000,2623000,promo
P01,Suite,2023-09-12,2800000,2642000,promo
P01,Suite,2023-09-13,2800000,2694000,promo
P01,Suite,2023-09-14,2800000,2574000,promo
P01,Suite,2023-09-15,2800000,2655000,promo
P01,Suite,2023-09-16,2800000,2707000,promo
P01,Suite,2023-09-17,2800000,2460000,promo
P01,Suite,2023-09-18,2800000,2659000,promo
P01,Suite,2023-09-19,2800000,2475000,promo
P01,Suite,2023-09-20,2800000,2607000,promo
P01,Suite,2023-09-21,2800000,2560000,promo
P01,Suite,2023-09-22,2800000,2587000,promo
P01,Suite,2023-09-23,2800000,2418000,promo
P01,Suite,2023-09-24,2800000,2563000,promo
P01,Suite,2023-09-25,2800000,2656000,promo
P01,Suite,2023-09-26,2800000,2602000,promo
P01,Suite,2023-09-27,2800000,2632000,promo
P01,Suite,2023-09-28,2800000,2638000,promo
P01,Suite,2023-09-29,2800000,2618000,promo
P01,Suite,2023-09-30,2800000,2568000,promo
P01,Suite,2023-10-01,2800000,2578000,promo
P01,Suite,2023-10-02,2800000,2539000,promo
P01,Suite,2023-10-03,2800000,2569000,promo
P01,Suite,2023-10-04,2800000,2632000,promo
P01,Suite,2023-10-05,2800000,2754000,promo
P01,Suite,2023-10-06,2800000,2723000,promo
P01,Suite,2023-10-07,2800000,2735000,promo
P01,Suite,2023-10-08,2800000,2571000,promo
P01,Suite,2023-10-09,2800000,2471000,promo
P01,Suite,2023-10-10,2800000,2666000,promo
P01,Suite,2023-10-11,2800000,2820000,promo
P01,Suite,2023-10-12,2800000,2735000,promo
P01,Suite,2023-10-13,2800000,2686000,promo
P01,Suite,2023-10-14,2800000,2871000,promo
P01,Suite,2023-10-15,2800000,2684000,promo
P01,Suite,2023-10-16,2800000,2679000,promo
P01,Suite,2023-10-17,2800000,2608000,promo
P01,Suite,2023-10-18,2800000,2642000,promo
P01,Suite,2023-10-19,2800000,2529000,promo
P01,Suite,2023-10-20,2800000,2666000,promo
P01,Suite,2023-10-21,2800000,2604000,promo
P01,Suite,2023-10-22,2800000,2614000,promo
P01,Suite,2023-10-23,2800000,2682000,promo
P01,Suite,2023-10-24,2800000,2657000,promo
P01,Suite,2023-10-25,2800000,2536000,promo
P01,Suite,2023-10-26,2800000,2579000,promo
P01,Suite,2023-10-27,2800000,2692000,promo
P01,Suite,2023-10-28,2800000,2679000,promo
P01,Suite,2023-10-29,2800000,2553000,promo
P01,Suite,2023-10-30,2800000,2639000,promo
P01,Suite,2023-10-31,2800000,2642000,promo
P01,Suite,2023-11-01,2800000,2724000,manual
P01,Suite,2023-11-02,2800000,2788000,manual
P01,Suite,2023-11-03,2800000,2585000,manual
P01,Suite,2023-11-04,2800000,2720000,manual
P01,Suite,2023-11-05,2800000,2774000,manual
P01,Suite,2023-11-06,2800000,2823000,manual
P01,Suite,2023-11-07,2800000,2825000,manual
P01,Suite,2023-11-08,2800000,2696000,manual
P01,Suite,2023-11-09,2800000,2674000,manual
P01,Suite,2023-11-10,2800000,2742000,manual
P01,Suite,2023-11-11,2800000,2702000,manual
P01,Suite,2023-11-12,2800000,2612000,manual
P01,Suite,2023-11-13,2800000,2914000,manual
P01,Suite,2023-11-14,2800000,2748000,manual
P01,Suite,2023-11-15,2800000,2734000,manual
P01,Suite,2023-11-16,2800000,2896000,manual
P01,Suite,2023-11-17,2800000,2782000,manual
P01,Suite,2023-11-18,2800000,2845000,manual
P01,Suite,2023-11-19,2800000,2734000,manual
P01,Suite,2023-11-20,2800000,2716000,manual
P01,Suite,2023-11-21,2800000,2775000,manual
P01,Suite,2023-11-22,2800000,2750000,manual
P01,Suite,2023-11-23,2800000,2780000,manual
P01,Suite,2023-11-24,2800000,2747000,manual
P01,Suite,2023-11-25,2800000,2788000,manual
P01,Suite,2023-11-26,2800000,2778000,manual
P01,Suite,2023-11-27,2800000,2688000,manual
P01,Suite,2023-11-28,2800000,2778000,manual
P01,Suite,2023-11-29,2800000,2820000,manual
P01,Suite,2023-11-30,2800000,2773000,manual
P01,Suite,2023-12-01,2800000,3044000,manual
P01,Suite,2023-12-02,2800000,3079000,manual
P01,Suite,2023-12-03,2800000,3046000,manual
P01,Suite,2023-12-04,2800000,3072000,manual
P01,Suite,2023-12-05,2800000,3135000,manual
P01,Suite,2023-12-06,2800000,3282000,manual
P01,Suite,2023-12-07,2800000,3094000,manual
P01,Suite,2023-12-08,2800000,3133000,manual
P01,Suite,2023-12-09,2800000,3172000,manual
P01,Suite,2023-12-10,2800000,2958000,manual
P01,Suite,2023-12-11,2800000,3291000,manual
P01,Suite,2023-12-12,2800000,2985000,manual
P01,Suite,2023-12-13,2800000,3019000,manual
P01,Suite,2023-12-14,2800000,3167000,manual
P01,Suite,2023-12-15,2800000,3061000,manual
P01,Suite,2023-12-16,2800000,3039000,manual
P01,Suite,2023-12-17,2800000,3215000,manual
P01,Suite,2023-12-18,2800000,3040000,manual
P01,Suite,2023-12-19,2800000,3106000,manual
P01,Suite,2023-12-20,2800000,3102000,manual
P01,Suite,2023-12-21,2800000,3185000,manual
P01,Suite,2023-12-22,2800000,3203000,manual
P01,Suite,2023-12-23,2800000,3180000,manual
P01,Suite,2023-12-24,2800000,2942000,manual
P01,Suite,2023-12-25,2800000,3112000,manual
P01,Suite,2023-12-26,2800000,2997000,manual
P01,Suite,2023-12-27,2800000,3132000,manual
P01,Suite,2023-12-28,2800000,3064000,manual
P01,Suite,2023-12-29,2800000,3029000,manual
P01,Suite,2023-12-30,2800000,3305000,manual
P01,Suite,2023-12-31,2800000,3086000,manual
P01,Suite,2024-01-01,2800000,3077000,manual
P01,Suite,2024-01-02,2800000,3212000,manual
P01,Suite,2024-01-03,2800000,3018000,manual
P01,Suite,2024-01-04,2800000,3114000,manual
P01,Suite,2024-01-05,2800000,2923000,manual
P01,Suite,2024-01-06,2800000,3047000,manual
P01,Suite,2024-01-07,2800000,3170000,manual
P01,Suite,2024-01-08,2800000,3165000,manual
P01,Suite,2024-01-09,2800000,3086000,manual
P01,Suite,2024-01-10,2800000,3232000,manual
P01,Suite,2024-01-11,2800000,3257000,manual
P01,Suite,2024-01-12,2800000,3158000,manual
P01,Suite,2024-01-13,2800000,3150000,manual
P01,Suite,2024-01-14,2800000,3044000,manual
P01,Suite,2024-01-15,2800000,2982000,manual
P01,Suite,2024-01-16,2800000,3185000,manual
P01,Suite,2024-01-17,2800000,3063000,manual
P01,Suite,2024-01-18,2800000,3122000,manual
P01,Suite,2024-01-19,2800000,3002000,manual
P01,Suite,2024-01-20,2800000,3094000,manual
P01,Suite,2024-01-21,2800000,3195000,manual
P01,Suite,2024-01-22,2800000,3100000,manual
P01,Suite,2024-01-23,2800000,3051000,manual
P01,Suite,2024-01-24,2800000,3178000,manual
P01,Suite,2024-01-25,2800000,3178000,manual
P01,Suite,2024-01-26,2800000,3310000,manual
P01,Suite,2024-01-27,2800000,3065000,manual
P01,Suite,2024-01-28,2800000,2930000,manual
P01,Suite,2024-01-29,2800000,3045000,manual
P01,Suite,2024-01-30,2800000,3153000,manual
P01,Suite,2024-01-31,2800000,3164000,manual
P01,Suite,2024-02-01,2800000,2688000,promo
P01,Suite,2024-02-02,2800000,2687000,promo
P01,Suite,2024-02-03,2800000,2629000,promo
P01,Suite,2024-02-04,2800000,2622000,promo
P01,Suite,2024-02-05,2800000,2556000,promo
P01,Suite,2024-02-06,2800000,2695000,promo
P01,Suite,2024-02-07,2800000,2447000,promo
P01,Suite,2024-02-08,2800000,2559000,promo
P01,Suite,2024-02-09,2800000,2686000,promo
P01,Suite,2024-02-10,2800000,2654000,promo
P01,Suite,2024-02-11,2800000,2665000,promo
P01,Suite,2024-02-12,2800000,2579000,promo
P01,Suite,2024-02-13,2800000,2723000,promo
P01,Suite,2024-02-14,2800000,2728000,promo
P01,Suite,2024-02-15,2800000,2545000,promo
P01,Suite,2024-02-16,2800000,2719000,promo
P01,Suite,2024-02-17,2800000,2641000,promo
P01,Suite,2024-02-18,2800000,2613000,promo
P01,Suite,2024-02-19,2800000,2593000,promo
P01,Suite,2024-02-20,2800000,2594000,promo
P01,Suite,2024-02-21,2800000,2664000,promo
P01,Suite,2024-02-22,2800000,2564000,promo
P01,Suite,2024-02-23,2800000,2642000,promo
P01,Suite,2024-02-24,2800000,2551000,promo
P01,Suite,2024-02-25,2800000,2647000,promo
P01,Suite,2024-02-26,2800000,2641000,promo
P01,Suite,2024-02-27,2800000,2627000,promo
P01,Suite,2024-02-28,2800000,2598000,promo
P01,Suite,2024-02-29,2800000,2592000,promo
P01,Suite,2024-03-01,2800000,2713000,promo
P01,Suite,2024-03-02,2800000,2635000,promo
P01,Suite,2024-03-03,2800000,2721000,promo
P01,Suite,2024-03-04,2800000,2597000,promo
P01,Suite,2024-03-05,2800000,2734000,promo
P01,Suite,2024-03-06,2800000,2699000,promo
P01,Suite,2024-03-07,2800000,2636000,promo
P01,Suite,2024-03-08,2800000,2461000,promo
P01,Suite,2024-03-09,2800000,2708000,promo
P01,Suite,2024-03-10,2800000,2534000,promo
P01,Suite,2024-03-11,2800000,2701000,promo
P01,Suite,2024-03-12,2800000,2522000,promo
P01,Suite,2024-03-13,2800000,2635000,promo
P01,Suite,2024-03-14,2800000,2749000,promo
P01,Suite,2024-03-15,2800000,2663000,promo
P01,Suite,2024-03-16,2800000,2603000,promo
P01,Suite,2024-03-17,2800000,2614000,promo
P01,Suite,2024-03-18,2800000,2614000,promo
P01,Suite,2024-03-19,2800000,2584000,promo
P01,Suite,2024-03-20,2800000,2652000,promo
P01,Suite,2024-03-21,2800000,2786000,promo
P01,Suite,2024-03-22,2800000,2605000,promo
P01,Suite,2024-03-23,2800000,2652000,promo
P01,Suite,2024-03-24,2800000,2677000,promo
P01,Suite,2024-03-25,2800000,2676000,promo
P01,Suite,2024-03-26,2800000,2620000,promo
P01,Suite,2024-03-27,2800000,2617000,promo
P01,Suite,2024-03-28,2800000,2682000,promo
P01,Suite,2024-03-29,2800000,2592000,promo
P01,Suite,2024-03-30,2800000,2687000,promo
P01,Suite,2024-03-31,2800000,2615000,promo
P01,Suite,2024-04-01,2800000,2835000,manual
P01,Suite,2024-04-02,2800000,2735000,manual
P01,Suite,2024-04-03,2800000,2727000,manual
P01,Suite,2024-04-04,2800000,2888000,manual
P01,Suite,2024-04-05,2800000,2684000,manual
P01,Suite,2024-04-06,2800000,2820000,manual
P01,Suite,2024-04-07,2800000,2813000,manual
P01,Suite,2024-04-08,2800000,2648000,manual
P01,Suite,2024-04-09,2800000,2871000,manual
P01,Suite,2024-04-10,2800000,2731000,manual
P01,Suite,2024-04-11,2800000,2770000,manual
P01,Suite,2024-04-12,2800000,2779000,manual
P01,Suite,2024-04-13,2800000,2864000,manual
P01,Suite,2024-04-14,2800000,2879000,manual
P01,Suite,2024-04-15,2800000,2695000,manual
P01,Suite,2024-04-16,2800000,2749000,manual
P01,Suite,2024-04-17,2800000,2805000,manual
P01,Suite,2024-04-18,2800000,2773000,manual
P01,Suite,2024-04-19,2800000,2885000,manual
P01,Suite,2024-04-20,2800000,2887000,manual
P01,Suite,2024-04-21,2800000,2740000,manual
P01,Suite,2024-04-22,2800000,2738000,manual
P01,Suite,2024-04-23,2800000,2830000,manual
P01,Suite,2024-04-24,2800000,2918000,manual
P01,Suite,2024-04-25,2800000,2875000,manual
P01,Suite,2024-04-26,2800000,2846000,manual
P01,Suite,2024-04-27,2800000,2696000,manual
P01,Suite,2024-04-28,2800000,2838000,manual
P01,Suite,2024-04-29,2800000,2904000,manual
P01,Suite,2024-04-30,2800000,2808000,manual
P01,Suite,2024-05-01,2800000,2907000,manual
P01,Suite,2024-05-02,2800000,2954000,manual
P01,Suite,2024-05-03,2800000,2813000,manual
P01,Suite,2024-05-04,2800000,2857000,manual
P01,Suite,2024-05-05,2800000,2818000,manual
P01,Suite,2024-05-06,2800000,2978000,manual
P01,Suite,2024-05-07,2800000,2844000,manual
P01,Suite,2024-05-08,2800000,2803000,manual
P01,Suite,2024-05-09,2800000,2805000,manual
P01,Suite,2024-05-10,2800000,2742000,manual
P01,Suite,2024-05-11,2800000,2812000,manual
P01,Suite,2024-05-12,2800000,2831000,manual
P01,Suite,2024-05-13,2800000,2705000,manual
P01,Suite,2024-05-14,2800000,2882000,manual
P01,Suite,2024-05-15,2800000,2806000,manual
P01,Suite,2024-05-16,2800000,2670000,manual
P01,Suite,2024-05-17,2800000,2907000,manual
P01,Suite,2024-05-18,2800000,2845000,manual
P01,Suite,2024-05-19,2800000,2946000,manual
P01,Suite,2024-05-20,2800000,2779000,manual
P01,Suite,2024-05-21,2800000,2948000,manual
P01,Suite,2024-05-22,2800000,2868000,manual
P01,Suite,2024-05-23,2800000,2777000,manual
P01,Suite,2024-05-24,2800000,2754000,manual
P01,Suite,2024-05-25,2800000,2839000,manual
P01,Suite,2024-05-26,2800000,2915000,manual
P01,Suite,2024-05-27,2800000,2744000,manual
P01,Suite,2024-05-28,2800000,2651000,manual
P01,Suite,2024-05-29,2800000,2751000,manual
P01,Suite,2024-05-30,2800000,2850000,manual
P01,Suite,2024-05-31,2800000,2938000,manual
P01,Suite,2024-06-01,2800000,2944000,manual
P01,Suite,2024-06-02,2800000,3022000,manual
P01,Suite,2024-06-03,2800000,3033000,manual
P01,Suite,2024-06-04,2800000,3122000,manual
P01,Suite,2024-06-05,2800000,2861000,manual
P01,Suite,2024-06-06,2800000,2793000,manual
P01,Suite,2024-06-07,2800000,3017000,manual
P01,Suite,2024-06-08,2800000,2983000,manual
P01,Suite,2024-06-09,2800000,2966000,manual
P01,Suite,2024-06-10,2800000,2969000,manual
P01,Suite,2024-06-11,2800000,2955000,manual
P01,Suite,2024-06-12,2800000,3092000,manual
P01,Suite,2024-06-13,2800000,2864000,manual
P01,Suite,2024-06-14,2800000,3017000,manual
P01,Suite,2024-06-15,2800000,3035000,manual
P01,Suite,2024-06-16,2800000,3034000,manual
P01,Suite,2024-06-17,2800000,2911000,manual
P01,Suite,2024-06-18,2800000,2946000,manual
P01,Suite,2024-06-19,2800000,3005000,manual
P01,Suite,2024-06-20,2800000,2992000,manual
P01,Suite,2024-06-21,2800000,2985000,manual
P01,Suite,2024-06-22,2800000,2891000,manual
P01,Suite,2024-06-23,2800000,2963000,manual
P01,Suite,2024-06-24,2800000,3125000,manual
P01,Suite,2024-06-25,2800000,2885000,manual
P01,Suite,2024-06-26,2800000,3256000,manual
P01,Suite,2024-06-27,2800000,2988000,manual
P01,Suite,2024-06-28,2800000,2982000,manual
P01,Suite,2024-06-29,2800000,3115000,manual
P01,Suite,2024-06-30,2800000,3046000,manual
P01,Suite,2024-07-01,2800000,2963000,manual
P01,Suite,2024-07-02,2800000,3162000,manual
P01,Suite,2024-07-03,2800000,3137000,manual
P01,Suite,2024-07-04,2800000,3124000,manual
P01,Suite,2024-07-05,2800000,3247000,manual
P01,Suite,2024-07-06,2800000,3100000,manual
P01,Suite,2024-07-07,2800000,3072000,manual
P01,Suite,2024-07-08,2800000,3052000,manual
P01,Suite,2024-07-09,2800000,2934000,manual
P01,Suite,2024-07-10,2800000,3099000,manual
P01,Suite,2024-07-11,2800000,3167000,manual
P01,Suite,2024-07-12,2800000,3113000,manual
P01,Suite,2024-07-13,2800000,3108000,manual
P01,Suite,2024-07-14,2800000,3130000,manual
P01,Suite,2024-07-15,2800000,3126000,manual
P01,Suite,2024-07-16,2800000,3134000,manual
P01,Suite,2024-07-17,2800000,3129000,manual
P01,Suite,2024-07-18,2800000,3063000,manual
P01,Suite,2024-07-19,2800000,3176000,manual
P01,Suite,2024-07-20,2800000,3123000,manual
P01,Suite,2024-07-21,2800000,3089000,manual
P01,Suite,2024-07-22,2800000,2977000,manual
P01,Suite,2024-07-23,2800000,3128000,manual
P01,Suite,2024-07-24,2800000,3125000,manual
P01,Suite,2024-07-25,2800000,2946000,manual
P01,Suite,2024-07-26,2800000,2979000,manual
P01,Suite,2024-07-27,2800000,3003000,manual
P01,Suite,2024-07-28,2800000,2945000,manual
P01,Suite,2024-07-29,2800000,3180000,manual
P01,Suite,2024-07-30,2800000,2942000,manual
P01,Suite,2024-07-31,2800000,3048000,manual
P01,Suite,2024-08-01,2800000,2946000,manual
P01,Suite,2024-08-02,2800000,2830000,manual
P01,Suite,2024-08-03,2800000,3020000,manual
P01,Suite,2024-08-04,2800000,2862000,manual
P01,Suite,2024-08-05,2800000,2886000,manual
P01,Suite,2024-08-06,2800000,2836000,manual
P01,Suite,2024-08-07,2800000,2800000,manual
P01,Suite,2024-08-08,2800000,2921000,manual
P01,Suite,2024-08-09,2800000,2945000,manual
P01,Suite,2024-08-10,2800000,2828000,manual
P01,Suite,2024-08-11,2800000,2690000,manual
P01,Suite,2024-08-12,2800000,2934000,manual
P01,Suite,2024-08-13,2800000,2777000,manual
P01,Suite,2024-08-14,2800000,2941000,manual
P01,Suite,2024-08-15,2800000,2833000,manual
P01,Suite,2024-08-16,2800000,2959000,manual
P01,Suite,2024-08-17,2800000,2917000,manual
P01,Suite,2024-08-18,2800000,2918000,manual
P01,Suite,2024-08-19,2800000,2989000,manual
P01,Suite,2024-08-20,2800000,2718000,manual
P01,Suite,2024-08-21,2800000,2920000,manual
P01,Suite,2024-08-22,2800000,3031000,manual
P01,Suite,2024-08-23,2800000,2772000,manual
P01,Suite,2024-08-24,2800000,2942000,manual
P01,Suite,2024-08-25,2800000,2664000,manual
P01,Suite,2024-08-26,2800000,2840000,manual
P01,Suite,2024-08-27,2800000,2840000,manual
P01,Suite,2024-08-28,2800000,3028000,manual
P01,Suite,2024-08-29,2800000,2959000,manual
P01,Suite,2024-08-30,2800000,2843000,manual
P01,Suite,2024-08-31,2800000,2790000,manual
P01,Suite,2024-09-01,2800000,2545000,promo
P01,Suite,2024-09-02,2800000,2451000,promo
P01,Suite,2024-09-03,2800000,2665000,promo
P01,Suite,2024-09-04,2800000,2523000,promo
P01,Suite,2024-09-05,2800000,2752000,promo
P01,Suite,2024-09-06,2800000,2608000,promo
P01,Suite,2024-09-07,2800000,2709000,promo
P01,Suite,2024-09-08,2800000,2741000,promo
P01,Suite,2024-09-09,2800000,2628000,promo
P01,Suite,2024-09-10,2800000,2691000,promo
P01,Suite,2024-09-11,2800000,2634000,promo
P01,Suite,2024-09-12,2800000,2795000,promo
P01,Suite,2024-09-13,2800000,2593000,promo
P01,Suite,2024-09-14,2800000,2627000,promo
P01,Suite,2024-09-15,2800000,2453000,promo
P01,Suite,2024-09-16,2800000,2363000,promo
P01,Suite,2024-09-17,2800000,2761000,promo
P01,Suite,2024-09-18,2800000,2554000,promo
P01,Suite,2024-09-19,2800000,2655000,promo
P01,Suite,2024-09-20,2800000,2531000,promo
P01,Suite,2024-09-21,2800000,2503000,promo
P01,Suite,2024-09-22,2800000,2607000,promo
P01,Suite,2024-09-23,2800000,2669000,promo
P01,Suite,2024-09-24,2800000,2655000,promo
P01,Suite,2024-09-25,2800000,2667000,promo
P01,Suite,2024-09-26,2800000,2474000,promo
P01,Suite,2024-09-27,2800000,2656000,promo
P01,Suite,2024-09-28,2800000,2644000,promo
P01,Suite,2024-09-29,2800000,2477000,promo
P01,Suite,2024-09-30,2800000,2654000,promo
P01,Suite,2024-10-01,2800000,2649000,promo
P01,Suite,2024-10-02,2800000,2619000,promo
P01,Suite,2024-10-03,2800000,2655000,promo
P01,Suite,2024-10-04,2800000,2526000,promo
P01,Suite,2024-10-05,2800000,2556000,promo
P01,Suite,2024-10-06,2800000,2691000,promo
P01,Suite,2024-10-07,2800000,2628000,promo
P01,Suite,2024-10-08,2800000,2685000,promo
P01,Suite,2024-10-09,2800000,2657000,promo
P01,Suite,2024-10-10,2800000,2640000,promo
P01,Suite,2024-10-11,2800000,2665000,promo
P01,Suite,2024-10-12,2800000,2716000,promo
P01,Suite,2024-10-13,2800000,2670000,promo
P01,Suite,2024-10-14,2800000,2677000,promo
P01,Suite,2024-10-15,2800000,2622000,promo
P01,Suite,2024-10-16,2800000,2640000,promo
P01,Suite,2024-10-17,2800000,2633000,promo
P01,Suite,2024-10-18,2800000,2535000,promo
P01,Suite,2024-10-19,2800000,2659000,promo
P01,Suite,2024-10-20,2800000,2558000,promo
P01,Suite,2024-10-21,2800000,2799000,promo
P01,Suite,2024-10-22,2800000,2652000,promo
P01,Suite,2024-10-23,2800000,2717000,promo
P01,Suite,2024-10-24,2800000,2676000,promo
P01,Suite,2024-10-25,2800000,2652000,promo
P01,Suite,2024-10-26,2800000,2702000,promo
P01,Suite,2024-10-27,2800000,2568000,promo
P01,Suite,2024-10-28,2800000,2717000,promo
P01,Suite,2024-10-29,2800000,2705000,promo
P01,Suite,2024-10-30,2800000,2519000,promo
P01,Suite,2024-10-31,2800000,2700000,promo
P01,Suite,2024-11-01,2800000,2726000,manual
P01,Suite,2024-11-02,2800000,2793000,manual
P01,Suite,2024-11-03,2800000,2902000,manual
P01,Suite,2024-11-04,2800000,2706000,manual
P01,Suite,2024-11-05,2800000,2805000,manual
P01,Suite,2024-11-06,2800000,2796000,manual
P01,Suite,2024-11-07,2800000,2868000,manual
P01,Suite,2024-11-08,2800000,2715000,manual
P01,Suite,2024-11-09,2800000,2753000,manual
P01,Suite,2024-11-10,2800000,2730000,manual
P01,Suite,2024-11-11,2800000,2899000,manual
P01,Suite,2024-11-12,2800000,2805000,manual
P01,Suite,2024-11-13,2800000,2679000,manual
P01,Suite,2024-11-14,2800000,2855000,manual
P01,Suite,2024-11-15,2800000,2614000,manual
P01,Suite,2024-11-16,2800000,2806000,manual
P01,Suite,2024-11-17,2800000,2624000,manual
P01,Suite,2024-11-18,2800000,2697000,manual
P01,Suite,2024-11-19,2800000,2727000,manual
P01,Suite,2024-11-20,2800000,3003000,manual
P01,Suite,2024-11-21,2800000,2719000,manual
P01,Suite,2024-11-22,2800000,2822000,manual
P01,Suite,2024-11-23,2800000,2749000,manual
P01,Suite,2024-11-24,2800000,2874000,manual
P01,Suite,2024-11-25,2800000,2868000,manual
P01,Suite,2024-11-26,2800000,2721000,manual
P01,Suite,2024-11-27,2800000,2935000,manual
P01,Suite,2024-11-28,2800000,2872000,manual
P01,Suite,2024-11-29,2800000,2775000,manual
P01,Suite,2024-11-30,2800000,2801000,manual
P01,Suite,2024-12-01,2800000,3097000,manual
P01,Suite,2024-12-02,2800000,3170000,manual
P01,Suite,2024-12-03,2800000,3135000,manual
P01,Suite,2024-12-04,2800000,2917000,manual
P01,Suite,2024-12-05,2800000,3087000,manual
P01,Suite,2024-12-06,2800000,3059000,manual
P01,Suite,2024-12-07,2800000,2968000,manual
P01,Suite,2024-12-08,2800000,3092000,manual
P01,Suite,2024-12-09,2800000,3061000,manual
P01,Suite,2024-12-10,2800000,3198000,manual
P01,Suite,2024-12-11,2800000,3282000,manual
P01,Suite,2024-12-12,2800000,3313000,manual
P01,Suite,2024-12-13,2800000,3212000,manual
P01,Suite,2024-12-14,2800000,3027000,manual
P01,Suite,2024-12-15,2800000,3023000,manual
P01,Suite,2024-12-16,2800000,3185000,manual
P01,Suite,2024-12-17,2800000,3131000,manual
P01,Suite,2024-12-18,2800000,3278000,manual
P01,Suite,2024-12-19,2800000,2954000,manual
P01,Suite,2024-12-20,2800000,3170000,manual
P01,Suite,2024-12-21,2800000,3102000,manual
P01,Suite,2024-12-22,2800000,3179000,manual
P01,Suite,2024-12-23,2800000,3033000,manual
P01,Suite,2024-12-24,2800000,4679000,dynamic-pricing-AI
P01,Suite,2024-12-25,2800000,4908000,dynamic-pricing-AI
P01,Suite,2024-12-26,2800000,4692000,dynamic-pricing-AI
P01,Suite,2024-12-27,2800000,4615000,dynamic-pricing-AI
P01,Suite,2024-12-28,2800000,4510000,dynamic-pricing-AI
P01,Suite,2024-12-29,2800000,4549000,dynamic-pricing-AI
P01,Suite,2024-12-30,2800000,4699000,dynamic-pricing-AI
P01,Suite,2024-12-31,2800000,4320000,dynamic-pricing-AI
P01,Suite,2025-01-01,2800000,4406000,dynamic-pricing-AI
P01,Suite,2025-01-02,2800000,4396000,dynamic-pricing-AI
P01,Suite,2025-01-03,2800000,3126000,manual
P01,Suite,2025-01-04,2800000,3125000,manual
P01,Suite,2025-01-05,2800000,3008000,manual
P01,Suite,2025-01-06,2800000,3205000,manual
P01,Suite,2025-01-07,2800000,3113000,manual
P01,Suite,2025-01-08,2800000,3042000,manual
P01,Suite,2025-01-09,2800000,2924000,manual
P01,Suite,2025-01-10,2800000,3196000,manual
P01,Suite,2025-01-11,2800000,3136000,manual
P01,Suite,2025-01-12,2800000,3159000,manual
P01,Suite,2025-01-13,2800000,3235000,manual
P01,Suite,2025-01-14,2800000,2976000,manual
P01,Suite,2025-01-15,2800000,3135000,manual
P01,Suite,2025-01-16,2800000,3175000,manual
P01,Suite,2025-01-17,2800000,2989000,manual
P01,Suite,2025-01-18,2800000,2940000,manual
P01,Suite,2025-01-19,2800000,3207000,manual
P01,Suite,2025-01-20,2800000,3081000,manual
P01,Suite,2025-01-21,2800000,3101000,manual
P01,Suite,2025-01-22,2800000,3068000,manual
P01,Suite,2025-01-23,2800000,3093000,manual
P01,Suite,2025-01-24,2800000,3142000,manual
P01,Suite,2025-01-25,2800000,3064000,manual
P01,Suite,2025-01-26,2800000,3133000,manual
P01,Suite,2025-01-27,2800000,3128000,manual
P01,Suite,2025-01-28,2800000,3076000,manual
P01,Suite,2025-01-29,2800000,3127000,manual
P01,Suite,2025-01-30,2800000,3017000,manual
P01,Suite,2025-01-31,2800000,3076000,manual
P01,Suite,2025-02-01,2800000,2612000,promo
P01,Suite,2025-02-02,2800000,2607000,promo
P01,Suite,2025-02-03,2800000,2580000,promo
P01,Suite,2025-02-04,2800000,2617000,promo
P01,Suite,2025-02-05,2800000,2731000,promo
P01,Suite,2025-02-06,2800000,2505000,promo
P01,Suite,2025-02-07,2800000,2627000,promo
P01,Suite,2025-02-08,2800000,2688000,promo
P01,Suite,2025-02-09,2800000,2561000,promo
P01,Suite,2025-02-10,2800000,2725000,promo
P01,Suite,2025-02-11,2800000,2713000,promo
P01,Suite,2025-02-12,2800000,2492000,promo
P01,Suite,2025-02-13,2800000,2739000,promo
P01,Suite,2025-02-14,2800000,2560000,promo
P01,Suite,2025-02-15,2800000,2418000,promo
P01,Suite,2025-02-16,2800000,2635000,promo
P01,Suite,2025-02-17,2800000,2505000,promo
P01,Suite,2025-02-18,2800000,2534000,promo
P01,Suite,2025-02-19,2800000,2638000,promo
P01,Suite,2025-02-20,2800000,2523000,promo
P01,Suite,2025-02-21,2800000,2663000,promo
P01,Suite,2025-02-22,2800000,2764000,promo
P01,Suite,2025-02-23,2800000,2545000,promo
P01,Suite,2025-02-24,2800000,2646000,promo
P01,Suite,2025-02-25,2800000,2625000,promo
P01,Suite,2025-02-26,2800000,2636000,promo
P01,Suite,2025-02-27,2800000,2702000,promo
P01,Suite,2025-02-28,2800000,2601000,promo
P01,Suite,2025-03-01,2800000,2656000,promo
P01,Suite,2025-03-02,2800000,2753000,promo
P01,Suite,2025-03-03,2800000,2543000,promo
P01,Suite,2025-03-04,2800000,2814000,promo
P01,Suite,2025-03-05,2800000,2700000,promo
P01,Suite,2025-03-06,2800000,2524000,promo
P01,Suite,2025-03-07,2800000,2590000,promo
P01,Suite,2025-03-08,2800000,2769000,promo
P01,Suite,2025-03-09,2800000,2757000,promo
P01,Suite,2025-03-10,2800000,2751000,promo
P01,Suite,2025-03-11,2800000,2551000,promo
P01,Suite,2025-03-12,2800000,2606000,promo
P01,Suite,2025-03-13,2800000,2461000,promo
P01,Suite,2025-03-14,2800000,2680000,promo
P01,Suite,2025-03-15,2800000,2702000,promo
P01,Suite,2025-03-16,2800000,2765000,promo
P01,Suite,2025-03-17,2800000,2569000,promo
P01,Suite,2025-03-18,2800000,2588000,promo
P01,Suite,2025-03-19,2800000,2658000,promo
P01,Suite,2025-03-20,2800000,2585000,promo
P01,Suite,2025-03-21,2800000,2619000,promo
P01,Suite,2025-03-22,2800000,2685000,promo
P01,Suite,2025-03-23,2800000,2625000,promo
P01,Suite,2025-03-24,2800000,2663000,promo
P01,Suite,2025-03-25,2800000,2732000,promo
P01,Suite,2025-03-26,2800000,2659000,promo
P01,Suite,2025-03-27,2800000,2604000,promo
P01,Suite,2025-03-28,2800000,2535000,promo
P01,Suite,2025-03-29,2800000,2772000,promo
P01,Suite,2025-03-30,2800000,2775000,promo
P01,Suite,2025-03-31,2800000,2729000,promo
P01,Suite,2025-04-01,2800000,2672000,manual
P01,Suite,2025-04-02,2800000,2622000,manual
P01,Suite,2025-04-03,2800000,2808000,manual
P01,Suite,2025-04-04,2800000,2615000,manual
P01,Suite,2025-04-05,2800000,2639000,manual
P01,Suite,2025-04-06,2800000,2799000,manual
P01,Suite,2025-04-07,2800000,2819000,manual
P01,Suite,2025-04-08,2800000,2787000,manual
P01,Suite,2025-04-09,2800000,2848000,manual
P01,Suite,2025-04-10,2800000,2744000,manual
P01,Suite,2025-04-11,2800000,2627000,manual
P01,Suite,2025-04-12,2800000,2817000,manual
P01,Suite,2025-04-13,2800000,2851000,manual
P01,Suite,2025-04-14,2800000,2807000,manual
P01,Suite,2025-04-15,2800000,2939000,manual
P01,Suite,2025-04-16,2800000,2738000,manual
P01,Suite,2025-04-17,2800000,2858000,manual
P01,Suite,2025-04-18,2800000,2948000,manual
P01,Suite,2025-04-19,2800000,2817000,manual
P01,Suite,2025-04-20,2800000,2901000,manual
P01,Suite,2025-04-21,2800000,2852000,manual
P01,Suite,2025-04-22,2800000,2747000,manual
P01,Suite,2025-04-23,2800000,2686000,manual
P01,Suite,2025-04-24,2800000,2729000,manual
P01,Suite,2025-04-25,2800000,2886000,manual
P01,Suite,2025-04-26,2800000,2814000,manual
P01,Suite,2025-04-27,2800000,2781000,manual
P01,Suite,2025-04-28,2800000,2851000,manual
P01,Suite,2025-04-29,2800000,2740000,manual
P01,Suite,2025-04-30,2800000,2773000,manual
P01,Suite,2025-05-01,2800000,2792000,manual
P01,Suite,2025-05-02,2800000,2859000,manual
P01,Suite,2025-05-03,2800000,2849000,manual
P01,Suite,2025-05-04,2800000,2883000,manual
P01,Suite,2025-05-05,2800000,2806000,manual
P01,Suite,2025-05-06,2800000,2842000,manual
P01,Suite,2025-05-07,2800000,2877000,manual
P01,Suite,2025-05-08,2800000,2887000,manual
P01,Suite,2025-05-09,2800000,2717000,manual
P01,Suite,2025-05-10,2800000,2916000,manual
P01,Suite,2025-05-11,2800000,2769000,manual
P01,Suite,2025-05-12,2800000,2695000,manual
P01,Suite,2025-05-13,2800000,2936000,manual
P01,Suite,2025-05-14,2800000,2823000,manual
P01,Suite,2025-05-15,2800000,2965000,manual
P01,Suite,2025-05-16,2800000,2866000,manual
P01,Suite,2025-05-17,2800000,2855000,manual
P01,Suite,2025-05-18,2800000,2654000,manual
P01,Suite,2025-05-19,2800000,2825000,manual
P01,Suite,2025-05-20,2800000,2848000,manual
P01,Suite,2025-05-21,2800000,2842000,manual
P01,Suite,2025-05-22,2800000,2780000,manual
P01,Suite,2025-05-23,2800000,2857000,manual
P01,Suite,2025-05-24,2800000,2977000,manual
P01,Suite,2025-05-25,2800000,2745000,manual
P01,Suite,2025-05-26,2800000,2942000,manual
P01,Suite,2025-05-27,2800000,2833000,manual
P01,Suite,2025-05-28,2800000,2674000,manual
P01,Suite,2025-05-29,2800000,2875000,manual
P01,Suite,2025-05-30,2800000,2770000,manual
P01,Suite,2025-05-31,2800000,2859000,manual
P01,Suite,2025-06-01,2800000,3004000,manual
P01,Suite,2025-06-02,2800000,3248000,manual
P01,Suite,2025-06-03,2800000,3065000,manual
P01,Suite,2025-06-04,2800000,2965000,manual
P01,Suite,2025-06-05,2800000,3063000,manual
P01,Suite,2025-06-06,2800000,3147000,manual
P01,Suite,2025-06-07,2800000,3033000,manual
P01,Suite,2025-06-08,2800000,2939000,manual
P01,Suite,2025-06-09,2800000,3008000,manual
P01,Suite,2025-06-10,2800000,2902000,manual
P01,Suite,2025-06-11,2800000,3061000,manual
P01,Suite,2025-06-12,2800000,3129000,manual
P01,Suite,2025-06-13,2800000,2904000,manual
P01,Suite,2025-06-14,2800000,3168000,manual
P01,Suite,2025-06-15,2800000,3073000,manual
P01,Suite,2025-06-16,2800000,3070000,manual
P01,Suite,2025-06-17,2800000,3090000,manual
P01,Suite,2025-06-18,2800000,3063000,manual
P01,Suite,2025-06-19,2800000,2802000,manual
P01,Suite,2025-06-20,2800000,2867000,manual
P01,Suite,2025-06-21,2800000,3006000,manual
P01,Suite,2025-06-22,2800000,3146000,manual
P01,Suite,2025-06-23,2800000,3010000,manual
P01,Suite,2025-06-24,2800000,3063000,manual
P01,Suite,2025-06-25,2800000,3128000,manual
P01,Suite,2025-06-26,2800000,2908000,manual
P01,Suite,2025-06-27,2800000,2986000,manual
P01,Suite,2025-06-28,2800000,3148000,manual
P01,Suite,2025-06-29,2800000,2879000,manual
P01,Suite,2025-06-30,2800000,3011000,manual
P01,Suite,2025-07-01,2800000,3214000,manual
P01,Suite,2025-07-02,2800000,3097000,manual
P01,Suite,2025-07-03,2800000,3034000,manual
P01,Suite,2025-07-04,2800000,3108000,manual
P01,Suite,2025-07-05,2800000,3115000,manual
P01,Suite,2025-07-06,2800000,3110000,manual
P01,Suite,2025-07-07,2800000,3216000,manual
P01,Suite,2025-07-08,2800000,3180000,manual
P01,Suite,2025-07-09,2800000,3191000,manual
P01,Suite,2025-07-10,2800000,3030000,manual
P01,Suite,2025-07-11,2800000,3036000,manual
P01,Suite,2025-07-12,2800000,3074000,manual
P01,Suite,2025-07-13,2800000,3078000,manual
P01,Suite,2025-07-14,2800000,3027000,manual
P01,Suite,2025-07-15,2800000,3168000,manual
P01,Suite,2025-07-16,2800000,3125000,manual
P01,Suite,2025-07-17,2800000,3100000,manual
P01,Suite,2025-07-18,2800000,3251000,manual
P01,Suite,2025-07-19,2800000,2939000,manual
P01,Suite,2025-07-20,2800000,3016000,manual
P01,Suite,2025-07-21,2800000,3263000,manual
P01,Suite,2025-07-22,2800000,2981000,manual
P01,Suite,2025-07-23,2800000,3231000,manual
P01,Suite,2025-07-24,2800000,3149000,manual
P01,Suite,2025-07-25,2800000,3176000,manual
P01,Suite,2025-07-26,2800000,3172000,manual
P01,Suite,2025-07-27,2800000,3286000,manual
P01,Suite,2025-07-28,2800000,3035000,manual
P01,Suite,2025-07-29,2800000,3268000,manual
P01,Suite,2025-07-30,2800000,2960000,manual
P01,Suite,2025-07-31,2800000,2949000,manual
P01,Suite,2025-08-01,2800000,2967000,manual
P01,Suite,2025-08-02,2800000,2971000,manual
P01,Suite,2025-08-03,2800000,2792000,manual
P01,Suite,2025-08-04,2800000,2828000,manual
P01,Suite,2025-08-05,2800000,2889000,manual
P01,Suite,2025-08-06,2800000,2667000,manual
P01,Suite,2025-08-07,2800000,2879000,manual
P01,Suite,2025-08-08,2800000,2849000,manual
P01,Suite,2025-08-09,2800000,2760000,manual
P01,Suite,2025-08-10,2800000,2856000,manual
P01,Suite,2025-08-11,2800000,3006000,manual
P01,Suite,2025-08-12,2800000,2752000,manual
P01,Suite,2025-08-13,2800000,2784000,manual
P01,Suite,2025-08-14,2800000,2892000,manual
P01,Suite,2025-08-15,2800000,2688000,manual
P01,Suite,2025-08-16,2800000,2898000,manual
P01,Suite,2025-08-17,2800000,2752000,manual
P01,Suite,2025-08-18,2800000,2828000,manual
P01,Suite,2025-08-19,2800000,2924000,manual
P01,Suite,2025-08-20,2800000,2798000,manual
P01,Suite,2025-08-21,2800000,2911000,manual
P01,Suite,2025-08-22,2800000,2979000,manual
P01,Suite,2025-08-23,2800000,2924000,manual
P01,Suite,2025-08-24,2800000,2846000,manual
P01,Suite,2025-08-25,2800000,2857000,manual
P01,Suite,2025-08-26,2800000,2806000,manual
P01,Suite,2025-08-27,2800000,2920000,manual
P01,Suite,2025-08-28,2800000,2920000,manual
P01,Suite,2025-08-29,2800000,2564000,manual
P01,Suite,2025-08-30,2800000,2945000,manual
P01,Suite,2025-08-31,2800000,2728000,manual
P01,Suite,2025-09-01,2800000,2633000,promo
P01,Suite,2025-09-02,2800000,2588000,promo
P01,Suite,2025-09-03,2800000,2635000,promo
P01,Suite,2025-09-04,2800000,2569000,promo
P01,Suite,2025-09-05,2800000,2428000,promo
P01,Suite,2025-09-06,2800000,2681000,promo
P01,Suite,2025-09-07,2800000,2682000,promo
P01,Suite,2025-09-08,2800000,2367000,promo
P01,Suite,2025-09-09,2800000,2739000,promo
P01,Suite,2025-09-10,2800000,2591000,promo
P01,Suite,2025-09-11,2800000,2580000,promo
P01,Suite,2025-09-12,2800000,2612000,promo
P01,Suite,2025-09-13,2800000,2561000,promo
P01,Suite,2025-09-14,2800000,2673000,promo
P01,Suite,2025-09-15,2800000,2546000,promo
P01,Suite,2025-09-16,2800000,2486000,promo
P01,Suite,2025-09-17,2800000,2554000,promo
P01,Suite,2025-09-18,2800000,2655000,promo
P01,Suite,2025-09-19,2800000,2585000,promo
P01,Suite,2025-09-20,2800000,2538000,promo
P01,Suite,2025-09-21,2800000,2516000,promo
P01,Suite,2025-09-22,2800000,2559000,promo
P01,Suite,2025-09-23,2800000,2559000,promo
P01,Suite,2025-09-24,2800000,2638000,promo
P01,Suite,2025-09-25,2800000,2672000,promo
P01,Suite,2025-09-26,2800000,2497000,promo
P01,Suite,2025-09-27,2800000,2678000,promo
P01,Suite,2025-09-28,2800000,2791000,promo
P01,Suite,2025-09-29,2800000,2682000,promo
P01,Suite,2025-09-30,2800000,2694000,promo
P01,Suite,2025-10-01,2800000,2556000,promo
P01,Suite,2025-10-02,2800000,2685000,promo
P01,Suite,2025-10-03,2800000,2556000,promo
P01,Suite,2025-10-04,2800000,2633000,promo
P01,Suite,2025-10-05,2800000,2679000,promo
P01,Suite,2025-10-06,2800000,2614000,promo
P01,Suite,2025-10-07,2800000,2603000,promo
P01,Suite,2025-10-08,2800000,2685000,promo
P01,Suite,2025-10-09,2800000,2787000,promo
P01,Suite,2025-10-10,2800000,2645000,promo
P01,Suite,2025-10-11,2800000,2855000,promo
P01,Suite,2025-10-12,2800000,2691000,promo
P01,Suite,2025-10-13,2800000,2542000,promo
P01,Suite,2025-10-14,2800000,2721000,promo
P01,Suite,2025-10-15,2800000,2712000,promo
P01,Suite,2025-10-16,2800000,2528000,promo
P01,Suite,2025-10-17,2800000,2844000,promo
P01,Suite,2025-10-18,2800000,2697000,promo
P01,Suite,2025-10-19,2800000,2685000,promo
P01,Suite,2025-10-20,2800000,2645000,promo
P01,Suite,2025-10-21,2800000,2708000,promo
P01,Suite,2025-10-22,2800000,2720000,promo
P01,Suite,2025-10-23,2800000,2655000,promo
P01,Suite,2025-10-24,2800000,2680000,promo
P01,Suite,2025-10-25,2800000,2620000,promo
P01,Suite,2025-10-26,2800000,2672000,promo
P01,Suite,2025-10-27,2800000,2743000,promo
P01,Suite,2025-10-28,2800000,2637000,promo
P01,Suite,2025-10-29,2800000,2685000,promo
P01,Suite,2025-10-30,2800000,2706000,promo
P01,Suite,2025-10-31,2800000,2642000,promo
P01,Suite,2025-11-01,2800000,2757000,manual
P01,Suite,2025-11-02,2800000,2805000,manual
P01,Suite,2025-11-03,2800000,2778000,manual
P01,Suite,2025-11-04,2800000,2770000,manual
P01,Suite,2025-11-05,2800000,2663000,manual
P01,Suite,2025-11-06,2800000,2616000,manual
P01,Suite,2025-11-07,2800000,2853000,manual
P01,Suite,2025-11-08,2800000,2844000,manual
P01,Suite,2025-11-09,2800000,3003000,manual
P01,Suite,2025-11-10,2800000,2838000,manual
P01,Suite,2025-11-11,2800000,2877000,manual
P01,Suite,2025-11-12,2800000,2694000,manual
P01,Suite,2025-11-13,2800000,2743000,manual
P01,Suite,2025-11-14,2800000,2684000,manual
P01,Suite,2025-11-15,2800000,2856000,manual
P01,Suite,2025-11-16,2800000,2767000,manual
P01,Suite,2025-11-17,2800000,2842000,manual
P01,Suite,2025-11-18,2800000,2685000,manual
P01,Suite,2025-11-19,2800000,2829000,manual
P01,Suite,2025-11-20,2800000,2722000,manual
P01,Suite,2025-11-21,2800000,2835000,manual
P01,Suite,2025-11-22,2800000,2821000,manual
P01,Suite,2025-11-23,2800000,2828000,manual
P01,Suite,2025-11-24,2800000,2682000,manual
P01,Suite,2025-11-25,2800000,2688000,manual
P01,Suite,2025-11-26,2800000,2846000,manual
P01,Suite,2025-11-27,2800000,2865000,manual
P01,Suite,2025-11-28,2800000,2725000,manual
P01,Suite,2025-11-29,2800000,2826000,manual
P01,Suite,2025-11-30,2800000,2572000,manual
P01,Suite,2025-12-01,2800000,3162000,manual
P01,Suite,2025-12-02,2800000,3085000,manual
P01,Suite,2025-12-03,2800000,3311000,manual
P01,Suite,2025-12-04,2800000,3142000,manual
P01,Suite,2025-12-05,2800000,3220000,manual
P01,Suite,2025-12-06,2800000,2953000,manual
P01,Suite,2025-12-07,2800000,3097000,manual
P01,Suite,2025-12-08,2800000,3176000,manual
P01,Suite,2025-12-09,2800000,3280000,manual
P01,Suite,2025-12-10,2800000,3156000,manual
P01,Suite,2025-12-11,2800000,3146000,manual
P01,Suite,2025-12-12,2800000,2978000,manual
P01,Suite,2025-12-13,2800000,3108000,manual
P01,Suite,2025-12-14,2800000,3162000,manual
P01,Suite,2025-12-15,2800000,3213000,manual
P01,Suite,2025-12-16,2800000,3082000,manual
P01,Suite,2025-12-17,2800000,3076000,manual
P01,Suite,2025-12-18,2800000,3191000,manual
P01,Suite,2025-12-19,2800000,3105000,manual
P01,Suite,2025-12-20,2800000,3231000,manual
P01,Suite,2025-12-21,2800000,3088000,manual
P01,Suite,2025-12-22,2800000,3225000,manual
P01,Suite,2025-12-23,2800000,3233000,manual
P01,Suite,2025-12-24,2800000,3230000,manual
P01,Suite,2025-12-25,2800000,3086000,manual
P01,Suite,2025-12-26,2800000,3107000,manual
P01,Suite,2025-12-27,2800000,3310000,manual
P01,Suite,2025-12-28,2800000,3319000,manual
P01,Suite,2025-12-29,2800000,3110000,manual
P01,Suite,2025-12-30,2800000,3311000,manual
P01,Suite,2025-12-31,2800000,3104000,manual
P01,Suite,2026-01-01,2800000,3079000,manual
P01,Suite,2026-01-02,2800000,3199000,manual
P01,Suite,2026-01-03,2800000,3098000,manual
P01,Suite,2026-01-04,2800000,3261000,manual
P01,Suite,2026-01-05,2800000,2986000,manual
P01,Suite,2026-01-06,2800000,3027000,manual
P01,Suite,2026-01-07,2800000,3233000,manual
P01,Suite,2026-01-08,2800000,3050000,manual
P01,Suite,2026-01-09,2800000,3094000,manual
P01,Suite,2026-01-10,2800000,3034000,manual
P01,Suite,2026-01-11,2800000,3107000,manual
P01,Suite,2026-01-12,2800000,3050000,manual
P01,Suite,2026-01-13,2800000,3051000,manual
P01,Suite,2026-01-14,2800000,2962000,manual
P01,Suite,2026-01-15,2800000,3051000,manual
P01,Suite,2026-01-16,2800000,3136000,manual
P01,Suite,2026-01-17,2800000,3149000,manual
P01,Suite,2026-01-18,2800000,3035000,manual
P01,Suite,2026-01-19,2800000,2934000,manual
P01,Suite,2026-01-20,2800000,3071000,manual
P01,Suite,2026-01-21,2800000,2941000,manual
P01,Suite,2026-01-22,2800000,3047000,manual
P01,Suite,2026-01-23,2800000,3217000,manual
P01,Suite,2026-01-24,2800000,2983000,manual
P01,Suite,2026-01-25,2800000,3222000,manual
P01,Suite,2026-01-26,2800000,3170000,manual
P01,Suite,2026-01-27,2800000,3051000,manual
P01,Suite,2026-01-28,2800000,3067000,manual
P01,Suite,2026-01-29,2800000,3220000,manual
P01,Suite,2026-01-30,2800000,3136000,manual
P01,Suite,2026-01-31,2800000,2965000,manual
P01,Suite,2026-02-01,2800000,2717000,promo
P01,Suite,2026-02-02,2800000,2603000,promo
P01,Suite,2026-02-03,2800000,2538000,promo
P01,Suite,2026-02-04,2800000,2708000,promo
P01,Suite,2026-02-05,2800000,2678000,promo
P01,Suite,2026-02-06,2800000,2555000,promo
P01,Suite,2026-02-07,2800000,2568000,promo
P01,Suite,2026-02-08,2800000,2570000,promo
P01,Suite,2026-02-09,2800000,2602000,promo
P01,Suite,2026-02-10,2800000,2629000,promo
P01,Suite,2026-02-11,2800000,2752000,promo
P01,Suite,2026-02-12,2800000,2766000,promo
P01,Suite,2026-02-13,2800000,2511000,promo
P01,Suite,2026-02-14,2800000,2716000,promo
P01,Suite,2026-02-15,2800000,2609000,promo
P01,Suite,2026-02-16,2800000,2573000,promo
P01,Suite,2026-02-17,2800000,2824000,promo
P01,Suite,2026-02-18,2800000,2643000,promo
P01,Suite,2026-02-19,2800000,2505000,promo
P01,Suite,2026-02-20,2800000,2667000,promo
P01,Suite,2026-02-21,2800000,2603000,promo
P01,Suite,2026-02-22,2800000,2641000,promo
P01,Suite,2026-02-23,2800000,2673000,promo
P01,Suite,2026-02-24,2800000,2550000,promo
P01,Suite,2026-02-25,2800000,2636000,promo
P01,Suite,2026-02-26,2800000,2720000,promo
P01,Suite,2026-02-27,2800000,2590000,promo
P01,Suite,2026-02-28,2800000,2593000,promo
P01,Suite,2026-03-01,2800000,2663000,promo
P01,Suite,2026-03-02,2800000,2550000,promo
P01,Suite,2026-03-03,2800000,2572000,promo
P01,Suite,2026-03-04,2800000,2770000,promo
P01,Suite,2026-03-05,2800000,2680000,promo
P01,Suite,2026-03-06,2800000,2692000,promo
P01,Suite,2026-03-07,2800000,2637000,promo
P01,Suite,2026-03-08,2800000,2677000,promo
P01,Suite,2026-03-09,2800000,2665000,promo
P01,Suite,2026-03-10,2800000,2757000,promo
P01,Suite,2026-03-11,2800000,2694000,promo
P01,Suite,2026-03-12,2800000,2665000,promo
P01,Suite,2026-03-13,2800000,2536000,promo
P01,Suite,2026-03-14,2800000,2680000,promo
P01,Suite,2026-03-15,2800000,2625000,promo
P01,Suite,2026-03-16,2800000,2702000,promo
P01,Suite,2026-03-17,2800000,2733000,promo
P01,Suite,2026-03-18,2800000,2686000,promo
P01,Suite,2026-03-19,2800000,2677000,promo
P01,Suite,2026-03-20,2800000,2632000,promo
P01,Suite,2026-03-21,2800000,2602000,promo
P01,Suite,2026-03-22,2800000,2621000,promo
P01,Suite,2026-03-23,2800000,2443000,promo
P01,Suite,2026-03-24,2800000,2671000,promo
P01,Suite,2026-03-25,2800000,2723000,promo
P01,Suite,2026-03-26,2800000,2631000,promo
P01,Suite,2026-03-27,2800000,2707000,promo
P01,Suite,2026-03-28,2800000,2580000,promo
P01,Suite,2026-03-29,2800000,2552000,promo
P01,Suite,2026-03-30,2800000,2435000,promo
P01,Suite,2026-03-31,2800000,2536000,promo
P01,Suite,2026-04-01,2800000,2771000,manual
P01,Suite,2026-04-02,2800000,2688000,manual
P01,Suite,2026-04-03,2800000,2776000,manual
P01,Suite,2026-04-04,2800000,2776000,manual
P01,Suite,2026-04-05,2800000,2789000,manual
P01,Suite,2026-04-06,2800000,2858000,manual
P01,Suite,2026-04-07,2800000,2814000,manual
P01,Suite,2026-04-08,2800000,2867000,manual
P01,Suite,2026-04-09,2800000,2812000,manual
P01,Suite,2026-04-10,2800000,2687000,manual
P01,Suite,2026-04-11,2800000,2725000,manual
P01,Suite,2026-04-12,2800000,2784000,manual
P01,Suite,2026-04-13,2800000,2691000,manual
P01,Suite,2026-04-14,2800000,2767000,manual
P01,Suite,2026-04-15,2800000,2820000,manual
P01,Suite,2026-04-16,2800000,2815000,manual
P01,Suite,2026-04-17,2800000,2794000,manual
P01,Suite,2026-04-18,2800000,2823000,manual
P01,Suite,2026-04-19,2800000,2680000,manual
P01,Suite,2026-04-20,2800000,2751000,manual
P01,Suite,2026-04-21,2800000,2877000,manual
P01,Suite,2026-04-22,2800000,2788000,manual
P01,Suite,2026-04-23,2800000,2770000,manual
P01,Suite,2026-04-24,2800000,2699000,manual
P01,Suite,2026-04-25,2800000,2866000,manual
P01,Suite,2026-04-26,2800000,2802000,manual
P01,Suite,2026-04-27,2800000,2744000,manual
P01,Suite,2026-04-28,2800000,2885000,manual
P01,Suite,2026-04-29,2800000,2869000,manual
P01,Suite,2026-04-30,2800000,2833000,manual
P01,Suite,2026-05-01,2800000,3052000,manual
P01,Suite,2026-05-02,2800000,2901000,manual
P01,Suite,2026-05-03,2800000,3016000,manual
P01,Suite,2026-05-04,2800000,2869000,manual
P01,Suite,2026-05-05,2800000,2761000,manual
P01,Suite,2026-05-06,2800000,2626000,manual
P01,Suite,2026-05-07,2800000,2900000,manual
P01,Suite,2026-05-08,2800000,2947000,manual
P01,Suite,2026-05-09,2800000,2933000,manual
P01,Suite,2026-05-10,2800000,2647000,manual
P01,Suite,2026-05-11,2800000,2798000,manual
P01,Suite,2026-05-12,2800000,2799000,manual
P01,Suite,2026-05-13,2800000,2832000,manual
P01,Suite,2026-05-14,2800000,2948000,manual
P01,Suite,2026-05-15,2800000,2738000,manual
P01,Suite,2026-05-16,2800000,2768000,manual
P01,Suite,2026-05-17,2800000,2806000,manual
P01,Suite,2026-05-18,2800000,2672000,manual
P01,Suite,2026-05-19,2800000,3003000,manual
P01,Suite,2026-05-20,2800000,2775000,manual
P01,Suite,2026-05-21,2800000,2901000,manual
P01,Suite,2026-05-22,2800000,2684000,manual
P01,Suite,2026-05-23,2800000,2946000,manual
P01,Suite,2026-05-24,2800000,2850000,manual
P01,Suite,2026-05-25,2800000,2825000,manual
P01,Suite,2026-05-26,2800000,2841000,manual
P01,Suite,2026-05-27,2800000,2938000,manual
P01,Suite,2026-05-28,2800000,2835000,manual
P01,Suite,2026-05-29,2800000,2783000,manual
P01,Suite,2026-05-30,2800000,2801000,manual
P01,Suite,2026-05-31,2800000,2794000,manual
P01,Suite,2026-06-01,2800000,3001000,manual
P01,Suite,2026-06-02,2800000,3035000,manual
P01,Suite,2026-06-03,2800000,2854000,manual
P01,Suite,2026-06-04,2800000,2952000,manual
P01,Suite,2026-06-05,2800000,2921000,manual
P01,Suite,2026-06-06,2800000,2961000,manual
P01,Suite,2026-06-07,2800000,3064000,manual
P01,Suite,2026-06-08,2800000,2837000,manual
P01,Suite,2026-06-09,2800000,2957000,manual
P01,Suite,2026-06-10,2800000,3006000,manual
P01,Suite,2026-06-11,2800000,2945000,manual
P01,Suite,2026-06-12,2800000,3023000,manual
P01,Suite,2026-06-13,2800000,2957000,manual
P01,Suite,2026-06-14,2800000,3050000,manual
P01,Suite,2026-06-15,2800000,2903000,manual
P01,Suite,2026-06-16,2800000,3089000,manual
P01,Suite,2026-06-17,2800000,2888000,manual
P01,Suite,2026-06-18,2800000,3116000,manual
P01,Suite,2026-06-19,2800000,2862000,manual
P01,Suite,2026-06-20,2800000,2983000,manual
P01,Suite,2026-06-21,2800000,2888000,manual
P01,Suite,2026-06-22,2800000,3134000,manual
P01,Suite,2026-06-23,2800000,3070000,manual
P01,Suite,2026-06-24,2800000,3057000,manual
P01,Suite,2026-06-25,2800000,2958000,manual
P01,Suite,2026-06-26,2800000,3017000,manual
P01,Suite,2026-06-27,2800000,3189000,manual
P01,Suite,2026-06-28,2800000,3056000,manual
P01,Suite,2026-06-29,2800000,3102000,manual
P01,Suite,2026-06-30,2800000,2926000,manual
P01,Villa,2023-07-01,5500000,6125000,manual
P01,Villa,2023-07-02,5500000,6191000,manual
P01,Villa,2023-07-03,5500000,6109000,manual
P01,Villa,2023-07-04,5500000,6190000,manual
P01,Villa,2023-07-05,5500000,5925000,manual
P01,Villa,2023-07-06,5500000,6006000,manual
P01,Villa,2023-07-07,5500000,6163000,manual
P01,Villa,2023-07-08,5500000,6092000,manual
P01,Villa,2023-07-09,5500000,5839000,manual
P01,Villa,2023-07-10,5500000,6023000,manual
P01,Villa,2023-07-11,5500000,6166000,manual
P01,Villa,2023-07-12,5500000,6326000,manual
P01,Villa,2023-07-13,5500000,6274000,manual
P01,Villa,2023-07-14,5500000,6054000,manual
P01,Villa,2023-07-15,5500000,6249000,manual
P01,Villa,2023-07-16,5500000,5947000,manual
P01,Villa,2023-07-17,5500000,6135000,manual
P01,Villa,2023-07-18,5500000,6561000,manual
P01,Villa,2023-07-19,5500000,6137000,manual
P01,Villa,2023-07-20,5500000,6321000,manual
P01,Villa,2023-07-21,5500000,6087000,manual
P01,Villa,2023-07-22,5500000,5927000,manual
P01,Villa,2023-07-23,5500000,6246000,manual
P01,Villa,2023-07-24,5500000,6182000,manual
P01,Villa,2023-07-25,5500000,5865000,manual
P01,Villa,2023-07-26,5500000,5896000,manual
P01,Villa,2023-07-27,5500000,6300000,manual
P01,Villa,2023-07-28,5500000,5778000,manual
P01,Villa,2023-07-29,5500000,6029000,manual
P01,Villa,2023-07-30,5500000,6034000,manual
P01,Villa,2023-07-31,5500000,5770000,manual
P01,Villa,2023-08-01,5500000,5500000,manual
P01,Villa,2023-08-02,5500000,5384000,manual
P01,Villa,2023-08-03,5500000,5561000,manual
P01,Villa,2023-08-04,5500000,5635000,manual
P01,Villa,2023-08-05,5500000,5784000,manual
P01,Villa,2023-08-06,5500000,5667000,manual
P01,Villa,2023-08-07,5500000,5802000,manual
P01,Villa,2023-08-08,5500000,5711000,manual
P01,Villa,2023-08-09,5500000,5975000,manual
P01,Villa,2023-08-10,5500000,5334000,manual
P01,Villa,2023-08-11,5500000,5484000,manual
P01,Villa,2023-08-12,5500000,5727000,manual
P01,Villa,2023-08-13,5500000,5717000,manual
P01,Villa,2023-08-14,5500000,5672000,manual
P01,Villa,2023-08-15,5500000,5582000,manual
P01,Villa,2023-08-16,5500000,5425000,manual
P01,Villa,2023-08-17,5500000,5529000,manual
P01,Villa,2023-08-18,5500000,5699000,manual
P01,Villa,2023-08-19,5500000,5611000,manual
P01,Villa,2023-08-20,5500000,5795000,manual
P01,Villa,2023-08-21,5500000,5571000,manual
P01,Villa,2023-08-22,5500000,5555000,manual
P01,Villa,2023-08-23,5500000,5518000,manual
P01,Villa,2023-08-24,5500000,5841000,manual
P01,Villa,2023-08-25,5500000,5505000,manual
P01,Villa,2023-08-26,5500000,5803000,manual
P01,Villa,2023-08-27,5500000,5436000,manual
P01,Villa,2023-08-28,5500000,5553000,manual
P01,Villa,2023-08-29,5500000,5687000,manual
P01,Villa,2023-08-30,5500000,5512000,manual
P01,Villa,2023-08-31,5500000,5712000,manual
P01,Villa,2023-09-01,5500000,5120000,promo
P01,Villa,2023-09-02,5500000,5216000,promo
P01,Villa,2023-09-03,5500000,4991000,promo
P01,Villa,2023-09-04,5500000,5154000,promo
P01,Villa,2023-09-05,5500000,5289000,promo
P01,Villa,2023-09-06,5500000,4927000,promo
P01,Villa,2023-09-07,5500000,4943000,promo
P01,Villa,2023-09-08,5500000,5101000,promo
P01,Villa,2023-09-09,5500000,5207000,promo
P01,Villa,2023-09-10,5500000,5218000,promo
P01,Villa,2023-09-11,5500000,5418000,promo
P01,Villa,2023-09-12,5500000,4989000,promo
P01,Villa,2023-09-13,5500000,4954000,promo
P01,Villa,2023-09-14,5500000,5073000,promo
P01,Villa,2023-09-15,5500000,5170000,promo
P01,Villa,2023-09-16,5500000,5153000,promo
P01,Villa,2023-09-17,5500000,5156000,promo
P01,Villa,2023-09-18,5500000,5095000,promo
P01,Villa,2023-09-19,5500000,5273000,promo
P01,Villa,2023-09-20,5500000,5212000,promo
P01,Villa,2023-09-21,5500000,5317000,promo
P01,Villa,2023-09-22,5500000,5429000,promo
P01,Villa,2023-09-23,5500000,5108000,promo
P01,Villa,2023-09-24,5500000,5053000,promo
P01,Villa,2023-09-25,5500000,5126000,promo
P01,Villa,2023-09-26,5500000,4902000,promo
P01,Villa,2023-09-27,5500000,5201000,promo
P01,Villa,2023-09-28,5500000,5438000,promo
P01,Villa,2023-09-29,5500000,4920000,promo
P01,Villa,2023-09-30,5500000,5153000,promo
P01,Villa,2023-10-01,5500000,5217000,promo
P01,Villa,2023-10-02,5500000,5291000,promo
P01,Villa,2023-10-03,5500000,4944000,promo
P01,Villa,2023-10-04,5500000,5205000,promo
P01,Villa,2023-10-05,5500000,5239000,promo
P01,Villa,2023-10-06,5500000,5125000,promo
P01,Villa,2023-10-07,5500000,4977000,promo
P01,Villa,2023-10-08,5500000,5074000,promo
P01,Villa,2023-10-09,5500000,5182000,promo
P01,Villa,2023-10-10,5500000,5254000,promo
P01,Villa,2023-10-11,5500000,5275000,promo
P01,Villa,2023-10-12,5500000,5136000,promo
P01,Villa,2023-10-13,5500000,5215000,promo
P01,Villa,2023-10-14,5500000,5341000,promo
P01,Villa,2023-10-15,5500000,5249000,promo
P01,Villa,2023-10-16,5500000,5301000,promo
P01,Villa,2023-10-17,5500000,5283000,promo
P01,Villa,2023-10-18,5500000,5223000,promo
P01,Villa,2023-10-19,5500000,5296000,promo
P01,Villa,2023-10-20,5500000,5286000,promo
P01,Villa,2023-10-21,5500000,5063000,promo
P01,Villa,2023-10-22,5500000,4938000,promo
P01,Villa,2023-10-23,5500000,5430000,promo
P01,Villa,2023-10-24,5500000,4920000,promo
P01,Villa,2023-10-25,5500000,5222000,promo
P01,Villa,2023-10-26,5500000,5122000,promo
P01,Villa,2023-10-27,5500000,5240000,promo
P01,Villa,2023-10-28,5500000,4958000,promo
P01,Villa,2023-10-29,5500000,5093000,promo
P01,Villa,2023-10-30,5500000,5220000,promo
P01,Villa,2023-10-31,5500000,5288000,promo
P01,Villa,2023-11-01,5500000,5557000,manual
P01,Villa,2023-11-02,5500000,5695000,manual
P01,Villa,2023-11-03,5500000,5526000,manual
P01,Villa,2023-11-04,5500000,5324000,manual
P01,Villa,2023-11-05,5500000,5592000,manual
P01,Villa,2023-11-06,5500000,5379000,manual
P01,Villa,2023-11-07,5500000,5697000,manual
P01,Villa,2023-11-08,5500000,5433000,manual
P01,Villa,2023-11-09,5500000,5581000,manual
P01,Villa,2023-11-10,5500000,5269000,manual
P01,Villa,2023-11-11,5500000,5368000,manual
P01,Villa,2023-11-12,5500000,5288000,manual
P01,Villa,2023-11-13,5500000,5290000,manual
P01,Villa,2023-11-14,5500000,5524000,manual
P01,Villa,2023-11-15,5500000,5648000,manual
P01,Villa,2023-11-16,5500000,5592000,manual
P01,Villa,2023-11-17,5500000,5474000,manual
P01,Villa,2023-11-18,5500000,5615000,manual
P01,Villa,2023-11-19,5500000,5436000,manual
P01,Villa,2023-11-20,5500000,5273000,manual
P01,Villa,2023-11-21,5500000,5488000,manual
P01,Villa,2023-11-22,5500000,5283000,manual
P01,Villa,2023-11-23,5500000,5375000,manual
P01,Villa,2023-11-24,5500000,5304000,manual
P01,Villa,2023-11-25,5500000,5478000,manual
P01,Villa,2023-11-26,5500000,5191000,manual
P01,Villa,2023-11-27,5500000,5648000,manual
P01,Villa,2023-11-28,5500000,5515000,manual
P01,Villa,2023-11-29,5500000,5741000,manual
P01,Villa,2023-11-30,5500000,5369000,manual
P01,Villa,2023-12-01,5500000,5882000,manual
P01,Villa,2023-12-02,5500000,6359000,manual
P01,Villa,2023-12-03,5500000,6067000,manual
P01,Villa,2023-12-04,5500000,6137000,manual
P01,Villa,2023-12-05,5500000,5825000,manual
P01,Villa,2023-12-06,5500000,6397000,manual
P01,Villa,2023-12-07,5500000,6096000,manual
P01,Villa,2023-12-08,5500000,6212000,manual
P01,Villa,2023-12-09,5500000,5927000,manual
P01,Villa,2023-12-10,5500000,6092000,manual
P01,Villa,2023-12-11,5500000,6408000,manual
P01,Villa,2023-12-12,5500000,6471000,manual
P01,Villa,2023-12-13,5500000,6042000,manual
P01,Villa,2023-12-14,5500000,6334000,manual
P01,Villa,2023-12-15,5500000,5895000,manual
P01,Villa,2023-12-16,5500000,6128000,manual
P01,Villa,2023-12-17,5500000,6244000,manual
P01,Villa,2023-12-18,5500000,6180000,manual
P01,Villa,2023-12-19,5500000,6523000,manual
P01,Villa,2023-12-20,5500000,6265000,manual
P01,Villa,2023-12-21,5500000,6272000,manual
P01,Villa,2023-12-22,5500000,6589000,manual
P01,Villa,2023-12-23,5500000,6077000,manual
P01,Villa,2023-12-24,5500000,6141000,manual
P01,Villa,2023-12-25,5500000,5990000,manual
P01,Villa,2023-12-26,5500000,6187000,manual
P01,Villa,2023-12-27,5500000,6045000,manual
P01,Villa,2023-12-28,5500000,6346000,manual
P01,Villa,2023-12-29,5500000,6090000,manual
P01,Villa,2023-12-30,5500000,6074000,manual
P01,Villa,2023-12-31,5500000,6206000,manual
P01,Villa,2024-01-01,5500000,6214000,manual
P01,Villa,2024-01-02,5500000,5851000,manual
P01,Villa,2024-01-03,5500000,5807000,manual
P01,Villa,2024-01-04,5500000,5690000,manual
P01,Villa,2024-01-05,5500000,6270000,manual
P01,Villa,2024-01-06,5500000,6617000,manual
P01,Villa,2024-01-07,5500000,6125000,manual
P01,Villa,2024-01-08,5500000,5962000,manual
P01,Villa,2024-01-09,5500000,6067000,manual
P01,Villa,2024-01-10,5500000,5982000,manual
P01,Villa,2024-01-11,5500000,5837000,manual
P01,Villa,2024-01-12,5500000,5968000,manual
P01,Villa,2024-01-13,5500000,6088000,manual
P01,Villa,2024-01-14,5500000,6129000,manual
P01,Villa,2024-01-15,5500000,6019000,manual
P01,Villa,2024-01-16,5500000,5939000,manual
P01,Villa,2024-01-17,5500000,6154000,manual
P01,Villa,2024-01-18,5500000,6163000,manual
P01,Villa,2024-01-19,5500000,5906000,manual
P01,Villa,2024-01-20,5500000,6073000,manual
P01,Villa,2024-01-21,5500000,5675000,manual
P01,Villa,2024-01-22,5500000,6394000,manual
P01,Villa,2024-01-23,5500000,5927000,manual
P01,Villa,2024-01-24,5500000,5954000,manual
P01,Villa,2024-01-25,5500000,5967000,manual
P01,Villa,2024-01-26,5500000,6115000,manual
P01,Villa,2024-01-27,5500000,5684000,manual
P01,Villa,2024-01-28,5500000,6168000,manual
P01,Villa,2024-01-29,5500000,6046000,manual
P01,Villa,2024-01-30,5500000,5913000,manual
P01,Villa,2024-01-31,5500000,5778000,manual
P01,Villa,2024-02-01,5500000,4963000,promo
P01,Villa,2024-02-02,5500000,5185000,promo
P01,Villa,2024-02-03,5500000,5179000,promo
P01,Villa,2024-02-04,5500000,5440000,promo
P01,Villa,2024-02-05,5500000,5211000,promo
P01,Villa,2024-02-06,5500000,5169000,promo
P01,Villa,2024-02-07,5500000,5253000,promo
P01,Villa,2024-02-08,5500000,5041000,promo
P01,Villa,2024-02-09,5500000,5151000,promo
P01,Villa,2024-02-10,5500000,5289000,promo
P01,Villa,2024-02-11,5500000,5419000,promo
P01,Villa,2024-02-12,5500000,5162000,promo
P01,Villa,2024-02-13,5500000,5479000,promo
P01,Villa,2024-02-14,5500000,5265000,promo
P01,Villa,2024-02-15,5500000,5222000,promo
P01,Villa,2024-02-16,5500000,5049000,promo
P01,Villa,2024-02-17,5500000,5368000,promo
P01,Villa,2024-02-18,5500000,5087000,promo
P01,Villa,2024-02-19,5500000,5158000,promo
P01,Villa,2024-02-20,5500000,5269000,promo
P01,Villa,2024-02-21,5500000,5039000,promo
P01,Villa,2024-02-22,5500000,5066000,promo
P01,Villa,2024-02-23,5500000,5257000,promo
P01,Villa,2024-02-24,5500000,5006000,promo
P01,Villa,2024-02-25,5500000,5014000,promo
P01,Villa,2024-02-26,5500000,5268000,promo
P01,Villa,2024-02-27,5500000,5026000,promo
P01,Villa,2024-02-28,5500000,5126000,promo
P01,Villa,2024-02-29,5500000,5165000,promo
P01,Villa,2024-03-01,5500000,5034000,promo
P01,Villa,2024-03-02,5500000,5235000,promo
P01,Villa,2024-03-03,5500000,5371000,promo
P01,Villa,2024-03-04,5500000,5268000,promo
P01,Villa,2024-03-05,5500000,5418000,promo
P01,Villa,2024-03-06,5500000,5489000,promo
P01,Villa,2024-03-07,5500000,5189000,promo
P01,Villa,2024-03-08,5500000,5202000,promo
P01,Villa,2024-03-09,5500000,5258000,promo
P01,Villa,2024-03-10,5500000,5153000,promo
P01,Villa,2024-03-11,5500000,4893000,promo
P01,Villa,2024-03-12,5500000,5370000,promo
P01,Villa,2024-03-13,5500000,5044000,promo
P01,Villa,2024-03-14,5500000,5478000,promo
P01,Villa,2024-03-15,5500000,5132000,promo
P01,Villa,2024-03-16,5500000,5087000,promo
P01,Villa,2024-03-17,5500000,5181000,promo
P01,Villa,2024-03-18,5500000,5287000,promo
P01,Villa,2024-03-19,5500000,5259000,promo
P01,Villa,2024-03-20,5500000,5250000,promo
P01,Villa,2024-03-21,5500000,5104000,promo
P01,Villa,2024-03-22,5500000,5052000,promo
P01,Villa,2024-03-23,5500000,5146000,promo
P01,Villa,2024-03-24,5500000,5221000,promo
P01,Villa,2024-03-25,5500000,5281000,promo
P01,Villa,2024-03-26,5500000,5267000,promo
P01,Villa,2024-03-27,5500000,5656000,promo
P01,Villa,2024-03-28,5500000,5422000,promo
P01,Villa,2024-03-29,5500000,5275000,promo
P01,Villa,2024-03-30,5500000,5290000,promo
P01,Villa,2024-03-31,5500000,5236000,promo
P01,Villa,2024-04-01,5500000,5533000,manual
P01,Villa,2024-04-02,5500000,5509000,manual
P01,Villa,2024-04-03,5500000,5383000,manual
P01,Villa,2024-04-04,5500000,5433000,manual
P01,Villa,2024-04-05,5500000,5563000,manual
P01,Villa,2024-04-06,5500000,5558000,manual
P01,Villa,2024-04-07,5500000,5723000,manual
P01,Villa,2024-04-08,5500000,5294000,manual
P01,Villa,2024-04-09,5500000,5309000,manual
P01,Villa,2024-04-10,5500000,5637000,manual
P01,Villa,2024-04-11,5500000,5655000,manual
P01,Villa,2024-04-12,5500000,5684000,manual
P01,Villa,2024-04-13,5500000,5292000,manual
P01,Villa,2024-04-14,5500000,5719000,manual
P01,Villa,2024-04-15,5500000,5508000,manual
P01,Villa,2024-04-16,5500000,5436000,manual
P01,Villa,2024-04-17,5500000,5383000,manual
P01,Villa,2024-04-18,5500000,5741000,manual
P01,Villa,2024-04-19,5500000,5610000,manual
P01,Villa,2024-04-20,5500000,5499000,manual
P01,Villa,2024-04-21,5500000,5616000,manual
P01,Villa,2024-04-22,5500000,5316000,manual
P01,Villa,2024-04-23,5500000,5409000,manual
P01,Villa,2024-04-24,5500000,5664000,manual
P01,Villa,2024-04-25,5500000,5434000,manual
P01,Villa,2024-04-26,5500000,5359000,manual
P01,Villa,2024-04-27,5500000,5352000,manual
P01,Villa,2024-04-28,5500000,5361000,manual
P01,Villa,2024-04-29,5500000,5184000,manual
P01,Villa,2024-04-30,5500000,5287000,manual
P01,Villa,2024-05-01,5500000,5671000,manual
P01,Villa,2024-05-02,5500000,5386000,manual
P01,Villa,2024-05-03,5500000,5503000,manual
P01,Villa,2024-05-04,5500000,5473000,manual
P01,Villa,2024-05-05,5500000,5631000,manual
P01,Villa,2024-05-06,5500000,5784000,manual
P01,Villa,2024-05-07,5500000,5538000,manual
P01,Villa,2024-05-08,5500000,5525000,manual
P01,Villa,2024-05-09,5500000,5630000,manual
P01,Villa,2024-05-10,5500000,5539000,manual
P01,Villa,2024-05-11,5500000,5659000,manual
P01,Villa,2024-05-12,5500000,5624000,manual
P01,Villa,2024-05-13,5500000,5651000,manual
P01,Villa,2024-05-14,5500000,5678000,manual
P01,Villa,2024-05-15,5500000,5609000,manual
P01,Villa,2024-05-16,5500000,5481000,manual
P01,Villa,2024-05-17,5500000,5717000,manual
P01,Villa,2024-05-18,5500000,5637000,manual
P01,Villa,2024-05-19,5500000,5866000,manual
P01,Villa,2024-05-20,5500000,5183000,manual
P01,Villa,2024-05-21,5500000,5567000,manual
P01,Villa,2024-05-22,5500000,5656000,manual
P01,Villa,2024-05-23,5500000,5694000,manual
P01,Villa,2024-05-24,5500000,5562000,manual
P01,Villa,2024-05-25,5500000,5437000,manual
P01,Villa,2024-05-26,5500000,5881000,manual
P01,Villa,2024-05-27,5500000,5502000,manual
P01,Villa,2024-05-28,5500000,5580000,manual
P01,Villa,2024-05-29,5500000,5525000,manual
P01,Villa,2024-05-30,5500000,5707000,manual
P01,Villa,2024-05-31,5500000,5478000,manual
P01,Villa,2024-06-01,5500000,5751000,manual
P01,Villa,2024-06-02,5500000,6211000,manual
P01,Villa,2024-06-03,5500000,6054000,manual
P01,Villa,2024-06-04,5500000,6033000,manual
P01,Villa,2024-06-05,5500000,5714000,manual
P01,Villa,2024-06-06,5500000,5750000,manual
P01,Villa,2024-06-07,5500000,6080000,manual
P01,Villa,2024-06-08,5500000,5898000,manual
P01,Villa,2024-06-09,5500000,5860000,manual
P01,Villa,2024-06-10,5500000,5806000,manual
P01,Villa,2024-06-11,5500000,6108000,manual
P01,Villa,2024-06-12,5500000,5886000,manual
P01,Villa,2024-06-13,5500000,6033000,manual
P01,Villa,2024-06-14,5500000,5611000,manual
P01,Villa,2024-06-15,5500000,6109000,manual
P01,Villa,2024-06-16,5500000,5855000,manual
P01,Villa,2024-06-17,5500000,5949000,manual
P01,Villa,2024-06-18,5500000,5770000,manual
P01,Villa,2024-06-19,5500000,5963000,manual
P01,Villa,2024-06-20,5500000,6067000,manual
P01,Villa,2024-06-21,5500000,5710000,manual
P01,Villa,2024-06-22,5500000,6126000,manual
P01,Villa,2024-06-23,5500000,5768000,manual
P01,Villa,2024-06-24,5500000,5944000,manual
P01,Villa,2024-06-25,5500000,6032000,manual
P01,Villa,2024-06-26,5500000,5797000,manual
P01,Villa,2024-06-27,5500000,5796000,manual
P01,Villa,2024-06-28,5500000,6044000,manual
P01,Villa,2024-06-29,5500000,5752000,manual
P01,Villa,2024-06-30,5500000,5944000,manual
P01,Villa,2024-07-01,5500000,5971000,manual
P01,Villa,2024-07-02,5500000,6104000,manual
P01,Villa,2024-07-03,5500000,6100000,manual
P01,Villa,2024-07-04,5500000,5857000,manual
P01,Villa,2024-07-05,5500000,6183000,manual
P01,Villa,2024-07-06,5500000,5977000,manual
P01,Villa,2024-07-07,5500000,5867000,manual
P01,Villa,2024-07-08,5500000,5960000,manual
P01,Villa,2024-07-09,5500000,6428000,manual
P01,Villa,2024-07-10,5500000,6060000,manual
P01,Villa,2024-07-11,5500000,6273000,manual
P01,Villa,2024-07-12,5500000,5637000,manual
P01,Villa,2024-07-13,5500000,6325000,manual
P01,Villa,2024-07-14,5500000,6025000,manual
P01,Villa,2024-07-15,5500000,6082000,manual
P01,Villa,2024-07-16,5500000,6022000,manual
P01,Villa,2024-07-17,5500000,6044000,manual
P01,Villa,2024-07-18,5500000,6073000,manual
P01,Villa,2024-07-19,5500000,6023000,manual
P01,Villa,2024-07-20,5500000,6077000,manual
P01,Villa,2024-07-21,5500000,6585000,manual
P01,Villa,2024-07-22,5500000,6272000,manual
P01,Villa,2024-07-23,5500000,5941000,manual
P01,Villa,2024-07-24,5500000,6204000,manual
P01,Villa,2024-07-25,5500000,6049000,manual
P01,Villa,2024-07-26,5500000,6103000,manual
P01,Villa,2024-07-27,5500000,6092000,manual
P01,Villa,2024-07-28,5500000,6331000,manual
P01,Villa,2024-07-29,5500000,6070000,manual
P01,Villa,2024-07-30,5500000,6492000,manual
P01,Villa,2024-07-31,5500000,5837000,manual
P01,Villa,2024-08-01,5500000,5612000,manual
P01,Villa,2024-08-02,5500000,5361000,manual
P01,Villa,2024-08-03,5500000,5747000,manual
P01,Villa,2024-08-04,5500000,5398000,manual
P01,Villa,2024-08-05,5500000,5710000,manual
P01,Villa,2024-08-06,5500000,5582000,manual
P01,Villa,2024-08-07,5500000,5908000,manual
P01,Villa,2024-08-08,5500000,5825000,manual
P01,Villa,2024-08-09,5500000,5645000,manual
P01,Villa,2024-08-10,5500000,5649000,manual
P01,Villa,2024-08-11,5500000,5749000,manual
P01,Villa,2024-08-12,5500000,5600000,manual
P01,Villa,2024-08-13,5500000,5487000,manual
P01,Villa,2024-08-14,5500000,5749000,manual
P01,Villa,2024-08-15,5500000,5869000,manual
P01,Villa,2024-08-16,5500000,5927000,manual
P01,Villa,2024-08-17,5500000,5888000,manual
P01,Villa,2024-08-18,5500000,5830000,manual
P01,Villa,2024-08-19,5500000,5905000,manual
P01,Villa,2024-08-20,5500000,5452000,manual
P01,Villa,2024-08-21,5500000,5780000,manual
P01,Villa,2024-08-22,5500000,5695000,manual
P01,Villa,2024-08-23,5500000,5651000,manual
P01,Villa,2024-08-24,5500000,5780000,manual
P01,Villa,2024-08-25,5500000,5830000,manual
P01,Villa,2024-08-26,5500000,5735000,manual
P01,Villa,2024-08-27,5500000,5679000,manual
P01,Villa,2024-08-28,5500000,5613000,manual
P01,Villa,2024-08-29,5500000,5324000,manual
P01,Villa,2024-08-30,5500000,5698000,manual
P01,Villa,2024-08-31,5500000,5451000,manual
P01,Villa,2024-09-01,5500000,5302000,promo
P01,Villa,2024-09-02,5500000,5019000,promo
P01,Villa,2024-09-03,5500000,5003000,promo
P01,Villa,2024-09-04,5500000,5227000,promo
P01,Villa,2024-09-05,5500000,5066000,promo
P01,Villa,2024-09-06,5500000,5232000,promo
P01,Villa,2024-09-07,5500000,5105000,promo
P01,Villa,2024-09-08,5500000,4980000,promo
P01,Villa,2024-09-09,5500000,4982000,promo
P01,Villa,2024-09-10,5500000,5016000,promo
P01,Villa,2024-09-11,5500000,4960000,promo
P01,Villa,2024-09-12,5500000,4948000,promo
P01,Villa,2024-09-13,5500000,5138000,promo
P01,Villa,2024-09-14,5500000,5166000,promo
P01,Villa,2024-09-15,5500000,5304000,promo
P01,Villa,2024-09-16,5500000,5111000,promo
P01,Villa,2024-09-17,5500000,5107000,promo
P01,Villa,2024-09-18,5500000,5159000,promo
P01,Villa,2024-09-19,5500000,5357000,promo
P01,Villa,2024-09-20,5500000,4948000,promo
P01,Villa,2024-09-21,5500000,5113000,promo
P01,Villa,2024-09-22,5500000,5542000,promo
P01,Villa,2024-09-23,5500000,5180000,promo
P01,Villa,2024-09-24,5500000,5203000,promo
P01,Villa,2024-09-25,5500000,5202000,promo
P01,Villa,2024-09-26,5500000,5003000,promo
P01,Villa,2024-09-27,5500000,5390000,promo
P01,Villa,2024-09-28,5500000,5098000,promo
P01,Villa,2024-09-29,5500000,5427000,promo
P01,Villa,2024-09-30,5500000,5214000,promo
P01,Villa,2024-10-01,5500000,5041000,promo
P01,Villa,2024-10-02,5500000,5312000,promo
P01,Villa,2024-10-03,5500000,5311000,promo
P01,Villa,2024-10-04,5500000,5287000,promo
P01,Villa,2024-10-05,5500000,5030000,promo
P01,Villa,2024-10-06,5500000,5463000,promo
P01,Villa,2024-10-07,5500000,5162000,promo
P01,Villa,2024-10-08,5500000,5358000,promo
P01,Villa,2024-10-09,5500000,5229000,promo
P01,Villa,2024-10-10,5500000,5308000,promo
P01,Villa,2024-10-11,5500000,5148000,promo
P01,Villa,2024-10-12,5500000,5145000,promo
P01,Villa,2024-10-13,5500000,5249000,promo
P01,Villa,2024-10-14,5500000,5070000,promo
P01,Villa,2024-10-15,5500000,5479000,promo
P01,Villa,2024-10-16,5500000,5207000,promo
P01,Villa,2024-10-17,5500000,5118000,promo
P01,Villa,2024-10-18,5500000,5125000,promo
P01,Villa,2024-10-19,5500000,5156000,promo
P01,Villa,2024-10-20,5500000,5334000,promo
P01,Villa,2024-10-21,5500000,4976000,promo
P01,Villa,2024-10-22,5500000,5145000,promo
P01,Villa,2024-10-23,5500000,5244000,promo
P01,Villa,2024-10-24,5500000,5010000,promo
P01,Villa,2024-10-25,5500000,5101000,promo
P01,Villa,2024-10-26,5500000,5158000,promo
P01,Villa,2024-10-27,5500000,4956000,promo
P01,Villa,2024-10-28,5500000,5033000,promo
P01,Villa,2024-10-29,5500000,4911000,promo
P01,Villa,2024-10-30,5500000,5150000,promo
P01,Villa,2024-10-31,5500000,5053000,promo
P01,Villa,2024-11-01,5500000,5446000,manual
P01,Villa,2024-11-02,5500000,5622000,manual
P01,Villa,2024-11-03,5500000,5313000,manual
P01,Villa,2024-11-04,5500000,5302000,manual
P01,Villa,2024-11-05,5500000,5605000,manual
P01,Villa,2024-11-06,5500000,5475000,manual
P01,Villa,2024-11-07,5500000,5780000,manual
P01,Villa,2024-11-08,5500000,5523000,manual
P01,Villa,2024-11-09,5500000,5392000,manual
P01,Villa,2024-11-10,5500000,5510000,manual
P01,Villa,2024-11-11,5500000,5670000,manual
P01,Villa,2024-11-12,5500000,5436000,manual
P01,Villa,2024-11-13,5500000,5504000,manual
P01,Villa,2024-11-14,5500000,5498000,manual
P01,Villa,2024-11-15,5500000,5276000,manual
P01,Villa,2024-11-16,5500000,5330000,manual
P01,Villa,2024-11-17,5500000,5299000,manual
P01,Villa,2024-11-18,5500000,5079000,manual
P01,Villa,2024-11-19,5500000,5542000,manual
P01,Villa,2024-11-20,5500000,5485000,manual
P01,Villa,2024-11-21,5500000,5619000,manual
P01,Villa,2024-11-22,5500000,5667000,manual
P01,Villa,2024-11-23,5500000,5547000,manual
P01,Villa,2024-11-24,5500000,5566000,manual
P01,Villa,2024-11-25,5500000,5595000,manual
P01,Villa,2024-11-26,5500000,5405000,manual
P01,Villa,2024-11-27,5500000,5464000,manual
P01,Villa,2024-11-28,5500000,5280000,manual
P01,Villa,2024-11-29,5500000,5654000,manual
P01,Villa,2024-11-30,5500000,5650000,manual
P01,Villa,2024-12-01,5500000,5603000,manual
P01,Villa,2024-12-02,5500000,6222000,manual
P01,Villa,2024-12-03,5500000,6556000,manual
P01,Villa,2024-12-04,5500000,6029000,manual
P01,Villa,2024-12-05,5500000,6157000,manual
P01,Villa,2024-12-06,5500000,6743000,manual
P01,Villa,2024-12-07,5500000,6405000,manual
P01,Villa,2024-12-08,5500000,6496000,manual
P01,Villa,2024-12-09,5500000,6279000,manual
P01,Villa,2024-12-10,5500000,6368000,manual
P01,Villa,2024-12-11,5500000,5853000,manual
P01,Villa,2024-12-12,5500000,6411000,manual
P01,Villa,2024-12-13,5500000,6131000,manual
P01,Villa,2024-12-14,5500000,6100000,manual
P01,Villa,2024-12-15,5500000,6284000,manual
P01,Villa,2024-12-16,5500000,5908000,manual
P01,Villa,2024-12-17,5500000,5924000,manual
P01,Villa,2024-12-18,5500000,6238000,manual
P01,Villa,2024-12-19,5500000,6402000,manual
P01,Villa,2024-12-20,5500000,6366000,manual
P01,Villa,2024-12-21,5500000,5976000,manual
P01,Villa,2024-12-22,5500000,6022000,manual
P01,Villa,2024-12-23,5500000,6195000,manual
P01,Villa,2024-12-24,5500000,8934000,dynamic-pricing-AI
P01,Villa,2024-12-25,5500000,9090000,dynamic-pricing-AI
P01,Villa,2024-12-26,5500000,9118000,dynamic-pricing-AI
P01,Villa,2024-12-27,5500000,9296000,dynamic-pricing-AI
P01,Villa,2024-12-28,5500000,8894000,dynamic-pricing-AI
P01,Villa,2024-12-29,5500000,8610000,dynamic-pricing-AI
P01,Villa,2024-12-30,5500000,9435000,dynamic-pricing-AI
P01,Villa,2024-12-31,5500000,8903000,dynamic-pricing-AI
P01,Villa,2025-01-01,5500000,8652000,dynamic-pricing-AI
P01,Villa,2025-01-02,5500000,8681000,dynamic-pricing-AI
P01,Villa,2025-01-03,5500000,5990000,manual
P01,Villa,2025-01-04,5500000,6031000,manual
P01,Villa,2025-01-05,5500000,5543000,manual
P01,Villa,2025-01-06,5500000,5858000,manual
P01,Villa,2025-01-07,5500000,6019000,manual
P01,Villa,2025-01-08,5500000,5816000,manual
P01,Villa,2025-01-09,5500000,6251000,manual
P01,Villa,2025-01-10,5500000,5983000,manual
P01,Villa,2025-01-11,5500000,6150000,manual
P01,Villa,2025-01-12,5500000,5761000,manual
P01,Villa,2025-01-13,5500000,6208000,manual
P01,Villa,2025-01-14,5500000,6110000,manual
P01,Villa,2025-01-15,5500000,5922000,manual
P01,Villa,2025-01-16,5500000,6225000,manual
P01,Villa,2025-01-17,5500000,6142000,manual
P01,Villa,2025-01-18,5500000,5828000,manual
P01,Villa,2025-01-19,5500000,5847000,manual
P01,Villa,2025-01-20,5500000,6333000,manual
P01,Villa,2025-01-21,5500000,6048000,manual
P01,Villa,2025-01-22,5500000,6186000,manual
P01,Villa,2025-01-23,5500000,5809000,manual
P01,Villa,2025-01-24,5500000,5809000,manual
P01,Villa,2025-01-25,5500000,6062000,manual
P01,Villa,2025-01-26,5500000,5924000,manual
P01,Villa,2025-01-27,5500000,6032000,manual
P01,Villa,2025-01-28,5500000,5957000,manual
P01,Villa,2025-01-29,5500000,6058000,manual
P01,Villa,2025-01-30,5500000,5931000,manual
P01,Villa,2025-01-31,5500000,6141000,manual
P01,Villa,2025-02-01,5500000,5054000,promo
P01,Villa,2025-02-02,5500000,5157000,promo
P01,Villa,2025-02-03,5500000,5034000,promo
P01,Villa,2025-02-04,5500000,5423000,promo
P01,Villa,2025-02-05,5500000,4993000,promo
P01,Villa,2025-02-06,5500000,5264000,promo
P01,Villa,2025-02-07,5500000,5338000,promo
P01,Villa,2025-02-08,5500000,5245000,promo
P01,Villa,2025-02-09,5500000,5255000,promo
P01,Villa,2025-02-10,5500000,5239000,promo
P01,Villa,2025-02-11,5500000,5158000,promo
P01,Villa,2025-02-12,5500000,5135000,promo
P01,Villa,2025-02-13,5500000,5443000,promo
P01,Villa,2025-02-14,5500000,5040000,promo
P01,Villa,2025-02-15,5500000,5088000,promo
P01,Villa,2025-02-16,5500000,5387000,promo
P01,Villa,2025-02-17,5500000,5278000,promo
P01,Villa,2025-02-18,5500000,5063000,promo
P01,Villa,2025-02-19,5500000,4869000,promo
P01,Villa,2025-02-20,5500000,5187000,promo
P01,Villa,2025-02-21,5500000,5031000,promo
P01,Villa,2025-02-22,5500000,5198000,promo
P01,Villa,2025-02-23,5500000,5043000,promo
P01,Villa,2025-02-24,5500000,4968000,promo
P01,Villa,2025-02-25,5500000,5034000,promo
P01,Villa,2025-02-26,5500000,4950000,promo
P01,Villa,2025-02-27,5500000,4926000,promo
P01,Villa,2025-02-28,5500000,5196000,promo
P01,Villa,2025-03-01,5500000,5207000,promo
P01,Villa,2025-03-02,5500000,5298000,promo
P01,Villa,2025-03-03,5500000,5248000,promo
P01,Villa,2025-03-04,5500000,5462000,promo
P01,Villa,2025-03-05,5500000,5368000,promo
P01,Villa,2025-03-06,5500000,4984000,promo
P01,Villa,2025-03-07,5500000,4920000,promo
P01,Villa,2025-03-08,5500000,5073000,promo
P01,Villa,2025-03-09,5500000,5236000,promo
P01,Villa,2025-03-10,5500000,5284000,promo
P01,Villa,2025-03-11,5500000,5375000,promo
P01,Villa,2025-03-12,5500000,5588000,promo
P01,Villa,2025-03-13,5500000,5307000,promo
P01,Villa,2025-03-14,5500000,5379000,promo
P01,Villa,2025-03-15,5500000,5351000,promo
P01,Villa,2025-03-16,5500000,5406000,promo
P01,Villa,2025-03-17,5500000,5384000,promo
P01,Villa,2025-03-18,5500000,5214000,promo
P01,Villa,2025-03-19,5500000,5498000,promo
P01,Villa,2025-03-20,5500000,5127000,promo
P01,Villa,2025-03-21,5500000,5159000,promo
P01,Villa,2025-03-22,5500000,5429000,promo
P01,Villa,2025-03-23,5500000,5385000,promo
P01,Villa,2025-03-24,5500000,5226000,promo
P01,Villa,2025-03-25,5500000,5144000,promo
P01,Villa,2025-03-26,5500000,5109000,promo
P01,Villa,2025-03-27,5500000,5024000,promo
P01,Villa,2025-03-28,5500000,5059000,promo
P01,Villa,2025-03-29,5500000,5063000,promo
P01,Villa,2025-03-30,5500000,5154000,promo
P01,Villa,2025-03-31,5500000,5009000,promo
P01,Villa,2025-04-01,5500000,5709000,manual
P01,Villa,2025-04-02,5500000,5349000,manual
P01,Villa,2025-04-03,5500000,5714000,manual
P01,Villa,2025-04-04,5500000,5570000,manual
P01,Villa,2025-04-05,5500000,5698000,manual
P01,Villa,2025-04-06,5500000,5278000,manual
P01,Villa,2025-04-07,5500000,5413000,manual
P01,Villa,2025-04-08,5500000,5514000,manual
P01,Villa,2025-04-09,5500000,5189000,manual
P01,Villa,2025-04-10,5500000,5542000,manual
P01,Villa,2025-04-11,5500000,5297000,manual
P01,Villa,2025-04-12,5500000,5575000,manual
P01,Villa,2025-04-13,5500000,5325000,manual
P01,Villa,2025-04-14,5500000,5460000,manual
P01,Villa,2025-04-15,5500000,5765000,manual
P01,Villa,2025-04-16,5500000,5627000,manual
P01,Villa,2025-04-17,5500000,5490000,manual
P01,Villa,2025-04-18,5500000,5642000,manual
P01,Villa,2025-04-19,5500000,5192000,manual
P01,Villa,2025-04-20,5500000,5443000,manual
P01,Villa,2025-04-21,5500000,5696000,manual
P01,Villa,2025-04-22,5500000,5335000,manual
P01,Villa,2025-04-23,5500000,5541000,manual
P01,Villa,2025-04-24,5500000,5509000,manual
P01,Villa,2025-04-25,5500000,5526000,manual
P01,Villa,2025-04-26,5500000,5515000,manual
P01,Villa,2025-04-27,5500000,5374000,manual
P01,Villa,2025-04-28,5500000,5513000,manual
P01,Villa,2025-04-29,5500000,5461000,manual
P01,Villa,2025-04-30,5500000,5605000,manual
P01,Villa,2025-05-01,5500000,5599000,manual
P01,Villa,2025-05-02,5500000,5714000,manual
P01,Villa,2025-05-03,5500000,5877000,manual
P01,Villa,2025-05-04,5500000,5237000,manual
P01,Villa,2025-05-05,5500000,5299000,manual
P01,Villa,2025-05-06,5500000,5548000,manual
P01,Villa,2025-05-07,5500000,5672000,manual
P01,Villa,2025-05-08,5500000,5546000,manual
P01,Villa,2025-05-09,5500000,5641000,manual
P01,Villa,2025-05-10,5500000,5646000,manual
P01,Villa,2025-05-11,5500000,5676000,manual
P01,Villa,2025-05-12,5500000,5295000,manual
P01,Villa,2025-05-13,5500000,5648000,manual
P01,Villa,2025-05-14,5500000,5644000,manual
P01,Villa,2025-05-15,5500000,5675000,manual
P01,Villa,2025-05-16,5500000,5483000,manual
P01,Villa,2025-05-17,5500000,5506000,manual
P01,Villa,2025-05-18,5500000,5772000,manual
P01,Villa,2025-05-19,5500000,5537000,manual
P01,Villa,2025-05-20,5500000,5844000,manual
P01,Villa,2025-05-21,5500000,5351000,manual
P01,Villa,2025-05-22,5500000,5322000,manual
P01,Villa,2025-05-23,5500000,5764000,manual
P01,Villa,2025-05-24,5500000,5440000,manual
P01,Villa,2025-05-25,5500000,5424000,manual
P01,Villa,2025-05-26,5500000,5445000,manual
P01,Villa,2025-05-27,5500000,5676000,manual
P01,Villa,2025-05-28,5500000,5515000,manual
P01,Villa,2025-05-29,5500000,5341000,manual
P01,Villa,2025-05-30,5500000,5610000,manual
P01,Villa,2025-05-31,5500000,5678000,manual
P01,Villa,2025-06-01,5500000,6241000,manual
P01,Villa,2025-06-02,5500000,5799000,manual
P01,Villa,2025-06-03,5500000,5845000,manual
P01,Villa,2025-06-04,5500000,6235000,manual
P01,Villa,2025-06-05,5500000,5778000,manual
P01,Villa,2025-06-06,5500000,5785000,manual
P01,Villa,2025-06-07,5500000,6100000,manual
P01,Villa,2025-06-08,5500000,6138000,manual
P01,Villa,2025-06-09,5500000,6152000,manual
P01,Villa,2025-06-10,5500000,5918000,manual
P01,Villa,2025-06-11,5500000,5900000,manual
P01,Villa,2025-06-12,5500000,6005000,manual
P01,Villa,2025-06-13,5500000,5919000,manual
P01,Villa,2025-06-14,5500000,5895000,manual
P01,Villa,2025-06-15,5500000,6207000,manual
P01,Villa,2025-06-16,5500000,6040000,manual
P01,Villa,2025-06-17,5500000,5642000,manual
P01,Villa,2025-06-18,5500000,5790000,manual
P01,Villa,2025-06-19,5500000,5842000,manual
P01,Villa,2025-06-20,5500000,6080000,manual
P01,Villa,2025-06-21,5500000,6055000,manual
P01,Villa,2025-06-22,5500000,6043000,manual
P01,Villa,2025-06-23,5500000,5874000,manual
P01,Villa,2025-06-24,5500000,5867000,manual
P01,Villa,2025-06-25,5500000,6339000,manual
P01,Villa,2025-06-26,5500000,6234000,manual
P01,Villa,2025-06-27,5500000,6049000,manual
P01,Villa,2025-06-28,5500000,5850000,manual
P01,Villa,2025-06-29,5500000,6073000,manual
P01,Villa,2025-06-30,5500000,6074000,manual
P01,Villa,2025-07-01,5500000,6272000,manual
P01,Villa,2025-07-02,5500000,6301000,manual
P01,Villa,2025-07-03,5500000,6292000,manual
P01,Villa,2025-07-04,5500000,6468000,manual
P01,Villa,2025-07-05,5500000,6099000,manual
P01,Villa,2025-07-06,5500000,6395000,manual
P01,Villa,2025-07-07,5500000,6066000,manual
P01,Villa,2025-07-08,5500000,5708000,manual
P01,Villa,2025-07-09,5500000,6370000,manual
P01,Villa,2025-07-10,5500000,5848000,manual
P01,Villa,2025-07-11,5500000,6120000,manual
P01,Villa,2025-07-12,5500000,5674000,manual
P01,Villa,2025-07-13,5500000,6020000,manual
P01,Villa,2025-07-14,5500000,6087000,manual
P01,Villa,2025-07-15,5500000,5995000,manual
P01,Villa,2025-07-16,5500000,5889000,manual
P01,Villa,2025-07-17,5500000,6094000,manual
P01,Villa,2025-07-18,5500000,6307000,manual
P01,Villa,2025-07-19,5500000,5770000,manual
P01,Villa,2025-07-20,5500000,6144000,manual
P01,Villa,2025-07-21,5500000,6023000,manual
P01,Villa,2025-07-22,5500000,6166000,manual
P01,Villa,2025-07-23,5500000,6264000,manual
P01,Villa,2025-07-24,5500000,6443000,manual
P01,Villa,2025-07-25,5500000,6038000,manual
P01,Villa,2025-07-26,5500000,5949000,manual
P01,Villa,2025-07-27,5500000,6265000,manual
P01,Villa,2025-07-28,5500000,6101000,manual
P01,Villa,2025-07-29,5500000,6023000,manual
P01,Villa,2025-07-30,5500000,5939000,manual
P01,Villa,2025-07-31,5500000,6231000,manual
P01,Villa,2025-08-01,5500000,5788000,manual
P01,Villa,2025-08-02,5500000,5727000,manual
P01,Villa,2025-08-03,5500000,5359000,manual
P01,Villa,2025-08-04,5500000,5845000,manual
P01,Villa,2025-08-05,5500000,5725000,manual
P01,Villa,2025-08-06,5500000,5460000,manual
P01,Villa,2025-08-07,5500000,5294000,manual
P01,Villa,2025-08-08,5500000,5326000,manual
P01,Villa,2025-08-09,5500000,5605000,manual
P01,Villa,2025-08-10,5500000,5385000,manual
P01,Villa,2025-08-11,5500000,5649000,manual
P01,Villa,2025-08-12,5500000,5777000,manual
P01,Villa,2025-08-13,5500000,5491000,manual
P01,Villa,2025-08-14,5500000,5582000,manual
P01,Villa,2025-08-15,5500000,5300000,manual
P01,Villa,2025-08-16,5500000,5594000,manual
P01,Villa,2025-08-17,5500000,5554000,manual
P01,Villa,2025-08-18,5500000,5839000,manual
P01,Villa,2025-08-19,5500000,5600000,manual
P01,Villa,2025-08-20,5500000,5411000,manual
P01,Villa,2025-08-21,5500000,5594000,manual
P01,Villa,2025-08-22,5500000,5748000,manual
P01,Villa,2025-08-23,5500000,5584000,manual
P01,Villa,2025-08-24,5500000,5290000,manual
P01,Villa,2025-08-25,5500000,5446000,manual
P01,Villa,2025-08-26,5500000,5387000,manual
P01,Villa,2025-08-27,5500000,5789000,manual
P01,Villa,2025-08-28,5500000,5695000,manual
P01,Villa,2025-08-29,5500000,5455000,manual
P01,Villa,2025-08-30,5500000,5761000,manual
P01,Villa,2025-08-31,5500000,5614000,manual
P01,Villa,2025-09-01,5500000,5057000,promo
P01,Villa,2025-09-02,5500000,5120000,promo
P01,Villa,2025-09-03,5500000,4963000,promo
P01,Villa,2025-09-04,5500000,5010000,promo
P01,Villa,2025-09-05,5500000,5074000,promo
P01,Villa,2025-09-06,5500000,5210000,promo
P01,Villa,2025-09-07,5500000,5382000,promo
P01,Villa,2025-09-08,5500000,5132000,promo
P01,Villa,2025-09-09,5500000,5055000,promo
P01,Villa,2025-09-10,5500000,5203000,promo
P01,Villa,2025-09-11,5500000,4787000,promo
P01,Villa,2025-09-12,5500000,5233000,promo
P01,Villa,2025-09-13,5500000,4804000,promo
P01,Villa,2025-09-14,5500000,5228000,promo
P01,Villa,2025-09-15,5500000,4814000,promo
P01,Villa,2025-09-16,5500000,4989000,promo
P01,Villa,2025-09-17,5500000,5201000,promo
P01,Villa,2025-09-18,5500000,5119000,promo
P01,Villa,2025-09-19,5500000,4990000,promo
P01,Villa,2025-09-20,5500000,5128000,promo
P01,Villa,2025-09-21,5500000,5025000,promo
P01,Villa,2025-09-22,5500000,5123000,promo
P01,Villa,2025-09-23,5500000,5216000,promo
P01,Villa,2025-09-24,5500000,4664000,promo
P01,Villa,2025-09-25,5500000,5199000,promo
P01,Villa,2025-09-26,5500000,5064000,promo
P01,Villa,2025-09-27,5500000,5017000,promo
P01,Villa,2025-09-28,5500000,4905000,promo
P01,Villa,2025-09-29,5500000,4937000,promo
P01,Villa,2025-09-30,5500000,5255000,promo
P01,Villa,2025-10-01,5500000,5372000,promo
P01,Villa,2025-10-02,5500000,5112000,promo
P01,Villa,2025-10-03,5500000,5162000,promo
P01,Villa,2025-10-04,5500000,5343000,promo
P01,Villa,2025-10-05,5500000,4890000,promo
P01,Villa,2025-10-06,5500000,5189000,promo
P01,Villa,2025-10-07,5500000,5404000,promo
P01,Villa,2025-10-08,5500000,5302000,promo
P01,Villa,2025-10-09,5500000,4996000,promo
P01,Villa,2025-10-10,5500000,5172000,promo
P01,Villa,2025-10-11,5500000,5185000,promo
P01,Villa,2025-10-12,5500000,5373000,promo
P01,Villa,2025-10-13,5500000,5267000,promo
P01,Villa,2025-10-14,5500000,5121000,promo
P01,Villa,2025-10-15,5500000,5333000,promo
P01,Villa,2025-10-16,5500000,4860000,promo
P01,Villa,2025-10-17,5500000,5502000,promo
P01,Villa,2025-10-18,5500000,5152000,promo
P01,Villa,2025-10-19,5500000,5025000,promo
P01,Villa,2025-10-20,5500000,5140000,promo
P01,Villa,2025-10-21,5500000,5360000,promo
P01,Villa,2025-10-22,5500000,5129000,promo
P01,Villa,2025-10-23,5500000,5141000,promo
P01,Villa,2025-10-24,5500000,5182000,promo
P01,Villa,2025-10-25,5500000,5165000,promo
P01,Villa,2025-10-26,5500000,5238000,promo
P01,Villa,2025-10-27,5500000,5422000,promo
P01,Villa,2025-10-28,5500000,5088000,promo
P01,Villa,2025-10-29,5500000,5186000,promo
P01,Villa,2025-10-30,5500000,5200000,promo
P01,Villa,2025-10-31,5500000,5101000,promo
P01,Villa,2025-11-01,5500000,5090000,manual
P01,Villa,2025-11-02,5500000,5228000,manual
P01,Villa,2025-11-03,5500000,5680000,manual
P01,Villa,2025-11-04,5500000,5659000,manual
P01,Villa,2025-11-05,5500000,5371000,manual
P01,Villa,2025-11-06,5500000,5293000,manual
P01,Villa,2025-11-07,5500000,5088000,manual
P01,Villa,2025-11-08,5500000,5426000,manual
P01,Villa,2025-11-09,5500000,5722000,manual
P01,Villa,2025-11-10,5500000,5472000,manual
P01,Villa,2025-11-11,5500000,5341000,manual
P01,Villa,2025-11-12,5500000,5222000,manual
P01,Villa,2025-11-13,5500000,5395000,manual
P01,Villa,2025-11-14,5500000,5442000,manual
P01,Villa,2025-11-15,5500000,5538000,manual
P01,Villa,2025-11-16,5500000,5455000,manual
P01,Villa,2025-11-17,5500000,5326000,manual
P01,Villa,2025-11-18,5500000,5220000,manual
P01,Villa,2025-11-19,5500000,5534000,manual
P01,Villa,2025-11-20,5500000,5688000,manual
P01,Villa,2025-11-21,5500000,5586000,manual
P01,Villa,2025-11-22,5500000,5479000,manual
P01,Villa,2025-11-23,5500000,5600000,manual
P01,Villa,2025-11-24,5500000,5359000,manual
P01,Villa,2025-11-25,5500000,5692000,manual
P01,Villa,2025-11-26,5500000,5324000,manual
P01,Villa,2025-11-27,5500000,5693000,manual
P01,Villa,2025-11-28,5500000,5475000,manual
P01,Villa,2025-11-29,5500000,5353000,manual
P01,Villa,2025-11-30,5500000,5627000,manual
P01,Villa,2025-12-01,5500000,6274000,manual
P01,Villa,2025-12-02,5500000,6011000,manual
P01,Villa,2025-12-03,5500000,6029000,manual
P01,Villa,2025-12-04,5500000,6072000,manual
P01,Villa,2025-12-05,5500000,6493000,manual
P01,Villa,2025-12-06,5500000,6176000,manual
P01,Villa,2025-12-07,5500000,6177000,manual
P01,Villa,2025-12-08,5500000,6450000,manual
P01,Villa,2025-12-09,5500000,6131000,manual
P01,Villa,2025-12-10,5500000,6072000,manual
P01,Villa,2025-12-11,5500000,6208000,manual
P01,Villa,2025-12-12,5500000,6160000,manual
P01,Villa,2025-12-13,5500000,6117000,manual
P01,Villa,2025-12-14,5500000,6463000,manual
P01,Villa,2025-12-15,5500000,6146000,manual
P01,Villa,2025-12-16,5500000,6094000,manual
P01,Villa,2025-12-17,5500000,5941000,manual
P01,Villa,2025-12-18,5500000,6180000,manual
P01,Villa,2025-12-19,5500000,6340000,manual
P01,Villa,2025-12-20,5500000,5841000,manual
P01,Villa,2025-12-21,5500000,6159000,manual
P01,Villa,2025-12-22,5500000,6185000,manual
P01,Villa,2025-12-23,5500000,6114000,manual
P01,Villa,2025-12-24,5500000,6234000,manual
P01,Villa,2025-12-25,5500000,5762000,manual
P01,Villa,2025-12-26,5500000,6175000,manual
P01,Villa,2025-12-27,5500000,6237000,manual
P01,Villa,2025-12-28,5500000,6217000,manual
P01,Villa,2025-12-29,5500000,6602000,manual
P01,Villa,2025-12-30,5500000,6078000,manual
P01,Villa,2025-12-31,5500000,6448000,manual
P01,Villa,2026-01-01,5500000,6335000,manual
P01,Villa,2026-01-02,5500000,5764000,manual
P01,Villa,2026-01-03,5500000,5796000,manual
P01,Villa,2026-01-04,5500000,6144000,manual
P01,Villa,2026-01-05,5500000,6023000,manual
P01,Villa,2026-01-06,5500000,6435000,manual
P01,Villa,2026-01-07,5500000,6208000,manual
P01,Villa,2026-01-08,5500000,6091000,manual
P01,Villa,2026-01-09,5500000,6169000,manual
P01,Villa,2026-01-10,5500000,6211000,manual
P01,Villa,2026-01-11,5500000,6239000,manual
P01,Villa,2026-01-12,5500000,5780000,manual
P01,Villa,2026-01-13,5500000,6108000,manual
P01,Villa,2026-01-14,5500000,5701000,manual
P01,Villa,2026-01-15,5500000,5938000,manual
P01,Villa,2026-01-16,5500000,6015000,manual
P01,Villa,2026-01-17,5500000,6129000,manual
P01,Villa,2026-01-18,5500000,5992000,manual
P01,Villa,2026-01-19,5500000,5887000,manual
P01,Villa,2026-01-20,5500000,6097000,manual
P01,Villa,2026-01-21,5500000,5745000,manual
P01,Villa,2026-01-22,5500000,6221000,manual
P01,Villa,2026-01-23,5500000,6150000,manual
P01,Villa,2026-01-24,5500000,6098000,manual
P01,Villa,2026-01-25,5500000,6111000,manual
P01,Villa,2026-01-26,5500000,6106000,manual
P01,Villa,2026-01-27,5500000,5585000,manual
P01,Villa,2026-01-28,5500000,6064000,manual
P01,Villa,2026-01-29,5500000,5915000,manual
P01,Villa,2026-01-30,5500000,6199000,manual
P01,Villa,2026-01-31,5500000,6102000,manual
P01,Villa,2026-02-01,5500000,5139000,promo
P01,Villa,2026-02-02,5500000,5156000,promo
P01,Villa,2026-02-03,5500000,5254000,promo
P01,Villa,2026-02-04,5500000,5250000,promo
P01,Villa,2026-02-05,5500000,5263000,promo
P01,Villa,2026-02-06,5500000,5116000,promo
P01,Villa,2026-02-07,5500000,5043000,promo
P01,Villa,2026-02-08,5500000,5117000,promo
P01,Villa,2026-02-09,5500000,5458000,promo
P01,Villa,2026-02-10,5500000,5255000,promo
P01,Villa,2026-02-11,5500000,5037000,promo
P01,Villa,2026-02-12,5500000,5039000,promo
P01,Villa,2026-02-13,5500000,5416000,promo
P01,Villa,2026-02-14,5500000,5293000,promo
P01,Villa,2026-02-15,5500000,5289000,promo
P01,Villa,2026-02-16,5500000,5241000,promo
P01,Villa,2026-02-17,5500000,5037000,promo
P01,Villa,2026-02-18,5500000,4983000,promo
P01,Villa,2026-02-19,5500000,5189000,promo
P01,Villa,2026-02-20,5500000,5122000,promo
P01,Villa,2026-02-21,5500000,5200000,promo
P01,Villa,2026-02-22,5500000,5200000,promo
P01,Villa,2026-02-23,5500000,5216000,promo
P01,Villa,2026-02-24,5500000,5317000,promo
P01,Villa,2026-02-25,5500000,5112000,promo
P01,Villa,2026-02-26,5500000,5356000,promo
P01,Villa,2026-02-27,5500000,5079000,promo
P01,Villa,2026-02-28,5500000,5411000,promo
P01,Villa,2026-03-01,5500000,5247000,promo
P01,Villa,2026-03-02,5500000,5340000,promo
P01,Villa,2026-03-03,5500000,5068000,promo
P01,Villa,2026-03-04,5500000,5107000,promo
P01,Villa,2026-03-05,5500000,5107000,promo
P01,Villa,2026-03-06,5500000,5369000,promo
P01,Villa,2026-03-07,5500000,4931000,promo
P01,Villa,2026-03-08,5500000,5101000,promo
P01,Villa,2026-03-09,5500000,5391000,promo
P01,Villa,2026-03-10,5500000,5277000,promo
P01,Villa,2026-03-11,5500000,5114000,promo
P01,Villa,2026-03-12,5500000,5318000,promo
P01,Villa,2026-03-13,5500000,5358000,promo
P01,Villa,2026-03-14,5500000,4974000,promo
P01,Villa,2026-03-15,5500000,5519000,promo
P01,Villa,2026-03-16,5500000,5161000,promo
P01,Villa,2026-03-17,5500000,5270000,promo
P01,Villa,2026-03-18,5500000,5044000,promo
P01,Villa,2026-03-19,5500000,4921000,promo
P01,Villa,2026-03-20,5500000,5170000,promo
P01,Villa,2026-03-21,5500000,5269000,promo
P01,Villa,2026-03-22,5500000,5306000,promo
P01,Villa,2026-03-23,5500000,5188000,promo
P01,Villa,2026-03-24,5500000,5444000,promo
P01,Villa,2026-03-25,5500000,4935000,promo
P01,Villa,2026-03-26,5500000,5392000,promo
P01,Villa,2026-03-27,5500000,5238000,promo
P01,Villa,2026-03-28,5500000,5180000,promo
P01,Villa,2026-03-29,5500000,4969000,promo
P01,Villa,2026-03-30,5500000,5301000,promo
P01,Villa,2026-03-31,5500000,4915000,promo
P01,Villa,2026-04-01,5500000,5566000,manual
P01,Villa,2026-04-02,5500000,5453000,manual
P01,Villa,2026-04-03,5500000,5601000,manual
P01,Villa,2026-04-04,5500000,5422000,manual
P01,Villa,2026-04-05,5500000,5383000,manual
P01,Villa,2026-04-06,5500000,5258000,manual
P01,Villa,2026-04-07,5500000,5525000,manual
P01,Villa,2026-04-08,5500000,5460000,manual
P01,Villa,2026-04-09,5500000,5474000,manual
P01,Villa,2026-04-10,5500000,5553000,manual
P01,Villa,2026-04-11,5500000,5443000,manual
P01,Villa,2026-04-12,5500000,5527000,manual
P01,Villa,2026-04-13,5500000,5419000,manual
P01,Villa,2026-04-14,5500000,5737000,manual
P01,Villa,2026-04-15,5500000,5492000,manual
P01,Villa,2026-04-16,5500000,5444000,manual
P01,Villa,2026-04-17,5500000,5578000,manual
P01,Villa,2026-04-18,5500000,5471000,manual
P01,Villa,2026-04-19,5500000,5268000,manual
P01,Villa,2026-04-20,5500000,5597000,manual
P01,Villa,2026-04-21,5500000,5752000,manual
P01,Villa,2026-04-22,5500000,5436000,manual
P01,Villa,2026-04-23,5500000,5597000,manual
P01,Villa,2026-04-24,5500000,5396000,manual
P01,Villa,2026-04-25,5500000,5547000,manual
P01,Villa,2026-04-26,5500000,5526000,manual
P01,Villa,2026-04-27,5500000,5266000,manual
P01,Villa,2026-04-28,5500000,5278000,manual
P01,Villa,2026-04-29,5500000,5372000,manual
P01,Villa,2026-04-30,5500000,5335000,manual
P01,Villa,2026-05-01,5500000,5695000,manual
P01,Villa,2026-05-02,5500000,5677000,manual
P01,Villa,2026-05-03,5500000,5285000,manual
P01,Villa,2026-05-04,5500000,5675000,manual
P01,Villa,2026-05-05,5500000,5792000,manual
P01,Villa,2026-05-06,5500000,5698000,manual
P01,Villa,2026-05-07,5500000,5672000,manual
P01,Villa,2026-05-08,5500000,5514000,manual
P01,Villa,2026-05-09,5500000,5539000,manual
P01,Villa,2026-05-10,5500000,5585000,manual
P01,Villa,2026-05-11,5500000,5442000,manual
P01,Villa,2026-05-12,5500000,5597000,manual
P01,Villa,2026-05-13,5500000,5472000,manual
P01,Villa,2026-05-14,5500000,5707000,manual
P01,Villa,2026-05-15,5500000,5553000,manual
P01,Villa,2026-05-16,5500000,5753000,manual
P01,Villa,2026-05-17,5500000,5520000,manual
P01,Villa,2026-05-18,5500000,5789000,manual
P01,Villa,2026-05-19,5500000,6124000,manual
P01,Villa,2026-05-20,5500000,5511000,manual
P01,Villa,2026-05-21,5500000,5760000,manual
P01,Villa,2026-05-22,5500000,5580000,manual
P01,Villa,2026-05-23,5500000,5463000,manual
P01,Villa,2026-05-24,5500000,5828000,manual
P01,Villa,2026-05-25,5500000,5736000,manual
P01,Villa,2026-05-26,5500000,5372000,manual
P01,Villa,2026-05-27,5500000,5628000,manual
P01,Villa,2026-05-28,5500000,5512000,manual
P01,Villa,2026-05-29,5500000,5583000,manual
P01,Villa,2026-05-30,5500000,5303000,manual
P01,Villa,2026-05-31,5500000,5680000,manual
P01,Villa,2026-06-01,5500000,5959000,manual
P01,Villa,2026-06-02,5500000,5999000,manual
P01,Villa,2026-06-03,5500000,5975000,manual
P01,Villa,2026-06-04,5500000,6024000,manual
P01,Villa,2026-06-05,5500000,5658000,manual
P01,Villa,2026-06-06,5500000,5769000,manual
P01,Villa,2026-06-07,5500000,5836000,manual
P01,Villa,2026-06-08,5500000,5873000,manual
P01,Villa,2026-06-09,5500000,5868000,manual
P01,Villa,2026-06-10,5500000,5814000,manual
P01,Villa,2026-06-11,5500000,6001000,manual
P01,Villa,2026-06-12,5500000,6003000,manual
P01,Villa,2026-06-13,5500000,5979000,manual
P01,Villa,2026-06-14,5500000,5610000,manual
P01,Villa,2026-06-15,5500000,5973000,manual
P01,Villa,2026-06-16,5500000,6098000,manual
P01,Villa,2026-06-17,5500000,5909000,manual
P01,Villa,2026-06-18,5500000,5899000,manual
P01,Villa,2026-06-19,5500000,5728000,manual
P01,Villa,2026-06-20,5500000,5751000,manual
P01,Villa,2026-06-21,5500000,5722000,manual
P01,Villa,2026-06-22,5500000,5804000,manual
P01,Villa,2026-06-23,5500000,5906000,manual
P01,Villa,2026-06-24,5500000,6051000,manual
P01,Villa,2026-06-25,5500000,5827000,manual
P01,Villa,2026-06-26,5500000,5512000,manual
P01,Villa,2026-06-27,5500000,6019000,manual
P01,Villa,2026-06-28,5500000,6109000,manual
P01,Villa,2026-06-29,5500000,6103000,manual
P01,Villa,2026-06-30,5500000,5864000,manual
P02,Standard,2023-07-01,850000,943000,manual
P02,Standard,2023-07-02,850000,1021000,manual
P02,Standard,2023-07-03,850000,957000,manual
P02,Standard,2023-07-04,850000,971000,manual
P02,Standard,2023-07-05,850000,958000,manual
P02,Standard,2023-07-06,850000,918000,manual
P02,Standard,2023-07-07,850000,947000,manual
P02,Standard,2023-07-08,850000,933000,manual
P02,Standard,2023-07-09,850000,966000,manual
P02,Standard,2023-07-10,850000,944000,manual
P02,Standard,2023-07-11,850000,963000,manual
P02,Standard,2023-07-12,850000,919000,manual
P02,Standard,2023-07-13,850000,925000,manual
P02,Standard,2023-07-14,850000,946000,manual
P02,Standard,2023-07-15,850000,971000,manual
P02,Standard,2023-07-16,850000,944000,manual
P02,Standard,2023-07-17,850000,930000,manual
P02,Standard,2023-07-18,850000,902000,manual
P02,Standard,2023-07-19,850000,956000,manual
P02,Standard,2023-07-20,850000,945000,manual
P02,Standard,2023-07-21,850000,956000,manual
P02,Standard,2023-07-22,850000,916000,manual
P02,Standard,2023-07-23,850000,942000,manual
P02,Standard,2023-07-24,850000,925000,manual
P02,Standard,2023-07-25,850000,951000,manual
P02,Standard,2023-07-26,850000,924000,manual
P02,Standard,2023-07-27,850000,949000,manual
P02,Standard,2023-07-28,850000,919000,manual
P02,Standard,2023-07-29,850000,923000,manual
P02,Standard,2023-07-30,850000,936000,manual
P02,Standard,2023-07-31,850000,938000,manual
P02,Standard,2023-08-01,850000,833000,manual
P02,Standard,2023-08-02,850000,860000,manual
P02,Standard,2023-08-03,850000,894000,manual
P02,Standard,2023-08-04,850000,887000,manual
P02,Standard,2023-08-05,850000,823000,manual
P02,Standard,2023-08-06,850000,858000,manual
P02,Standard,2023-08-07,850000,827000,manual
P02,Standard,2023-08-08,850000,884000,manual
P02,Standard,2023-08-09,850000,823000,manual
P02,Standard,2023-08-10,850000,829000,manual
P02,Standard,2023-08-11,850000,891000,manual
P02,Standard,2023-08-12,850000,873000,manual
P02,Standard,2023-08-13,850000,868000,manual
P02,Standard,2023-08-14,850000,879000,manual
P02,Standard,2023-08-15,850000,859000,manual
P02,Standard,2023-08-16,850000,878000,manual
P02,Standard,2023-08-17,850000,866000,manual
P02,Standard,2023-08-18,850000,882000,manual
P02,Standard,2023-08-19,850000,889000,manual
P02,Standard,2023-08-20,850000,850000,manual
P02,Standard,2023-08-21,850000,860000,manual
P02,Standard,2023-08-22,850000,870000,manual
P02,Standard,2023-08-23,850000,879000,manual
P02,Standard,2023-08-24,850000,864000,manual
P02,Standard,2023-08-25,850000,876000,manual
P02,Standard,2023-08-26,850000,840000,manual
P02,Standard,2023-08-27,850000,914000,manual
P02,Standard,2023-08-28,850000,892000,manual
P02,Standard,2023-08-29,850000,851000,manual
P02,Standard,2023-08-30,850000,851000,manual
P02,Standard,2023-08-31,850000,875000,manual
P02,Standard,2023-09-01,850000,807000,promo
P02,Standard,2023-09-02,850000,785000,promo
P02,Standard,2023-09-03,850000,769000,promo
P02,Standard,2023-09-04,850000,762000,promo
P02,Standard,2023-09-05,850000,825000,promo
P02,Standard,2023-09-06,850000,812000,promo
P02,Standard,2023-09-07,850000,770000,promo
P02,Standard,2023-09-08,850000,753000,promo
P02,Standard,2023-09-09,850000,814000,promo
P02,Standard,2023-09-10,850000,794000,promo
P02,Standard,2023-09-11,850000,798000,promo
P02,Standard,2023-09-12,850000,804000,promo
P02,Standard,2023-09-13,850000,786000,promo
P02,Standard,2023-09-14,850000,808000,promo
P02,Standard,2023-09-15,850000,808000,promo
P02,Standard,2023-09-16,850000,777000,promo
P02,Standard,2023-09-17,850000,799000,promo
P02,Standard,2023-09-18,850000,824000,promo
P02,Standard,2023-09-19,850000,807000,promo
P02,Standard,2023-09-20,850000,799000,promo
P02,Standard,2023-09-21,850000,820000,promo
P02,Standard,2023-09-22,850000,813000,promo
P02,Standard,2023-09-23,850000,819000,promo
P02,Standard,2023-09-24,850000,805000,promo
P02,Standard,2023-09-25,850000,771000,promo
P02,Standard,2023-09-26,850000,827000,promo
P02,Standard,2023-09-27,850000,767000,promo
P02,Standard,2023-09-28,850000,822000,promo
P02,Standard,2023-09-29,850000,791000,promo
P02,Standard,2023-09-30,850000,774000,promo
P02,Standard,2023-10-01,850000,797000,promo
P02,Standard,2023-10-02,850000,847000,promo
P02,Standard,2023-10-03,850000,762000,promo
P02,Standard,2023-10-04,850000,813000,promo
P02,Standard,2023-10-05,850000,765000,promo
P02,Standard,2023-10-06,850000,807000,promo
P02,Standard,2023-10-07,850000,800000,promo
P02,Standard,2023-10-08,850000,804000,promo
P02,Standard,2023-10-09,850000,807000,promo
P02,Standard,2023-10-10,850000,840000,promo
P02,Standard,2023-10-11,850000,797000,promo
P02,Standard,2023-10-12,850000,797000,promo
P02,Standard,2023-10-13,850000,755000,promo
P02,Standard,2023-10-14,850000,853000,promo
P02,Standard,2023-10-15,850000,806000,promo
P02,Standard,2023-10-16,850000,772000,promo
P02,Standard,2023-10-17,850000,830000,promo
P02,Standard,2023-10-18,850000,758000,promo
P02,Standard,2023-10-19,850000,845000,promo
P02,Standard,2023-10-20,850000,813000,promo
P02,Standard,2023-10-21,850000,775000,promo
P02,Standard,2023-10-22,850000,817000,promo
P02,Standard,2023-10-23,850000,865000,promo
P02,Standard,2023-10-24,850000,787000,promo
P02,Standard,2023-10-25,850000,834000,promo
P02,Standard,2023-10-26,850000,784000,promo
P02,Standard,2023-10-27,850000,813000,promo
P02,Standard,2023-10-28,850000,855000,promo
P02,Standard,2023-10-29,850000,806000,promo
P02,Standard,2023-10-30,850000,760000,promo
P02,Standard,2023-10-31,850000,789000,promo
P02,Standard,2023-11-01,850000,840000,manual
P02,Standard,2023-11-02,850000,806000,manual
P02,Standard,2023-11-03,850000,867000,manual
P02,Standard,2023-11-04,850000,854000,manual
P02,Standard,2023-11-05,850000,846000,manual
P02,Standard,2023-11-06,850000,862000,manual
P02,Standard,2023-11-07,850000,871000,manual
P02,Standard,2023-11-08,850000,882000,manual
P02,Standard,2023-11-09,850000,839000,manual
P02,Standard,2023-11-10,850000,886000,manual
P02,Standard,2023-11-11,850000,844000,manual
P02,Standard,2023-11-12,850000,868000,manual
P02,Standard,2023-11-13,850000,831000,manual
P02,Standard,2023-11-14,850000,808000,manual
P02,Standard,2023-11-15,850000,822000,manual
P02,Standard,2023-11-16,850000,837000,manual
P02,Standard,2023-11-17,850000,829000,manual
P02,Standard,2023-11-18,850000,828000,manual
P02,Standard,2023-11-19,850000,823000,manual
P02,Standard,2023-11-20,850000,792000,manual
P02,Standard,2023-11-21,850000,824000,manual
P02,Standard,2023-11-22,850000,829000,manual
P02,Standard,2023-11-23,850000,860000,manual
P02,Standard,2023-11-24,850000,840000,manual
P02,Standard,2023-11-25,850000,873000,manual
P02,Standard,2023-11-26,850000,827000,manual
P02,Standard,2023-11-27,850000,822000,manual
P02,Standard,2023-11-28,850000,834000,manual
P02,Standard,2023-11-29,850000,837000,manual
P02,Standard,2023-11-30,850000,837000,manual
P02,Standard,2023-12-01,850000,937000,manual
P02,Standard,2023-12-02,850000,1004000,manual
P02,Standard,2023-12-03,850000,994000,manual
P02,Standard,2023-12-04,850000,998000,manual
P02,Standard,2023-12-05,850000,934000,manual
P02,Standard,2023-12-06,850000,928000,manual
P02,Standard,2023-12-07,850000,934000,manual
P02,Standard,2023-12-08,850000,986000,manual
P02,Standard,2023-12-09,850000,940000,manual
P02,Standard,2023-12-10,850000,971000,manual
P02,Standard,2023-12-11,850000,986000,manual
P02,Standard,2023-12-12,850000,914000,manual
P02,Standard,2023-12-13,850000,979000,manual
P02,Standard,2023-12-14,850000,942000,manual
P02,Standard,2023-12-15,850000,948000,manual
P02,Standard,2023-12-16,850000,950000,manual
P02,Standard,2023-12-17,850000,996000,manual
P02,Standard,2023-12-18,850000,996000,manual
P02,Standard,2023-12-19,850000,919000,manual
P02,Standard,2023-12-20,850000,903000,manual
P02,Standard,2023-12-21,850000,983000,manual
P02,Standard,2023-12-22,850000,963000,manual
P02,Standard,2023-12-23,850000,963000,manual
P02,Standard,2023-12-24,850000,941000,manual
P02,Standard,2023-12-25,850000,912000,manual
P02,Standard,2023-12-26,850000,970000,manual
P02,Standard,2023-12-27,850000,974000,manual
P02,Standard,2023-12-28,850000,955000,manual
P02,Standard,2023-12-29,850000,976000,manual
P02,Standard,2023-12-30,850000,948000,manual
P02,Standard,2023-12-31,850000,988000,manual
P02,Standard,2024-01-01,850000,949000,manual
P02,Standard,2024-01-02,850000,930000,manual
P02,Standard,2024-01-03,850000,973000,manual
P02,Standard,2024-01-04,850000,910000,manual
P02,Standard,2024-01-05,850000,883000,manual
P02,Standard,2024-01-06,850000,966000,manual
P02,Standard,2024-01-07,850000,952000,manual
P02,Standard,2024-01-08,850000,902000,manual
P02,Standard,2024-01-09,850000,946000,manual
P02,Standard,2024-01-10,850000,949000,manual
P02,Standard,2024-01-11,850000,912000,manual
P02,Standard,2024-01-12,850000,992000,manual
P02,Standard,2024-01-13,850000,961000,manual
P02,Standard,2024-01-14,850000,948000,manual
P02,Standard,2024-01-15,850000,948000,manual
P02,Standard,2024-01-16,850000,896000,manual
P02,Standard,2024-01-17,850000,966000,manual
P02,Standard,2024-01-18,850000,956000,manual
P02,Standard,2024-01-19,850000,935000,manual
P02,Standard,2024-01-20,850000,958000,manual
P02,Standard,2024-01-21,850000,902000,manual
P02,Standard,2024-01-22,850000,926000,manual
P02,Standard,2024-01-23,850000,906000,manual
P02,Standard,2024-01-24,850000,914000,manual
P02,Standard,2024-01-25,850000,922000,manual
P02,Standard,2024-01-26,850000,943000,manual
P02,Standard,2024-01-27,850000,962000,manual
P02,Standard,2024-01-28,850000,927000,manual
P02,Standard,2024-01-29,850000,919000,manual
P02,Standard,2024-01-30,850000,951000,manual
P02,Standard,2024-01-31,850000,957000,manual
P02,Standard,2024-02-01,850000,776000,promo
P02,Standard,2024-02-02,850000,803000,promo
P02,Standard,2024-02-03,850000,781000,promo
P02,Standard,2024-02-04,850000,815000,promo
P02,Standard,2024-02-05,850000,831000,promo
P02,Standard,2024-02-06,850000,779000,promo
P02,Standard,2024-02-07,850000,828000,promo
P02,Standard,2024-02-08,850000,770000,promo
P02,Standard,2024-02-09,850000,812000,promo
P02,Standard,2024-02-10,850000,849000,promo
P02,Standard,2024-02-11,850000,798000,promo
P02,Standard,2024-02-12,850000,773000,promo
P02,Standard,2024-02-13,850000,772000,promo
P02,Standard,2024-02-14,850000,785000,promo
P02,Standard,2024-02-15,850000,792000,promo
P02,Standard,2024-02-16,850000,781000,promo
P02,Standard,2024-02-17,850000,789000,promo
P02,Standard,2024-02-18,850000,770000,promo
P02,Standard,2024-02-19,850000,785000,promo
P02,Standard,2024-02-20,850000,813000,promo
P02,Standard,2024-02-21,850000,813000,promo
P02,Standard,2024-02-22,850000,840000,promo
P02,Standard,2024-02-23,850000,817000,promo
P02,Standard,2024-02-24,850000,773000,promo
P02,Standard,2024-02-25,850000,812000,promo
P02,Standard,2024-02-26,850000,803000,promo
P02,Standard,2024-02-27,850000,811000,promo
P02,Standard,2024-02-28,850000,794000,promo
P02,Standard,2024-02-29,850000,814000,promo
P02,Standard,2024-03-01,850000,790000,promo
P02,Standard,2024-03-02,850000,783000,promo
P02,Standard,2024-03-03,850000,825000,promo
P02,Standard,2024-03-04,850000,797000,promo
P02,Standard,2024-03-05,850000,819000,promo
P02,Standard,2024-03-06,850000,809000,promo
P02,Standard,2024-03-07,850000,819000,promo
P02,Standard,2024-03-08,850000,780000,promo
P02,Standard,2024-03-09,850000,814000,promo
P02,Standard,2024-03-10,850000,852000,promo
P02,Standard,2024-03-11,850000,815000,promo
P02,Standard,2024-03-12,850000,829000,promo
P02,Standard,2024-03-13,850000,824000,promo
P02,Standard,2024-03-14,850000,785000,promo
P02,Standard,2024-03-15,850000,833000,promo
P02,Standard,2024-03-16,850000,836000,promo
P02,Standard,2024-03-17,850000,775000,promo
P02,Standard,2024-03-18,850000,821000,promo
P02,Standard,2024-03-19,850000,809000,promo
P02,Standard,2024-03-20,850000,837000,promo
P02,Standard,2024-03-21,850000,824000,promo
P02,Standard,2024-03-22,850000,821000,promo
P02,Standard,2024-03-23,850000,770000,promo
P02,Standard,2024-03-24,850000,805000,promo
P02,Standard,2024-03-25,850000,855000,promo
P02,Standard,2024-03-26,850000,850000,promo
P02,Standard,2024-03-27,850000,805000,promo
P02,Standard,2024-03-28,850000,812000,promo
P02,Standard,2024-03-29,850000,780000,promo
P02,Standard,2024-03-30,850000,807000,promo
P02,Standard,2024-03-31,850000,821000,promo
P02,Standard,2024-04-01,850000,850000,manual
P02,Standard,2024-04-02,850000,837000,manual
P02,Standard,2024-04-03,850000,876000,manual
P02,Standard,2024-04-04,850000,851000,manual
P02,Standard,2024-04-05,850000,838000,manual
P02,Standard,2024-04-06,850000,862000,manual
P02,Standard,2024-04-07,850000,854000,manual
P02,Standard,2024-04-08,850000,848000,manual
P02,Standard,2024-04-09,850000,839000,manual
P02,Standard,2024-04-10,850000,815000,manual
P02,Standard,2024-04-11,850000,836000,manual
P02,Standard,2024-04-12,850000,830000,manual
P02,Standard,2024-04-13,850000,888000,manual
P02,Standard,2024-04-14,850000,846000,manual
P02,Standard,2024-04-15,850000,843000,manual
P02,Standard,2024-04-16,850000,851000,manual
P02,Standard,2024-04-17,850000,805000,manual
P02,Standard,2024-04-18,850000,864000,manual
P02,Standard,2024-04-19,850000,814000,manual
P02,Standard,2024-04-20,850000,861000,manual
P02,Standard,2024-04-21,850000,877000,manual
P02,Standard,2024-04-22,850000,843000,manual
P02,Standard,2024-04-23,850000,844000,manual
P02,Standard,2024-04-24,850000,865000,manual
P02,Standard,2024-04-25,850000,846000,manual
P02,Standard,2024-04-26,850000,832000,manual
P02,Standard,2024-04-27,850000,830000,manual
P02,Standard,2024-04-28,850000,849000,manual
P02,Standard,2024-04-29,850000,854000,manual
P02,Standard,2024-04-30,850000,843000,manual
P02,Standard,2024-05-01,850000,878000,manual
P02,Standard,2024-05-02,850000,802000,manual
P02,Standard,2024-05-03,850000,858000,manual
P02,Standard,2024-05-04,850000,777000,manual
P02,Standard,2024-05-05,850000,832000,manual
P02,Standard,2024-05-06,850000,845000,manual
P02,Standard,2024-05-07,850000,874000,manual
P02,Standard,2024-05-08,850000,888000,manual
P02,Standard,2024-05-09,850000,861000,manual
P02,Standard,2024-05-10,850000,854000,manual
P02,Standard,2024-05-11,850000,912000,manual
P02,Standard,2024-05-12,850000,879000,manual
P02,Standard,2024-05-13,850000,871000,manual
P02,Standard,2024-05-14,850000,891000,manual
P02,Standard,2024-05-15,850000,889000,manual
P02,Standard,2024-05-16,850000,857000,manual
P02,Standard,2024-05-17,850000,836000,manual
P02,Standard,2024-05-18,850000,879000,manual
P02,Standard,2024-05-19,850000,877000,manual
P02,Standard,2024-05-20,850000,883000,manual
P02,Standard,2024-05-21,850000,851000,manual
P02,Standard,2024-05-22,850000,906000,manual
P02,Standard,2024-05-23,850000,830000,manual
P02,Standard,2024-05-24,850000,880000,manual
P02,Standard,2024-05-25,850000,843000,manual
P02,Standard,2024-05-26,850000,897000,manual
P02,Standard,2024-05-27,850000,867000,manual
P02,Standard,2024-05-28,850000,833000,manual
P02,Standard,2024-05-29,850000,899000,manual
P02,Standard,2024-05-30,850000,884000,manual
P02,Standard,2024-05-31,850000,869000,manual
P02,Standard,2024-06-01,850000,918000,manual
P02,Standard,2024-06-02,850000,899000,manual
P02,Standard,2024-06-03,850000,907000,manual
P02,Standard,2024-06-04,850000,933000,manual
P02,Standard,2024-06-05,850000,865000,manual
P02,Standard,2024-06-06,850000,950000,manual
P02,Standard,2024-06-07,850000,917000,manual
P02,Standard,2024-06-08,850000,861000,manual
P02,Standard,2024-06-09,850000,882000,manual
P02,Standard,2024-06-10,850000,947000,manual
P02,Standard,2024-06-11,850000,918000,manual
P02,Standard,2024-06-12,850000,875000,manual
P02,Standard,2024-06-13,850000,925000,manual
P02,Standard,2024-06-14,850000,940000,manual
P02,Standard,2024-06-15,850000,935000,manual
P02,Standard,2024-06-16,850000,897000,manual
P02,Standard,2024-06-17,850000,924000,manual
P02,Standard,2024-06-18,850000,947000,manual
P02,Standard,2024-06-19,850000,961000,manual
P02,Standard,2024-06-20,850000,906000,manual
P02,Standard,2024-06-21,850000,901000,manual
P02,Standard,2024-06-22,850000,911000,manual
P02,Standard,2024-06-23,850000,910000,manual
P02,Standard,2024-06-24,850000,942000,manual
P02,Standard,2024-06-25,850000,945000,manual
P02,Standard,2024-06-26,850000,923000,manual
P02,Standard,2024-06-27,850000,910000,manual
P02,Standard,2024-06-28,850000,920000,manual
P02,Standard,2024-06-29,850000,917000,manual
P02,Standard,2024-06-30,850000,924000,manual
P02,Standard,2024-07-01,850000,953000,manual
P02,Standard,2024-07-02,850000,885000,manual
P02,Standard,2024-07-03,850000,944000,manual
P02,Standard,2024-07-04,850000,963000,manual
P02,Standard,2024-07-05,850000,959000,manual
P02,Standard,2024-07-06,850000,904000,manual
P02,Standard,2024-07-07,850000,933000,manual
P02,Standard,2024-07-08,850000,950000,manual
P02,Standard,2024-07-09,850000,1020000,manual
P02,Standard,2024-07-10,850000,908000,manual
P02,Standard,2024-07-11,850000,938000,manual
P02,Standard,2024-07-12,850000,907000,manual
P02,Standard,2024-07-13,850000,958000,manual
P02,Standard,2024-07-14,850000,921000,manual
P02,Standard,2024-07-15,850000,938000,manual
P02,Standard,2024-07-16,850000,968000,manual
P02,Standard,2024-07-17,850000,1003000,manual
P02,Standard,2024-07-18,850000,975000,manual
P02,Standard,2024-07-19,850000,927000,manual
P02,Standard,2024-07-20,850000,905000,manual
P02,Standard,2024-07-21,850000,909000,manual
P02,Standard,2024-07-22,850000,932000,manual
P02,Standard,2024-07-23,850000,957000,manual
P02,Standard,2024-07-24,850000,909000,manual
P02,Standard,2024-07-25,850000,925000,manual
P02,Standard,2024-07-26,850000,965000,manual
P02,Standard,2024-07-27,850000,902000,manual
P02,Standard,2024-07-28,850000,944000,manual
P02,Standard,2024-07-29,850000,913000,manual
P02,Standard,2024-07-30,850000,956000,manual
P02,Standard,2024-07-31,850000,957000,manual
P02,Standard,2024-08-01,850000,924000,manual
P02,Standard,2024-08-02,850000,840000,manual
P02,Standard,2024-08-03,850000,860000,manual
P02,Standard,2024-08-04,850000,878000,manual
P02,Standard,2024-08-05,850000,812000,manual
P02,Standard,2024-08-06,850000,869000,manual
P02,Standard,2024-08-07,850000,868000,manual
P02,Standard,2024-08-08,850000,845000,manual
P02,Standard,2024-08-09,850000,874000,manual
P02,Standard,2024-08-10,850000,867000,manual
P02,Standard,2024-08-11,850000,865000,manual
P02,Standard,2024-08-12,850000,875000,manual
P02,Standard,2024-08-13,850000,833000,manual
P02,Standard,2024-08-14,850000,885000,manual
P02,Standard,2024-08-15,850000,840000,manual
P02,Standard,2024-08-16,850000,881000,manual
P02,Standard,2024-08-17,850000,904000,manual
P02,Standard,2024-08-18,850000,870000,manual
P02,Standard,2024-08-19,850000,888000,manual
P02,Standard,2024-08-20,850000,876000,manual
P02,Standard,2024-08-21,850000,857000,manual
P02,Standard,2024-08-22,850000,849000,manual
P02,Standard,2024-08-23,850000,899000,manual
P02,Standard,2024-08-24,850000,840000,manual
P02,Standard,2024-08-25,850000,884000,manual
P02,Standard,2024-08-26,850000,894000,manual
P02,Standard,2024-08-27,850000,884000,manual
P02,Standard,2024-08-28,850000,896000,manual
P02,Standard,2024-08-29,850000,895000,manual
P02,Standard,2024-08-30,850000,881000,manual
P02,Standard,2024-08-31,850000,850000,manual
P02,Standard,2024-09-01,850000,818000,promo
P02,Standard,2024-09-02,850000,804000,promo
P02,Standard,2024-09-03,850000,750000,promo
P02,Standard,2024-09-04,850000,786000,promo
P02,Standard,2024-09-05,850000,829000,promo
P02,Standard,2024-09-06,850000,787000,promo
P02,Standard,2024-09-07,850000,819000,promo
P02,Standard,2024-09-08,850000,773000,promo
P02,Standard,2024-09-09,850000,769000,promo
P02,Standard,2024-09-10,850000,780000,promo
P02,Standard,2024-09-11,850000,779000,promo
P02,Standard,2024-09-12,850000,819000,promo
P02,Standard,2024-09-13,850000,802000,promo
P02,Standard,2024-09-14,850000,794000,promo
P02,Standard,2024-09-15,850000,749000,promo
P02,Standard,2024-09-16,850000,819000,promo
P02,Standard,2024-09-17,850000,813000,promo
P02,Standard,2024-09-18,850000,777000,promo
P02,Standard,2024-09-19,850000,801000,promo
P02,Standard,2024-09-20,850000,815000,promo
P02,Standard,2024-09-21,850000,787000,promo
P02,Standard,2024-09-22,850000,795000,promo
P02,Standard,2024-09-23,850000,817000,promo
P02,Standard,2024-09-24,850000,809000,promo
P02,Standard,2024-09-25,850000,782000,promo
P02,Standard,2024-09-26,850000,792000,promo
P02,Standard,2024-09-27,850000,780000,promo
P02,Standard,2024-09-28,850000,792000,promo
P02,Standard,2024-09-29,850000,795000,promo
P02,Standard,2024-09-30,850000,763000,promo
P02,Standard,2024-10-01,850000,823000,promo
P02,Standard,2024-10-02,850000,784000,promo
P02,Standard,2024-10-03,850000,807000,promo
P02,Standard,2024-10-04,850000,816000,promo
P02,Standard,2024-10-05,850000,799000,promo
P02,Standard,2024-10-06,850000,823000,promo
P02,Standard,2024-10-07,850000,820000,promo
P02,Standard,2024-10-08,850000,818000,promo
P02,Standard,2024-10-09,850000,831000,promo
P02,Standard,2024-10-10,850000,814000,promo
P02,Standard,2024-10-11,850000,811000,promo
P02,Standard,2024-10-12,850000,789000,promo
P02,Standard,2024-10-13,850000,848000,promo
P02,Standard,2024-10-14,850000,813000,promo
P02,Standard,2024-10-15,850000,806000,promo
P02,Standard,2024-10-16,850000,802000,promo
P02,Standard,2024-10-17,850000,826000,promo
P02,Standard,2024-10-18,850000,761000,promo
P02,Standard,2024-10-19,850000,814000,promo
P02,Standard,2024-10-20,850000,802000,promo
P02,Standard,2024-10-21,850000,779000,promo
P02,Standard,2024-10-22,850000,811000,promo
P02,Standard,2024-10-23,850000,794000,promo
P02,Standard,2024-10-24,850000,826000,promo
P02,Standard,2024-10-25,850000,840000,promo
P02,Standard,2024-10-26,850000,784000,promo
P02,Standard,2024-10-27,850000,788000,promo
P02,Standard,2024-10-28,850000,795000,promo
P02,Standard,2024-10-29,850000,804000,promo
P02,Standard,2024-10-30,850000,800000,promo
P02,Standard,2024-10-31,850000,834000,promo
P02,Standard,2024-11-01,850000,821000,manual
P02,Standard,2024-11-02,850000,879000,manual
P02,Standard,2024-11-03,850000,805000,manual
P02,Standard,2024-11-04,850000,895000,manual
P02,Standard,2024-11-05,850000,847000,manual
P02,Standard,2024-11-06,850000,835000,manual
P02,Standard,2024-11-07,850000,816000,manual
P02,Standard,2024-11-08,850000,874000,manual
P02,Standard,2024-11-09,850000,803000,manual
P02,Standard,2024-11-10,850000,853000,manual
P02,Standard,2024-11-11,850000,822000,manual
P02,Standard,2024-11-12,850000,833000,manual
P02,Standard,2024-11-13,850000,867000,manual
P02,Standard,2024-11-14,850000,842000,manual
P02,Standard,2024-11-15,850000,855000,manual
P02,Standard,2024-11-16,850000,848000,manual
P02,Standard,2024-11-17,850000,890000,manual
P02,Standard,2024-11-18,850000,843000,manual
P02,Standard,2024-11-19,850000,849000,manual
P02,Standard,2024-11-20,850000,864000,manual
P02,Standard,2024-11-21,850000,842000,manual
P02,Standard,2024-11-22,850000,823000,manual
P02,Standard,2024-11-23,850000,827000,manual
P02,Standard,2024-11-24,850000,807000,manual
P02,Standard,2024-11-25,850000,835000,manual
P02,Standard,2024-11-26,850000,843000,manual
P02,Standard,2024-11-27,850000,853000,manual
P02,Standard,2024-11-28,850000,831000,manual
P02,Standard,2024-11-29,850000,830000,manual
P02,Standard,2024-11-30,850000,840000,manual
P02,Standard,2024-12-01,850000,985000,manual
P02,Standard,2024-12-02,850000,994000,manual
P02,Standard,2024-12-03,850000,922000,manual
P02,Standard,2024-12-04,850000,943000,manual
P02,Standard,2024-12-05,850000,908000,manual
P02,Standard,2024-12-06,850000,931000,manual
P02,Standard,2024-12-07,850000,979000,manual
P02,Standard,2024-12-08,850000,948000,manual
P02,Standard,2024-12-09,850000,956000,manual
P02,Standard,2024-12-10,850000,955000,manual
P02,Standard,2024-12-11,850000,981000,manual
P02,Standard,2024-12-12,850000,997000,manual
P02,Standard,2024-12-13,850000,940000,manual
P02,Standard,2024-12-14,850000,964000,manual
P02,Standard,2024-12-15,850000,1004000,manual
P02,Standard,2024-12-16,850000,937000,manual
P02,Standard,2024-12-17,850000,934000,manual
P02,Standard,2024-12-18,850000,935000,manual
P02,Standard,2024-12-19,850000,953000,manual
P02,Standard,2024-12-20,850000,984000,manual
P02,Standard,2024-12-21,850000,965000,manual
P02,Standard,2024-12-22,850000,915000,manual
P02,Standard,2024-12-23,850000,962000,manual
P02,Standard,2024-12-24,850000,917000,manual
P02,Standard,2024-12-25,850000,942000,manual
P02,Standard,2024-12-26,850000,929000,manual
P02,Standard,2024-12-27,850000,954000,manual
P02,Standard,2024-12-28,850000,936000,manual
P02,Standard,2024-12-29,850000,944000,manual
P02,Standard,2024-12-30,850000,983000,manual
P02,Standard,2024-12-31,850000,923000,manual
P02,Standard,2025-01-01,850000,1023000,manual
P02,Standard,2025-01-02,850000,932000,manual
P02,Standard,2025-01-03,850000,950000,manual
P02,Standard,2025-01-04,850000,964000,manual
P02,Standard,2025-01-05,850000,930000,manual
P02,Standard,2025-01-06,850000,911000,manual
P02,Standard,2025-01-07,850000,946000,manual
P02,Standard,2025-01-08,850000,976000,manual
P02,Standard,2025-01-09,850000,932000,manual
P02,Standard,2025-01-10,850000,914000,manual
P02,Standard,2025-01-11,850000,960000,manual
P02,Standard,2025-01-12,850000,981000,manual
P02,Standard,2025-01-13,850000,911000,manual
P02,Standard,2025-01-14,850000,953000,manual
P02,Standard,2025-01-15,850000,969000,manual
P02,Standard,2025-01-16,850000,928000,manual
P02,Standard,2025-01-17,850000,902000,manual
P02,Standard,2025-01-18,850000,920000,manual
P02,Standard,2025-01-19,850000,932000,manual
P02,Standard,2025-01-20,850000,928000,manual
P02,Standard,2025-01-21,850000,870000,manual
P02,Standard,2025-01-22,850000,938000,manual
P02,Standard,2025-01-23,850000,945000,manual
P02,Standard,2025-01-24,850000,940000,manual
P02,Standard,2025-01-25,850000,905000,manual
P02,Standard,2025-01-26,850000,942000,manual
P02,Standard,2025-01-27,850000,895000,manual
P02,Standard,2025-01-28,850000,934000,manual
P02,Standard,2025-01-29,850000,927000,manual
P02,Standard,2025-01-30,850000,907000,manual
P02,Standard,2025-01-31,850000,927000,manual
P02,Standard,2025-02-01,850000,591000,dynamic-pricing-AI
P02,Standard,2025-02-02,850000,613000,dynamic-pricing-AI
P02,Standard,2025-02-03,850000,597000,dynamic-pricing-AI
P02,Standard,2025-02-04,850000,619000,dynamic-pricing-AI
P02,Standard,2025-02-05,850000,596000,dynamic-pricing-AI
P02,Standard,2025-02-06,850000,610000,dynamic-pricing-AI
P02,Standard,2025-02-07,850000,599000,dynamic-pricing-AI
P02,Standard,2025-02-08,850000,612000,dynamic-pricing-AI
P02,Standard,2025-02-09,850000,588000,dynamic-pricing-AI
P02,Standard,2025-02-10,850000,596000,dynamic-pricing-AI
P02,Standard,2025-02-11,850000,602000,dynamic-pricing-AI
P02,Standard,2025-02-12,850000,589000,dynamic-pricing-AI
P02,Standard,2025-02-13,850000,642000,dynamic-pricing-AI
P02,Standard,2025-02-14,850000,598000,dynamic-pricing-AI
P02,Standard,2025-02-15,850000,772000,promo
P02,Standard,2025-02-16,850000,790000,promo
P02,Standard,2025-02-17,850000,800000,promo
P02,Standard,2025-02-18,850000,786000,promo
P02,Standard,2025-02-19,850000,817000,promo
P02,Standard,2025-02-20,850000,809000,promo
P02,Standard,2025-02-21,850000,806000,promo
P02,Standard,2025-02-22,850000,810000,promo
P02,Standard,2025-02-23,850000,735000,promo
P02,Standard,2025-02-24,850000,779000,promo
P02,Standard,2025-02-25,850000,843000,promo
P02,Standard,2025-02-26,850000,812000,promo
P02,Standard,2025-02-27,850000,815000,promo
P02,Standard,2025-02-28,850000,814000,promo
P02,Standard,2025-03-01,850000,804000,promo
P02,Standard,2025-03-02,850000,805000,promo
P02,Standard,2025-03-03,850000,787000,promo
P02,Standard,2025-03-04,850000,778000,promo
P02,Standard,2025-03-05,850000,790000,promo
P02,Standard,2025-03-06,850000,854000,promo
P02,Standard,2025-03-07,850000,793000,promo
P02,Standard,2025-03-08,850000,796000,promo
P02,Standard,2025-03-09,850000,840000,promo
P02,Standard,2025-03-10,850000,789000,promo
P02,Standard,2025-03-11,850000,755000,promo
P02,Standard,2025-03-12,850000,815000,promo
P02,Standard,2025-03-13,850000,841000,promo
P02,Standard,2025-03-14,850000,839000,promo
P02,Standard,2025-03-15,850000,828000,promo
P02,Standard,2025-03-16,850000,793000,promo
P02,Standard,2025-03-17,850000,815000,promo
P02,Standard,2025-03-18,850000,818000,promo
P02,Standard,2025-03-19,850000,797000,promo
P02,Standard,2025-03-20,850000,785000,promo
P02,Standard,2025-03-21,850000,815000,promo
P02,Standard,2025-03-22,850000,802000,promo
P02,Standard,2025-03-23,850000,823000,promo
P02,Standard,2025-03-24,850000,793000,promo
P02,Standard,2025-03-25,850000,796000,promo
P02,Standard,2025-03-26,850000,822000,promo
P02,Standard,2025-03-27,850000,796000,promo
P02,Standard,2025-03-28,850000,813000,promo
P02,Standard,2025-03-29,850000,805000,promo
P02,Standard,2025-03-30,850000,809000,promo
P02,Standard,2025-03-31,850000,801000,promo
P02,Standard,2025-04-01,850000,873000,manual
P02,Standard,2025-04-02,850000,833000,manual
P02,Standard,2025-04-03,850000,816000,manual
P02,Standard,2025-04-04,850000,804000,manual
P02,Standard,2025-04-05,850000,806000,manual
P02,Standard,2025-04-06,850000,839000,manual
P02,Standard,2025-04-07,850000,857000,manual
P02,Standard,2025-04-08,850000,868000,manual
P02,Standard,2025-04-09,850000,840000,manual
P02,Standard,2025-04-10,850000,849000,manual
P02,Standard,2025-04-11,850000,911000,manual
P02,Standard,2025-04-12,850000,841000,manual
P02,Standard,2025-04-13,850000,853000,manual
P02,Standard,2025-04-14,850000,887000,manual
P02,Standard,2025-04-15,850000,811000,manual
P02,Standard,2025-04-16,850000,863000,manual
P02,Standard,2025-04-17,850000,873000,manual
P02,Standard,2025-04-18,850000,832000,manual
P02,Standard,2025-04-19,850000,890000,manual
P02,Standard,2025-04-20,850000,836000,manual
P02,Standard,2025-04-21,850000,906000,manual
P02,Standard,2025-04-22,850000,848000,manual
P02,Standard,2025-04-23,850000,870000,manual
P02,Standard,2025-04-24,850000,843000,manual
P02,Standard,2025-04-25,850000,850000,manual
P02,Standard,2025-04-26,850000,844000,manual
P02,Standard,2025-04-27,850000,871000,manual
P02,Standard,2025-04-28,850000,887000,manual
P02,Standard,2025-04-29,850000,886000,manual
P02,Standard,2025-04-30,850000,889000,manual
P02,Standard,2025-05-01,850000,873000,manual
P02,Standard,2025-05-02,850000,896000,manual
P02,Standard,2025-05-03,850000,859000,manual
P02,Standard,2025-05-04,850000,813000,manual
P02,Standard,2025-05-05,850000,820000,manual
P02,Standard,2025-05-06,850000,863000,manual
P02,Standard,2025-05-07,850000,861000,manual
P02,Standard,2025-05-08,850000,817000,manual
P02,Standard,2025-05-09,850000,883000,manual
P02,Standard,2025-05-10,850000,847000,manual
P02,Standard,2025-05-11,850000,830000,manual
P02,Standard,2025-05-12,850000,871000,manual
P02,Standard,2025-05-13,850000,837000,manual
P02,Standard,2025-05-14,850000,849000,manual
P02,Standard,2025-05-15,850000,891000,manual
P02,Standard,2025-05-16,850000,890000,manual
P02,Standard,2025-05-17,850000,919000,manual
P02,Standard,2025-05-18,850000,889000,manual
P02,Standard,2025-05-19,850000,827000,manual
P02,Standard,2025-05-20,850000,837000,manual
P02,Standard,2025-05-21,850000,829000,manual
P02,Standard,2025-05-22,850000,886000,manual
P02,Standard,2025-05-23,850000,848000,manual
P02,Standard,2025-05-24,850000,871000,manual
P02,Standard,2025-05-25,850000,862000,manual
P02,Standard,2025-05-26,850000,853000,manual
P02,Standard,2025-05-27,850000,838000,manual
P02,Standard,2025-05-28,850000,880000,manual
P02,Standard,2025-05-29,850000,850000,manual
P02,Standard,2025-05-30,850000,852000,manual
P02,Standard,2025-05-31,850000,871000,manual
P02,Standard,2025-06-01,850000,902000,manual
P02,Standard,2025-06-02,850000,927000,manual
P02,Standard,2025-06-03,850000,933000,manual
P02,Standard,2025-06-04,850000,900000,manual
P02,Standard,2025-06-05,850000,907000,manual
P02,Standard,2025-06-06,850000,933000,manual
P02,Standard,2025-06-07,850000,888000,manual
P02,Standard,2025-06-08,850000,888000,manual
P02,Standard,2025-06-09,850000,949000,manual
P02,Standard,2025-06-10,850000,880000,manual
P02,Standard,2025-06-11,850000,895000,manual
P02,Standard,2025-06-12,850000,892000,manual
P02,Standard,2025-06-13,850000,952000,manual
P02,Standard,2025-06-14,850000,908000,manual
P02,Standard,2025-06-15,850000,915000,manual
P02,Standard,2025-06-16,850000,889000,manual
P02,Standard,2025-06-17,850000,887000,manual
P02,Standard,2025-06-18,850000,912000,manual
P02,Standard,2025-06-19,850000,894000,manual
P02,Standard,2025-06-20,850000,891000,manual
P02,Standard,2025-06-21,850000,904000,manual
P02,Standard,2025-06-22,850000,933000,manual
P02,Standard,2025-06-23,850000,913000,manual
P02,Standard,2025-06-24,850000,867000,manual
P02,Standard,2025-06-25,850000,923000,manual
P02,Standard,2025-06-26,850000,945000,manual
P02,Standard,2025-06-27,850000,915000,manual
P02,Standard,2025-06-28,850000,912000,manual
P02,Standard,2025-06-29,850000,854000,manual
P02,Standard,2025-06-30,850000,892000,manual
P02,Standard,2025-07-01,850000,927000,manual
P02,Standard,2025-07-02,850000,943000,manual
P02,Standard,2025-07-03,850000,950000,manual
P02,Standard,2025-07-04,850000,963000,manual
P02,Standard,2025-07-05,850000,934000,manual
P02,Standard,2025-07-06,850000,955000,manual
P02,Standard,2025-07-07,850000,902000,manual
P02,Standard,2025-07-08,850000,921000,manual
P02,Standard,2025-07-09,850000,892000,manual
P02,Standard,2025-07-10,850000,895000,manual
P02,Standard,2025-07-11,850000,1018000,manual
P02,Standard,2025-07-12,850000,929000,manual
P02,Standard,2025-07-13,850000,921000,manual
P02,Standard,2025-07-14,850000,944000,manual
P02,Standard,2025-07-15,850000,936000,manual
P02,Standard,2025-07-16,850000,965000,manual
P02,Standard,2025-07-17,850000,947000,manual
P02,Standard,2025-07-18,850000,967000,manual
P02,Standard,2025-07-19,850000,993000,manual
P02,Standard,2025-07-20,850000,956000,manual
P02,Standard,2025-07-21,850000,932000,manual
P02,Standard,2025-07-22,850000,960000,manual
P02,Standard,2025-07-23,850000,945000,manual
P02,Standard,2025-07-24,850000,963000,manual
P02,Standard,2025-07-25,850000,956000,manual
P02,Standard,2025-07-26,850000,900000,manual
P02,Standard,2025-07-27,850000,946000,manual
P02,Standard,2025-07-28,850000,949000,manual
P02,Standard,2025-07-29,850000,945000,manual
P02,Standard,2025-07-30,850000,902000,manual
P02,Standard,2025-07-31,850000,938000,manual
P02,Standard,2025-08-01,850000,957000,manual
P02,Standard,2025-08-02,850000,869000,manual
P02,Standard,2025-08-03,850000,874000,manual
P02,Standard,2025-08-04,850000,888000,manual
P02,Standard,2025-08-05,850000,826000,manual
P02,Standard,2025-08-06,850000,840000,manual
P02,Standard,2025-08-07,850000,846000,manual
P02,Standard,2025-08-08,850000,915000,manual
P02,Standard,2025-08-09,850000,861000,manual
P02,Standard,2025-08-10,850000,891000,manual
P02,Standard,2025-08-11,850000,873000,manual
P02,Standard,2025-08-12,850000,840000,manual
P02,Standard,2025-08-13,850000,890000,manual
P02,Standard,2025-08-14,850000,879000,manual
P02,Standard,2025-08-15,850000,849000,manual
P02,Standard,2025-08-16,850000,857000,manual
P02,Standard,2025-08-17,850000,890000,manual
P02,Standard,2025-08-18,850000,894000,manual
P02,Standard,2025-08-19,850000,854000,manual
P02,Standard,2025-08-20,850000,854000,manual
P02,Standard,2025-08-21,850000,869000,manual
P02,Standard,2025-08-22,850000,864000,manual
P02,Standard,2025-08-23,850000,940000,manual
P02,Standard,2025-08-24,850000,848000,manual
P02,Standard,2025-08-25,850000,838000,manual
P02,Standard,2025-08-26,850000,944000,manual
P02,Standard,2025-08-27,850000,863000,manual
P02,Standard,2025-08-28,850000,886000,manual
P02,Standard,2025-08-29,850000,862000,manual
P02,Standard,2025-08-30,850000,820000,manual
P02,Standard,2025-08-31,850000,833000,manual
P02,Standard,2025-09-01,850000,814000,promo
P02,Standard,2025-09-02,850000,816000,promo
P02,Standard,2025-09-03,850000,778000,promo
P02,Standard,2025-09-04,850000,791000,promo
P02,Standard,2025-09-05,850000,796000,promo
P02,Standard,2025-09-06,850000,794000,promo
P02,Standard,2025-09-07,850000,824000,promo
P02,Standard,2025-09-08,850000,817000,promo
P02,Standard,2025-09-09,850000,771000,promo
P02,Standard,2025-09-10,850000,792000,promo
P02,Standard,2025-09-11,850000,796000,promo
P02,Standard,2025-09-12,850000,784000,promo
P02,Standard,2025-09-13,850000,811000,promo
P02,Standard,2025-09-14,850000,793000,promo
P02,Standard,2025-09-15,850000,776000,promo
P02,Standard,2025-09-16,850000,770000,promo
P02,Standard,2025-09-17,850000,802000,promo
P02,Standard,2025-09-18,850000,791000,promo
P02,Standard,2025-09-19,850000,814000,promo
P02,Standard,2025-09-20,850000,809000,promo
P02,Standard,2025-09-21,850000,730000,promo
P02,Standard,2025-09-22,850000,791000,promo
P02,Standard,2025-09-23,850000,806000,promo
P02,Standard,2025-09-24,850000,807000,promo
P02,Standard,2025-09-25,850000,788000,promo
P02,Standard,2025-09-26,850000,835000,promo
P02,Standard,2025-09-27,850000,806000,promo
P02,Standard,2025-09-28,850000,779000,promo
P02,Standard,2025-09-29,850000,801000,promo
P02,Standard,2025-09-30,850000,806000,promo
P02,Standard,2025-10-01,850000,823000,promo
P02,Standard,2025-10-02,850000,810000,promo
P02,Standard,2025-10-03,850000,827000,promo
P02,Standard,2025-10-04,850000,798000,promo
P02,Standard,2025-10-05,850000,822000,promo
P02,Standard,2025-10-06,850000,830000,promo
P02,Standard,2025-10-07,850000,766000,promo
P02,Standard,2025-10-08,850000,867000,promo
P02,Standard,2025-10-09,850000,789000,promo
P02,Standard,2025-10-10,850000,828000,promo
P02,Standard,2025-10-11,850000,788000,promo
P02,Standard,2025-10-12,850000,785000,promo
P02,Standard,2025-10-13,850000,824000,promo
P02,Standard,2025-10-14,850000,787000,promo
P02,Standard,2025-10-15,850000,775000,promo
P02,Standard,2025-10-16,850000,795000,promo
P02,Standard,2025-10-17,850000,787000,promo
P02,Standard,2025-10-18,850000,750000,promo
P02,Standard,2025-10-19,850000,812000,promo
P02,Standard,2025-10-20,850000,799000,promo
P02,Standard,2025-10-21,850000,852000,promo
P02,Standard,2025-10-22,850000,806000,promo
P02,Standard,2025-10-23,850000,791000,promo
P02,Standard,2025-10-24,850000,840000,promo
P02,Standard,2025-10-25,850000,770000,promo
P02,Standard,2025-10-26,850000,829000,promo
P02,Standard,2025-10-27,850000,814000,promo
P02,Standard,2025-10-28,850000,790000,promo
P02,Standard,2025-10-29,850000,837000,promo
P02,Standard,2025-10-30,850000,825000,promo
P02,Standard,2025-10-31,850000,781000,promo
P02,Standard,2025-11-01,850000,849000,manual
P02,Standard,2025-11-02,850000,868000,manual
P02,Standard,2025-11-03,850000,875000,manual
P02,Standard,2025-11-04,850000,858000,manual
P02,Standard,2025-11-05,850000,853000,manual
P02,Standard,2025-11-06,850000,843000,manual
P02,Standard,2025-11-07,850000,843000,manual
P02,Standard,2025-11-08,850000,849000,manual
P02,Standard,2025-11-09,850000,841000,manual
P02,Standard,2025-11-10,850000,845000,manual
P02,Standard,2025-11-11,850000,887000,manual
P02,Standard,2025-11-12,850000,812000,manual
P02,Standard,2025-11-13,850000,861000,manual
P02,Standard,2025-11-14,850000,794000,manual
P02,Standard,2025-11-15,850000,810000,manual
P02,Standard,2025-11-16,850000,841000,manual
P02,Standard,2025-11-17,850000,891000,manual
P02,Standard,2025-11-18,850000,838000,manual
P02,Standard,2025-11-19,850000,877000,manual
P02,Standard,2025-11-20,850000,870000,manual
P02,Standard,2025-11-21,850000,823000,manual
P02,Standard,2025-11-22,850000,856000,manual
P02,Standard,2025-11-23,850000,879000,manual
P02,Standard,2025-11-24,850000,849000,manual
P02,Standard,2025-11-25,850000,832000,manual
P02,Standard,2025-11-26,850000,841000,manual
P02,Standard,2025-11-27,850000,835000,manual
P02,Standard,2025-11-28,850000,897000,manual
P02,Standard,2025-11-29,850000,844000,manual
P02,Standard,2025-11-30,850000,806000,manual
P02,Standard,2025-12-01,850000,920000,manual
P02,Standard,2025-12-02,850000,910000,manual
P02,Standard,2025-12-03,850000,927000,manual
P02,Standard,2025-12-04,850000,955000,manual
P02,Standard,2025-12-05,850000,1012000,manual
P02,Standard,2025-12-06,850000,975000,manual
P02,Standard,2025-12-07,850000,913000,manual
P02,Standard,2025-12-08,850000,913000,manual
P02,Standard,2025-12-09,850000,944000,manual
P02,Standard,2025-12-10,850000,961000,manual
P02,Standard,2025-12-11,850000,908000,manual
P02,Standard,2025-12-12,850000,900000,manual
P02,Standard,2025-12-13,850000,959000,manual
P02,Standard,2025-12-14,850000,950000,manual
P02,Standard,2025-12-15,850000,958000,manual
P02,Standard,2025-12-16,850000,1008000,manual
P02,Standard,2025-12-17,850000,973000,manual
P02,Standard,2025-12-18,850000,983000,manual
P02,Standard,2025-12-19,850000,981000,manual
P02,Standard,2025-12-20,850000,982000,manual
P02,Standard,2025-12-21,850000,934000,manual
P02,Standard,2025-12-22,850000,979000,manual
P02,Standard,2025-12-23,850000,955000,manual
P02,Standard,2025-12-24,850000,952000,manual
P02,Standard,2025-12-25,850000,971000,manual
P02,Standard,2025-12-26,850000,921000,manual
P02,Standard,2025-12-27,850000,939000,manual
P02,Standard,2025-12-28,850000,966000,manual
P02,Standard,2025-12-29,850000,960000,manual
P02,Standard,2025-12-30,850000,980000,manual
P02,Standard,2025-12-31,850000,950000,manual
P02,Standard,2026-01-01,850000,915000,manual
P02,Standard,2026-01-02,850000,939000,manual
P02,Standard,2026-01-03,850000,912000,manual
P02,Standard,2026-01-04,850000,970000,manual
P02,Standard,2026-01-05,850000,952000,manual
P02,Standard,2026-01-06,850000,921000,manual
P02,Standard,2026-01-07,850000,915000,manual
P02,Standard,2026-01-08,850000,958000,manual
P02,Standard,2026-01-09,850000,920000,manual
P02,Standard,2026-01-10,850000,903000,manual
P02,Standard,2026-01-11,850000,929000,manual
P02,Standard,2026-01-12,850000,930000,manual
P02,Standard,2026-01-13,850000,957000,manual
P02,Standard,2026-01-14,850000,895000,manual
P02,Standard,2026-01-15,850000,904000,manual
P02,Standard,2026-01-16,850000,946000,manual
P02,Standard,2026-01-17,850000,970000,manual
P02,Standard,2026-01-18,850000,935000,manual
P02,Standard,2026-01-19,850000,900000,manual
P02,Standard,2026-01-20,850000,933000,manual
P02,Standard,2026-01-21,850000,972000,manual
P02,Standard,2026-01-22,850000,958000,manual
P02,Standard,2026-01-23,850000,933000,manual
P02,Standard,2026-01-24,850000,979000,manual
P02,Standard,2026-01-25,850000,954000,manual
P02,Standard,2026-01-26,850000,920000,manual
P02,Standard,2026-01-27,850000,897000,manual
P02,Standard,2026-01-28,850000,931000,manual
P02,Standard,2026-01-29,850000,907000,manual
P02,Standard,2026-01-30,850000,937000,manual
P02,Standard,2026-01-31,850000,924000,manual
P02,Standard,2026-02-01,850000,793000,promo
P02,Standard,2026-02-02,850000,803000,promo
P02,Standard,2026-02-03,850000,818000,promo
P02,Standard,2026-02-04,850000,810000,promo
P02,Standard,2026-02-05,850000,836000,promo
P02,Standard,2026-02-06,850000,842000,promo
P02,Standard,2026-02-07,850000,813000,promo
P02,Standard,2026-02-08,850000,776000,promo
P02,Standard,2026-02-09,850000,822000,promo
P02,Standard,2026-02-10,850000,745000,promo
P02,Standard,2026-02-11,850000,819000,promo
P02,Standard,2026-02-12,850000,812000,promo
P02,Standard,2026-02-13,850000,790000,promo
P02,Standard,2026-02-14,850000,787000,promo
P02,Standard,2026-02-15,850000,847000,promo
P02,Standard,2026-02-16,850000,800000,promo
P02,Standard,2026-02-17,850000,798000,promo
P02,Standard,2026-02-18,850000,759000,promo
P02,Standard,2026-02-19,850000,830000,promo
P02,Standard,2026-02-20,850000,813000,promo
P02,Standard,2026-02-21,850000,788000,promo
P02,Standard,2026-02-22,850000,808000,promo
P02,Standard,2026-02-23,850000,760000,promo
P02,Standard,2026-02-24,850000,788000,promo
P02,Standard,2026-02-25,850000,777000,promo
P02,Standard,2026-02-26,850000,829000,promo
P02,Standard,2026-02-27,850000,792000,promo
P02,Standard,2026-02-28,850000,796000,promo
P02,Standard,2026-03-01,850000,816000,promo
P02,Standard,2026-03-02,850000,785000,promo
P02,Standard,2026-03-03,850000,799000,promo
P02,Standard,2026-03-04,850000,839000,promo
P02,Standard,2026-03-05,850000,801000,promo
P02,Standard,2026-03-06,850000,800000,promo
P02,Standard,2026-03-07,850000,792000,promo
P02,Standard,2026-03-08,850000,775000,promo
P02,Standard,2026-03-09,850000,844000,promo
P02,Standard,2026-03-10,850000,794000,promo
P02,Standard,2026-03-11,850000,787000,promo
P02,Standard,2026-03-12,850000,777000,promo
P02,Standard,2026-03-13,850000,825000,promo
P02,Standard,2026-03-14,850000,806000,promo
P02,Standard,2026-03-15,850000,816000,promo
P02,Standard,2026-03-16,850000,800000,promo
P02,Standard,2026-03-17,850000,825000,promo
P02,Standard,2026-03-18,850000,790000,promo
P02,Standard,2026-03-19,850000,761000,promo
P02,Standard,2026-03-20,850000,821000,promo
P02,Standard,2026-03-21,850000,785000,promo
P02,Standard,2026-03-22,850000,859000,promo
P02,Standard,2026-03-23,850000,764000,promo
P02,Standard,2026-03-24,850000,834000,promo
P02,Standard,2026-03-25,850000,798000,promo
P02,Standard,2026-03-26,850000,776000,promo
P02,Standard,2026-03-27,850000,806000,promo
P02,Standard,2026-03-28,850000,811000,promo
P02,Standard,2026-03-29,850000,799000,promo
P02,Standard,2026-03-30,850000,829000,promo
P02,Standard,2026-03-31,850000,824000,promo
P02,Standard,2026-04-01,850000,825000,manual
P02,Standard,2026-04-02,850000,830000,manual
P02,Standard,2026-04-03,850000,812000,manual
P02,Standard,2026-04-04,850000,792000,manual
P02,Standard,2026-04-05,850000,814000,manual
P02,Standard,2026-04-06,850000,850000,manual
P02,Standard,2026-04-07,850000,853000,manual
P02,Standard,2026-04-08,850000,875000,manual
P02,Standard,2026-04-09,850000,863000,manual
P02,Standard,2026-04-10,850000,850000,manual
P02,Standard,2026-04-11,850000,837000,manual
P02,Standard,2026-04-12,850000,818000,manual
P02,Standard,2026-04-13,850000,855000,manual
P02,Standard,2026-04-14,850000,854000,manual
P02,Standard,2026-04-15,850000,826000,manual
P02,Standard,2026-04-16,850000,855000,manual
P02,Standard,2026-04-17,850000,820000,manual
P02,Standard,2026-04-18,850000,828000,manual
P02,Standard,2026-04-19,850000,911000,manual
P02,Standard,2026-04-20,850000,854000,manual
P02,Standard,2026-04-21,850000,827000,manual
P02,Standard,2026-04-22,850000,797000,manual
P02,Standard,2026-04-23,850000,844000,manual
P02,Standard,2026-04-24,850000,856000,manual
P02,Standard,2026-04-25,850000,880000,manual
P02,Standard,2026-04-26,850000,901000,manual
P02,Standard,2026-04-27,850000,845000,manual
P02,Standard,2026-04-28,850000,884000,manual
P02,Standard,2026-04-29,850000,868000,manual
P02,Standard,2026-04-30,850000,847000,manual
P02,Standard,2026-05-01,850000,885000,manual
P02,Standard,2026-05-02,850000,869000,manual
P02,Standard,2026-05-03,850000,907000,manual
P02,Standard,2026-05-04,850000,854000,manual
P02,Standard,2026-05-05,850000,857000,manual
P02,Standard,2026-05-06,850000,871000,manual
P02,Standard,2026-05-07,850000,851000,manual
P02,Standard,2026-05-08,850000,882000,manual
P02,Standard,2026-05-09,850000,829000,manual
P02,Standard,2026-05-10,850000,867000,manual
P02,Standard,2026-05-11,850000,856000,manual
P02,Standard,2026-05-12,850000,839000,manual
P02,Standard,2026-05-13,850000,864000,manual
P02,Standard,2026-05-14,850000,870000,manual
P02,Standard,2026-05-15,850000,833000,manual
P02,Standard,2026-05-16,850000,857000,manual
P02,Standard,2026-05-17,850000,899000,manual
P02,Standard,2026-05-18,850000,914000,manual
P02,Standard,2026-05-19,850000,885000,manual
P02,Standard,2026-05-20,850000,848000,manual
P02,Standard,2026-05-21,850000,813000,manual
P02,Standard,2026-05-22,850000,860000,manual
P02,Standard,2026-05-23,850000,863000,manual
P02,Standard,2026-05-24,850000,911000,manual
P02,Standard,2026-05-25,850000,827000,manual
P02,Standard,2026-05-26,850000,816000,manual
P02,Standard,2026-05-27,850000,882000,manual
P02,Standard,2026-05-28,850000,862000,manual
P02,Standard,2026-05-29,850000,866000,manual
P02,Standard,2026-05-30,850000,860000,manual
P02,Standard,2026-05-31,850000,832000,manual
P02,Standard,2026-06-01,850000,925000,manual
P02,Standard,2026-06-02,850000,853000,manual
P02,Standard,2026-06-03,850000,964000,manual
P02,Standard,2026-06-04,850000,884000,manual
P02,Standard,2026-06-05,850000,923000,manual
P02,Standard,2026-06-06,850000,891000,manual
P02,Standard,2026-06-07,850000,855000,manual
P02,Standard,2026-06-08,850000,921000,manual
P02,Standard,2026-06-09,850000,956000,manual
P02,Standard,2026-06-10,850000,946000,manual
P02,Standard,2026-06-11,850000,926000,manual
P02,Standard,2026-06-12,850000,949000,manual
P02,Standard,2026-06-13,850000,950000,manual
P02,Standard,2026-06-14,850000,924000,manual
P02,Standard,2026-06-15,850000,882000,manual
P02,Standard,2026-06-16,850000,927000,manual
P02,Standard,2026-06-17,850000,906000,manual
P02,Standard,2026-06-18,850000,924000,manual
P02,Standard,2026-06-19,850000,959000,manual
P02,Standard,2026-06-20,850000,954000,manual
P02,Standard,2026-06-21,850000,872000,manual
P02,Standard,2026-06-22,850000,921000,manual
P02,Standard,2026-06-23,850000,884000,manual
P02,Standard,2026-06-24,850000,936000,manual
P02,Standard,2026-06-25,850000,924000,manual
P02,Standard,2026-06-26,850000,902000,manual
P02,Standard,2026-06-27,850000,869000,manual
P02,Standard,2026-06-28,850000,870000,manual
P02,Standard,2026-06-29,850000,886000,manual
P02,Standard,2026-06-30,850000,861000,manual
P02,Deluxe,2023-07-01,1300000,1484000,manual
P02,Deluxe,2023-07-02,1300000,1385000,manual
P02,Deluxe,2023-07-03,1300000,1431000,manual
P02,Deluxe,2023-07-04,1300000,1435000,manual
P02,Deluxe,2023-07-05,1300000,1416000,manual
P02,Deluxe,2023-07-06,1300000,1415000,manual
P02,Deluxe,2023-07-07,1300000,1443000,manual
P02,Deluxe,2023-07-08,1300000,1521000,manual
P02,Deluxe,2023-07-09,1300000,1537000,manual
P02,Deluxe,2023-07-10,1300000,1513000,manual
P02,Deluxe,2023-07-11,1300000,1477000,manual
P02,Deluxe,2023-07-12,1300000,1383000,manual
P02,Deluxe,2023-07-13,1300000,1451000,manual
P02,Deluxe,2023-07-14,1300000,1392000,manual
P02,Deluxe,2023-07-15,1300000,1486000,manual
P02,Deluxe,2023-07-16,1300000,1497000,manual
P02,Deluxe,2023-07-17,1300000,1503000,manual
P02,Deluxe,2023-07-18,1300000,1441000,manual
P02,Deluxe,2023-07-19,1300000,1412000,manual
P02,Deluxe,2023-07-20,1300000,1463000,manual
P02,Deluxe,2023-07-21,1300000,1416000,manual
P02,Deluxe,2023-07-22,1300000,1424000,manual
P02,Deluxe,2023-07-23,1300000,1474000,manual
P02,Deluxe,2023-07-24,1300000,1436000,manual
P02,Deluxe,2023-07-25,1300000,1422000,manual
P02,Deluxe,2023-07-26,1300000,1472000,manual
P02,Deluxe,2023-07-27,1300000,1409000,manual
P02,Deluxe,2023-07-28,1300000,1430000,manual
P02,Deluxe,2023-07-29,1300000,1496000,manual
P02,Deluxe,2023-07-30,1300000,1409000,manual
P02,Deluxe,2023-07-31,1300000,1458000,manual
P02,Deluxe,2023-08-01,1300000,1317000,manual
P02,Deluxe,2023-08-02,1300000,1325000,manual
P02,Deluxe,2023-08-03,1300000,1289000,manual
P02,Deluxe,2023-08-04,1300000,1384000,manual
P02,Deluxe,2023-08-05,1300000,1342000,manual
P02,Deluxe,2023-08-06,1300000,1335000,manual
P02,Deluxe,2023-08-07,1300000,1388000,manual
P02,Deluxe,2023-08-08,1300000,1347000,manual
P02,Deluxe,2023-08-09,1300000,1279000,manual
P02,Deluxe,2023-08-10,1300000,1358000,manual
P02,Deluxe,2023-08-11,1300000,1329000,manual
P02,Deluxe,2023-08-12,1300000,1285000,manual
P02,Deluxe,2023-08-13,1300000,1314000,manual
P02,Deluxe,2023-08-14,1300000,1310000,manual
P02,Deluxe,2023-08-15,1300000,1322000,manual
P02,Deluxe,2023-08-16,1300000,1303000,manual
P02,Deluxe,2023-08-17,1300000,1338000,manual
P02,Deluxe,2023-08-18,1300000,1366000,manual
P02,Deluxe,2023-08-19,1300000,1404000,manual
P02,Deluxe,2023-08-20,1300000,1400000,manual
P02,Deluxe,2023-08-21,1300000,1361000,manual
P02,Deluxe,2023-08-22,1300000,1295000,manual
P02,Deluxe,2023-08-23,1300000,1276000,manual
P02,Deluxe,2023-08-24,1300000,1335000,manual
P02,Deluxe,2023-08-25,1300000,1310000,manual
P02,Deluxe,2023-08-26,1300000,1272000,manual
P02,Deluxe,2023-08-27,1300000,1333000,manual
P02,Deluxe,2023-08-28,1300000,1320000,manual
P02,Deluxe,2023-08-29,1300000,1324000,manual
P02,Deluxe,2023-08-30,1300000,1413000,manual
P02,Deluxe,2023-08-31,1300000,1334000,manual
P02,Deluxe,2023-09-01,1300000,1257000,promo
P02,Deluxe,2023-09-02,1300000,1258000,promo
P02,Deluxe,2023-09-03,1300000,1135000,promo
P02,Deluxe,2023-09-04,1300000,1198000,promo
P02,Deluxe,2023-09-05,1300000,1193000,promo
P02,Deluxe,2023-09-06,1300000,1241000,promo
P02,Deluxe,2023-09-07,1300000,1202000,promo
P02,Deluxe,2023-09-08,1300000,1133000,promo
P02,Deluxe,2023-09-09,1300000,1182000,promo
P02,Deluxe,2023-09-10,1300000,1251000,promo
P02,Deluxe,2023-09-11,1300000,1222000,promo
P02,Deluxe,2023-09-12,1300000,1222000,promo
P02,Deluxe,2023-09-13,1300000,1254000,promo
P02,Deluxe,2023-09-14,1300000,1255000,promo
P02,Deluxe,2023-09-15,1300000,1282000,promo
P02,Deluxe,2023-09-16,1300000,1219000,promo
P02,Deluxe,2023-09-17,1300000,1249000,promo
P02,Deluxe,2023-09-18,1300000,1276000,promo
P02,Deluxe,2023-09-19,1300000,1253000,promo
P02,Deluxe,2023-09-20,1300000,1166000,promo
P02,Deluxe,2023-09-21,1300000,1185000,promo
P02,Deluxe,2023-09-22,1300000,1217000,promo
P02,Deluxe,2023-09-23,1300000,1216000,promo
P02,Deluxe,2023-09-24,1300000,1283000,promo
P02,Deluxe,2023-09-25,1300000,1179000,promo
P02,Deluxe,2023-09-26,1300000,1187000,promo
P02,Deluxe,2023-09-27,1300000,1176000,promo
P02,Deluxe,2023-09-28,1300000,1244000,promo
P02,Deluxe,2023-09-29,1300000,1268000,promo
P02,Deluxe,2023-09-30,1300000,1237000,promo
P02,Deluxe,2023-10-01,1300000,1253000,promo
P02,Deluxe,2023-10-02,1300000,1211000,promo
P02,Deluxe,2023-10-03,1300000,1297000,promo
P02,Deluxe,2023-10-04,1300000,1218000,promo
P02,Deluxe,2023-10-05,1300000,1206000,promo
P02,Deluxe,2023-10-06,1300000,1229000,promo
P02,Deluxe,2023-10-07,1300000,1200000,promo
P02,Deluxe,2023-10-08,1300000,1144000,promo
P02,Deluxe,2023-10-09,1300000,1198000,promo
P02,Deluxe,2023-10-10,1300000,1234000,promo
P02,Deluxe,2023-10-11,1300000,1234000,promo
P02,Deluxe,2023-10-12,1300000,1215000,promo
P02,Deluxe,2023-10-13,1300000,1242000,promo
P02,Deluxe,2023-10-14,1300000,1175000,promo
P02,Deluxe,2023-10-15,1300000,1248000,promo
P02,Deluxe,2023-10-16,1300000,1204000,promo
P02,Deluxe,2023-10-17,1300000,1222000,promo
P02,Deluxe,2023-10-18,1300000,1260000,promo
P02,Deluxe,2023-10-19,1300000,1168000,promo
P02,Deluxe,2023-10-20,1300000,1245000,promo
P02,Deluxe,2023-10-21,1300000,1237000,promo
P02,Deluxe,2023-10-22,1300000,1230000,promo
P02,Deluxe,2023-10-23,1300000,1233000,promo
P02,Deluxe,2023-10-24,1300000,1281000,promo
P02,Deluxe,2023-10-25,1300000,1240000,promo
P02,Deluxe,2023-10-26,1300000,1254000,promo
P02,Deluxe,2023-10-27,1300000,1206000,promo
P02,Deluxe,2023-10-28,1300000,1249000,promo
P02,Deluxe,2023-10-29,1300000,1298000,promo
P02,Deluxe,2023-10-30,1300000,1255000,promo
P02,Deluxe,2023-10-31,1300000,1231000,promo
P02,Deluxe,2023-11-01,1300000,1268000,manual
P02,Deluxe,2023-11-02,1300000,1307000,manual
P02,Deluxe,2023-11-03,1300000,1311000,manual
P02,Deluxe,2023-11-04,1300000,1233000,manual
P02,Deluxe,2023-11-05,1300000,1186000,manual
P02,Deluxe,2023-11-06,1300000,1372000,manual
P02,Deluxe,2023-11-07,1300000,1261000,manual
P02,Deluxe,2023-11-08,1300000,1264000,manual
P02,Deluxe,2023-11-09,1300000,1296000,manual
P02,Deluxe,2023-11-10,1300000,1267000,manual
P02,Deluxe,2023-11-11,1300000,1283000,manual
P02,Deluxe,2023-11-12,1300000,1240000,manual
P02,Deluxe,2023-11-13,1300000,1272000,manual
P02,Deluxe,2023-11-14,1300000,1327000,manual
P02,Deluxe,2023-11-15,1300000,1299000,manual
P02,Deluxe,2023-11-16,1300000,1301000,manual
P02,Deluxe,2023-11-17,1300000,1255000,manual
P02,Deluxe,2023-11-18,1300000,1310000,manual
P02,Deluxe,2023-11-19,1300000,1331000,manual
P02,Deluxe,2023-11-20,1300000,1315000,manual
P02,Deluxe,2023-11-21,1300000,1321000,manual
P02,Deluxe,2023-11-22,1300000,1296000,manual
P02,Deluxe,2023-11-23,1300000,1314000,manual
P02,Deluxe,2023-11-24,1300000,1307000,manual
P02,Deluxe,2023-11-25,1300000,1246000,manual
P02,Deluxe,2023-11-26,1300000,1288000,manual
P02,Deluxe,2023-11-27,1300000,1222000,manual
P02,Deluxe,2023-11-28,1300000,1315000,manual
P02,Deluxe,2023-11-29,1300000,1344000,manual
P02,Deluxe,2023-11-30,1300000,1307000,manual
P02,Deluxe,2023-12-01,1300000,1486000,manual
P02,Deluxe,2023-12-02,1300000,1425000,manual
P02,Deluxe,2023-12-03,1300000,1498000,manual
P02,Deluxe,2023-12-04,1300000,1466000,manual
P02,Deluxe,2023-12-05,1300000,1538000,manual
P02,Deluxe,2023-12-06,1300000,1437000,manual
P02,Deluxe,2023-12-07,1300000,1413000,manual
P02,Deluxe,2023-12-08,1300000,1544000,manual
P02,Deluxe,2023-12-09,1300000,1541000,manual
P02,Deluxe,2023-12-10,1300000,1487000,manual
P02,Deluxe,2023-12-11,1300000,1394000,manual
P02,Deluxe,2023-12-12,1300000,1494000,manual
P02,Deluxe,2023-12-13,1300000,1501000,manual
P02,Deluxe,2023-12-14,1300000,1436000,manual
P02,Deluxe,2023-12-15,1300000,1367000,manual
P02,Deluxe,2023-12-16,1300000,1499000,manual
P02,Deluxe,2023-12-17,1300000,1389000,manual
P02,Deluxe,2023-12-18,1300000,1437000,manual
P02,Deluxe,2023-12-19,1300000,1504000,manual
P02,Deluxe,2023-12-20,1300000,1475000,manual
P02,Deluxe,2023-12-21,1300000,1409000,manual
P02,Deluxe,2023-12-22,1300000,1474000,manual
P02,Deluxe,2023-12-23,1300000,1434000,manual
P02,Deluxe,2023-12-24,1300000,1479000,manual
P02,Deluxe,2023-12-25,1300000,1432000,manual
P02,Deluxe,2023-12-26,1300000,1467000,manual
P02,Deluxe,2023-12-27,1300000,1496000,manual
P02,Deluxe,2023-12-28,1300000,1438000,manual
P02,Deluxe,2023-12-29,1300000,1420000,manual
P02,Deluxe,2023-12-30,1300000,1406000,manual
P02,Deluxe,2023-12-31,1300000,1451000,manual
P02,Deluxe,2024-01-01,1300000,1495000,manual
P02,Deluxe,2024-01-02,1300000,1453000,manual
P02,Deluxe,2024-01-03,1300000,1511000,manual
P02,Deluxe,2024-01-04,1300000,1385000,manual
P02,Deluxe,2024-01-05,1300000,1440000,manual
P02,Deluxe,2024-01-06,1300000,1438000,manual
P02,Deluxe,2024-01-07,1300000,1412000,manual
P02,Deluxe,2024-01-08,1300000,1454000,manual
P02,Deluxe,2024-01-09,1300000,1383000,manual
P02,Deluxe,2024-01-10,1300000,1473000,manual
P02,Deluxe,2024-01-11,1300000,1377000,manual
P02,Deluxe,2024-01-12,1300000,1447000,manual
P02,Deluxe,2024-01-13,1300000,1423000,manual
P02,Deluxe,2024-01-14,1300000,1467000,manual
P02,Deluxe,2024-01-15,1300000,1445000,manual
P02,Deluxe,2024-01-16,1300000,1374000,manual
P02,Deluxe,2024-01-17,1300000,1466000,manual
P02,Deluxe,2024-01-18,1300000,1407000,manual
P02,Deluxe,2024-01-19,1300000,1443000,manual
P02,Deluxe,2024-01-20,1300000,1440000,manual
P02,Deluxe,2024-01-21,1300000,1409000,manual
P02,Deluxe,2024-01-22,1300000,1430000,manual
P02,Deluxe,2024-01-23,1300000,1396000,manual
P02,Deluxe,2024-01-24,1300000,1381000,manual
P02,Deluxe,2024-01-25,1300000,1422000,manual
P02,Deluxe,2024-01-26,1300000,1485000,manual
P02,Deluxe,2024-01-27,1300000,1469000,manual
P02,Deluxe,2024-01-28,1300000,1442000,manual
P02,Deluxe,2024-01-29,1300000,1525000,manual
P02,Deluxe,2024-01-30,1300000,1403000,manual
P02,Deluxe,2024-01-31,1300000,1448000,manual
P02,Deluxe,2024-02-01,1300000,1227000,promo
P02,Deluxe,2024-02-02,1300000,1261000,promo
P02,Deluxe,2024-02-03,1300000,1211000,promo
P02,Deluxe,2024-02-04,1300000,1227000,promo
P02,Deluxe,2024-02-05,1300000,1226000,promo
P02,Deluxe,2024-02-06,1300000,1195000,promo
P02,Deluxe,2024-02-07,1300000,1160000,promo
P02,Deluxe,2024-02-08,1300000,1191000,promo
P02,Deluxe,2024-02-09,1300000,1182000,promo
P02,Deluxe,2024-02-10,1300000,1122000,promo
P02,Deluxe,2024-02-11,1300000,1172000,promo
P02,Deluxe,2024-02-12,1300000,1144000,promo
P02,Deluxe,2024-02-13,1300000,1255000,promo
P02,Deluxe,2024-02-14,1300000,1242000,promo
P02,Deluxe,2024-02-15,1300000,1214000,promo
P02,Deluxe,2024-02-16,1300000,1219000,promo
P02,Deluxe,2024-02-17,1300000,1228000,promo
P02,Deluxe,2024-02-18,1300000,1208000,promo
P02,Deluxe,2024-02-19,1300000,1199000,promo
P02,Deluxe,2024-02-20,1300000,1255000,promo
P02,Deluxe,2024-02-21,1300000,1191000,promo
P02,Deluxe,2024-02-22,1300000,1224000,promo
P02,Deluxe,2024-02-23,1300000,1209000,promo
P02,Deluxe,2024-02-24,1300000,1248000,promo
P02,Deluxe,2024-02-25,1300000,1211000,promo
P02,Deluxe,2024-02-26,1300000,1235000,promo
P02,Deluxe,2024-02-27,1300000,1210000,promo
P02,Deluxe,2024-02-28,1300000,1249000,promo
P02,Deluxe,2024-02-29,1300000,1226000,promo
P02,Deluxe,2024-03-01,1300000,1198000,promo
P02,Deluxe,2024-03-02,1300000,1223000,promo
P02,Deluxe,2024-03-03,1300000,1153000,promo
P02,Deluxe,2024-03-04,1300000,1214000,promo
P02,Deluxe,2024-03-05,1300000,1220000,promo
P02,Deluxe,2024-03-06,1300000,1239000,promo
P02,Deluxe,2024-03-07,1300000,1260000,promo
P02,Deluxe,2024-03-08,1300000,1254000,promo
P02,Deluxe,2024-03-09,1300000,1242000,promo
P02,Deluxe,2024-03-10,1300000,1212000,promo
P02,Deluxe,2024-03-11,1300000,1298000,promo
P02,Deluxe,2024-03-12,1300000,1185000,promo
P02,Deluxe,2024-03-13,1300000,1229000,promo
P02,Deluxe,2024-03-14,1300000,1249000,promo
P02,Deluxe,2024-03-15,1300000,1193000,promo
P02,Deluxe,2024-03-16,1300000,1178000,promo
P02,Deluxe,2024-03-17,1300000,1259000,promo
P02,Deluxe,2024-03-18,1300000,1243000,promo
P02,Deluxe,2024-03-19,1300000,1256000,promo
P02,Deluxe,2024-03-20,1300000,1295000,promo
P02,Deluxe,2024-03-21,1300000,1201000,promo
P02,Deluxe,2024-03-22,1300000,1253000,promo
P02,Deluxe,2024-03-23,1300000,1215000,promo
P02,Deluxe,2024-03-24,1300000,1162000,promo
P02,Deluxe,2024-03-25,1300000,1238000,promo
P02,Deluxe,2024-03-26,1300000,1238000,promo
P02,Deluxe,2024-03-27,1300000,1274000,promo
P02,Deluxe,2024-03-28,1300000,1256000,promo
P02,Deluxe,2024-03-29,1300000,1209000,promo
P02,Deluxe,2024-03-30,1300000,1233000,promo
P02,Deluxe,2024-03-31,1300000,1233000,promo
P02,Deluxe,2024-04-01,1300000,1268000,manual
P02,Deluxe,2024-04-02,1300000,1334000,manual
P02,Deluxe,2024-04-03,1300000,1345000,manual
P02,Deluxe,2024-04-04,1300000,1263000,manual
P02,Deluxe,2024-04-05,1300000,1310000,manual
P02,Deluxe,2024-04-06,1300000,1294000,manual
P02,Deluxe,2024-04-07,1300000,1279000,manual
P02,Deluxe,2024-04-08,1300000,1280000,manual
P02,Deluxe,2024-04-09,1300000,1368000,manual
P02,Deluxe,2024-04-10,1300000,1338000,manual
P02,Deluxe,2024-04-11,1300000,1279000,manual
P02,Deluxe,2024-04-12,1300000,1253000,manual
P02,Deluxe,2024-04-13,1300000,1260000,manual
P02,Deluxe,2024-04-14,1300000,1372000,manual
P02,Deluxe,2024-04-15,1300000,1330000,manual
P02,Deluxe,2024-04-16,1300000,1284000,manual
P02,Deluxe,2024-04-17,1300000,1249000,manual
P02,Deluxe,2024-04-18,1300000,1322000,manual
P02,Deluxe,2024-04-19,1300000,1289000,manual
P02,Deluxe,2024-04-20,1300000,1324000,manual
P02,Deluxe,2024-04-21,1300000,1324000,manual
P02,Deluxe,2024-04-22,1300000,1331000,manual
P02,Deluxe,2024-04-23,1300000,1345000,manual
P02,Deluxe,2024-04-24,1300000,1297000,manual
P02,Deluxe,2024-04-25,1300000,1329000,manual
P02,Deluxe,2024-04-26,1300000,1325000,manual
P02,Deluxe,2024-04-27,1300000,1332000,manual
P02,Deluxe,2024-04-28,1300000,1371000,manual
P02,Deluxe,2024-04-29,1300000,1262000,manual
P02,Deluxe,2024-04-30,1300000,1311000,manual
P02,Deluxe,2024-05-01,1300000,1329000,manual
P02,Deluxe,2024-05-02,1300000,1313000,manual
P02,Deluxe,2024-05-03,1300000,1232000,manual
P02,Deluxe,2024-05-04,1300000,1225000,manual
P02,Deluxe,2024-05-05,1300000,1321000,manual
P02,Deluxe,2024-05-06,1300000,1335000,manual
P02,Deluxe,2024-05-07,1300000,1279000,manual
P02,Deluxe,2024-05-08,1300000,1355000,manual
P02,Deluxe,2024-05-09,1300000,1247000,manual
P02,Deluxe,2024-05-10,1300000,1299000,manual
P02,Deluxe,2024-05-11,1300000,1376000,manual
P02,Deluxe,2024-05-12,1300000,1343000,manual
P02,Deluxe,2024-05-13,1300000,1356000,manual
P02,Deluxe,2024-05-14,1300000,1224000,manual
P02,Deluxe,2024-05-15,1300000,1375000,manual
P02,Deluxe,2024-05-16,1300000,1275000,manual
P02,Deluxe,2024-05-17,1300000,1325000,manual
P02,Deluxe,2024-05-18,1300000,1364000,manual
P02,Deluxe,2024-05-19,1300000,1350000,manual
P02,Deluxe,2024-05-20,1300000,1347000,manual
P02,Deluxe,2024-05-21,1300000,1315000,manual
P02,Deluxe,2024-05-22,1300000,1304000,manual
P02,Deluxe,2024-05-23,1300000,1322000,manual
P02,Deluxe,2024-05-24,1300000,1324000,manual
P02,Deluxe,2024-05-25,1300000,1289000,manual
P02,Deluxe,2024-05-26,1300000,1309000,manual
P02,Deluxe,2024-05-27,1300000,1321000,manual
P02,Deluxe,2024-05-28,1300000,1330000,manual
P02,Deluxe,2024-05-29,1300000,1321000,manual
P02,Deluxe,2024-05-30,1300000,1317000,manual
P02,Deluxe,2024-05-31,1300000,1227000,manual
P02,Deluxe,2024-06-01,1300000,1410000,manual
P02,Deluxe,2024-06-02,1300000,1394000,manual
P02,Deluxe,2024-06-03,1300000,1368000,manual
P02,Deluxe,2024-06-04,1300000,1286000,manual
P02,Deluxe,2024-06-05,1300000,1403000,manual
P02,Deluxe,2024-06-06,1300000,1429000,manual
P02,Deluxe,2024-06-07,1300000,1339000,manual
P02,Deluxe,2024-06-08,1300000,1395000,manual
P02,Deluxe,2024-06-09,1300000,1336000,manual
P02,Deluxe,2024-06-10,1300000,1415000,manual
P02,Deluxe,2024-06-11,1300000,1458000,manual
P02,Deluxe,2024-06-12,1300000,1401000,manual
P02,Deluxe,2024-06-13,1300000,1424000,manual
P02,Deluxe,2024-06-14,1300000,1405000,manual
P02,Deluxe,2024-06-15,1300000,1438000,manual
P02,Deluxe,2024-06-16,1300000,1383000,manual
P02,Deluxe,2024-06-17,1300000,1442000,manual
P02,Deluxe,2024-06-18,1300000,1365000,manual
P02,Deluxe,2024-06-19,1300000,1363000,manual
P02,Deluxe,2024-06-20,1300000,1368000,manual
P02,Deluxe,2024-06-21,1300000,1419000,manual
P02,Deluxe,2024-06-22,1300000,1450000,manual
P02,Deluxe,2024-06-23,1300000,1473000,manual
P02,Deluxe,2024-06-24,1300000,1334000,manual
P02,Deluxe,2024-06-25,1300000,1294000,manual
P02,Deluxe,2024-06-26,1300000,1347000,manual
P02,Deluxe,2024-06-27,1300000,1419000,manual
P02,Deluxe,2024-06-28,1300000,1452000,manual
P02,Deluxe,2024-06-29,1300000,1326000,manual
P02,Deluxe,2024-06-30,1300000,1422000,manual
P02,Deluxe,2024-07-01,1300000,1403000,manual
P02,Deluxe,2024-07-02,1300000,1477000,manual
P02,Deluxe,2024-07-03,1300000,1442000,manual
P02,Deluxe,2024-07-04,1300000,1442000,manual
P02,Deluxe,2024-07-05,1300000,1436000,manual
P02,Deluxe,2024-07-06,1300000,1499000,manual
P02,Deluxe,2024-07-07,1300000,1465000,manual
P02,Deluxe,2024-07-08,1300000,1442000,manual
P02,Deluxe,2024-07-09,1300000,1475000,manual
P02,Deluxe,2024-07-10,1300000,1417000,manual
P02,Deluxe,2024-07-11,1300000,1470000,manual
P02,Deluxe,2024-07-12,1300000,1514000,manual
P02,Deluxe,2024-07-13,1300000,1348000,manual
P02,Deluxe,2024-07-14,1300000,1400000,manual
P02,Deluxe,2024-07-15,1300000,1406000,manual
P02,Deluxe,2024-07-16,1300000,1476000,manual
P02,Deluxe,2024-07-17,1300000,1431000,manual
P02,Deluxe,2024-07-18,1300000,1497000,manual
P02,Deluxe,2024-07-19,1300000,1412000,manual
P02,Deluxe,2024-07-20,1300000,1513000,manual
P02,Deluxe,2024-07-21,1300000,1460000,manual
P02,Deluxe,2024-07-22,1300000,1401000,manual
P02,Deluxe,2024-07-23,1300000,1413000,manual
P02,Deluxe,2024-07-24,1300000,1449000,manual
P02,Deluxe,2024-07-25,1300000,1470000,manual
P02,Deluxe,2024-07-26,1300000,1512000,manual
P02,Deluxe,2024-07-27,1300000,1438000,manual
P02,Deluxe,2024-07-28,1300000,1444000,manual
P02,Deluxe,2024-07-29,1300000,1573000,manual
P02,Deluxe,2024-07-30,1300000,1373000,manual
P02,Deluxe,2024-07-31,1300000,1504000,manual
P02,Deluxe,2024-08-01,1300000,1385000,manual
P02,Deluxe,2024-08-02,1300000,1365000,manual
P02,Deluxe,2024-08-03,1300000,1362000,manual
P02,Deluxe,2024-08-04,1300000,1307000,manual
P02,Deluxe,2024-08-05,1300000,1328000,manual
P02,Deluxe,2024-08-06,1300000,1334000,manual
P02,Deluxe,2024-08-07,1300000,1313000,manual
P02,Deluxe,2024-08-08,1300000,1311000,manual
P02,Deluxe,2024-08-09,1300000,1337000,manual
P02,Deluxe,2024-08-10,1300000,1344000,manual
P02,Deluxe,2024-08-11,1300000,1325000,manual
P02,Deluxe,2024-08-12,1300000,1283000,manual
P02,Deluxe,2024-08-13,1300000,1349000,manual
P02,Deluxe,2024-08-14,1300000,1351000,manual
P02,Deluxe,2024-08-15,1300000,1374000,manual
P02,Deluxe,2024-08-16,1300000,1297000,manual
P02,Deluxe,2024-08-17,1300000,1374000,manual
P02,Deluxe,2024-08-18,1300000,1297000,manual
P02,Deluxe,2024-08-19,1300000,1390000,manual
P02,Deluxe,2024-08-20,1300000,1294000,manual
P02,Deluxe,2024-08-21,1300000,1363000,manual
P02,Deluxe,2024-08-22,1300000,1359000,manual
P02,Deluxe,2024-08-23,1300000,1388000,manual
P02,Deluxe,2024-08-24,1300000,1398000,manual
P02,Deluxe,2024-08-25,1300000,1315000,manual
P02,Deluxe,2024-08-26,1300000,1374000,manual
P02,Deluxe,2024-08-27,1300000,1311000,manual
P02,Deluxe,2024-08-28,1300000,1358000,manual
P02,Deluxe,2024-08-29,1300000,1365000,manual
P02,Deluxe,2024-08-30,1300000,1366000,manual
P02,Deluxe,2024-08-31,1300000,1363000,manual
P02,Deluxe,2024-09-01,1300000,1180000,promo
P02,Deluxe,2024-09-02,1300000,1170000,promo
P02,Deluxe,2024-09-03,1300000,1228000,promo
P02,Deluxe,2024-09-04,1300000,1235000,promo
P02,Deluxe,2024-09-05,1300000,1273000,promo
P02,Deluxe,2024-09-06,1300000,1225000,promo
P02,Deluxe,2024-09-07,1300000,1209000,promo
P02,Deluxe,2024-09-08,1300000,1179000,promo
P02,Deluxe,2024-09-09,1300000,1219000,promo
P02,Deluxe,2024-09-10,1300000,1140000,promo
P02,Deluxe,2024-09-11,1300000,1221000,promo
P02,Deluxe,2024-09-12,1300000,1202000,promo
P02,Deluxe,2024-09-13,1300000,1187000,promo
P02,Deluxe,2024-09-14,1300000,1219000,promo
P02,Deluxe,2024-09-15,1300000,1211000,promo
P02,Deluxe,2024-09-16,1300000,1258000,promo
P02,Deluxe,2024-09-17,1300000,1224000,promo
P02,Deluxe,2024-09-18,1300000,1219000,promo
P02,Deluxe,2024-09-19,1300000,1270000,promo
P02,Deluxe,2024-09-20,1300000,1243000,promo
P02,Deluxe,2024-09-21,1300000,1259000,promo
P02,Deluxe,2024-09-22,1300000,1168000,promo
P02,Deluxe,2024-09-23,1300000,1161000,promo
P02,Deluxe,2024-09-24,1300000,1180000,promo
P02,Deluxe,2024-09-25,1300000,1191000,promo
P02,Deluxe,2024-09-26,1300000,1185000,promo
P02,Deluxe,2024-09-27,1300000,1136000,promo
P02,Deluxe,2024-09-28,1300000,1233000,promo
P02,Deluxe,2024-09-29,1300000,1217000,promo
P02,Deluxe,2024-09-30,1300000,1257000,promo
P02,Deluxe,2024-10-01,1300000,1190000,promo
P02,Deluxe,2024-10-02,1300000,1227000,promo
P02,Deluxe,2024-10-03,1300000,1217000,promo
P02,Deluxe,2024-10-04,1300000,1160000,promo
P02,Deluxe,2024-10-05,1300000,1238000,promo
P02,Deluxe,2024-10-06,1300000,1301000,promo
P02,Deluxe,2024-10-07,1300000,1220000,promo
P02,Deluxe,2024-10-08,1300000,1292000,promo
P02,Deluxe,2024-10-09,1300000,1229000,promo
P02,Deluxe,2024-10-10,1300000,1194000,promo
P02,Deluxe,2024-10-11,1300000,1215000,promo
P02,Deluxe,2024-10-12,1300000,1205000,promo
P02,Deluxe,2024-10-13,1300000,1266000,promo
P02,Deluxe,2024-10-14,1300000,1170000,promo
P02,Deluxe,2024-10-15,1300000,1260000,promo
P02,Deluxe,2024-10-16,1300000,1212000,promo
P02,Deluxe,2024-10-17,1300000,1222000,promo
P02,Deluxe,2024-10-18,1300000,1285000,promo
P02,Deluxe,2024-10-19,1300000,1178000,promo
P02,Deluxe,2024-10-20,1300000,1208000,promo
P02,Deluxe,2024-10-21,1300000,1203000,promo
P02,Deluxe,2024-10-22,1300000,1269000,promo
P02,Deluxe,2024-10-23,1300000,1217000,promo
P02,Deluxe,2024-10-24,1300000,1181000,promo
P02,Deluxe,2024-10-25,1300000,1295000,promo
P02,Deluxe,2024-10-26,1300000,1361000,promo
P02,Deluxe,2024-10-27,1300000,1221000,promo
P02,Deluxe,2024-10-28,1300000,1202000,promo
P02,Deluxe,2024-10-29,1300000,1208000,promo
P02,Deluxe,2024-10-30,1300000,1199000,promo
P02,Deluxe,2024-10-31,1300000,1251000,promo
P02,Deluxe,2024-11-01,1300000,1368000,manual
P02,Deluxe,2024-11-02,1300000,1232000,manual
P02,Deluxe,2024-11-03,1300000,1299000,manual
P02,Deluxe,2024-11-04,1300000,1286000,manual
P02,Deluxe,2024-11-05,1300000,1244000,manual
P02,Deluxe,2024-11-06,1300000,1286000,manual
P02,Deluxe,2024-11-07,1300000,1298000,manual
P02,Deluxe,2024-11-08,1300000,1282000,manual
P02,Deluxe,2024-11-09,1300000,1294000,manual
P02,Deluxe,2024-11-10,1300000,1279000,manual
P02,Deluxe,2024-11-11,1300000,1282000,manual
P02,Deluxe,2024-11-12,1300000,1294000,manual
P02,Deluxe,2024-11-13,1300000,1342000,manual
P02,Deluxe,2024-11-14,1300000,1313000,manual
P02,Deluxe,2024-11-15,1300000,1235000,manual
P02,Deluxe,2024-11-16,1300000,1243000,manual
P02,Deluxe,2024-11-17,1300000,1232000,manual
P02,Deluxe,2024-11-18,1300000,1271000,manual
P02,Deluxe,2024-11-19,1300000,1273000,manual
P02,Deluxe,2024-11-20,1300000,1314000,manual
P02,Deluxe,2024-11-21,1300000,1221000,manual
P02,Deluxe,2024-11-22,1300000,1243000,manual
P02,Deluxe,2024-11-23,1300000,1360000,manual
P02,Deluxe,2024-11-24,1300000,1312000,manual
P02,Deluxe,2024-11-25,1300000,1321000,manual
P02,Deluxe,2024-11-26,1300000,1366000,manual
P02,Deluxe,2024-11-27,1300000,1297000,manual
P02,Deluxe,2024-11-28,1300000,1281000,manual
P02,Deluxe,2024-11-29,1300000,1279000,manual
P02,Deluxe,2024-11-30,1300000,1288000,manual
P02,Deluxe,2024-12-01,1300000,1456000,manual
P02,Deluxe,2024-12-02,1300000,1485000,manual
P02,Deluxe,2024-12-03,1300000,1443000,manual
P02,Deluxe,2024-12-04,1300000,1506000,manual
P02,Deluxe,2024-12-05,1300000,1446000,manual
P02,Deluxe,2024-12-06,1300000,1536000,manual
P02,Deluxe,2024-12-07,1300000,1412000,manual
P02,Deluxe,2024-12-08,1300000,1501000,manual
P02,Deluxe,2024-12-09,1300000,1470000,manual
P02,Deluxe,2024-12-10,1300000,1458000,manual
P02,Deluxe,2024-12-11,1300000,1452000,manual
P02,Deluxe,2024-12-12,1300000,1448000,manual
P02,Deluxe,2024-12-13,1300000,1424000,manual
P02,Deluxe,2024-12-14,1300000,1455000,manual
P02,Deluxe,2024-12-15,1300000,1400000,manual
P02,Deluxe,2024-12-16,1300000,1424000,manual
P02,Deluxe,2024-12-17,1300000,1474000,manual
P02,Deluxe,2024-12-18,1300000,1525000,manual
P02,Deluxe,2024-12-19,1300000,1430000,manual
P02,Deluxe,2024-12-20,1300000,1427000,manual
P02,Deluxe,2024-12-21,1300000,1435000,manual
P02,Deluxe,2024-12-22,1300000,1396000,manual
P02,Deluxe,2024-12-23,1300000,1431000,manual
P02,Deluxe,2024-12-24,1300000,1519000,manual
P02,Deluxe,2024-12-25,1300000,1402000,manual
P02,Deluxe,2024-12-26,1300000,1460000,manual
P02,Deluxe,2024-12-27,1300000,1410000,manual
P02,Deluxe,2024-12-28,1300000,1521000,manual
P02,Deluxe,2024-12-29,1300000,1477000,manual
P02,Deluxe,2024-12-30,1300000,1462000,manual
P02,Deluxe,2024-12-31,1300000,1411000,manual
P02,Deluxe,2025-01-01,1300000,1443000,manual
P02,Deluxe,2025-01-02,1300000,1380000,manual
P02,Deluxe,2025-01-03,1300000,1427000,manual
P02,Deluxe,2025-01-04,1300000,1488000,manual
P02,Deluxe,2025-01-05,1300000,1312000,manual
P02,Deluxe,2025-01-06,1300000,1463000,manual
P02,Deluxe,2025-01-07,1300000,1435000,manual
P02,Deluxe,2025-01-08,1300000,1344000,manual
P02,Deluxe,2025-01-09,1300000,1359000,manual
P02,Deluxe,2025-01-10,1300000,1434000,manual
P02,Deluxe,2025-01-11,1300000,1490000,manual
P02,Deluxe,2025-01-12,1300000,1502000,manual
P02,Deluxe,2025-01-13,1300000,1480000,manual
P02,Deluxe,2025-01-14,1300000,1472000,manual
P02,Deluxe,2025-01-15,1300000,1386000,manual
P02,Deluxe,2025-01-16,1300000,1356000,manual
P02,Deluxe,2025-01-17,1300000,1384000,manual
P02,Deluxe,2025-01-18,1300000,1466000,manual
P02,Deluxe,2025-01-19,1300000,1448000,manual
P02,Deluxe,2025-01-20,1300000,1410000,manual
P02,Deluxe,2025-01-21,1300000,1434000,manual
P02,Deluxe,2025-01-22,1300000,1408000,manual
P02,Deluxe,2025-01-23,1300000,1369000,manual
P02,Deluxe,2025-01-24,1300000,1447000,manual
P02,Deluxe,2025-01-25,1300000,1438000,manual
P02,Deluxe,2025-01-26,1300000,1489000,manual
P02,Deluxe,2025-01-27,1300000,1459000,manual
P02,Deluxe,2025-01-28,1300000,1438000,manual
P02,Deluxe,2025-01-29,1300000,1508000,manual
P02,Deluxe,2025-01-30,1300000,1360000,manual
P02,Deluxe,2025-01-31,1300000,1413000,manual
P02,Deluxe,2025-02-01,1300000,921000,dynamic-pricing-AI
P02,Deluxe,2025-02-02,1300000,916000,dynamic-pricing-AI
P02,Deluxe,2025-02-03,1300000,919000,dynamic-pricing-AI
P02,Deluxe,2025-02-04,1300000,942000,dynamic-pricing-AI
P02,Deluxe,2025-02-05,1300000,916000,dynamic-pricing-AI
P02,Deluxe,2025-02-06,1300000,925000,dynamic-pricing-AI
P02,Deluxe,2025-02-07,1300000,873000,dynamic-pricing-AI
P02,Deluxe,2025-02-08,1300000,923000,dynamic-pricing-AI
P02,Deluxe,2025-02-09,1300000,943000,dynamic-pricing-AI
P02,Deluxe,2025-02-10,1300000,886000,dynamic-pricing-AI
P02,Deluxe,2025-02-11,1300000,911000,dynamic-pricing-AI
P02,Deluxe,2025-02-12,1300000,853000,dynamic-pricing-AI
P02,Deluxe,2025-02-13,1300000,864000,dynamic-pricing-AI
P02,Deluxe,2025-02-14,1300000,973000,dynamic-pricing-AI
P02,Deluxe,2025-02-15,1300000,1231000,promo
P02,Deluxe,2025-02-16,1300000,1224000,promo
P02,Deluxe,2025-02-17,1300000,1246000,promo
P02,Deluxe,2025-02-18,1300000,1176000,promo
P02,Deluxe,2025-02-19,1300000,1272000,promo
P02,Deluxe,2025-02-20,1300000,1192000,promo
P02,Deluxe,2025-02-21,1300000,1202000,promo
P02,Deluxe,2025-02-22,1300000,1236000,promo
P02,Deluxe,2025-02-23,1300000,1221000,promo
P02,Deluxe,2025-02-24,1300000,1226000,promo
P02,Deluxe,2025-02-25,1300000,1207000,promo
P02,Deluxe,2025-02-26,1300000,1179000,promo
P02,Deluxe,2025-02-27,1300000,1272000,promo
P02,Deluxe,2025-02-28,1300000,1167000,promo
P02,Deluxe,2025-03-01,1300000,1246000,promo
P02,Deluxe,2025-03-02,1300000,1234000,promo
P02,Deluxe,2025-03-03,1300000,1234000,promo
P02,Deluxe,2025-03-04,1300000,1229000,promo
P02,Deluxe,2025-03-05,1300000,1335000,promo
P02,Deluxe,2025-03-06,1300000,1269000,promo
P02,Deluxe,2025-03-07,1300000,1186000,promo
P02,Deluxe,2025-03-08,1300000,1219000,promo
P02,Deluxe,2025-03-09,1300000,1313000,promo
P02,Deluxe,2025-03-10,1300000,1245000,promo
P02,Deluxe,2025-03-11,1300000,1253000,promo
P02,Deluxe,2025-03-12,1300000,1253000,promo
P02,Deluxe,2025-03-13,1300000,1217000,promo
P02,Deluxe,2025-03-14,1300000,1259000,promo
P02,Deluxe,2025-03-15,1300000,1262000,promo
P02,Deluxe,2025-03-16,1300000,1271000,promo
P02,Deluxe,2025-03-17,1300000,1207000,promo
P02,Deluxe,2025-03-18,1300000,1200000,promo
P02,Deluxe,2025-03-19,1300000,1175000,promo
P02,Deluxe,2025-03-20,1300000,1284000,promo
P02,Deluxe,2025-03-21,1300000,1309000,promo
P02,Deluxe,2025-03-22,1300000,1253000,promo
P02,Deluxe,2025-03-23,1300000,1314000,promo
P02,Deluxe,2025-03-24,1300000,1249000,promo
P02,Deluxe,2025-03-25,1300000,1239000,promo
P02,Deluxe,2025-03-26,1300000,1292000,promo
P02,Deluxe,2025-03-27,1300000,1203000,promo
P02,Deluxe,2025-03-28,1300000,1225000,promo
P02,Deluxe,2025-03-29,1300000,1159000,promo
P02,Deluxe,2025-03-30,1300000,1192000,promo
P02,Deluxe,2025-03-31,1300000,1258000,promo
P02,Deluxe,2025-04-01,1300000,1293000,manual
P02,Deluxe,2025-04-02,1300000,1253000,manual
P02,Deluxe,2025-04-03,1300000,1298000,manual
P02,Deluxe,2025-04-04,1300000,1316000,manual
P02,Deluxe,2025-04-05,1300000,1307000,manual
P02,Deluxe,2025-04-06,1300000,1310000,manual
P02,Deluxe,2025-04-07,1300000,1337000,manual
P02,Deluxe,2025-04-08,1300000,1363000,manual
P02,Deluxe,2025-04-09,1300000,1272000,manual
P02,Deluxe,2025-04-10,1300000,1226000,manual
P02,Deluxe,2025-04-11,1300000,1280000,manual
P02,Deluxe,2025-04-12,1300000,1298000,manual
P02,Deluxe,2025-04-13,1300000,1307000,manual
P02,Deluxe,2025-04-14,1300000,1330000,manual
P02,Deluxe,2025-04-15,1300000,1322000,manual
P02,Deluxe,2025-04-16,1300000,1278000,manual
P02,Deluxe,2025-04-17,1300000,1340000,manual
P02,Deluxe,2025-04-18,1300000,1332000,manual
P02,Deluxe,2025-04-19,1300000,1303000,manual
P02,Deluxe,2025-04-20,1300000,1411000,manual
P02,Deluxe,2025-04-21,1300000,1293000,manual
P02,Deluxe,2025-04-22,1300000,1371000,manual
P02,Deluxe,2025-04-23,1300000,1294000,manual
P02,Deluxe,2025-04-24,1300000,1332000,manual
P02,Deluxe,2025-04-25,1300000,1259000,manual
P02,Deluxe,2025-04-26,1300000,1230000,manual
P02,Deluxe,2025-04-27,1300000,1276000,manual
P02,Deluxe,2025-04-28,1300000,1356000,manual
P02,Deluxe,2025-04-29,1300000,1310000,manual
P02,Deluxe,2025-04-30,1300000,1328000,manual
P02,Deluxe,2025-05-01,1300000,1295000,manual
P02,Deluxe,2025-05-02,1300000,1344000,manual
P02,Deluxe,2025-05-03,1300000,1288000,manual
P02,Deluxe,2025-05-04,1300000,1353000,manual
P02,Deluxe,2025-05-05,1300000,1369000,manual
P02,Deluxe,2025-05-06,1300000,1298000,manual
P02,Deluxe,2025-05-07,1300000,1366000,manual
P02,Deluxe,2025-05-08,1300000,1377000,manual
P02,Deluxe,2025-05-09,1300000,1334000,manual
P02,Deluxe,2025-05-10,1300000,1356000,manual
P02,Deluxe,2025-05-11,1300000,1371000,manual
P02,Deluxe,2025-05-12,1300000,1254000,manual
P02,Deluxe,2025-05-13,1300000,1326000,manual
P02,Deluxe,2025-05-14,1300000,1343000,manual
P02,Deluxe,2025-05-15,1300000,1299000,manual
P02,Deluxe,2025-05-16,1300000,1283000,manual
P02,Deluxe,2025-05-17,1300000,1340000,manual
P02,Deluxe,2025-05-18,1300000,1291000,manual
P02,Deluxe,2025-05-19,1300000,1269000,manual
P02,Deluxe,2025-05-20,1300000,1278000,manual
P02,Deluxe,2025-05-21,1300000,1387000,manual
P02,Deluxe,2025-05-22,1300000,1269000,manual
P02,Deluxe,2025-05-23,1300000,1332000,manual
P02,Deluxe,2025-05-24,1300000,1322000,manual
P02,Deluxe,2025-05-25,1300000,1256000,manual
P02,Deluxe,2025-05-26,1300000,1303000,manual
P02,Deluxe,2025-05-27,1300000,1348000,manual
P02,Deluxe,2025-05-28,1300000,1359000,manual
P02,Deluxe,2025-05-29,1300000,1216000,manual
P02,Deluxe,2025-05-30,1300000,1320000,manual
P02,Deluxe,2025-05-31,1300000,1301000,manual
P02,Deluxe,2025-06-01,1300000,1508000,manual
P02,Deluxe,2025-06-02,1300000,1370000,manual
P02,Deluxe,2025-06-03,1300000,1390000,manual
P02,Deluxe,2025-06-04,1300000,1390000,manual
P02,Deluxe,2025-06-05,1300000,1353000,manual
P02,Deluxe,2025-06-06,1300000,1374000,manual
P02,Deluxe,2025-06-07,1300000,1386000,manual
P02,Deluxe,2025-06-08,1300000,1421000,manual
P02,Deluxe,2025-06-09,1300000,1342000,manual
P02,Deluxe,2025-06-10,1300000,1416000,manual
P02,Deluxe,2025-06-11,1300000,1364000,manual
P02,Deluxe,2025-06-12,1300000,1466000,manual
P02,Deluxe,2025-06-13,1300000,1329000,manual
P02,Deluxe,2025-06-14,1300000,1316000,manual
P02,Deluxe,2025-06-15,1300000,1417000,manual
P02,Deluxe,2025-06-16,1300000,1490000,manual
P02,Deluxe,2025-06-17,1300000,1404000,manual
P02,Deluxe,2025-06-18,1300000,1366000,manual
P02,Deluxe,2025-06-19,1300000,1388000,manual
P02,Deluxe,2025-06-20,1300000,1377000,manual
P02,Deluxe,2025-06-21,1300000,1337000,manual
P02,Deluxe,2025-06-22,1300000,1436000,manual
P02,Deluxe,2025-06-23,1300000,1403000,manual
P02,Deluxe,2025-06-24,1300000,1394000,manual
P02,Deluxe,2025-06-25,1300000,1457000,manual
P02,Deluxe,2025-06-26,1300000,1382000,manual
P02,Deluxe,2025-06-27,1300000,1331000,manual
P02,Deluxe,2025-06-28,1300000,1470000,manual
P02,Deluxe,2025-06-29,1300000,1350000,manual
P02,Deluxe,2025-06-30,1300000,1371000,manual
P02,Deluxe,2025-07-01,1300000,1447000,manual
P02,Deluxe,2025-07-02,1300000,1483000,manual
P02,Deluxe,2025-07-03,1300000,1462000,manual
P02,Deluxe,2025-07-04,1300000,1446000,manual
P02,Deluxe,2025-07-05,1300000,1387000,manual
P02,Deluxe,2025-07-06,1300000,1464000,manual
P02,Deluxe,2025-07-07,1300000,1461000,manual
P02,Deluxe,2025-07-08,1300000,1344000,manual
P02,Deluxe,2025-07-09,1300000,1395000,manual
P02,Deluxe,2025-07-10,1300000,1411000,manual
P02,Deluxe,2025-07-11,1300000,1396000,manual
P02,Deluxe,2025-07-12,1300000,1458000,manual
P02,Deluxe,2025-07-13,1300000,1391000,manual
P02,Deluxe,2025-07-14,1300000,1439000,manual
P02,Deluxe,2025-07-15,1300000,1385000,manual
P02,Deluxe,2025-07-16,1300000,1432000,manual
P02,Deluxe,2025-07-17,1300000,1494000,manual
P02,Deluxe,2025-07-18,1300000,1439000,manual
P02,Deluxe,2025-07-19,1300000,1389000,manual
P02,Deluxe,2025-07-20,1300000,1455000,manual
P02,Deluxe,2025-07-21,1300000,1431000,manual
P02,Deluxe,2025-07-22,1300000,1352000,manual
P02,Deluxe,2025-07-23,1300000,1477000,manual
P02,Deluxe,2025-07-24,1300000,1322000,manual
P02,Deluxe,2025-07-25,1300000,1480000,manual
P02,Deluxe,2025-07-26,1300000,1476000,manual
P02,Deluxe,2025-07-27,1300000,1489000,manual
P02,Deluxe,2025-07-28,1300000,1446000,manual
P02,Deluxe,2025-07-29,1300000,1423000,manual
P02,Deluxe,2025-07-30,1300000,1433000,manual
P02,Deluxe,2025-07-31,1300000,1430000,manual
P02,Deluxe,2025-08-01,1300000,1343000,manual
P02,Deluxe,2025-08-02,1300000,1288000,manual
P02,Deluxe,2025-08-03,1300000,1346000,manual
P02,Deluxe,2025-08-04,1300000,1293000,manual
P02,Deluxe,2025-08-05,1300000,1363000,manual
P02,Deluxe,2025-08-06,1300000,1371000,manual
P02,Deluxe,2025-08-07,1300000,1328000,manual
P02,Deluxe,2025-08-08,1300000,1384000,manual
P02,Deluxe,2025-08-09,1300000,1328000,manual
P02,Deluxe,2025-08-10,1300000,1276000,manual
P02,Deluxe,2025-08-11,1300000,1354000,manual
P02,Deluxe,2025-08-12,1300000,1365000,manual
P02,Deluxe,2025-08-13,1300000,1336000,manual
P02,Deluxe,2025-08-14,1300000,1298000,manual
P02,Deluxe,2025-08-15,1300000,1323000,manual
P02,Deluxe,2025-08-16,1300000,1415000,manual
P02,Deluxe,2025-08-17,1300000,1346000,manual
P02,Deluxe,2025-08-18,1300000,1349000,manual
P02,Deluxe,2025-08-19,1300000,1390000,manual
P02,Deluxe,2025-08-20,1300000,1312000,manual
P02,Deluxe,2025-08-21,1300000,1371000,manual
P02,Deluxe,2025-08-22,1300000,1359000,manual
P02,Deluxe,2025-08-23,1300000,1386000,manual
P02,Deluxe,2025-08-24,1300000,1355000,manual
P02,Deluxe,2025-08-25,1300000,1359000,manual
P02,Deluxe,2025-08-26,1300000,1286000,manual
P02,Deluxe,2025-08-27,1300000,1361000,manual
P02,Deluxe,2025-08-28,1300000,1363000,manual
P02,Deluxe,2025-08-29,1300000,1386000,manual
P02,Deluxe,2025-08-30,1300000,1313000,manual
P02,Deluxe,2025-08-31,1300000,1352000,manual
P02,Deluxe,2025-09-01,1300000,1218000,promo
P02,Deluxe,2025-09-02,1300000,1225000,promo
P02,Deluxe,2025-09-03,1300000,1179000,promo
P02,Deluxe,2025-09-04,1300000,1233000,promo
P02,Deluxe,2025-09-05,1300000,1227000,promo
P02,Deluxe,2025-09-06,1300000,1274000,promo
P02,Deluxe,2025-09-07,1300000,1224000,promo
P02,Deluxe,2025-09-08,1300000,1216000,promo
P02,Deluxe,2025-09-09,1300000,1193000,promo
P02,Deluxe,2025-09-10,1300000,1181000,promo
P02,Deluxe,2025-09-11,1300000,1224000,promo
P02,Deluxe,2025-09-12,1300000,1253000,promo
P02,Deluxe,2025-09-13,1300000,1249000,promo
P02,Deluxe,2025-09-14,1300000,1201000,promo
P02,Deluxe,2025-09-15,1300000,1230000,promo
P02,Deluxe,2025-09-16,1300000,1158000,promo
P02,Deluxe,2025-09-17,1300000,1161000,promo
P02,Deluxe,2025-09-18,1300000,1226000,promo
P02,Deluxe,2025-09-19,1300000,1208000,promo
P02,Deluxe,2025-09-20,1300000,1180000,promo
P02,Deluxe,2025-09-21,1300000,1266000,promo
P02,Deluxe,2025-09-22,1300000,1188000,promo
P02,Deluxe,2025-09-23,1300000,1216000,promo
P02,Deluxe,2025-09-24,1300000,1218000,promo
P02,Deluxe,2025-09-25,1300000,1194000,promo
P02,Deluxe,2025-09-26,1300000,1171000,promo
P02,Deluxe,2025-09-27,1300000,1208000,promo
P02,Deluxe,2025-09-28,1300000,1113000,promo
P02,Deluxe,2025-09-29,1300000,1278000,promo
P02,Deluxe,2025-09-30,1300000,1236000,promo
P02,Deluxe,2025-10-01,1300000,1294000,promo
P02,Deluxe,2025-10-02,1300000,1145000,promo
P02,Deluxe,2025-10-03,1300000,1246000,promo
P02,Deluxe,2025-10-04,1300000,1231000,promo
P02,Deluxe,2025-10-05,1300000,1225000,promo
P02,Deluxe,2025-10-06,1300000,1184000,promo
P02,Deluxe,2025-10-07,1300000,1264000,promo
P02,Deluxe,2025-10-08,1300000,1215000,promo
P02,Deluxe,2025-10-09,1300000,1256000,promo
P02,Deluxe,2025-10-10,1300000,1243000,promo
P02,Deluxe,2025-10-11,1300000,1236000,promo
P02,Deluxe,2025-10-12,1300000,1267000,promo
P02,Deluxe,2025-10-13,1300000,1233000,promo
P02,Deluxe,2025-10-14,1300000,1170000,promo
P02,Deluxe,2025-10-15,1300000,1210000,promo
P02,Deluxe,2025-10-16,1300000,1215000,promo
P02,Deluxe,2025-10-17,1300000,1224000,promo
P02,Deluxe,2025-10-18,1300000,1306000,promo
P02,Deluxe,2025-10-19,1300000,1223000,promo
P02,Deluxe,2025-10-20,1300000,1261000,promo
P02,Deluxe,2025-10-21,1300000,1233000,promo
P02,Deluxe,2025-10-22,1300000,1224000,promo
P02,Deluxe,2025-10-23,1300000,1189000,promo
P02,Deluxe,2025-10-24,1300000,1266000,promo
P02,Deluxe,2025-10-25,1300000,1209000,promo
P02,Deluxe,2025-10-26,1300000,1223000,promo
P02,Deluxe,2025-10-27,1300000,1241000,promo
P02,Deluxe,2025-10-28,1300000,1189000,promo
P02,Deluxe,2025-10-29,1300000,1267000,promo
P02,Deluxe,2025-10-30,1300000,1205000,promo
P02,Deluxe,2025-10-31,1300000,1307000,promo
P02,Deluxe,2025-11-01,1300000,1310000,manual
P02,Deluxe,2025-11-02,1300000,1181000,manual
P02,Deluxe,2025-11-03,1300000,1229000,manual
P02,Deluxe,2025-11-04,1300000,1293000,manual
P02,Deluxe,2025-11-05,1300000,1301000,manual
P02,Deluxe,2025-11-06,1300000,1252000,manual
P02,Deluxe,2025-11-07,1300000,1299000,manual
P02,Deluxe,2025-11-08,1300000,1327000,manual
P02,Deluxe,2025-11-09,1300000,1277000,manual
P02,Deluxe,2025-11-10,1300000,1303000,manual
P02,Deluxe,2025-11-11,1300000,1291000,manual
P02,Deluxe,2025-11-12,1300000,1291000,manual
P02,Deluxe,2025-11-13,1300000,1257000,manual
P02,Deluxe,2025-11-14,1300000,1311000,manual
P02,Deluxe,2025-11-15,1300000,1198000,manual
P02,Deluxe,2025-11-16,1300000,1292000,manual
P02,Deluxe,2025-11-17,1300000,1299000,manual
P02,Deluxe,2025-11-18,1300000,1294000,manual
P02,Deluxe,2025-11-19,1300000,1359000,manual
P02,Deluxe,2025-11-20,1300000,1264000,manual
P02,Deluxe,2025-11-21,1300000,1243000,manual
P02,Deluxe,2025-11-22,1300000,1348000,manual
P02,Deluxe,2025-11-23,1300000,1298000,manual
P02,Deluxe,2025-11-24,1300000,1262000,manual
P02,Deluxe,2025-11-25,1300000,1356000,manual
P02,Deluxe,2025-11-26,1300000,1308000,manual
P02,Deluxe,2025-11-27,1300000,1318000,manual
P02,Deluxe,2025-11-28,1300000,1214000,manual
P02,Deluxe,2025-11-29,1300000,1277000,manual
P02,Deluxe,2025-11-30,1300000,1273000,manual
P02,Deluxe,2025-12-01,1300000,1407000,manual
P02,Deluxe,2025-12-02,1300000,1490000,manual
P02,Deluxe,2025-12-03,1300000,1441000,manual
P02,Deluxe,2025-12-04,1300000,1454000,manual
P02,Deluxe,2025-12-05,1300000,1514000,manual
P02,Deluxe,2025-12-06,1300000,1467000,manual
P02,Deluxe,2025-12-07,1300000,1477000,manual
P02,Deluxe,2025-12-08,1300000,1492000,manual
P02,Deluxe,2025-12-09,1300000,1379000,manual
P02,Deluxe,2025-12-10,1300000,1439000,manual
P02,Deluxe,2025-12-11,1300000,1446000,manual
P02,Deluxe,2025-12-12,1300000,1480000,manual
P02,Deluxe,2025-12-13,1300000,1422000,manual
P02,Deluxe,2025-12-14,1300000,1431000,manual
P02,Deluxe,2025-12-15,1300000,1439000,manual
P02,Deluxe,2025-12-16,1300000,1523000,manual
P02,Deluxe,2025-12-17,1300000,1399000,manual
P02,Deluxe,2025-12-18,1300000,1456000,manual
P02,Deluxe,2025-12-19,1300000,1421000,manual
P02,Deluxe,2025-12-20,1300000,1490000,manual
P02,Deluxe,2025-12-21,1300000,1420000,manual
P02,Deluxe,2025-12-22,1300000,1397000,manual
P02,Deluxe,2025-12-23,1300000,1468000,manual
P02,Deluxe,2025-12-24,1300000,1437000,manual
P02,Deluxe,2025-12-25,1300000,1484000,manual
P02,Deluxe,2025-12-26,1300000,1498000,manual
P02,Deluxe,2025-12-27,1300000,1486000,manual
P02,Deluxe,2025-12-28,1300000,1409000,manual
P02,Deluxe,2025-12-29,1300000,1431000,manual
P02,Deluxe,2025-12-30,1300000,1402000,manual
P02,Deluxe,2025-12-31,1300000,1422000,manual
P02,Deluxe,2026-01-01,1300000,1404000,manual
P02,Deluxe,2026-01-02,1300000,1426000,manual
P02,Deluxe,2026-01-03,1300000,1489000,manual
P02,Deluxe,2026-01-04,1300000,1461000,manual
P02,Deluxe,2026-01-05,1300000,1407000,manual
P02,Deluxe,2026-01-06,1300000,1422000,manual
P02,Deluxe,2026-01-07,1300000,1349000,manual
P02,Deluxe,2026-01-08,1300000,1444000,manual
P02,Deluxe,2026-01-09,1300000,1451000,manual
P02,Deluxe,2026-01-10,1300000,1438000,manual
P02,Deluxe,2026-01-11,1300000,1397000,manual
P02,Deluxe,2026-01-12,1300000,1498000,manual
P02,Deluxe,2026-01-13,1300000,1425000,manual
P02,Deluxe,2026-01-14,1300000,1427000,manual
P02,Deluxe,2026-01-15,1300000,1392000,manual
P02,Deluxe,2026-01-16,1300000,1385000,manual
P02,Deluxe,2026-01-17,1300000,1403000,manual
P02,Deluxe,2026-01-18,1300000,1394000,manual
P02,Deluxe,2026-01-19,1300000,1386000,manual
P02,Deluxe,2026-01-20,1300000,1386000,manual
P02,Deluxe,2026-01-21,1300000,1471000,manual
P02,Deluxe,2026-01-22,1300000,1443000,manual
P02,Deluxe,2026-01-23,1300000,1386000,manual
P02,Deluxe,2026-01-24,1300000,1512000,manual
P02,Deluxe,2026-01-25,1300000,1398000,manual
P02,Deluxe,2026-01-26,1300000,1530000,manual
P02,Deluxe,2026-01-27,1300000,1441000,manual
P02,Deluxe,2026-01-28,1300000,1417000,manual
P02,Deluxe,2026-01-29,1300000,1401000,manual
P02,Deluxe,2026-01-30,1300000,1449000,manual
P02,Deluxe,2026-01-31,1300000,1368000,manual
P02,Deluxe,2026-02-01,1300000,1218000,promo
P02,Deluxe,2026-02-02,1300000,1211000,promo
P02,Deluxe,2026-02-03,1300000,1237000,promo
P02,Deluxe,2026-02-04,1300000,1214000,promo
P02,Deluxe,2026-02-05,1300000,1213000,promo
P02,Deluxe,2026-02-06,1300000,1196000,promo
P02,Deluxe,2026-02-07,1300000,1219000,promo
P02,Deluxe,2026-02-08,1300000,1209000,promo
P02,Deluxe,2026-02-09,1300000,1255000,promo
P02,Deluxe,2026-02-10,1300000,1237000,promo
P02,Deluxe,2026-02-11,1300000,1275000,promo
P02,Deluxe,2026-02-12,1300000,1214000,promo
P02,Deluxe,2026-02-13,1300000,1204000,promo
P02,Deluxe,2026-02-14,1300000,1150000,promo
P02,Deluxe,2026-02-15,1300000,1276000,promo
P02,Deluxe,2026-02-16,1300000,1258000,promo
P02,Deluxe,2026-02-17,1300000,1182000,promo
P02,Deluxe,2026-02-18,1300000,1219000,promo
P02,Deluxe,2026-02-19,1300000,1198000,promo
P02,Deluxe,2026-02-20,1300000,1213000,promo
P02,Deluxe,2026-02-21,1300000,1242000,promo
P02,Deluxe,2026-02-22,1300000,1182000,promo
P02,Deluxe,2026-02-23,1300000,1226000,promo
P02,Deluxe,2026-02-24,1300000,1194000,promo
P02,Deluxe,2026-02-25,1300000,1258000,promo
P02,Deluxe,2026-02-26,1300000,1251000,promo
P02,Deluxe,2026-02-27,1300000,1212000,promo
P02,Deluxe,2026-02-28,1300000,1208000,promo
P02,Deluxe,2026-03-01,1300000,1186000,promo
P02,Deluxe,2026-03-02,1300000,1238000,promo
P02,Deluxe,2026-03-03,1300000,1320000,promo
P02,Deluxe,2026-03-04,1300000,1239000,promo
P02,Deluxe,2026-03-05,1300000,1248000,promo
P02,Deluxe,2026-03-06,1300000,1177000,promo
P02,Deluxe,2026-03-07,1300000,1223000,promo
P02,Deluxe,2026-03-08,1300000,1215000,promo
P02,Deluxe,2026-03-09,1300000,1181000,promo
P02,Deluxe,2026-03-10,1300000,1257000,promo
P02,Deluxe,2026-03-11,1300000,1242000,promo
P02,Deluxe,2026-03-12,1300000,1263000,promo
P02,Deluxe,2026-03-13,1300000,1221000,promo
P02,Deluxe,2026-03-14,1300000,1176000,promo
P02,Deluxe,2026-03-15,1300000,1235000,promo
P02,Deluxe,2026-03-16,1300000,1259000,promo
P02,Deluxe,2026-03-17,1300000,1327000,promo
P02,Deluxe,2026-03-18,1300000,1308000,promo
P02,Deluxe,2026-03-19,1300000,1224000,promo
P02,Deluxe,2026-03-20,1300000,1205000,promo
P02,Deluxe,2026-03-21,1300000,1180000,promo
P02,Deluxe,2026-03-22,1300000,1220000,promo
P02,Deluxe,2026-03-23,1300000,1288000,promo
P02,Deluxe,2026-03-24,1300000,1255000,promo
P02,Deluxe,2026-03-25,1300000,1216000,promo
P02,Deluxe,2026-03-26,1300000,1289000,promo
P02,Deluxe,2026-03-27,1300000,1140000,promo
P02,Deluxe,2026-03-28,1300000,1246000,promo
P02,Deluxe,2026-03-29,1300000,1278000,promo
P02,Deluxe,2026-03-30,1300000,1216000,promo
P02,Deluxe,2026-03-31,1300000,1232000,promo
P02,Deluxe,2026-04-01,1300000,1252000,manual
P02,Deluxe,2026-04-02,1300000,1317000,manual
P02,Deluxe,2026-04-03,1300000,1236000,manual
P02,Deluxe,2026-04-04,1300000,1271000,manual
P02,Deluxe,2026-04-05,1300000,1310000,manual
P02,Deluxe,2026-04-06,1300000,1280000,manual
P02,Deluxe,2026-04-07,1300000,1335000,manual
P02,Deluxe,2026-04-08,1300000,1274000,manual
P02,Deluxe,2026-04-09,1300000,1293000,manual
P02,Deluxe,2026-04-10,1300000,1326000,manual
P02,Deluxe,2026-04-11,1300000,1275000,manual
P02,Deluxe,2026-04-12,1300000,1288000,manual
P02,Deluxe,2026-04-13,1300000,1352000,manual
P02,Deluxe,2026-04-14,1300000,1274000,manual
P02,Deluxe,2026-04-15,1300000,1284000,manual
P02,Deluxe,2026-04-16,1300000,1342000,manual
P02,Deluxe,2026-04-17,1300000,1303000,manual
P02,Deluxe,2026-04-18,1300000,1306000,manual
P02,Deluxe,2026-04-19,1300000,1379000,manual
P02,Deluxe,2026-04-20,1300000,1308000,manual
P02,Deluxe,2026-04-21,1300000,1225000,manual
P02,Deluxe,2026-04-22,1300000,1349000,manual
P02,Deluxe,2026-04-23,1300000,1287000,manual
P02,Deluxe,2026-04-24,1300000,1371000,manual
P02,Deluxe,2026-04-25,1300000,1361000,manual
P02,Deluxe,2026-04-26,1300000,1247000,manual
P02,Deluxe,2026-04-27,1300000,1319000,manual
P02,Deluxe,2026-04-28,1300000,1345000,manual
P02,Deluxe,2026-04-29,1300000,1295000,manual
P02,Deluxe,2026-04-30,1300000,1307000,manual
P02,Deluxe,2026-05-01,1300000,1275000,manual
P02,Deluxe,2026-05-02,1300000,1259000,manual
P02,Deluxe,2026-05-03,1300000,1323000,manual
P02,Deluxe,2026-05-04,1300000,1292000,manual
P02,Deluxe,2026-05-05,1300000,1297000,manual
P02,Deluxe,2026-05-06,1300000,1361000,manual
P02,Deluxe,2026-05-07,1300000,1257000,manual
P02,Deluxe,2026-05-08,1300000,1260000,manual
P02,Deluxe,2026-05-09,1300000,1286000,manual
P02,Deluxe,2026-05-10,1300000,1292000,manual
P02,Deluxe,2026-05-11,1300000,1345000,manual
P02,Deluxe,2026-05-12,1300000,1350000,manual
P02,Deluxe,2026-05-13,1300000,1265000,manual
P02,Deluxe,2026-05-14,1300000,1270000,manual
P02,Deluxe,2026-05-15,1300000,1366000,manual
P02,Deluxe,2026-05-16,1300000,1292000,manual
P02,Deluxe,2026-05-17,1300000,1331000,manual
P02,Deluxe,2026-05-18,1300000,1281000,manual
P02,Deluxe,2026-05-19,1300000,1253000,manual
P02,Deluxe,2026-05-20,1300000,1266000,manual
P02,Deluxe,2026-05-21,1300000,1318000,manual
P02,Deluxe,2026-05-22,1300000,1347000,manual
P02,Deluxe,2026-05-23,1300000,1321000,manual
P02,Deluxe,2026-05-24,1300000,1293000,manual
P02,Deluxe,2026-05-25,1300000,1319000,manual
P02,Deluxe,2026-05-26,1300000,1332000,manual
P02,Deluxe,2026-05-27,1300000,1326000,manual
P02,Deluxe,2026-05-28,1300000,1315000,manual
P02,Deluxe,2026-05-29,1300000,1321000,manual
P02,Deluxe,2026-05-30,1300000,1354000,manual
P02,Deluxe,2026-05-31,1300000,1214000,manual
P02,Deluxe,2026-06-01,1300000,1399000,manual
P02,Deluxe,2026-06-02,1300000,1383000,manual
P02,Deluxe,2026-06-03,1300000,1339000,manual
P02,Deluxe,2026-06-04,1300000,1391000,manual
P02,Deluxe,2026-06-05,1300000,1343000,manual
P02,Deluxe,2026-06-06,1300000,1433000,manual
P02,Deluxe,2026-06-07,1300000,1421000,manual
P02,Deluxe,2026-06-08,1300000,1427000,manual
P02,Deluxe,2026-06-09,1300000,1424000,manual
P02,Deluxe,2026-06-10,1300000,1375000,manual
P02,Deluxe,2026-06-11,1300000,1458000,manual
P02,Deluxe,2026-06-12,1300000,1337000,manual
P02,Deluxe,2026-06-13,1300000,1387000,manual
P02,Deluxe,2026-06-14,1300000,1478000,manual
P02,Deluxe,2026-06-15,1300000,1368000,manual
P02,Deluxe,2026-06-16,1300000,1370000,manual
P02,Deluxe,2026-06-17,1300000,1423000,manual
P02,Deluxe,2026-06-18,1300000,1430000,manual
P02,Deluxe,2026-06-19,1300000,1382000,manual
P02,Deluxe,2026-06-20,1300000,1333000,manual
P02,Deluxe,2026-06-21,1300000,1373000,manual
P02,Deluxe,2026-06-22,1300000,1364000,manual
P02,Deluxe,2026-06-23,1300000,1383000,manual
P02,Deluxe,2026-06-24,1300000,1329000,manual
P02,Deluxe,2026-06-25,1300000,1403000,manual
P02,Deluxe,2026-06-26,1300000,1484000,manual
P02,Deluxe,2026-06-27,1300000,1364000,manual
P02,Deluxe,2026-06-28,1300000,1405000,manual
P02,Deluxe,2026-06-29,1300000,1459000,manual
P02,Deluxe,2026-06-30,1300000,1443000,manual
P02,Suite,2023-07-01,2600000,2815000,manual
P02,Suite,2023-07-02,2600000,2947000,manual
P02,Suite,2023-07-03,2600000,2896000,manual
P02,Suite,2023-07-04,2600000,3027000,manual
P02,Suite,2023-07-05,2600000,2963000,manual
P02,Suite,2023-07-06,2600000,2721000,manual
P02,Suite,2023-07-07,2600000,2864000,manual
P02,Suite,2023-07-08,2600000,2792000,manual
P02,Suite,2023-07-09,2600000,3000000,manual
P02,Suite,2023-07-10,2600000,2822000,manual
P02,Suite,2023-07-11,2600000,2881000,manual
P02,Suite,2023-07-12,2600000,2761000,manual
P02,Suite,2023-07-13,2600000,2882000,manual
P02,Suite,2023-07-14,2600000,2838000,manual
P02,Suite,2023-07-15,2600000,2919000,manual
P02,Suite,2023-07-16,2600000,2933000,manual
P02,Suite,2023-07-17,2600000,2825000,manual
P02,Suite,2023-07-18,2600000,2993000,manual
P02,Suite,2023-07-19,2600000,3006000,manual
P02,Suite,2023-07-20,2600000,2831000,manual
P02,Suite,2023-07-21,2600000,2910000,manual
P02,Suite,2023-07-22,2600000,2917000,manual
P02,Suite,2023-07-23,2600000,2967000,manual
P02,Suite,2023-07-24,2600000,2805000,manual
P02,Suite,2023-07-25,2600000,2815000,manual
P02,Suite,2023-07-26,2600000,2787000,manual
P02,Suite,2023-07-27,2600000,2908000,manual
P02,Suite,2023-07-28,2600000,2938000,manual
P02,Suite,2023-07-29,2600000,2887000,manual
P02,Suite,2023-07-30,2600000,3045000,manual
P02,Suite,2023-07-31,2600000,2858000,manual
P02,Suite,2023-08-01,2600000,2675000,manual
P02,Suite,2023-08-02,2600000,2638000,manual
P02,Suite,2023-08-03,2600000,2742000,manual
P02,Suite,2023-08-04,2600000,2711000,manual
P02,Suite,2023-08-05,2600000,2753000,manual
P02,Suite,2023-08-06,2600000,2635000,manual
P02,Suite,2023-08-07,2600000,2561000,manual
P02,Suite,2023-08-08,2600000,2739000,manual
P02,Suite,2023-08-09,2600000,2590000,manual
P02,Suite,2023-08-10,2600000,2725000,manual
P02,Suite,2023-08-11,2600000,2751000,manual
P02,Suite,2023-08-12,2600000,2683000,manual
P02,Suite,2023-08-13,2600000,2669000,manual
P02,Suite,2023-08-14,2600000,2545000,manual
P02,Suite,2023-08-15,2600000,2705000,manual
P02,Suite,2023-08-16,2600000,2744000,manual
P02,Suite,2023-08-17,2600000,2580000,manual
P02,Suite,2023-08-18,2600000,2672000,manual
P02,Suite,2023-08-19,2600000,2750000,manual
P02,Suite,2023-08-20,2600000,2604000,manual
P02,Suite,2023-08-21,2600000,2767000,manual
P02,Suite,2023-08-22,2600000,2560000,manual
P02,Suite,2023-08-23,2600000,2723000,manual
P02,Suite,2023-08-24,2600000,2612000,manual
P02,Suite,2023-08-25,2600000,2642000,manual
P02,Suite,2023-08-26,2600000,2540000,manual
P02,Suite,2023-08-27,2600000,2736000,manual
P02,Suite,2023-08-28,2600000,2758000,manual
P02,Suite,2023-08-29,2600000,2704000,manual
P02,Suite,2023-08-30,2600000,2554000,manual
P02,Suite,2023-08-31,2600000,2622000,manual
P02,Suite,2023-09-01,2600000,2472000,promo
P02,Suite,2023-09-02,2600000,2490000,promo
P02,Suite,2023-09-03,2600000,2377000,promo
P02,Suite,2023-09-04,2600000,2363000,promo
P02,Suite,2023-09-05,2600000,2360000,promo
P02,Suite,2023-09-06,2600000,2487000,promo
P02,Suite,2023-09-07,2600000,2392000,promo
P02,Suite,2023-09-08,2600000,2472000,promo
P02,Suite,2023-09-09,2600000,2305000,promo
P02,Suite,2023-09-10,2600000,2401000,promo
P02,Suite,2023-09-11,2600000,2507000,promo
P02,Suite,2023-09-12,2600000,2448000,promo
P02,Suite,2023-09-13,2600000,2580000,promo
P02,Suite,2023-09-14,2600000,2546000,promo
P02,Suite,2023-09-15,2600000,2474000,promo
P02,Suite,2023-09-16,2600000,2365000,promo
P02,Suite,2023-09-17,2600000,2466000,promo
P02,Suite,2023-09-18,2600000,2486000,promo
P02,Suite,2023-09-19,2600000,2578000,promo
P02,Suite,2023-09-20,2600000,2567000,promo
P02,Suite,2023-09-21,2600000,2327000,promo
P02,Suite,2023-09-22,2600000,2413000,promo
P02,Suite,2023-09-23,2600000,2497000,promo
P02,Suite,2023-09-24,2600000,2458000,promo
P02,Suite,2023-09-25,2600000,2440000,promo
P02,Suite,2023-09-26,2600000,2223000,promo
P02,Suite,2023-09-27,2600000,2365000,promo
P02,Suite,2023-09-28,2600000,2305000,promo
P02,Suite,2023-09-29,2600000,2488000,promo
P02,Suite,2023-09-30,2600000,2378000,promo
P02,Suite,2023-10-01,2600000,2562000,promo
P02,Suite,2023-10-02,2600000,2392000,promo
P02,Suite,2023-10-03,2600000,2482000,promo
P02,Suite,2023-10-04,2600000,2434000,promo
P02,Suite,2023-10-05,2600000,2443000,promo
P02,Suite,2023-10-06,2600000,2517000,promo
P02,Suite,2023-10-07,2600000,2472000,promo
P02,Suite,2023-10-08,2600000,2398000,promo
P02,Suite,2023-10-09,2600000,2504000,promo
P02,Suite,2023-10-10,2600000,2425000,promo
P02,Suite,2023-10-11,2600000,2488000,promo
P02,Suite,2023-10-12,2600000,2451000,promo
P02,Suite,2023-10-13,2600000,2597000,promo
P02,Suite,2023-10-14,2600000,2435000,promo
P02,Suite,2023-10-15,2600000,2396000,promo
P02,Suite,2023-10-16,2600000,2358000,promo
P02,Suite,2023-10-17,2600000,2413000,promo
P02,Suite,2023-10-18,2600000,2496000,promo
P02,Suite,2023-10-19,2600000,2533000,promo
P02,Suite,2023-10-20,2600000,2338000,promo
P02,Suite,2023-10-21,2600000,2352000,promo
P02,Suite,2023-10-22,2600000,2415000,promo
P02,Suite,2023-10-23,2600000,2523000,promo
P02,Suite,2023-10-24,2600000,2410000,promo
P02,Suite,2023-10-25,2600000,2445000,promo
P02,Suite,2023-10-26,2600000,2415000,promo
P02,Suite,2023-10-27,2600000,2494000,promo
P02,Suite,2023-10-28,2600000,2532000,promo
P02,Suite,2023-10-29,2600000,2414000,promo
P02,Suite,2023-10-30,2600000,2392000,promo
P02,Suite,2023-10-31,2600000,2323000,promo
P02,Suite,2023-11-01,2600000,2628000,manual
P02,Suite,2023-11-02,2600000,2600000,manual
P02,Suite,2023-11-03,2600000,2460000,manual
P02,Suite,2023-11-04,2600000,2604000,manual
P02,Suite,2023-11-05,2600000,2390000,manual
P02,Suite,2023-11-06,2600000,2627000,manual
P02,Suite,2023-11-07,2600000,2534000,manual
P02,Suite,2023-11-08,2600000,2486000,manual
P02,Suite,2023-11-09,2600000,2664000,manual
P02,Suite,2023-11-10,2600000,2537000,manual
P02,Suite,2023-11-11,2600000,2510000,manual
P02,Suite,2023-11-12,2600000,2578000,manual
P02,Suite,2023-11-13,2600000,2575000,manual
P02,Suite,2023-11-14,2600000,2539000,manual
P02,Suite,2023-11-15,2600000,2599000,manual
P02,Suite,2023-11-16,2600000,2520000,manual
P02,Suite,2023-11-17,2600000,2650000,manual
P02,Suite,2023-11-18,2600000,2552000,manual
P02,Suite,2023-11-19,2600000,2610000,manual
P02,Suite,2023-11-20,2600000,2641000,manual
P02,Suite,2023-11-21,2600000,2607000,manual
P02,Suite,2023-11-22,2600000,2568000,manual
P02,Suite,2023-11-23,2600000,2687000,manual
P02,Suite,2023-11-24,2600000,2539000,manual
P02,Suite,2023-11-25,2600000,2478000,manual
P02,Suite,2023-11-26,2600000,2657000,manual
P02,Suite,2023-11-27,2600000,2643000,manual
P02,Suite,2023-11-28,2600000,2591000,manual
P02,Suite,2023-11-29,2600000,2535000,manual
P02,Suite,2023-11-30,2600000,2619000,manual
P02,Suite,2023-12-01,2600000,2961000,manual
P02,Suite,2023-12-02,2600000,2939000,manual
P02,Suite,2023-12-03,2600000,2881000,manual
P02,Suite,2023-12-04,2600000,3024000,manual
P02,Suite,2023-12-05,2600000,2806000,manual
P02,Suite,2023-12-06,2600000,2928000,manual
P02,Suite,2023-12-07,2600000,2820000,manual
P02,Suite,2023-12-08,2600000,2909000,manual
P02,Suite,2023-12-09,2600000,2850000,manual
P02,Suite,2023-12-10,2600000,2847000,manual
P02,Suite,2023-12-11,2600000,2795000,manual
P02,Suite,2023-12-12,2600000,2975000,manual
P02,Suite,2023-12-13,2600000,2867000,manual
P02,Suite,2023-12-14,2600000,3002000,manual
P02,Suite,2023-12-15,2600000,2809000,manual
P02,Suite,2023-12-16,2600000,2822000,manual
P02,Suite,2023-12-17,2600000,3021000,manual
P02,Suite,2023-12-18,2600000,3037000,manual
P02,Suite,2023-12-19,2600000,2927000,manual
P02,Suite,2023-12-20,2600000,3109000,manual
P02,Suite,2023-12-21,2600000,2872000,manual
P02,Suite,2023-12-22,2600000,2958000,manual
P02,Suite,2023-12-23,2600000,2889000,manual
P02,Suite,2023-12-24,2600000,2844000,manual
P02,Suite,2023-12-25,2600000,3013000,manual
P02,Suite,2023-12-26,2600000,2985000,manual
P02,Suite,2023-12-27,2600000,3167000,manual
P02,Suite,2023-12-28,2600000,2874000,manual
P02,Suite,2023-12-29,2600000,2937000,manual
P02,Suite,2023-12-30,2600000,2881000,manual
P02,Suite,2023-12-31,2600000,2885000,manual
P02,Suite,2024-01-01,2600000,2798000,manual
P02,Suite,2024-01-02,2600000,2987000,manual
P02,Suite,2024-01-03,2600000,2780000,manual
P02,Suite,2024-01-04,2600000,3013000,manual
P02,Suite,2024-01-05,2600000,2726000,manual
P02,Suite,2024-01-06,2600000,2955000,manual
P02,Suite,2024-01-07,2600000,2800000,manual
P02,Suite,2024-01-08,2600000,2648000,manual
P02,Suite,2024-01-09,2600000,2864000,manual
P02,Suite,2024-01-10,2600000,2854000,manual
P02,Suite,2024-01-11,2600000,2702000,manual
P02,Suite,2024-01-12,2600000,2813000,manual
P02,Suite,2024-01-13,2600000,2997000,manual
P02,Suite,2024-01-14,2600000,2867000,manual
P02,Suite,2024-01-15,2600000,2970000,manual
P02,Suite,2024-01-16,2600000,2974000,manual
P02,Suite,2024-01-17,2600000,2715000,manual
P02,Suite,2024-01-18,2600000,2853000,manual
P02,Suite,2024-01-19,2600000,2780000,manual
P02,Suite,2024-01-20,2600000,2898000,manual
P02,Suite,2024-01-21,2600000,2876000,manual
P02,Suite,2024-01-22,2600000,2705000,manual
P02,Suite,2024-01-23,2600000,2782000,manual
P02,Suite,2024-01-24,2600000,2933000,manual
P02,Suite,2024-01-25,2600000,2705000,manual
P02,Suite,2024-01-26,2600000,2864000,manual
P02,Suite,2024-01-27,2600000,2930000,manual
P02,Suite,2024-01-28,2600000,2843000,manual
P02,Suite,2024-01-29,2600000,2781000,manual
P02,Suite,2024-01-30,2600000,2761000,manual
P02,Suite,2024-01-31,2600000,2963000,manual
P02,Suite,2024-02-01,2600000,2391000,promo
P02,Suite,2024-02-02,2600000,2474000,promo
P02,Suite,2024-02-03,2600000,2453000,promo
P02,Suite,2024-02-04,2600000,2543000,promo
P02,Suite,2024-02-05,2600000,2315000,promo
P02,Suite,2024-02-06,2600000,2560000,promo
P02,Suite,2024-02-07,2600000,2585000,promo
P02,Suite,2024-02-08,2600000,2419000,promo
P02,Suite,2024-02-09,2600000,2492000,promo
P02,Suite,2024-02-10,2600000,2468000,promo
P02,Suite,2024-02-11,2600000,2477000,promo
P02,Suite,2024-02-12,2600000,2502000,promo
P02,Suite,2024-02-13,2600000,2331000,promo
P02,Suite,2024-02-14,2600000,2486000,promo
P02,Suite,2024-02-15,2600000,2480000,promo
P02,Suite,2024-02-16,2600000,2336000,promo
P02,Suite,2024-02-17,2600000,2436000,promo
P02,Suite,2024-02-18,2600000,2574000,promo
P02,Suite,2024-02-19,2600000,2439000,promo
P02,Suite,2024-02-20,2600000,2537000,promo
P02,Suite,2024-02-21,2600000,2399000,promo
P02,Suite,2024-02-22,2600000,2532000,promo
P02,Suite,2024-02-23,2600000,2468000,promo
P02,Suite,2024-02-24,2600000,2508000,promo
P02,Suite,2024-02-25,2600000,2481000,promo
P02,Suite,2024-02-26,2600000,2550000,promo
P02,Suite,2024-02-27,2600000,2418000,promo
P02,Suite,2024-02-28,2600000,2414000,promo
P02,Suite,2024-02-29,2600000,2627000,promo
P02,Suite,2024-03-01,2600000,2522000,promo
P02,Suite,2024-03-02,2600000,2454000,promo
P02,Suite,2024-03-03,2600000,2570000,promo
P02,Suite,2024-03-04,2600000,2439000,promo
P02,Suite,2024-03-05,2600000,2468000,promo
P02,Suite,2024-03-06,2600000,2502000,promo
P02,Suite,2024-03-07,2600000,2422000,promo
P02,Suite,2024-03-08,2600000,2555000,promo
P02,Suite,2024-03-09,2600000,2611000,promo
P02,Suite,2024-03-10,2600000,2384000,promo
P02,Suite,2024-03-11,2600000,2370000,promo
P02,Suite,2024-03-12,2600000,2424000,promo
P02,Suite,2024-03-13,2600000,2459000,promo
P02,Suite,2024-03-14,2600000,2592000,promo
P02,Suite,2024-03-15,2600000,2456000,promo
P02,Suite,2024-03-16,2600000,2479000,promo
P02,Suite,2024-03-17,2600000,2403000,promo
P02,Suite,2024-03-18,2600000,2458000,promo
P02,Suite,2024-03-19,2600000,2465000,promo
P02,Suite,2024-03-20,2600000,2423000,promo
P02,Suite,2024-03-21,2600000,2543000,promo
P02,Suite,2024-03-22,2600000,2411000,promo
P02,Suite,2024-03-23,2600000,2563000,promo
P02,Suite,2024-03-24,2600000,2599000,promo
P02,Suite,2024-03-25,2600000,2653000,promo
P02,Suite,2024-03-26,2600000,2500000,promo
P02,Suite,2024-03-27,2600000,2550000,promo
P02,Suite,2024-03-28,2600000,2414000,promo
P02,Suite,2024-03-29,2600000,2515000,promo
P02,Suite,2024-03-30,2600000,2478000,promo
P02,Suite,2024-03-31,2600000,2462000,promo
P02,Suite,2024-04-01,2600000,2546000,manual
P02,Suite,2024-04-02,2600000,2549000,manual
P02,Suite,2024-04-03,2600000,2502000,manual
P02,Suite,2024-04-04,2600000,2563000,manual
P02,Suite,2024-04-05,2600000,2575000,manual
P02,Suite,2024-04-06,2600000,2539000,manual
P02,Suite,2024-04-07,2600000,2539000,manual
P02,Suite,2024-04-08,2600000,2632000,manual
P02,Suite,2024-04-09,2600000,2598000,manual
P02,Suite,2024-04-10,2600000,2622000,manual
P02,Suite,2024-04-11,2600000,2568000,manual
P02,Suite,2024-04-12,2600000,2641000,manual
P02,Suite,2024-04-13,2600000,2495000,manual
P02,Suite,2024-04-14,2600000,2481000,manual
P02,Suite,2024-04-15,2600000,2702000,manual
P02,Suite,2024-04-16,2600000,2569000,manual
P02,Suite,2024-04-17,2600000,2444000,manual
P02,Suite,2024-04-18,2600000,2771000,manual
P02,Suite,2024-04-19,2600000,2563000,manual
P02,Suite,2024-04-20,2600000,2602000,manual
P02,Suite,2024-04-21,2600000,2444000,manual
P02,Suite,2024-04-22,2600000,2697000,manual
P02,Suite,2024-04-23,2600000,2707000,manual
P02,Suite,2024-04-24,2600000,2544000,manual
P02,Suite,2024-04-25,2600000,2557000,manual
P02,Suite,2024-04-26,2600000,2581000,manual
P02,Suite,2024-04-27,2600000,2607000,manual
P02,Suite,2024-04-28,2600000,2560000,manual
P02,Suite,2024-04-29,2600000,2696000,manual
P02,Suite,2024-04-30,2600000,2633000,manual
P02,Suite,2024-05-01,2600000,2616000,manual
P02,Suite,2024-05-02,2600000,2605000,manual
P02,Suite,2024-05-03,2600000,2675000,manual
P02,Suite,2024-05-04,2600000,2630000,manual
P02,Suite,2024-05-05,2600000,2642000,manual
P02,Suite,2024-05-06,2600000,2735000,manual
P02,Suite,2024-05-07,2600000,2586000,manual
P02,Suite,2024-05-08,2600000,2523000,manual
P02,Suite,2024-05-09,2600000,2588000,manual
P02,Suite,2024-05-10,2600000,2676000,manual
P02,Suite,2024-05-11,2600000,2728000,manual
P02,Suite,2024-05-12,2600000,2557000,manual
P02,Suite,2024-05-13,2600000,2587000,manual
P02,Suite,2024-05-14,2600000,2485000,manual
P02,Suite,2024-05-15,2600000,2636000,manual
P02,Suite,2024-05-16,2600000,2623000,manual
P02,Suite,2024-05-17,2600000,2641000,manual
P02,Suite,2024-05-18,2600000,2708000,manual
P02,Suite,2024-05-19,2600000,2654000,manual
P02,Suite,2024-05-20,2600000,2609000,manual
P02,Suite,2024-05-21,2600000,2633000,manual
P02,Suite,2024-05-22,2600000,2658000,manual
P02,Suite,2024-05-23,2600000,2694000,manual
P02,Suite,2024-05-24,2600000,2687000,manual
P02,Suite,2024-05-25,2600000,2533000,manual
P02,Suite,2024-05-26,2600000,2563000,manual
P02,Suite,2024-05-27,2600000,2693000,manual
P02,Suite,2024-05-28,2600000,2748000,manual
P02,Suite,2024-05-29,2600000,2632000,manual
P02,Suite,2024-05-30,2600000,2728000,manual
P02,Suite,2024-05-31,2600000,2660000,manual
P02,Suite,2024-06-01,2600000,2758000,manual
P02,Suite,2024-06-02,2600000,2769000,manual
P02,Suite,2024-06-03,2600000,2805000,manual
P02,Suite,2024-06-04,2600000,2750000,manual
P02,Suite,2024-06-05,2600000,2892000,manual
P02,Suite,2024-06-06,2600000,2766000,manual
P02,Suite,2024-06-07,2600000,2790000,manual
P02,Suite,2024-06-08,2600000,2827000,manual
P02,Suite,2024-06-09,2600000,2695000,manual
P02,Suite,2024-06-10,2600000,2749000,manual
P02,Suite,2024-06-11,2600000,2858000,manual
P02,Suite,2024-06-12,2600000,2828000,manual
P02,Suite,2024-06-13,2600000,2798000,manual
P02,Suite,2024-06-14,2600000,2738000,manual
P02,Suite,2024-06-15,2600000,2793000,manual
P02,Suite,2024-06-16,2600000,2840000,manual
P02,Suite,2024-06-17,2600000,2917000,manual
P02,Suite,2024-06-18,2600000,2735000,manual
P02,Suite,2024-06-19,2600000,2643000,manual
P02,Suite,2024-06-20,2600000,2634000,manual
P02,Suite,2024-06-21,2600000,2762000,manual
P02,Suite,2024-06-22,2600000,2828000,manual
P02,Suite,2024-06-23,2600000,2776000,manual
P02,Suite,2024-06-24,2600000,2787000,manual
P02,Suite,2024-06-25,2600000,2855000,manual
P02,Suite,2024-06-26,2600000,2580000,manual
P02,Suite,2024-06-27,2600000,2683000,manual
P02,Suite,2024-06-28,2600000,2759000,manual
P02,Suite,2024-06-29,2600000,2755000,manual
P02,Suite,2024-06-30,2600000,2767000,manual
P02,Suite,2024-07-01,2600000,2931000,manual
P02,Suite,2024-07-02,2600000,2919000,manual
P02,Suite,2024-07-03,2600000,2854000,manual
P02,Suite,2024-07-04,2600000,2988000,manual
P02,Suite,2024-07-05,2600000,2839000,manual
P02,Suite,2024-07-06,2600000,2940000,manual
P02,Suite,2024-07-07,2600000,2776000,manual
P02,Suite,2024-07-08,2600000,2841000,manual
P02,Suite,2024-07-09,2600000,2969000,manual
P02,Suite,2024-07-10,2600000,2903000,manual
P02,Suite,2024-07-11,2600000,2854000,manual
P02,Suite,2024-07-12,2600000,2644000,manual
P02,Suite,2024-07-13,2600000,2835000,manual
P02,Suite,2024-07-14,2600000,2678000,manual
P02,Suite,2024-07-15,2600000,2995000,manual
P02,Suite,2024-07-16,2600000,2895000,manual
P02,Suite,2024-07-17,2600000,2934000,manual
P02,Suite,2024-07-18,2600000,2916000,manual
P02,Suite,2024-07-19,2600000,2937000,manual
P02,Suite,2024-07-20,2600000,3030000,manual
P02,Suite,2024-07-21,2600000,2767000,manual
P02,Suite,2024-07-22,2600000,2864000,manual
P02,Suite,2024-07-23,2600000,3008000,manual
P02,Suite,2024-07-24,2600000,2800000,manual
P02,Suite,2024-07-25,2600000,2717000,manual
P02,Suite,2024-07-26,2600000,2852000,manual
P02,Suite,2024-07-27,2600000,2988000,manual
P02,Suite,2024-07-28,2600000,2846000,manual
P02,Suite,2024-07-29,2600000,2903000,manual
P02,Suite,2024-07-30,2600000,2927000,manual
P02,Suite,2024-07-31,2600000,2930000,manual
P02,Suite,2024-08-01,2600000,2635000,manual
P02,Suite,2024-08-02,2600000,2587000,manual
P02,Suite,2024-08-03,2600000,2771000,manual
P02,Suite,2024-08-04,2600000,2624000,manual
P02,Suite,2024-08-05,2600000,2679000,manual
P02,Suite,2024-08-06,2600000,2612000,manual
P02,Suite,2024-08-07,2600000,2719000,manual
P02,Suite,2024-08-08,2600000,2755000,manual
P02,Suite,2024-08-09,2600000,2684000,manual
P02,Suite,2024-08-10,2600000,2689000,manual
P02,Suite,2024-08-11,2600000,2619000,manual
P02,Suite,2024-08-12,2600000,2672000,manual
P02,Suite,2024-08-13,2600000,2465000,manual
P02,Suite,2024-08-14,2600000,2648000,manual
P02,Suite,2024-08-15,2600000,2746000,manual
P02,Suite,2024-08-16,2600000,2713000,manual
P02,Suite,2024-08-17,2600000,2721000,manual
P02,Suite,2024-08-18,2600000,2624000,manual
P02,Suite,2024-08-19,2600000,2510000,manual
P02,Suite,2024-08-20,2600000,2685000,manual
P02,Suite,2024-08-21,2600000,2660000,manual
P02,Suite,2024-08-22,2600000,2792000,manual
P02,Suite,2024-08-23,2600000,2829000,manual
P02,Suite,2024-08-24,2600000,2731000,manual
P02,Suite,2024-08-25,2600000,2441000,manual
P02,Suite,2024-08-26,2600000,2595000,manual
P02,Suite,2024-08-27,2600000,2718000,manual
P02,Suite,2024-08-28,2600000,2587000,manual
P02,Suite,2024-08-29,2600000,2736000,manual
P02,Suite,2024-08-30,2600000,2626000,manual
P02,Suite,2024-08-31,2600000,2733000,manual
P02,Suite,2024-09-01,2600000,2486000,promo
P02,Suite,2024-09-02,2600000,2363000,promo
P02,Suite,2024-09-03,2600000,2466000,promo
P02,Suite,2024-09-04,2600000,2446000,promo
P02,Suite,2024-09-05,2600000,2489000,promo
P02,Suite,2024-09-06,2600000,2452000,promo
P02,Suite,2024-09-07,2600000,2522000,promo
P02,Suite,2024-09-08,2600000,2449000,promo
P02,Suite,2024-09-09,2600000,2464000,promo
P02,Suite,2024-09-10,2600000,2348000,promo
P02,Suite,2024-09-11,2600000,2488000,promo
P02,Suite,2024-09-12,2600000,2424000,promo
P02,Suite,2024-09-13,2600000,2374000,promo
P02,Suite,2024-09-14,2600000,2517000,promo
P02,Suite,2024-09-15,2600000,2452000,promo
P02,Suite,2024-09-16,2600000,2492000,promo
P02,Suite,2024-09-17,2600000,2370000,promo
P02,Suite,2024-09-18,2600000,2384000,promo
P02,Suite,2024-09-19,2600000,2432000,promo
P02,Suite,2024-09-20,2600000,2432000,promo
P02,Suite,2024-09-21,2600000,2573000,promo
P02,Suite,2024-09-22,2600000,2486000,promo
P02,Suite,2024-09-23,2600000,2340000,promo
P02,Suite,2024-09-24,2600000,2486000,promo
P02,Suite,2024-09-25,2600000,2300000,promo
P02,Suite,2024-09-26,2600000,2511000,promo
P02,Suite,2024-09-27,2600000,2423000,promo
P02,Suite,2024-09-28,2600000,2518000,promo
P02,Suite,2024-09-29,2600000,2382000,promo
P02,Suite,2024-09-30,2600000,2514000,promo
P02,Suite,2024-10-01,2600000,2396000,promo
P02,Suite,2024-10-02,2600000,2420000,promo
P02,Suite,2024-10-03,2600000,2361000,promo
P02,Suite,2024-10-04,2600000,2377000,promo
P02,Suite,2024-10-05,2600000,2394000,promo
P02,Suite,2024-10-06,2600000,2483000,promo
P02,Suite,2024-10-07,2600000,2439000,promo
P02,Suite,2024-10-08,2600000,2431000,promo
P02,Suite,2024-10-09,2600000,2484000,promo
P02,Suite,2024-10-10,2600000,2422000,promo
P02,Suite,2024-10-11,2600000,2380000,promo
P02,Suite,2024-10-12,2600000,2409000,promo
P02,Suite,2024-10-13,2600000,2530000,promo
P02,Suite,2024-10-14,2600000,2385000,promo
P02,Suite,2024-10-15,2600000,2496000,promo
P02,Suite,2024-10-16,2600000,2416000,promo
P02,Suite,2024-10-17,2600000,2450000,promo
P02,Suite,2024-10-18,2600000,2527000,promo
P02,Suite,2024-10-19,2600000,2481000,promo
P02,Suite,2024-10-20,2600000,2500000,promo
P02,Suite,2024-10-21,2600000,2387000,promo
P02,Suite,2024-10-22,2600000,2578000,promo
P02,Suite,2024-10-23,2600000,2416000,promo
P02,Suite,2024-10-24,2600000,2438000,promo
P02,Suite,2024-10-25,2600000,2462000,promo
P02,Suite,2024-10-26,2600000,2390000,promo
P02,Suite,2024-10-27,2600000,2378000,promo
P02,Suite,2024-10-28,2600000,2404000,promo
P02,Suite,2024-10-29,2600000,2441000,promo
P02,Suite,2024-10-30,2600000,2514000,promo
P02,Suite,2024-10-31,2600000,2385000,promo
P02,Suite,2024-11-01,2600000,2422000,manual
P02,Suite,2024-11-02,2600000,2500000,manual
P02,Suite,2024-11-03,2600000,2529000,manual
P02,Suite,2024-11-04,2600000,2682000,manual
P02,Suite,2024-11-05,2600000,2603000,manual
P02,Suite,2024-11-06,2600000,2460000,manual
P02,Suite,2024-11-07,2600000,2574000,manual
P02,Suite,2024-11-08,2600000,2574000,manual
P02,Suite,2024-11-09,2600000,2526000,manual
P02,Suite,2024-11-10,2600000,2529000,manual
P02,Suite,2024-11-11,2600000,2502000,manual
P02,Suite,2024-11-12,2600000,2536000,manual
P02,Suite,2024-11-13,2600000,2533000,manual
P02,Suite,2024-11-14,2600000,2557000,manual
P02,Suite,2024-11-15,2600000,2589000,manual
P02,Suite,2024-11-16,2600000,2651000,manual
P02,Suite,2024-11-17,2600000,2606000,manual
P02,Suite,2024-11-18,2600000,2564000,manual
P02,Suite,2024-11-19,2600000,2511000,manual
P02,Suite,2024-11-20,2600000,2645000,manual
P02,Suite,2024-11-21,2600000,2632000,manual
P02,Suite,2024-11-22,2600000,2645000,manual
P02,Suite,2024-11-23,2600000,2534000,manual
P02,Suite,2024-11-24,2600000,2497000,manual
P02,Suite,2024-11-25,2600000,2596000,manual
P02,Suite,2024-11-26,2600000,2651000,manual
P02,Suite,2024-11-27,2600000,2604000,manual
P02,Suite,2024-11-28,2600000,2517000,manual
P02,Suite,2024-11-29,2600000,2448000,manual
P02,Suite,2024-11-30,2600000,2587000,manual
P02,Suite,2024-12-01,2600000,2888000,manual
P02,Suite,2024-12-02,2600000,2884000,manual
P02,Suite,2024-12-03,2600000,2879000,manual
P02,Suite,2024-12-04,2600000,2591000,manual
P02,Suite,2024-12-05,2600000,2962000,manual
P02,Suite,2024-12-06,2600000,2979000,manual
P02,Suite,2024-12-07,2600000,2934000,manual
P02,Suite,2024-12-08,2600000,3077000,manual
P02,Suite,2024-12-09,2600000,2896000,manual
P02,Suite,2024-12-10,2600000,2963000,manual
P02,Suite,2024-12-11,2600000,3010000,manual
P02,Suite,2024-12-12,2600000,3043000,manual
P02,Suite,2024-12-13,2600000,2991000,manual
P02,Suite,2024-12-14,2600000,2974000,manual
P02,Suite,2024-12-15,2600000,2897000,manual
P02,Suite,2024-12-16,2600000,2908000,manual
P02,Suite,2024-12-17,2600000,2985000,manual
P02,Suite,2024-12-18,2600000,2905000,manual
P02,Suite,2024-12-19,2600000,2936000,manual
P02,Suite,2024-12-20,2600000,2977000,manual
P02,Suite,2024-12-21,2600000,2978000,manual
P02,Suite,2024-12-22,2600000,2792000,manual
P02,Suite,2024-12-23,2600000,2897000,manual
P02,Suite,2024-12-24,2600000,2955000,manual
P02,Suite,2024-12-25,2600000,3041000,manual
P02,Suite,2024-12-26,2600000,2996000,manual
P02,Suite,2024-12-27,2600000,2878000,manual
P02,Suite,2024-12-28,2600000,3039000,manual
P02,Suite,2024-12-29,2600000,2961000,manual
P02,Suite,2024-12-30,2600000,2926000,manual
P02,Suite,2024-12-31,2600000,2916000,manual
P02,Suite,2025-01-01,2600000,2812000,manual
P02,Suite,2025-01-02,2600000,2904000,manual
P02,Suite,2025-01-03,2600000,2843000,manual
P02,Suite,2025-01-04,2600000,3055000,manual
P02,Suite,2025-01-05,2600000,2789000,manual
P02,Suite,2025-01-06,2600000,2962000,manual
P02,Suite,2025-01-07,2600000,2861000,manual
P02,Suite,2025-01-08,2600000,2790000,manual
P02,Suite,2025-01-09,2600000,2713000,manual
P02,Suite,2025-01-10,2600000,2908000,manual
P02,Suite,2025-01-11,2600000,2737000,manual
P02,Suite,2025-01-12,2600000,2845000,manual
P02,Suite,2025-01-13,2600000,2863000,manual
P02,Suite,2025-01-14,2600000,2860000,manual
P02,Suite,2025-01-15,2600000,2978000,manual
P02,Suite,2025-01-16,2600000,2806000,manual
P02,Suite,2025-01-17,2600000,2724000,manual
P02,Suite,2025-01-18,2600000,2988000,manual
P02,Suite,2025-01-19,2600000,2853000,manual
P02,Suite,2025-01-20,2600000,2820000,manual
P02,Suite,2025-01-21,2600000,2952000,manual
P02,Suite,2025-01-22,2600000,2769000,manual
P02,Suite,2025-01-23,2600000,2802000,manual
P02,Suite,2025-01-24,2600000,2725000,manual
P02,Suite,2025-01-25,2600000,2810000,manual
P02,Suite,2025-01-26,2600000,2750000,manual
P02,Suite,2025-01-27,2600000,3027000,manual
P02,Suite,2025-01-28,2600000,2879000,manual
P02,Suite,2025-01-29,2600000,2793000,manual
P02,Suite,2025-01-30,2600000,2694000,manual
P02,Suite,2025-01-31,2600000,2898000,manual
P02,Suite,2025-02-01,2600000,1772000,dynamic-pricing-AI
P02,Suite,2025-02-02,2600000,1857000,dynamic-pricing-AI
P02,Suite,2025-02-03,2600000,1836000,dynamic-pricing-AI
P02,Suite,2025-02-04,2600000,1793000,dynamic-pricing-AI
P02,Suite,2025-02-05,2600000,1873000,dynamic-pricing-AI
P02,Suite,2025-02-06,2600000,1853000,dynamic-pricing-AI
P02,Suite,2025-02-07,2600000,1871000,dynamic-pricing-AI
P02,Suite,2025-02-08,2600000,1800000,dynamic-pricing-AI
P02,Suite,2025-02-09,2600000,1864000,dynamic-pricing-AI
P02,Suite,2025-02-10,2600000,1803000,dynamic-pricing-AI
P02,Suite,2025-02-11,2600000,1898000,dynamic-pricing-AI
P02,Suite,2025-02-12,2600000,1877000,dynamic-pricing-AI
P02,Suite,2025-02-13,2600000,1808000,dynamic-pricing-AI
P02,Suite,2025-02-14,2600000,1801000,dynamic-pricing-AI
P02,Suite,2025-02-15,2600000,2457000,promo
P02,Suite,2025-02-16,2600000,2361000,promo
P02,Suite,2025-02-17,2600000,2548000,promo
P02,Suite,2025-02-18,2600000,2482000,promo
P02,Suite,2025-02-19,2600000,2322000,promo
P02,Suite,2025-02-20,2600000,2385000,promo
P02,Suite,2025-02-21,2600000,2481000,promo
P02,Suite,2025-02-22,2600000,2400000,promo
P02,Suite,2025-02-23,2600000,2371000,promo
P02,Suite,2025-02-24,2600000,2533000,promo
P02,Suite,2025-02-25,2600000,2439000,promo
P02,Suite,2025-02-26,2600000,2362000,promo
P02,Suite,2025-02-27,2600000,2379000,promo
P02,Suite,2025-02-28,2600000,2440000,promo
P02,Suite,2025-03-01,2600000,2451000,promo
P02,Suite,2025-03-02,2600000,2514000,promo
P02,Suite,2025-03-03,2600000,2502000,promo
P02,Suite,2025-03-04,2600000,2459000,promo
P02,Suite,2025-03-05,2600000,2557000,promo
P02,Suite,2025-03-06,2600000,2447000,promo
P02,Suite,2025-03-07,2600000,2293000,promo
P02,Suite,2025-03-08,2600000,2446000,promo
P02,Suite,2025-03-09,2600000,2368000,promo
P02,Suite,2025-03-10,2600000,2470000,promo
P02,Suite,2025-03-11,2600000,2292000,promo
P02,Suite,2025-03-12,2600000,2413000,promo
P02,Suite,2025-03-13,2600000,2490000,promo
P02,Suite,2025-03-14,2600000,2584000,promo
P02,Suite,2025-03-15,2600000,2447000,promo
P02,Suite,2025-03-16,2600000,2483000,promo
P02,Suite,2025-03-17,2600000,2491000,promo
P02,Suite,2025-03-18,2600000,2437000,promo
P02,Suite,2025-03-19,2600000,2502000,promo
P02,Suite,2025-03-20,2600000,2434000,promo
P02,Suite,2025-03-21,2600000,2487000,promo
P02,Suite,2025-03-22,2600000,2394000,promo
P02,Suite,2025-03-23,2600000,2568000,promo
P02,Suite,2025-03-24,2600000,2445000,promo
P02,Suite,2025-03-25,2600000,2466000,promo
P02,Suite,2025-03-26,2600000,2547000,promo
P02,Suite,2025-03-27,2600000,2521000,promo
P02,Suite,2025-03-28,2600000,2560000,promo
P02,Suite,2025-03-29,2600000,2514000,promo
P02,Suite,2025-03-30,2600000,2586000,promo
P02,Suite,2025-03-31,2600000,2588000,promo
P02,Suite,2025-04-01,2600000,2497000,manual
P02,Suite,2025-04-02,2600000,2586000,manual
P02,Suite,2025-04-03,2600000,2641000,manual
P02,Suite,2025-04-04,2600000,2750000,manual
P02,Suite,2025-04-05,2600000,2566000,manual
P02,Suite,2025-04-06,2600000,2562000,manual
P02,Suite,2025-04-07,2600000,2691000,manual
P02,Suite,2025-04-08,2600000,2507000,manual
P02,Suite,2025-04-09,2600000,2570000,manual
P02,Suite,2025-04-10,2600000,2777000,manual
P02,Suite,2025-04-11,2600000,2605000,manual
P02,Suite,2025-04-12,2600000,2503000,manual
P02,Suite,2025-04-13,2600000,2657000,manual
P02,Suite,2025-04-14,2600000,2635000,manual
P02,Suite,2025-04-15,2600000,2527000,manual
P02,Suite,2025-04-16,2600000,2371000,manual
P02,Suite,2025-04-17,2600000,2653000,manual
P02,Suite,2025-04-18,2600000,2605000,manual
P02,Suite,2025-04-19,2600000,2720000,manual
P02,Suite,2025-04-20,2600000,2643000,manual
P02,Suite,2025-04-21,2600000,2605000,manual
P02,Suite,2025-04-22,2600000,2672000,manual
P02,Suite,2025-04-23,2600000,2720000,manual
P02,Suite,2025-04-24,2600000,2596000,manual
P02,Suite,2025-04-25,2600000,2590000,manual
P02,Suite,2025-04-26,2600000,2669000,manual
P02,Suite,2025-04-27,2600000,2605000,manual
P02,Suite,2025-04-28,2600000,2542000,manual
P02,Suite,2025-04-29,2600000,2614000,manual
P02,Suite,2025-04-30,2600000,2731000,manual
P02,Suite,2025-05-01,2600000,2677000,manual
P02,Suite,2025-05-02,2600000,2568000,manual
P02,Suite,2025-05-03,2600000,2677000,manual
P02,Suite,2025-05-04,2600000,2629000,manual
P02,Suite,2025-05-05,2600000,2649000,manual
P02,Suite,2025-05-06,2600000,2680000,manual
P02,Suite,2025-05-07,2600000,2603000,manual
P02,Suite,2025-05-08,2600000,2682000,manual
P02,Suite,2025-05-09,2600000,2471000,manual
P02,Suite,2025-05-10,2600000,2527000,manual
P02,Suite,2025-05-11,2600000,2708000,manual
P02,Suite,2025-05-12,2600000,2640000,manual
P02,Suite,2025-05-13,2600000,2546000,manual
P02,Suite,2025-05-14,2600000,2633000,manual
P02,Suite,2025-05-15,2600000,2574000,manual
P02,Suite,2025-05-16,2600000,2744000,manual
P02,Suite,2025-05-17,2600000,2756000,manual
P02,Suite,2025-05-18,2600000,2809000,manual
P02,Suite,2025-05-19,2600000,2554000,manual
P02,Suite,2025-05-20,2600000,2770000,manual
P02,Suite,2025-05-21,2600000,2552000,manual
P02,Suite,2025-05-22,2600000,2656000,manual
P02,Suite,2025-05-23,2600000,2743000,manual
P02,Suite,2025-05-24,2600000,2689000,manual
P02,Suite,2025-05-25,2600000,2820000,manual
P02,Suite,2025-05-26,2600000,2709000,manual
P02,Suite,2025-05-27,2600000,2744000,manual
P02,Suite,2025-05-28,2600000,2637000,manual
P02,Suite,2025-05-29,2600000,2561000,manual
P02,Suite,2025-05-30,2600000,2581000,manual
P02,Suite,2025-05-31,2600000,2590000,manual
P02,Suite,2025-06-01,2600000,2847000,manual
P02,Suite,2025-06-02,2600000,2668000,manual
P02,Suite,2025-06-03,2600000,2696000,manual
P02,Suite,2025-06-04,2600000,2889000,manual
P02,Suite,2025-06-05,2600000,2770000,manual
P02,Suite,2025-06-06,2600000,2706000,manual
P02,Suite,2025-06-07,2600000,2884000,manual
P02,Suite,2025-06-08,2600000,2925000,manual
P02,Suite,2025-06-09,2600000,2755000,manual
P02,Suite,2025-06-10,2600000,2673000,manual
P02,Suite,2025-06-11,2600000,2790000,manual
P02,Suite,2025-06-12,2600000,2742000,manual
P02,Suite,2025-06-13,2600000,2769000,manual
P02,Suite,2025-06-14,2600000,2714000,manual
P02,Suite,2025-06-15,2600000,2729000,manual
P02,Suite,2025-06-16,2600000,2714000,manual
P02,Suite,2025-06-17,2600000,2788000,manual
P02,Suite,2025-06-18,2600000,2627000,manual
P02,Suite,2025-06-19,2600000,2742000,manual
P02,Suite,2025-06-20,2600000,2827000,manual
P02,Suite,2025-06-21,2600000,2861000,manual
P02,Suite,2025-06-22,2600000,2825000,manual
P02,Suite,2025-06-23,2600000,2748000,manual
P02,Suite,2025-06-24,2600000,2707000,manual
P02,Suite,2025-06-25,2600000,2818000,manual
P02,Suite,2025-06-26,2600000,2605000,manual
P02,Suite,2025-06-27,2600000,2872000,manual
P02,Suite,2025-06-28,2600000,2804000,manual
P02,Suite,2025-06-29,2600000,2803000,manual
P02,Suite,2025-06-30,2600000,2783000,manual
P02,Suite,2025-07-01,2600000,2889000,manual
P02,Suite,2025-07-02,2600000,2697000,manual
P02,Suite,2025-07-03,2600000,2794000,manual
P02,Suite,2025-07-04,2600000,2929000,manual
P02,Suite,2025-07-05,2600000,2879000,manual
P02,Suite,2025-07-06,2600000,3004000,manual
P02,Suite,2025-07-07,2600000,2758000,manual
P02,Suite,2025-07-08,2600000,2950000,manual
P02,Suite,2025-07-09,2600000,2804000,manual
P02,Suite,2025-07-10,2600000,2878000,manual
P02,Suite,2025-07-11,2600000,2789000,manual
P02,Suite,2025-07-12,2600000,2891000,manual
P02,Suite,2025-07-13,2600000,2976000,manual
P02,Suite,2025-07-14,2600000,2993000,manual
P02,Suite,2025-07-15,2600000,3083000,manual
P02,Suite,2025-07-16,2600000,2915000,manual
P02,Suite,2025-07-17,2600000,2872000,manual
P02,Suite,2025-07-18,2600000,3037000,manual
P02,Suite,2025-07-19,2600000,3121000,manual
P02,Suite,2025-07-20,2600000,3038000,manual
P02,Suite,2025-07-21,2600000,2757000,manual
P02,Suite,2025-07-22,2600000,2997000,manual
P02,Suite,2025-07-23,2600000,2792000,manual
P02,Suite,2025-07-24,2600000,2897000,manual
P02,Suite,2025-07-25,2600000,2821000,manual
P02,Suite,2025-07-26,2600000,3007000,manual
P02,Suite,2025-07-27,2600000,2904000,manual
P02,Suite,2025-07-28,2600000,2780000,manual
P02,Suite,2025-07-29,2600000,2894000,manual
P02,Suite,2025-07-30,2600000,2967000,manual
P02,Suite,2025-07-31,2600000,2822000,manual
P02,Suite,2025-08-01,2600000,2609000,manual
P02,Suite,2025-08-02,2600000,2617000,manual
P02,Suite,2025-08-03,2600000,2715000,manual
P02,Suite,2025-08-04,2600000,2730000,manual
P02,Suite,2025-08-05,2600000,2442000,manual
P02,Suite,2025-08-06,2600000,2638000,manual
P02,Suite,2025-08-07,2600000,2501000,manual
P02,Suite,2025-08-08,2600000,2663000,manual
P02,Suite,2025-08-09,2600000,2777000,manual
P02,Suite,2025-08-10,2600000,2686000,manual
P02,Suite,2025-08-11,2600000,2654000,manual
P02,Suite,2025-08-12,2600000,2742000,manual
P02,Suite,2025-08-13,2600000,2633000,manual
P02,Suite,2025-08-14,2600000,2652000,manual
P02,Suite,2025-08-15,2600000,2793000,manual
P02,Suite,2025-08-16,2600000,2673000,manual
P02,Suite,2025-08-17,2600000,2800000,manual
P02,Suite,2025-08-18,2600000,2660000,manual
P02,Suite,2025-08-19,2600000,2603000,manual
P02,Suite,2025-08-20,2600000,2699000,manual
P02,Suite,2025-08-21,2600000,2637000,manual
P02,Suite,2025-08-22,2600000,2704000,manual
P02,Suite,2025-08-23,2600000,2655000,manual
P02,Suite,2025-08-24,2600000,2581000,manual
P02,Suite,2025-08-25,2600000,2758000,manual
P02,Suite,2025-08-26,2600000,2581000,manual
P02,Suite,2025-08-27,2600000,2548000,manual
P02,Suite,2025-08-28,2600000,2700000,manual
P02,Suite,2025-08-29,2600000,2604000,manual
P02,Suite,2025-08-30,2600000,2598000,manual
P02,Suite,2025-08-31,2600000,2559000,manual
P02,Suite,2025-09-01,2600000,2569000,promo
P02,Suite,2025-09-02,2600000,2511000,promo
P02,Suite,2025-09-03,2600000,2405000,promo
P02,Suite,2025-09-04,2600000,2512000,promo
P02,Suite,2025-09-05,2600000,2408000,promo
P02,Suite,2025-09-06,2600000,2289000,promo
P02,Suite,2025-09-07,2600000,2374000,promo
P02,Suite,2025-09-08,2600000,2489000,promo
P02,Suite,2025-09-09,2600000,2425000,promo
P02,Suite,2025-09-10,2600000,2345000,promo
P02,Suite,2025-09-11,2600000,2614000,promo
P02,Suite,2025-09-12,2600000,2416000,promo
P02,Suite,2025-09-13,2600000,2475000,promo
P02,Suite,2025-09-14,2600000,2456000,promo
P02,Suite,2025-09-15,2600000,2334000,promo
P02,Suite,2025-09-16,2600000,2546000,promo
P02,Suite,2025-09-17,2600000,2462000,promo
P02,Suite,2025-09-18,2600000,2367000,promo
P02,Suite,2025-09-19,2600000,2539000,promo
P02,Suite,2025-09-20,2600000,2416000,promo
P02,Suite,2025-09-21,2600000,2460000,promo
P02,Suite,2025-09-22,2600000,2314000,promo
P02,Suite,2025-09-23,2600000,2453000,promo
P02,Suite,2025-09-24,2600000,2509000,promo
P02,Suite,2025-09-25,2600000,2370000,promo
P02,Suite,2025-09-26,2600000,2363000,promo
P02,Suite,2025-09-27,2600000,2370000,promo
P02,Suite,2025-09-28,2600000,2382000,promo
P02,Suite,2025-09-29,2600000,2320000,promo
P02,Suite,2025-09-30,2600000,2453000,promo
P02,Suite,2025-10-01,2600000,2375000,promo
P02,Suite,2025-10-02,2600000,2624000,promo
P02,Suite,2025-10-03,2600000,2512000,promo
P02,Suite,2025-10-04,2600000,2377000,promo
P02,Suite,2025-10-05,2600000,2520000,promo
P02,Suite,2025-10-06,2600000,2415000,promo
P02,Suite,2025-10-07,2600000,2421000,promo
P02,Suite,2025-10-08,2600000,2576000,promo
P02,Suite,2025-10-09,2600000,2454000,promo
P02,Suite,2025-10-10,2600000,2585000,promo
P02,Suite,2025-10-11,2600000,2516000,promo
P02,Suite,2025-10-12,2600000,2548000,promo
P02,Suite,2025-10-13,2600000,2465000,promo
P02,Suite,2025-10-14,2600000,2524000,promo
P02,Suite,2025-10-15,2600000,2470000,promo
P02,Suite,2025-10-16,2600000,2397000,promo
P02,Suite,2025-10-17,2600000,2307000,promo
P02,Suite,2025-10-18,2600000,2377000,promo
P02,Suite,2025-10-19,2600000,2509000,promo
P02,Suite,2025-10-20,2600000,2506000,promo
P02,Suite,2025-10-21,2600000,2461000,promo
P02,Suite,2025-10-22,2600000,2436000,promo
P02,Suite,2025-10-23,2600000,2557000,promo
P02,Suite,2025-10-24,2600000,2425000,promo
P02,Suite,2025-10-25,2600000,2503000,promo
P02,Suite,2025-10-26,2600000,2261000,promo
P02,Suite,2025-10-27,2600000,2495000,promo
P02,Suite,2025-10-28,2600000,2500000,promo
P02,Suite,2025-10-29,2600000,2478000,promo
P02,Suite,2025-10-30,2600000,2402000,promo
P02,Suite,2025-10-31,2600000,2540000,promo
P02,Suite,2025-11-01,2600000,2497000,manual
P02,Suite,2025-11-02,2600000,2519000,manual
P02,Suite,2025-11-03,2600000,2517000,manual
P02,Suite,2025-11-04,2600000,2700000,manual
P02,Suite,2025-11-05,2600000,2490000,manual
P02,Suite,2025-11-06,2600000,2635000,manual
P02,Suite,2025-11-07,2600000,2559000,manual
P02,Suite,2025-11-08,2600000,2590000,manual
P02,Suite,2025-11-09,2600000,2591000,manual
P02,Suite,2025-11-10,2600000,2528000,manual
P02,Suite,2025-11-11,2600000,2551000,manual
P02,Suite,2025-11-12,2600000,2516000,manual
P02,Suite,2025-11-13,2600000,2557000,manual
P02,Suite,2025-11-14,2600000,2649000,manual
P02,Suite,2025-11-15,2600000,2674000,manual
P02,Suite,2025-11-16,2600000,2713000,manual
P02,Suite,2025-11-17,2600000,2620000,manual
P02,Suite,2025-11-18,2600000,2540000,manual
P02,Suite,2025-11-19,2600000,2573000,manual
P02,Suite,2025-11-20,2600000,2559000,manual
P02,Suite,2025-11-21,2600000,2581000,manual
P02,Suite,2025-11-22,2600000,2639000,manual
P02,Suite,2025-11-23,2600000,2596000,manual
P02,Suite,2025-11-24,2600000,2546000,manual
P02,Suite,2025-11-25,2600000,2509000,manual
P02,Suite,2025-11-26,2600000,2599000,manual
P02,Suite,2025-11-27,2600000,2700000,manual
P02,Suite,2025-11-28,2600000,2524000,manual
P02,Suite,2025-11-29,2600000,2503000,manual
P02,Suite,2025-11-30,2600000,2599000,manual
P02,Suite,2025-12-01,2600000,2688000,manual
P02,Suite,2025-12-02,2600000,3055000,manual
P02,Suite,2025-12-03,2600000,2908000,manual
P02,Suite,2025-12-04,2600000,3067000,manual
P02,Suite,2025-12-05,2600000,2854000,manual
P02,Suite,2025-12-06,2600000,2997000,manual
P02,Suite,2025-12-07,2600000,2931000,manual
P02,Suite,2025-12-08,2600000,2857000,manual
P02,Suite,2025-12-09,2600000,2968000,manual
P02,Suite,2025-12-10,2600000,2924000,manual
P02,Suite,2025-12-11,2600000,2947000,manual
P02,Suite,2025-12-12,2600000,2744000,manual
P02,Suite,2025-12-13,2600000,2916000,manual
P02,Suite,2025-12-14,2600000,3043000,manual
P02,Suite,2025-12-15,2600000,2888000,manual
P02,Suite,2025-12-16,2600000,2796000,manual
P02,Suite,2025-12-17,2600000,2955000,manual
P02,Suite,2025-12-18,2600000,2872000,manual
P02,Suite,2025-12-19,2600000,2881000,manual
P02,Suite,2025-12-20,2600000,3013000,manual
P02,Suite,2025-12-21,2600000,2865000,manual
P02,Suite,2025-12-22,2600000,3021000,manual
P02,Suite,2025-12-23,2600000,2841000,manual
P02,Suite,2025-12-24,2600000,3027000,manual
P02,Suite,2025-12-25,2600000,2909000,manual
P02,Suite,2025-12-26,2600000,2937000,manual
P02,Suite,2025-12-27,2600000,2983000,manual
P02,Suite,2025-12-28,2600000,2811000,manual
P02,Suite,2025-12-29,2600000,2977000,manual
P02,Suite,2025-12-30,2600000,2860000,manual
P02,Suite,2025-12-31,2600000,2936000,manual
P02,Suite,2026-01-01,2600000,2768000,manual
P02,Suite,2026-01-02,2600000,2894000,manual
P02,Suite,2026-01-03,2600000,2780000,manual
P02,Suite,2026-01-04,2600000,2865000,manual
P02,Suite,2026-01-05,2600000,2929000,manual
P02,Suite,2026-01-06,2600000,2875000,manual
P02,Suite,2026-01-07,2600000,2867000,manual
P02,Suite,2026-01-08,2600000,2787000,manual
P02,Suite,2026-01-09,2600000,2750000,manual
P02,Suite,2026-01-10,2600000,2995000,manual
P02,Suite,2026-01-11,2600000,2950000,manual
P02,Suite,2026-01-12,2600000,2849000,manual
P02,Suite,2026-01-13,2600000,2825000,manual
P02,Suite,2026-01-14,2600000,2887000,manual
P02,Suite,2026-01-15,2600000,2882000,manual
P02,Suite,2026-01-16,2600000,2826000,manual
P02,Suite,2026-01-17,2600000,2774000,manual
P02,Suite,2026-01-18,2600000,2781000,manual
P02,Suite,2026-01-19,2600000,3065000,manual
P02,Suite,2026-01-20,2600000,2797000,manual
P02,Suite,2026-01-21,2600000,2940000,manual
P02,Suite,2026-01-22,2600000,2951000,manual
P02,Suite,2026-01-23,2600000,2896000,manual
P02,Suite,2026-01-24,2600000,2896000,manual
P02,Suite,2026-01-25,2600000,2801000,manual
P02,Suite,2026-01-26,2600000,2912000,manual
P02,Suite,2026-01-27,2600000,2803000,manual
P02,Suite,2026-01-28,2600000,2978000,manual
P02,Suite,2026-01-29,2600000,2880000,manual
P02,Suite,2026-01-30,2600000,2910000,manual
P02,Suite,2026-01-31,2600000,2891000,manual
P02,Suite,2026-02-01,2600000,2555000,promo
P02,Suite,2026-02-02,2600000,2454000,promo
P02,Suite,2026-02-03,2600000,2496000,promo
P02,Suite,2026-02-04,2600000,2350000,promo
P02,Suite,2026-02-05,2600000,2405000,promo
P02,Suite,2026-02-06,2600000,2486000,promo
P02,Suite,2026-02-07,2600000,2387000,promo
P02,Suite,2026-02-08,2600000,2368000,promo
P02,Suite,2026-02-09,2600000,2463000,promo
P02,Suite,2026-02-10,2600000,2575000,promo
P02,Suite,2026-02-11,2600000,2439000,promo
P02,Suite,2026-02-12,2600000,2322000,promo
P02,Suite,2026-02-13,2600000,2370000,promo
P02,Suite,2026-02-14,2600000,2414000,promo
P02,Suite,2026-02-15,2600000,2475000,promo
P02,Suite,2026-02-16,2600000,2407000,promo
P02,Suite,2026-02-17,2600000,2348000,promo
P02,Suite,2026-02-18,2600000,2535000,promo
P02,Suite,2026-02-19,2600000,2401000,promo
P02,Suite,2026-02-20,2600000,2405000,promo
P02,Suite,2026-02-21,2600000,2325000,promo
P02,Suite,2026-02-22,2600000,2398000,promo
P02,Suite,2026-02-23,2600000,2385000,promo
P02,Suite,2026-02-24,2600000,2447000,promo
P02,Suite,2026-02-25,2600000,2362000,promo
P02,Suite,2026-02-26,2600000,2492000,promo
P02,Suite,2026-02-27,2600000,2390000,promo
P02,Suite,2026-02-28,2600000,2365000,promo
P02,Suite,2026-03-01,2600000,2465000,promo
P02,Suite,2026-03-02,2600000,2459000,promo
P02,Suite,2026-03-03,2600000,2461000,promo
P02,Suite,2026-03-04,2600000,2481000,promo
P02,Suite,2026-03-05,2600000,2583000,promo
P02,Suite,2026-03-06,2600000,2563000,promo
P02,Suite,2026-03-07,2600000,2475000,promo
P02,Suite,2026-03-08,2600000,2577000,promo
P02,Suite,2026-03-09,2600000,2444000,promo
P02,Suite,2026-03-10,2600000,2553000,promo
P02,Suite,2026-03-11,2600000,2428000,promo
P02,Suite,2026-03-12,2600000,2201000,promo
P02,Suite,2026-03-13,2600000,2378000,promo
P02,Suite,2026-03-14,2600000,2539000,promo
P02,Suite,2026-03-15,2600000,2476000,promo
P02,Suite,2026-03-16,2600000,2485000,promo
P02,Suite,2026-03-17,2600000,2293000,promo
P02,Suite,2026-03-18,2600000,2390000,promo
P02,Suite,2026-03-19,2600000,2489000,promo
P02,Suite,2026-03-20,2600000,2492000,promo
P02,Suite,2026-03-21,2600000,2452000,promo
P02,Suite,2026-03-22,2600000,2460000,promo
P02,Suite,2026-03-23,2600000,2556000,promo
P02,Suite,2026-03-24,2600000,2486000,promo
P02,Suite,2026-03-25,2600000,2417000,promo
P02,Suite,2026-03-26,2600000,2590000,promo
P02,Suite,2026-03-27,2600000,2421000,promo
P02,Suite,2026-03-28,2600000,2187000,promo
P02,Suite,2026-03-29,2600000,2466000,promo
P02,Suite,2026-03-30,2600000,2367000,promo
P02,Suite,2026-03-31,2600000,2470000,promo
P02,Suite,2026-04-01,2600000,2542000,manual
P02,Suite,2026-04-02,2600000,2651000,manual
P02,Suite,2026-04-03,2600000,2641000,manual
P02,Suite,2026-04-04,2600000,2555000,manual
P02,Suite,2026-04-05,2600000,2669000,manual
P02,Suite,2026-04-06,2600000,2414000,manual
P02,Suite,2026-04-07,2600000,2726000,manual
P02,Suite,2026-04-08,2600000,2642000,manual
P02,Suite,2026-04-09,2600000,2587000,manual
P02,Suite,2026-04-10,2600000,2520000,manual
P02,Suite,2026-04-11,2600000,2585000,manual
P02,Suite,2026-04-12,2600000,2654000,manual
P02,Suite,2026-04-13,2600000,2555000,manual
P02,Suite,2026-04-14,2600000,2558000,manual
P02,Suite,2026-04-15,2600000,2612000,manual
P02,Suite,2026-04-16,2600000,2562000,manual
P02,Suite,2026-04-17,2600000,2635000,manual
P02,Suite,2026-04-18,2600000,2669000,manual
P02,Suite,2026-04-19,2600000,2509000,manual
P02,Suite,2026-04-20,2600000,2754000,manual
P02,Suite,2026-04-21,2600000,2671000,manual
P02,Suite,2026-04-22,2600000,2624000,manual
P02,Suite,2026-04-23,2600000,2688000,manual
P02,Suite,2026-04-24,2600000,2620000,manual
P02,Suite,2026-04-25,2600000,2687000,manual
P02,Suite,2026-04-26,2600000,2748000,manual
P02,Suite,2026-04-27,2600000,2529000,manual
P02,Suite,2026-04-28,2600000,2596000,manual
P02,Suite,2026-04-29,2600000,2626000,manual
P02,Suite,2026-04-30,2600000,2536000,manual
P02,Suite,2026-05-01,2600000,2621000,manual
P02,Suite,2026-05-02,2600000,2486000,manual
P02,Suite,2026-05-03,2600000,2659000,manual
P02,Suite,2026-05-04,2600000,2758000,manual
P02,Suite,2026-05-05,2600000,2648000,manual
P02,Suite,2026-05-06,2600000,2652000,manual
P02,Suite,2026-05-07,2600000,2629000,manual
P02,Suite,2026-05-08,2600000,2479000,manual
P02,Suite,2026-05-09,2600000,2681000,manual
P02,Suite,2026-05-10,2600000,2643000,manual
P02,Suite,2026-05-11,2600000,2566000,manual
P02,Suite,2026-05-12,2600000,2638000,manual
P02,Suite,2026-05-13,2600000,2571000,manual
P02,Suite,2026-05-14,2600000,2498000,manual
P02,Suite,2026-05-15,2600000,2503000,manual
P02,Suite,2026-05-16,2600000,2595000,manual
P02,Suite,2026-05-17,2600000,2767000,manual
P02,Suite,2026-05-18,2600000,2627000,manual
P02,Suite,2026-05-19,2600000,2525000,manual
P02,Suite,2026-05-20,2600000,2657000,manual
P02,Suite,2026-05-21,2600000,2633000,manual
P02,Suite,2026-05-22,2600000,2622000,manual
P02,Suite,2026-05-23,2600000,2497000,manual
P02,Suite,2026-05-24,2600000,2801000,manual
P02,Suite,2026-05-25,2600000,2591000,manual
P02,Suite,2026-05-26,2600000,2742000,manual
P02,Suite,2026-05-27,2600000,2702000,manual
P02,Suite,2026-05-28,2600000,2684000,manual
P02,Suite,2026-05-29,2600000,2666000,manual
P02,Suite,2026-05-30,2600000,2676000,manual
P02,Suite,2026-05-31,2600000,2616000,manual
P02,Suite,2026-06-01,2600000,2867000,manual
P02,Suite,2026-06-02,2600000,2865000,manual
P02,Suite,2026-06-03,2600000,2793000,manual
P02,Suite,2026-06-04,2600000,2714000,manual
P02,Suite,2026-06-05,2600000,2932000,manual
P02,Suite,2026-06-06,2600000,2753000,manual
P02,Suite,2026-06-07,2600000,2806000,manual
P02,Suite,2026-06-08,2600000,2694000,manual
P02,Suite,2026-06-09,2600000,2846000,manual
P02,Suite,2026-06-10,2600000,2878000,manual
P02,Suite,2026-06-11,2600000,2881000,manual
P02,Suite,2026-06-12,2600000,2775000,manual
P02,Suite,2026-06-13,2600000,2682000,manual
P02,Suite,2026-06-14,2600000,2783000,manual
P02,Suite,2026-06-15,2600000,2755000,manual
P02,Suite,2026-06-16,2600000,2519000,manual
P02,Suite,2026-06-17,2600000,2798000,manual
P02,Suite,2026-06-18,2600000,2748000,manual
P02,Suite,2026-06-19,2600000,2772000,manual
P02,Suite,2026-06-20,2600000,2808000,manual
P02,Suite,2026-06-21,2600000,2880000,manual
P02,Suite,2026-06-22,2600000,2857000,manual
P02,Suite,2026-06-23,2600000,2677000,manual
P02,Suite,2026-06-24,2600000,2709000,manual
P02,Suite,2026-06-25,2600000,2837000,manual
P02,Suite,2026-06-26,2600000,2801000,manual
P02,Suite,2026-06-27,2600000,2812000,manual
P02,Suite,2026-06-28,2600000,2963000,manual
P02,Suite,2026-06-29,2600000,2737000,manual
P02,Suite,2026-06-30,2600000,2782000,manual
P03,Standard,2023-07-01,550000,612000,manual
P03,Standard,2023-07-02,550000,615000,manual
P03,Standard,2023-07-03,550000,644000,manual
P03,Standard,2023-07-04,550000,598000,manual
P03,Standard,2023-07-05,550000,603000,manual
P03,Standard,2023-07-06,550000,629000,manual
P03,Standard,2023-07-07,550000,612000,manual
P03,Standard,2023-07-08,550000,619000,manual
P03,Standard,2023-07-09,550000,621000,manual
P03,Standard,2023-07-10,550000,584000,manual
P03,Standard,2023-07-11,550000,642000,manual
P03,Standard,2023-07-12,550000,636000,manual
P03,Standard,2023-07-13,550000,647000,manual
P03,Standard,2023-07-14,550000,630000,manual
P03,Standard,2023-07-15,550000,653000,manual
P03,Standard,2023-07-16,550000,618000,manual
P03,Standard,2023-07-17,550000,575000,manual
P03,Standard,2023-07-18,550000,613000,manual
P03,Standard,2023-07-19,550000,592000,manual
P03,Standard,2023-07-20,550000,606000,manual
P03,Standard,2023-07-21,550000,607000,manual
P03,Standard,2023-07-22,550000,606000,manual
P03,Standard,2023-07-23,550000,624000,manual
P03,Standard,2023-07-24,550000,631000,manual
P03,Standard,2023-07-25,550000,602000,manual
P03,Standard,2023-07-26,550000,601000,manual
P03,Standard,2023-07-27,550000,582000,manual
P03,Standard,2023-07-28,550000,596000,manual
P03,Standard,2023-07-29,550000,622000,manual
P03,Standard,2023-07-30,550000,611000,manual
P03,Standard,2023-07-31,550000,615000,manual
P03,Standard,2023-08-01,550000,564000,manual
P03,Standard,2023-08-02,550000,548000,manual
P03,Standard,2023-08-03,550000,561000,manual
P03,Standard,2023-08-04,550000,548000,manual
P03,Standard,2023-08-05,550000,568000,manual
P03,Standard,2023-08-06,550000,568000,manual
P03,Standard,2023-08-07,550000,587000,manual
P03,Standard,2023-08-08,550000,558000,manual
P03,Standard,2023-08-09,550000,565000,manual
P03,Standard,2023-08-10,550000,561000,manual
P03,Standard,2023-08-11,550000,555000,manual
P03,Standard,2023-08-12,550000,572000,manual
P03,Standard,2023-08-13,550000,541000,manual
P03,Standard,2023-08-14,550000,557000,manual
P03,Standard,2023-08-15,550000,542000,manual
P03,Standard,2023-08-16,550000,580000,manual
P03,Standard,2023-08-17,550000,568000,manual
P03,Standard,2023-08-18,550000,539000,manual
P03,Standard,2023-08-19,550000,546000,manual
P03,Standard,2023-08-20,550000,568000,manual
P03,Standard,2023-08-21,550000,536000,manual
P03,Standard,2023-08-22,550000,563000,manual
P03,Standard,2023-08-23,550000,548000,manual
P03,Standard,2023-08-24,550000,546000,manual
P03,Standard,2023-08-25,550000,573000,manual
P03,Standard,2023-08-26,550000,531000,manual
P03,Standard,2023-08-27,550000,565000,manual
P03,Standard,2023-08-28,550000,569000,manual
P03,Standard,2023-08-29,550000,562000,manual
P03,Standard,2023-08-30,550000,571000,manual
P03,Standard,2023-08-31,550000,560000,manual
P03,Standard,2023-09-01,550000,511000,promo
P03,Standard,2023-09-02,550000,520000,promo
P03,Standard,2023-09-03,550000,508000,promo
P03,Standard,2023-09-04,550000,526000,promo
P03,Standard,2023-09-05,550000,500000,promo
P03,Standard,2023-09-06,550000,493000,promo
P03,Standard,2023-09-07,550000,489000,promo
P03,Standard,2023-09-08,550000,502000,promo
P03,Standard,2023-09-09,550000,518000,promo
P03,Standard,2023-09-10,550000,527000,promo
P03,Standard,2023-09-11,550000,494000,promo
P03,Standard,2023-09-12,550000,483000,promo
P03,Standard,2023-09-13,550000,501000,promo
P03,Standard,2023-09-14,550000,532000,promo
P03,Standard,2023-09-15,550000,520000,promo
P03,Standard,2023-09-16,550000,505000,promo
P03,Standard,2023-09-17,550000,512000,promo
P03,Standard,2023-09-18,550000,504000,promo
P03,Standard,2023-09-19,550000,482000,promo
P03,Standard,2023-09-20,550000,528000,promo
P03,Standard,2023-09-21,550000,522000,promo
P03,Standard,2023-09-22,550000,486000,promo
P03,Standard,2023-09-23,550000,516000,promo
P03,Standard,2023-09-24,550000,520000,promo
P03,Standard,2023-09-25,550000,522000,promo
P03,Standard,2023-09-26,550000,516000,promo
P03,Standard,2023-09-27,550000,502000,promo
P03,Standard,2023-09-28,550000,524000,promo
P03,Standard,2023-09-29,550000,511000,promo
P03,Standard,2023-09-30,550000,531000,promo
P03,Standard,2023-10-01,550000,520000,promo
P03,Standard,2023-10-02,550000,530000,promo
P03,Standard,2023-10-03,550000,511000,promo
P03,Standard,2023-10-04,550000,525000,promo
P03,Standard,2023-10-05,550000,522000,promo
P03,Standard,2023-10-06,550000,511000,promo
P03,Standard,2023-10-07,550000,536000,promo
P03,Standard,2023-10-08,550000,519000,promo
P03,Standard,2023-10-09,550000,517000,promo
P03,Standard,2023-10-10,550000,503000,promo
P03,Standard,2023-10-11,550000,504000,promo
P03,Standard,2023-10-12,550000,520000,promo
P03,Standard,2023-10-13,550000,498000,promo
P03,Standard,2023-10-14,550000,522000,promo
P03,Standard,2023-10-15,550000,528000,promo
P03,Standard,2023-10-16,550000,521000,promo
P03,Standard,2023-10-17,550000,540000,promo
P03,Standard,2023-10-18,550000,522000,promo
P03,Standard,2023-10-19,550000,521000,promo
P03,Standard,2023-10-20,550000,520000,promo
P03,Standard,2023-10-21,550000,530000,promo
P03,Standard,2023-10-22,550000,500000,promo
P03,Standard,2023-10-23,550000,535000,promo
P03,Standard,2023-10-24,550000,536000,promo
P03,Standard,2023-10-25,550000,535000,promo
P03,Standard,2023-10-26,550000,523000,promo
P03,Standard,2023-10-27,550000,535000,promo
P03,Standard,2023-10-28,550000,535000,promo
P03,Standard,2023-10-29,550000,517000,promo
P03,Standard,2023-10-30,550000,516000,promo
P03,Standard,2023-10-31,550000,541000,promo
P03,Standard,2023-11-01,550000,537000,manual
P03,Standard,2023-11-02,550000,540000,manual
P03,Standard,2023-11-03,550000,553000,manual
P03,Standard,2023-11-04,550000,582000,manual
P03,Standard,2023-11-05,550000,528000,manual
P03,Standard,2023-11-06,550000,559000,manual
P03,Standard,2023-11-07,550000,525000,manual
P03,Standard,2023-11-08,550000,560000,manual
P03,Standard,2023-11-09,550000,544000,manual
P03,Standard,2023-11-10,550000,540000,manual
P03,Standard,2023-11-11,550000,530000,manual
P03,Standard,2023-11-12,550000,538000,manual
P03,Standard,2023-11-13,550000,552000,manual
P03,Standard,2023-11-14,550000,551000,manual
P03,Standard,2023-11-15,550000,555000,manual
P03,Standard,2023-11-16,550000,534000,manual
P03,Standard,2023-11-17,550000,536000,manual
P03,Standard,2023-11-18,550000,559000,manual
P03,Standard,2023-11-19,550000,524000,manual
P03,Standard,2023-11-20,550000,527000,manual
P03,Standard,2023-11-21,550000,567000,manual
P03,Standard,2023-11-22,550000,551000,manual
P03,Standard,2023-11-23,550000,560000,manual
P03,Standard,2023-11-24,550000,541000,manual
P03,Standard,2023-11-25,550000,540000,manual
P03,Standard,2023-11-26,550000,552000,manual
P03,Standard,2023-11-27,550000,559000,manual
P03,Standard,2023-11-28,550000,571000,manual
P03,Standard,2023-11-29,550000,548000,manual
P03,Standard,2023-11-30,550000,547000,manual
P03,Standard,2023-12-01,550000,597000,manual
P03,Standard,2023-12-02,550000,607000,manual
P03,Standard,2023-12-03,550000,641000,manual
P03,Standard,2023-12-04,550000,615000,manual
P03,Standard,2023-12-05,550000,626000,manual
P03,Standard,2023-12-06,550000,603000,manual
P03,Standard,2023-12-07,550000,621000,manual
P03,Standard,2023-12-08,550000,611000,manual
P03,Standard,2023-12-09,550000,649000,manual
P03,Standard,2023-12-10,550000,629000,manual
P03,Standard,2023-12-11,550000,605000,manual
P03,Standard,2023-12-12,550000,631000,manual
P03,Standard,2023-12-13,550000,615000,manual
P03,Standard,2023-12-14,550000,620000,manual
P03,Standard,2023-12-15,550000,614000,manual
P03,Standard,2023-12-16,550000,592000,manual
P03,Standard,2023-12-17,550000,625000,manual
P03,Standard,2023-12-18,550000,603000,manual
P03,Standard,2023-12-19,550000,641000,manual
P03,Standard,2023-12-20,550000,603000,manual
P03,Standard,2023-12-21,550000,626000,manual
P03,Standard,2023-12-22,550000,612000,manual
P03,Standard,2023-12-23,550000,626000,manual
P03,Standard,2023-12-24,550000,643000,manual
P03,Standard,2023-12-25,550000,663000,manual
P03,Standard,2023-12-26,550000,623000,manual
P03,Standard,2023-12-27,550000,632000,manual
P03,Standard,2023-12-28,550000,621000,manual
P03,Standard,2023-12-29,550000,633000,manual
P03,Standard,2023-12-30,550000,613000,manual
P03,Standard,2023-12-31,550000,598000,manual
P03,Standard,2024-01-01,550000,638000,manual
P03,Standard,2024-01-02,550000,622000,manual
P03,Standard,2024-01-03,550000,617000,manual
P03,Standard,2024-01-04,550000,577000,manual
P03,Standard,2024-01-05,550000,621000,manual
P03,Standard,2024-01-06,550000,602000,manual
P03,Standard,2024-01-07,550000,598000,manual
P03,Standard,2024-01-08,550000,604000,manual
P03,Standard,2024-01-09,550000,604000,manual
P03,Standard,2024-01-10,550000,599000,manual
P03,Standard,2024-01-11,550000,603000,manual
P03,Standard,2024-01-12,550000,582000,manual
P03,Standard,2024-01-13,550000,602000,manual
P03,Standard,2024-01-14,550000,595000,manual
P03,Standard,2024-01-15,550000,589000,manual
P03,Standard,2024-01-16,550000,607000,manual
P03,Standard,2024-01-17,550000,610000,manual
P03,Standard,2024-01-18,550000,588000,manual
P03,Standard,2024-01-19,550000,603000,manual
P03,Standard,2024-01-20,550000,607000,manual
P03,Standard,2024-01-21,550000,580000,manual
P03,Standard,2024-01-22,550000,618000,manual
P03,Standard,2024-01-23,550000,589000,manual
P03,Standard,2024-01-24,550000,637000,manual
P03,Standard,2024-01-25,550000,620000,manual
P03,Standard,2024-01-26,550000,617000,manual
P03,Standard,2024-01-27,550000,562000,manual
P03,Standard,2024-01-28,550000,610000,manual
P03,Standard,2024-01-29,550000,598000,manual
P03,Standard,2024-01-30,550000,574000,manual
P03,Standard,2024-01-31,550000,608000,manual
P03,Standard,2024-02-01,550000,517000,promo
P03,Standard,2024-02-02,550000,534000,promo
P03,Standard,2024-02-03,550000,513000,promo
P03,Standard,2024-02-04,550000,525000,promo
P03,Standard,2024-02-05,550000,484000,promo
P03,Standard,2024-02-06,550000,541000,promo
P03,Standard,2024-02-07,550000,523000,promo
P03,Standard,2024-02-08,550000,528000,promo
P03,Standard,2024-02-09,550000,504000,promo
P03,Standard,2024-02-10,550000,555000,promo
P03,Standard,2024-02-11,550000,507000,promo
P03,Standard,2024-02-12,550000,512000,promo
P03,Standard,2024-02-13,550000,568000,promo
P03,Standard,2024-02-14,550000,516000,promo
P03,Standard,2024-02-15,550000,497000,promo
P03,Standard,2024-02-16,550000,519000,promo
P03,Standard,2024-02-17,550000,513000,promo
P03,Standard,2024-02-18,550000,505000,promo
P03,Standard,2024-02-19,550000,523000,promo
P03,Standard,2024-02-20,550000,485000,promo
P03,Standard,2024-02-21,550000,523000,promo
P03,Standard,2024-02-22,550000,512000,promo
P03,Standard,2024-02-23,550000,514000,promo
P03,Standard,2024-02-24,550000,508000,promo
P03,Standard,2024-02-25,550000,527000,promo
P03,Standard,2024-02-26,550000,498000,promo
P03,Standard,2024-02-27,550000,497000,promo
P03,Standard,2024-02-28,550000,509000,promo
P03,Standard,2024-02-29,550000,509000,promo
P03,Standard,2024-03-01,550000,514000,promo
P03,Standard,2024-03-02,550000,524000,promo
P03,Standard,2024-03-03,550000,514000,promo
P03,Standard,2024-03-04,550000,541000,promo
P03,Standard,2024-03-05,550000,524000,promo
P03,Standard,2024-03-06,550000,525000,promo
P03,Standard,2024-03-07,550000,495000,promo
P03,Standard,2024-03-08,550000,519000,promo
P03,Standard,2024-03-09,550000,542000,promo
P03,Standard,2024-03-10,550000,520000,promo
P03,Standard,2024-03-11,550000,525000,promo
P03,Standard,2024-03-12,550000,509000,promo
P03,Standard,2024-03-13,550000,482000,promo
P03,Standard,2024-03-14,550000,535000,promo
P03,Standard,2024-03-15,550000,532000,promo
P03,Standard,2024-03-16,550000,541000,promo
P03,Standard,2024-03-17,550000,519000,promo
P03,Standard,2024-03-18,550000,536000,promo
P03,Standard,2024-03-19,550000,529000,promo
P03,Standard,2024-03-20,550000,538000,promo
P03,Standard,2024-03-21,550000,505000,promo
P03,Standard,2024-03-22,550000,514000,promo
P03,Standard,2024-03-23,550000,509000,promo
P03,Standard,2024-03-24,550000,506000,promo
P03,Standard,2024-03-25,550000,502000,promo
P03,Standard,2024-03-26,550000,523000,promo
P03,Standard,2024-03-27,550000,544000,promo
P03,Standard,2024-03-28,550000,541000,promo
P03,Standard,2024-03-29,550000,512000,promo
P03,Standard,2024-03-30,550000,531000,promo
P03,Standard,2024-03-31,550000,477000,promo
P03,Standard,2024-04-01,550000,538000,manual
P03,Standard,2024-04-02,550000,566000,manual
P03,Standard,2024-04-03,550000,525000,manual
P03,Standard,2024-04-04,550000,535000,manual
P03,Standard,2024-04-05,550000,556000,manual
P03,Standard,2024-04-06,550000,537000,manual
P03,Standard,2024-04-07,550000,553000,manual
P03,Standard,2024-04-08,550000,574000,manual
P03,Standard,2024-04-09,550000,544000,manual
P03,Standard,2024-04-10,550000,497000,manual
P03,Standard,2024-04-11,550000,578000,manual
P03,Standard,2024-04-12,550000,577000,manual
P03,Standard,2024-04-13,550000,543000,manual
P03,Standard,2024-04-14,550000,555000,manual
P03,Standard,2024-04-15,550000,571000,manual
P03,Standard,2024-04-16,550000,542000,manual
P03,Standard,2024-04-17,550000,539000,manual
P03,Standard,2024-04-18,550000,553000,manual
P03,Standard,2024-04-19,550000,585000,manual
P03,Standard,2024-04-20,550000,530000,manual
P03,Standard,2024-04-21,550000,562000,manual
P03,Standard,2024-04-22,550000,545000,manual
P03,Standard,2024-04-23,550000,539000,manual
P03,Standard,2024-04-24,550000,503000,manual
P03,Standard,2024-04-25,550000,569000,manual
P03,Standard,2024-04-26,550000,557000,manual
P03,Standard,2024-04-27,550000,554000,manual
P03,Standard,2024-04-28,550000,570000,manual
P03,Standard,2024-04-29,550000,548000,manual
P03,Standard,2024-04-30,550000,518000,manual
P03,Standard,2024-05-01,550000,559000,manual
P03,Standard,2024-05-02,550000,550000,manual
P03,Standard,2024-05-03,550000,550000,manual
P03,Standard,2024-05-04,550000,553000,manual
P03,Standard,2024-05-05,550000,581000,manual
P03,Standard,2024-05-06,550000,541000,manual
P03,Standard,2024-05-07,550000,555000,manual
P03,Standard,2024-05-08,550000,577000,manual
P03,Standard,2024-05-09,550000,552000,manual
P03,Standard,2024-05-10,550000,558000,manual
P03,Standard,2024-05-11,550000,551000,manual
P03,Standard,2024-05-12,550000,552000,manual
P03,Standard,2024-05-13,550000,578000,manual
P03,Standard,2024-05-14,550000,549000,manual
P03,Standard,2024-05-15,550000,557000,manual
P03,Standard,2024-05-16,550000,550000,manual
P03,Standard,2024-05-17,550000,547000,manual
P03,Standard,2024-05-18,550000,550000,manual
P03,Standard,2024-05-19,550000,537000,manual
P03,Standard,2024-05-20,550000,575000,manual
P03,Standard,2024-05-21,550000,551000,manual
P03,Standard,2024-05-22,550000,565000,manual
P03,Standard,2024-05-23,550000,553000,manual
P03,Standard,2024-05-24,550000,554000,manual
P03,Standard,2024-05-25,550000,568000,manual
P03,Standard,2024-05-26,550000,552000,manual
P03,Standard,2024-05-27,550000,530000,manual
P03,Standard,2024-05-28,550000,546000,manual
P03,Standard,2024-05-29,550000,556000,manual
P03,Standard,2024-05-30,550000,536000,manual
P03,Standard,2024-05-31,550000,562000,manual
P03,Standard,2024-06-01,550000,611000,manual
P03,Standard,2024-06-02,550000,587000,manual
P03,Standard,2024-06-03,550000,605000,manual
P03,Standard,2024-06-04,550000,589000,manual
P03,Standard,2024-06-05,550000,615000,manual
P03,Standard,2024-06-06,550000,584000,manual
P03,Standard,2024-06-07,550000,592000,manual
P03,Standard,2024-06-08,550000,583000,manual
P03,Standard,2024-06-09,550000,600000,manual
P03,Standard,2024-06-10,550000,595000,manual
P03,Standard,2024-06-11,550000,567000,manual
P03,Standard,2024-06-12,550000,563000,manual
P03,Standard,2024-06-13,550000,596000,manual
P03,Standard,2024-06-14,550000,554000,manual
P03,Standard,2024-06-15,550000,594000,manual
P03,Standard,2024-06-16,550000,594000,manual
P03,Standard,2024-06-17,550000,573000,manual
P03,Standard,2024-06-18,550000,598000,manual
P03,Standard,2024-06-19,550000,607000,manual
P03,Standard,2024-06-20,550000,589000,manual
P03,Standard,2024-06-21,550000,604000,manual
P03,Standard,2024-06-22,550000,592000,manual
P03,Standard,2024-06-23,550000,584000,manual
P03,Standard,2024-06-24,550000,549000,manual
P03,Standard,2024-06-25,550000,562000,manual
P03,Standard,2024-06-26,550000,559000,manual
P03,Standard,2024-06-27,550000,616000,manual
P03,Standard,2024-06-28,550000,600000,manual
P03,Standard,2024-06-29,550000,583000,manual
P03,Standard,2024-06-30,550000,612000,manual
P03,Standard,2024-07-01,550000,593000,manual
P03,Standard,2024-07-02,550000,619000,manual
P03,Standard,2024-07-03,550000,592000,manual
P03,Standard,2024-07-04,550000,661000,manual
P03,Standard,2024-07-05,550000,617000,manual
P03,Standard,2024-07-06,550000,626000,manual
P03,Standard,2024-07-07,550000,591000,manual
P03,Standard,2024-07-08,550000,619000,manual
P03,Standard,2024-07-09,550000,576000,manual
P03,Standard,2024-07-10,550000,632000,manual
P03,Standard,2024-07-11,550000,586000,manual
P03,Standard,2024-07-12,550000,611000,manual
P03,Standard,2024-07-13,550000,602000,manual
P03,Standard,2024-07-14,550000,648000,manual
P03,Standard,2024-07-15,550000,615000,manual
P03,Standard,2024-07-16,550000,625000,manual
P03,Standard,2024-07-17,550000,592000,manual
P03,Standard,2024-07-18,550000,609000,manual
P03,Standard,2024-07-19,550000,606000,manual
P03,Standard,2024-07-20,550000,618000,manual
P03,Standard,2024-07-21,550000,611000,manual
P03,Standard,2024-07-22,550000,615000,manual
P03,Standard,2024-07-23,550000,604000,manual
P03,Standard,2024-07-24,550000,608000,manual
P03,Standard,2024-07-25,550000,610000,manual
P03,Standard,2024-07-26,550000,624000,manual
P03,Standard,2024-07-27,550000,606000,manual
P03,Standard,2024-07-28,550000,610000,manual
P03,Standard,2024-07-29,550000,614000,manual
P03,Standard,2024-07-30,550000,597000,manual
P03,Standard,2024-07-31,550000,581000,manual
P03,Standard,2024-08-01,550000,563000,manual
P03,Standard,2024-08-02,550000,553000,manual
P03,Standard,2024-08-03,550000,563000,manual
P03,Standard,2024-08-04,550000,565000,manual
P03,Standard,2024-08-05,550000,540000,manual
P03,Standard,2024-08-06,550000,544000,manual
P03,Standard,2024-08-07,550000,569000,manual
P03,Standard,2024-08-08,550000,596000,manual
P03,Standard,2024-08-09,550000,561000,manual
P03,Standard,2024-08-10,550000,588000,manual
P03,Standard,2024-08-11,550000,581000,manual
P03,Standard,2024-08-12,550000,572000,manual
P03,Standard,2024-08-13,550000,567000,manual
P03,Standard,2024-08-14,550000,546000,manual
P03,Standard,2024-08-15,550000,550000,manual
P03,Standard,2024-08-16,550000,563000,manual
P03,Standard,2024-08-17,550000,585000,manual
P03,Standard,2024-08-18,550000,553000,manual
P03,Standard,2024-08-19,550000,577000,manual
P03,Standard,2024-08-20,550000,567000,manual
P03,Standard,2024-08-21,550000,563000,manual
P03,Standard,2024-08-22,550000,564000,manual
P03,Standard,2024-08-23,550000,545000,manual
P03,Standard,2024-08-24,550000,558000,manual
P03,Standard,2024-08-25,550000,543000,manual
P03,Standard,2024-08-26,550000,567000,manual
P03,Standard,2024-08-27,550000,566000,manual
P03,Standard,2024-08-28,550000,580000,manual
P03,Standard,2024-08-29,550000,566000,manual
P03,Standard,2024-08-30,550000,568000,manual
P03,Standard,2024-08-31,550000,572000,manual
P03,Standard,2024-09-01,550000,517000,promo
P03,Standard,2024-09-02,550000,540000,promo
P03,Standard,2024-09-03,550000,544000,promo
P03,Standard,2024-09-04,550000,501000,promo
P03,Standard,2024-09-05,550000,503000,promo
P03,Standard,2024-09-06,550000,526000,promo
P03,Standard,2024-09-07,550000,515000,promo
P03,Standard,2024-09-08,550000,497000,promo
P03,Standard,2024-09-09,550000,491000,promo
P03,Standard,2024-09-10,550000,521000,promo
P03,Standard,2024-09-11,550000,508000,promo
P03,Standard,2024-09-12,550000,546000,promo
P03,Standard,2024-09-13,550000,503000,promo
P03,Standard,2024-09-14,550000,496000,promo
P03,Standard,2024-09-15,550000,523000,promo
P03,Standard,2024-09-16,550000,486000,promo
P03,Standard,2024-09-17,550000,527000,promo
P03,Standard,2024-09-18,550000,509000,promo
P03,Standard,2024-09-19,550000,528000,promo
P03,Standard,2024-09-20,550000,512000,promo
P03,Standard,2024-09-21,550000,515000,promo
P03,Standard,2024-09-22,550000,513000,promo
P03,Standard,2024-09-23,550000,492000,promo
P03,Standard,2024-09-24,550000,505000,promo
P03,Standard,2024-09-25,550000,533000,promo
P03,Standard,2024-09-26,550000,518000,promo
P03,Standard,2024-09-27,550000,517000,promo
P03,Standard,2024-09-28,550000,534000,promo
P03,Standard,2024-09-29,550000,526000,promo
P03,Standard,2024-09-30,550000,528000,promo
P03,Standard,2024-10-01,550000,519000,promo
P03,Standard,2024-10-02,550000,516000,promo
P03,Standard,2024-10-03,550000,531000,promo
P03,Standard,2024-10-04,550000,490000,promo
P03,Standard,2024-10-05,550000,532000,promo
P03,Standard,2024-10-06,550000,510000,promo
P03,Standard,2024-10-07,550000,550000,promo
P03,Standard,2024-10-08,550000,500000,promo
P03,Standard,2024-10-09,550000,523000,promo
P03,Standard,2024-10-10,550000,523000,promo
P03,Standard,2024-10-11,550000,503000,promo
P03,Standard,2024-10-12,550000,526000,promo
P03,Standard,2024-10-13,550000,522000,promo
P03,Standard,2024-10-14,550000,527000,promo
P03,Standard,2024-10-15,550000,521000,promo
P03,Standard,2024-10-16,550000,557000,promo
P03,Standard,2024-10-17,550000,529000,promo
P03,Standard,2024-10-18,550000,554000,promo
P03,Standard,2024-10-19,550000,531000,promo
P03,Standard,2024-10-20,550000,491000,promo
P03,Standard,2024-10-21,550000,514000,promo
P03,Standard,2024-10-22,550000,529000,promo
P03,Standard,2024-10-23,550000,513000,promo
P03,Standard,2024-10-24,550000,509000,promo
P03,Standard,2024-10-25,550000,540000,promo
P03,Standard,2024-10-26,550000,503000,promo
P03,Standard,2024-10-27,550000,521000,promo
P03,Standard,2024-10-28,550000,515000,promo
P03,Standard,2024-10-29,550000,542000,promo
P03,Standard,2024-10-30,550000,493000,promo
P03,Standard,2024-10-31,550000,505000,promo
P03,Standard,2024-11-01,550000,531000,manual
P03,Standard,2024-11-02,550000,552000,manual
P03,Standard,2024-11-03,550000,560000,manual
P03,Standard,2024-11-04,550000,523000,manual
P03,Standard,2024-11-05,550000,526000,manual
P03,Standard,2024-11-06,550000,558000,manual
P03,Standard,2024-11-07,550000,552000,manual
P03,Standard,2024-11-08,550000,545000,manual
P03,Standard,2024-11-09,550000,536000,manual
P03,Standard,2024-11-10,550000,538000,manual
P03,Standard,2024-11-11,550000,554000,manual
P03,Standard,2024-11-12,550000,542000,manual
P03,Standard,2024-11-13,550000,520000,manual
P03,Standard,2024-11-14,550000,555000,manual
P03,Standard,2024-11-15,550000,548000,manual
P03,Standard,2024-11-16,550000,512000,manual
P03,Standard,2024-11-17,550000,579000,manual
P03,Standard,2024-11-18,550000,558000,manual
P03,Standard,2024-11-19,550000,544000,manual
P03,Standard,2024-11-20,550000,568000,manual
P03,Standard,2024-11-21,550000,551000,manual
P03,Standard,2024-11-22,550000,543000,manual
P03,Standard,2024-11-23,550000,520000,manual
P03,Standard,2024-11-24,550000,580000,manual
P03,Standard,2024-11-25,550000,556000,manual
P03,Standard,2024-11-26,550000,579000,manual
P03,Standard,2024-11-27,550000,539000,manual
P03,Standard,2024-11-28,550000,529000,manual
P03,Standard,2024-11-29,550000,543000,manual
P03,Standard,2024-11-30,550000,565000,manual
P03,Standard,2024-12-01,550000,628000,manual
P03,Standard,2024-12-02,550000,621000,manual
P03,Standard,2024-12-03,550000,642000,manual
P03,Standard,2024-12-04,550000,635000,manual
P03,Standard,2024-12-05,550000,603000,manual
P03,Standard,2024-12-06,550000,624000,manual
P03,Standard,2024-12-07,550000,643000,manual
P03,Standard,2024-12-08,550000,618000,manual
P03,Standard,2024-12-09,550000,632000,manual
P03,Standard,2024-12-10,550000,626000,manual
P03,Standard,2024-12-11,550000,600000,manual
P03,Standard,2024-12-12,550000,613000,manual
P03,Standard,2024-12-13,550000,578000,manual
P03,Standard,2024-12-14,550000,613000,manual
P03,Standard,2024-12-15,550000,639000,manual
P03,Standard,2024-12-16,550000,617000,manual
P03,Standard,2024-12-17,550000,657000,manual
P03,Standard,2024-12-18,550000,644000,manual
P03,Standard,2024-12-19,550000,642000,manual
P03,Standard,2024-12-20,550000,591000,manual
P03,Standard,2024-12-21,550000,624000,manual
P03,Standard,2024-12-22,550000,587000,manual
P03,Standard,2024-12-23,550000,645000,manual
P03,Standard,2024-12-24,550000,649000,manual
P03,Standard,2024-12-25,550000,623000,manual
P03,Standard,2024-12-26,550000,582000,manual
P03,Standard,2024-12-27,550000,632000,manual
P03,Standard,2024-12-28,550000,636000,manual
P03,Standard,2024-12-29,550000,598000,manual
P03,Standard,2024-12-30,550000,639000,manual
P03,Standard,2024-12-31,550000,643000,manual
P03,Standard,2025-01-01,550000,580000,manual
P03,Standard,2025-01-02,550000,569000,manual
P03,Standard,2025-01-03,550000,572000,manual
P03,Standard,2025-01-04,550000,597000,manual
P03,Standard,2025-01-05,550000,607000,manual
P03,Standard,2025-01-06,550000,611000,manual
P03,Standard,2025-01-07,550000,613000,manual
P03,Standard,2025-01-08,550000,589000,manual
P03,Standard,2025-01-09,550000,613000,manual
P03,Standard,2025-01-10,550000,620000,manual
P03,Standard,2025-01-11,550000,612000,manual
P03,Standard,2025-01-12,550000,612000,manual
P03,Standard,2025-01-13,550000,597000,manual
P03,Standard,2025-01-14,550000,575000,manual
P03,Standard,2025-01-15,550000,608000,manual
P03,Standard,2025-01-16,550000,624000,manual
P03,Standard,2025-01-17,550000,586000,manual
P03,Standard,2025-01-18,550000,610000,manual
P03,Standard,2025-01-19,550000,635000,manual
P03,Standard,2025-01-20,550000,613000,manual
P03,Standard,2025-01-21,550000,629000,manual
P03,Standard,2025-01-22,550000,614000,manual
P03,Standard,2025-01-23,550000,605000,manual
P03,Standard,2025-01-24,550000,609000,manual
P03,Standard,2025-01-25,550000,633000,manual
P03,Standard,2025-01-26,550000,619000,manual
P03,Standard,2025-01-27,550000,622000,manual
P03,Standard,2025-01-28,550000,606000,manual
P03,Standard,2025-01-29,550000,593000,manual
P03,Standard,2025-01-30,550000,592000,manual
P03,Standard,2025-01-31,550000,641000,manual
P03,Standard,2025-02-01,550000,518000,promo
P03,Standard,2025-02-02,550000,534000,promo
P03,Standard,2025-02-03,550000,523000,promo
P03,Standard,2025-02-04,550000,529000,promo
P03,Standard,2025-02-05,550000,526000,promo
P03,Standard,2025-02-06,550000,530000,promo
P03,Standard,2025-02-07,550000,494000,promo
P03,Standard,2025-02-08,550000,516000,promo
P03,Standard,2025-02-09,550000,520000,promo
P03,Standard,2025-02-10,550000,529000,promo
P03,Standard,2025-02-11,550000,541000,promo
P03,Standard,2025-02-12,550000,529000,promo
P03,Standard,2025-02-13,550000,494000,promo
P03,Standard,2025-02-14,550000,492000,promo
P03,Standard,2025-02-15,550000,543000,promo
P03,Standard,2025-02-16,550000,497000,promo
P03,Standard,2025-02-17,550000,502000,promo
P03,Standard,2025-02-18,550000,535000,promo
P03,Standard,2025-02-19,550000,544000,promo
P03,Standard,2025-02-20,550000,515000,promo
P03,Standard,2025-02-21,550000,514000,promo
P03,Standard,2025-02-22,550000,515000,promo
P03,Standard,2025-02-23,550000,486000,promo
P03,Standard,2025-02-24,550000,498000,promo
P03,Standard,2025-02-25,550000,544000,promo
P03,Standard,2025-02-26,550000,500000,promo
P03,Standard,2025-02-27,550000,541000,promo
P03,Standard,2025-02-28,550000,532000,promo
P03,Standard,2025-03-01,550000,538000,promo
P03,Standard,2025-03-02,550000,536000,promo
P03,Standard,2025-03-03,550000,506000,promo
P03,Standard,2025-03-04,550000,508000,promo
P03,Standard,2025-03-05,550000,522000,promo
P03,Standard,2025-03-06,550000,519000,promo
P03,Standard,2025-03-07,550000,494000,promo
P03,Standard,2025-03-08,550000,539000,promo
P03,Standard,2025-03-09,550000,524000,promo
P03,Standard,2025-03-10,550000,528000,promo
P03,Standard,2025-03-11,550000,524000,promo
P03,Standard,2025-03-12,550000,521000,promo
P03,Standard,2025-03-13,550000,502000,promo
P03,Standard,2025-03-14,550000,494000,promo
P03,Standard,2025-03-15,550000,540000,promo
P03,Standard,2025-03-16,550000,496000,promo
P03,Standard,2025-03-17,550000,508000,promo
P03,Standard,2025-03-18,550000,544000,promo
P03,Standard,2025-03-19,550000,510000,promo
P03,Standard,2025-03-20,550000,553000,promo
P03,Standard,2025-03-21,550000,484000,promo
P03,Standard,2025-03-22,550000,520000,promo
P03,Standard,2025-03-23,550000,513000,promo
P03,Standard,2025-03-24,550000,491000,promo
P03,Standard,2025-03-25,550000,511000,promo
P03,Standard,2025-03-26,550000,476000,promo
P03,Standard,2025-03-27,550000,525000,promo
P03,Standard,2025-03-28,550000,535000,promo
P03,Standard,2025-03-29,550000,538000,promo
P03,Standard,2025-03-30,550000,517000,promo
P03,Standard,2025-03-31,550000,514000,promo
P03,Standard,2025-04-01,550000,545000,manual
P03,Standard,2025-04-02,550000,542000,manual
P03,Standard,2025-04-03,550000,529000,manual
P03,Standard,2025-04-04,550000,544000,manual
P03,Standard,2025-04-05,550000,539000,manual
P03,Standard,2025-04-06,550000,574000,manual
P03,Standard,2025-04-07,550000,560000,manual
P03,Standard,2025-04-08,550000,562000,manual
P03,Standard,2025-04-09,550000,519000,manual
P03,Standard,2025-04-10,550000,575000,manual
P03,Standard,2025-04-11,550000,562000,manual
P03,Standard,2025-04-12,550000,532000,manual
P03,Standard,2025-04-13,550000,562000,manual
P03,Standard,2025-04-14,550000,566000,manual
P03,Standard,2025-04-15,550000,530000,manual
P03,Standard,2025-04-16,550000,574000,manual
P03,Standard,2025-04-17,550000,545000,manual
P03,Standard,2025-04-18,550000,541000,manual
P03,Standard,2025-04-19,550000,549000,manual
P03,Standard,2025-04-20,550000,523000,manual
P03,Standard,2025-04-21,550000,567000,manual
P03,Standard,2025-04-22,550000,552000,manual
P03,Standard,2025-04-23,550000,548000,manual
P03,Standard,2025-04-24,550000,591000,manual
P03,Standard,2025-04-25,550000,555000,manual
P03,Standard,2025-04-26,550000,543000,manual
P03,Standard,2025-04-27,550000,562000,manual
P03,Standard,2025-04-28,550000,531000,manual
P03,Standard,2025-04-29,550000,547000,manual
P03,Standard,2025-04-30,550000,533000,manual
P03,Standard,2025-05-01,550000,546000,manual
P03,Standard,2025-05-02,550000,570000,manual
P03,Standard,2025-05-03,550000,561000,manual
P03,Standard,2025-05-04,550000,560000,manual
P03,Standard,2025-05-05,550000,543000,manual
P03,Standard,2025-05-06,550000,546000,manual
P03,Standard,2025-05-07,550000,590000,manual
P03,Standard,2025-05-08,550000,565000,manual
P03,Standard,2025-05-09,550000,551000,manual
P03,Standard,2025-05-10,550000,587000,manual
P03,Standard,2025-05-11,550000,532000,manual
P03,Standard,2025-05-12,550000,551000,manual
P03,Standard,2025-05-13,550000,567000,manual
P03,Standard,2025-05-14,550000,513000,manual
P03,Standard,2025-05-15,550000,537000,manual
P03,Standard,2025-05-16,550000,559000,manual
P03,Standard,2025-05-17,550000,551000,manual
P03,Standard,2025-05-18,550000,562000,manual
P03,Standard,2025-05-19,550000,542000,manual
P03,Standard,2025-05-20,550000,557000,manual
P03,Standard,2025-05-21,550000,571000,manual
P03,Standard,2025-05-22,550000,570000,manual
P03,Standard,2025-05-23,550000,565000,manual
P03,Standard,2025-05-24,550000,569000,manual
P03,Standard,2025-05-25,550000,561000,manual
P03,Standard,2025-05-26,550000,549000,manual
P03,Standard,2025-05-27,550000,554000,manual
P03,Standard,2025-05-28,550000,567000,manual
P03,Standard,2025-05-29,550000,549000,manual
P03,Standard,2025-05-30,550000,546000,manual
P03,Standard,2025-05-31,550000,568000,manual
P03,Standard,2025-06-01,550000,602000,manual
P03,Standard,2025-06-02,550000,609000,manual
P03,Standard,2025-06-03,550000,557000,manual
P03,Standard,2025-06-04,550000,600000,manual
P03,Standard,2025-06-05,550000,584000,manual
P03,Standard,2025-06-06,550000,587000,manual
P03,Standard,2025-06-07,550000,605000,manual
P03,Standard,2025-06-08,550000,586000,manual
P03,Standard,2025-06-09,550000,578000,manual
P03,Standard,2025-06-10,550000,596000,manual
P03,Standard,2025-06-11,550000,568000,manual
P03,Standard,2025-06-12,550000,616000,manual
P03,Standard,2025-06-13,550000,558000,manual
P03,Standard,2025-06-14,550000,613000,manual
P03,Standard,2025-06-15,550000,618000,manual
P03,Standard,2025-06-16,550000,588000,manual
P03,Standard,2025-06-17,550000,578000,manual
P03,Standard,2025-06-18,550000,569000,manual
P03,Standard,2025-06-19,550000,559000,manual
P03,Standard,2025-06-20,550000,576000,manual
P03,Standard,2025-06-21,550000,557000,manual
P03,Standard,2025-06-22,550000,588000,manual
P03,Standard,2025-06-23,550000,594000,manual
P03,Standard,2025-06-24,550000,565000,manual
P03,Standard,2025-06-25,550000,610000,manual
P03,Standard,2025-06-26,550000,592000,manual
P03,Standard,2025-06-27,550000,565000,manual
P03,Standard,2025-06-28,550000,591000,manual
P03,Standard,2025-06-29,550000,604000,manual
P03,Standard,2025-06-30,550000,577000,manual
P03,Standard,2025-07-01,550000,589000,manual
P03,Standard,2025-07-02,550000,640000,manual
P03,Standard,2025-07-03,550000,649000,manual
P03,Standard,2025-07-04,550000,628000,manual
P03,Standard,2025-07-05,550000,608000,manual
P03,Standard,2025-07-06,550000,616000,manual
P03,Standard,2025-07-07,550000,605000,manual
P03,Standard,2025-07-08,550000,613000,manual
P03,Standard,2025-07-09,550000,597000,manual
P03,Standard,2025-07-10,550000,576000,manual
P03,Standard,2025-07-11,550000,588000,manual
P03,Standard,2025-07-12,550000,649000,manual
P03,Standard,2025-07-13,550000,626000,manual
P03,Standard,2025-07-14,550000,593000,manual
P03,Standard,2025-07-15,550000,631000,manual
P03,Standard,2025-07-16,550000,620000,manual
P03,Standard,2025-07-17,550000,615000,manual
P03,Standard,2025-07-18,550000,602000,manual
P03,Standard,2025-07-19,550000,634000,manual
P03,Standard,2025-07-20,550000,625000,manual
P03,Standard,2025-07-21,550000,610000,manual
P03,Standard,2025-07-22,550000,616000,manual
P03,Standard,2025-07-23,550000,617000,manual
P03,Standard,2025-07-24,550000,634000,manual
P03,Standard,2025-07-25,550000,638000,manual
P03,Standard,2025-07-26,550000,606000,manual
P03,Standard,2025-07-27,550000,625000,manual
P03,Standard,2025-07-28,550000,590000,manual
P03,Standard,2025-07-29,550000,611000,manual
P03,Standard,2025-07-30,550000,600000,manual
P03,Standard,2025-07-31,550000,607000,manual
P03,Standard,2025-08-01,550000,557000,manual
P03,Standard,2025-08-02,550000,574000,manual
P03,Standard,2025-08-03,550000,586000,manual
P03,Standard,2025-08-04,550000,597000,manual
P03,Standard,2025-08-05,550000,558000,manual
P03,Standard,2025-08-06,550000,575000,manual
P03,Standard,2025-08-07,550000,557000,manual
P03,Standard,2025-08-08,550000,558000,manual
P03,Standard,2025-08-09,550000,529000,manual
P03,Standard,2025-08-10,550000,537000,manual
P03,Standard,2025-08-11,550000,562000,manual
P03,Standard,2025-08-12,550000,557000,manual
P03,Standard,2025-08-13,550000,559000,manual
P03,Standard,2025-08-14,550000,552000,manual
P03,Standard,2025-08-15,550000,557000,manual
P03,Standard,2025-08-16,550000,560000,manual
P03,Standard,2025-08-17,550000,535000,manual
P03,Standard,2025-08-18,550000,557000,manual
P03,Standard,2025-08-19,550000,574000,manual
P03,Standard,2025-08-20,550000,563000,manual
P03,Standard,2025-08-21,550000,539000,manual
P03,Standard,2025-08-22,550000,541000,manual
P03,Standard,2025-08-23,550000,563000,manual
P03,Standard,2025-08-24,550000,590000,manual
P03,Standard,2025-08-25,550000,571000,manual
P03,Standard,2025-08-26,550000,538000,manual
P03,Standard,2025-08-27,550000,559000,manual
P03,Standard,2025-08-28,550000,564000,manual
P03,Standard,2025-08-29,550000,544000,manual
P03,Standard,2025-08-30,550000,589000,manual
P03,Standard,2025-08-31,550000,560000,manual
P03,Standard,2025-09-01,550000,540000,promo
P03,Standard,2025-09-02,550000,537000,promo
P03,Standard,2025-09-03,550000,521000,promo
P03,Standard,2025-09-04,550000,513000,promo
P03,Standard,2025-09-05,550000,490000,promo
P03,Standard,2025-09-06,550000,529000,promo
P03,Standard,2025-09-07,550000,488000,promo
P03,Standard,2025-09-08,550000,516000,promo
P03,Standard,2025-09-09,550000,500000,promo
P03,Standard,2025-09-10,550000,539000,promo
P03,Standard,2025-09-11,550000,516000,promo
P03,Standard,2025-09-12,550000,536000,promo
P03,Standard,2025-09-13,550000,543000,promo
P03,Standard,2025-09-14,550000,535000,promo
P03,Standard,2025-09-15,550000,500000,promo
P03,Standard,2025-09-16,550000,505000,promo
P03,Standard,2025-09-17,550000,501000,promo
P03,Standard,2025-09-18,550000,525000,promo
P03,Standard,2025-09-19,550000,519000,promo
P03,Standard,2025-09-20,550000,488000,promo
P03,Standard,2025-09-21,550000,509000,promo
P03,Standard,2025-09-22,550000,498000,promo
P03,Standard,2025-09-23,550000,535000,promo
P03,Standard,2025-09-24,550000,532000,promo
P03,Standard,2025-09-25,550000,515000,promo
P03,Standard,2025-09-26,550000,516000,promo
P03,Standard,2025-09-27,550000,548000,promo
P03,Standard,2025-09-28,550000,507000,promo
P03,Standard,2025-09-29,550000,498000,promo
P03,Standard,2025-09-30,550000,522000,promo
P03,Standard,2025-10-01,550000,523000,promo
P03,Standard,2025-10-02,550000,514000,promo
P03,Standard,2025-10-03,550000,541000,promo
P03,Standard,2025-10-04,550000,526000,promo
P03,Standard,2025-10-05,550000,515000,promo
P03,Standard,2025-10-06,550000,506000,promo
P03,Standard,2025-10-07,550000,498000,promo
P03,Standard,2025-10-08,550000,522000,promo
P03,Standard,2025-10-09,550000,536000,promo
P03,Standard,2025-10-10,550000,507000,promo
P03,Standard,2025-10-11,550000,526000,promo
P03,Standard,2025-10-12,550000,511000,promo
P03,Standard,2025-10-13,550000,532000,promo
P03,Standard,2025-10-14,550000,520000,promo
P03,Standard,2025-10-15,550000,526000,promo
P03,Standard,2025-10-16,550000,547000,promo
P03,Standard,2025-10-17,550000,482000,promo
P03,Standard,2025-10-18,550000,504000,promo
P03,Standard,2025-10-19,550000,519000,promo
P03,Standard,2025-10-20,550000,532000,promo
P03,Standard,2025-10-21,550000,511000,promo
P03,Standard,2025-10-22,550000,532000,promo
P03,Standard,2025-10-23,550000,543000,promo
P03,Standard,2025-10-24,550000,540000,promo
P03,Standard,2025-10-25,550000,506000,promo
P03,Standard,2025-10-26,550000,514000,promo
P03,Standard,2025-10-27,550000,550000,promo
P03,Standard,2025-10-28,550000,517000,promo
P03,Standard,2025-10-29,550000,517000,promo
P03,Standard,2025-10-30,550000,533000,promo
P03,Standard,2025-10-31,550000,513000,promo
P03,Standard,2025-11-01,550000,538000,manual
P03,Standard,2025-11-02,550000,543000,manual
P03,Standard,2025-11-03,550000,539000,manual
P03,Standard,2025-11-04,550000,547000,manual
P03,Standard,2025-11-05,550000,586000,manual
P03,Standard,2025-11-06,550000,544000,manual
P03,Standard,2025-11-07,550000,556000,manual
P03,Standard,2025-11-08,550000,556000,manual
P03,Standard,2025-11-09,550000,562000,manual
P03,Standard,2025-11-10,550000,540000,manual
P03,Standard,2025-11-11,550000,570000,manual
P03,Standard,2025-11-12,550000,544000,manual
P03,Standard,2025-11-13,550000,546000,manual
P03,Standard,2025-11-14,550000,582000,manual
P03,Standard,2025-11-15,550000,546000,manual
P03,Standard,2025-11-16,550000,528000,manual
P03,Standard,2025-11-17,550000,550000,manual
P03,Standard,2025-11-18,550000,523000,manual
P03,Standard,2025-11-19,550000,550000,manual
P03,Standard,2025-11-20,550000,539000,manual
P03,Standard,2025-11-21,550000,565000,manual
P03,Standard,2025-11-22,550000,544000,manual
P03,Standard,2025-11-23,550000,563000,manual
P03,Standard,2025-11-24,550000,530000,manual
P03,Standard,2025-11-25,550000,569000,manual
P03,Standard,2025-11-26,550000,537000,manual
P03,Standard,2025-11-27,550000,549000,manual
P03,Standard,2025-11-28,550000,565000,manual
P03,Standard,2025-11-29,550000,547000,manual
P03,Standard,2025-11-30,550000,543000,manual
P03,Standard,2025-12-01,550000,598000,manual
P03,Standard,2025-12-02,550000,637000,manual
P03,Standard,2025-12-03,550000,602000,manual
P03,Standard,2025-12-04,550000,576000,manual
P03,Standard,2025-12-05,550000,609000,manual
P03,Standard,2025-12-06,550000,639000,manual
P03,Standard,2025-12-07,550000,621000,manual
P03,Standard,2025-12-08,550000,592000,manual
P03,Standard,2025-12-09,550000,609000,manual
P03,Standard,2025-12-10,550000,646000,manual
P03,Standard,2025-12-11,550000,600000,manual
P03,Standard,2025-12-12,550000,634000,manual
P03,Standard,2025-12-13,550000,629000,manual
P03,Standard,2025-12-14,550000,629000,manual
P03,Standard,2025-12-15,550000,602000,manual
P03,Standard,2025-12-16,550000,646000,manual
P03,Standard,2025-12-17,550000,595000,manual
P03,Standard,2025-12-18,550000,625000,manual
P03,Standard,2025-12-19,550000,622000,manual
P03,Standard,2025-12-20,550000,622000,manual
P03,Standard,2025-12-21,550000,642000,manual
P03,Standard,2025-12-22,550000,607000,manual
P03,Standard,2025-12-23,550000,623000,manual
P03,Standard,2025-12-24,550000,658000,manual
P03,Standard,2025-12-25,550000,620000,manual
P03,Standard,2025-12-26,550000,623000,manual
P03,Standard,2025-12-27,550000,640000,manual
P03,Standard,2025-12-28,550000,633000,manual
P03,Standard,2025-12-29,550000,656000,manual
P03,Standard,2025-12-30,550000,612000,manual
P03,Standard,2025-12-31,550000,614000,manual
P03,Standard,2026-01-01,550000,634000,manual
P03,Standard,2026-01-02,550000,620000,manual
P03,Standard,2026-01-03,550000,591000,manual
P03,Standard,2026-01-04,550000,626000,manual
P03,Standard,2026-01-05,550000,601000,manual
P03,Standard,2026-01-06,550000,633000,manual
P03,Standard,2026-01-07,550000,580000,manual
P03,Standard,2026-01-08,550000,583000,manual
P03,Standard,2026-01-09,550000,573000,manual
P03,Standard,2026-01-10,550000,620000,manual
P03,Standard,2026-01-11,550000,607000,manual
P03,Standard,2026-01-12,550000,590000,manual
P03,Standard,2026-01-13,550000,588000,manual
P03,Standard,2026-01-14,550000,602000,manual
P03,Standard,2026-01-15,550000,598000,manual
P03,Standard,2026-01-16,550000,583000,manual
P03,Standard,2026-01-17,550000,637000,manual
P03,Standard,2026-01-18,550000,637000,manual
P03,Standard,2026-01-19,550000,591000,manual
P03,Standard,2026-01-20,550000,587000,manual
P03,Standard,2026-01-21,550000,606000,manual
P03,Standard,2026-01-22,550000,588000,manual
P03,Standard,2026-01-23,550000,593000,manual
P03,Standard,2026-01-24,550000,590000,manual
P03,Standard,2026-01-25,550000,614000,manual
P03,Standard,2026-01-26,550000,626000,manual
P03,Standard,2026-01-27,550000,590000,manual
P03,Standard,2026-01-28,550000,579000,manual
P03,Standard,2026-01-29,550000,625000,manual
P03,Standard,2026-01-30,550000,576000,manual
P03,Standard,2026-01-31,550000,661000,manual
P03,Standard,2026-02-01,550000,525000,promo
P03,Standard,2026-02-02,550000,506000,promo
P03,Standard,2026-02-03,550000,522000,promo
P03,Standard,2026-02-04,550000,513000,promo
P03,Standard,2026-02-05,550000,510000,promo
P03,Standard,2026-02-06,550000,509000,promo
P03,Standard,2026-02-07,550000,508000,promo
P03,Standard,2026-02-08,550000,524000,promo
P03,Standard,2026-02-09,550000,536000,promo
P03,Standard,2026-02-10,550000,516000,promo
P03,Standard,2026-02-11,550000,535000,promo
P03,Standard,2026-02-12,550000,520000,promo
P03,Standard,2026-02-13,550000,543000,promo
P03,Standard,2026-02-14,550000,521000,promo
P03,Standard,2026-02-15,550000,553000,promo
P03,Standard,2026-02-16,550000,541000,promo
P03,Standard,2026-02-17,550000,505000,promo
P03,Standard,2026-02-18,550000,511000,promo
P03,Standard,2026-02-19,550000,532000,promo
P03,Standard,2026-02-20,550000,524000,promo
P03,Standard,2026-02-21,550000,529000,promo
P03,Standard,2026-02-22,550000,514000,promo
P03,Standard,2026-02-23,550000,502000,promo
P03,Standard,2026-02-24,550000,542000,promo
P03,Standard,2026-02-25,550000,504000,promo
P03,Standard,2026-02-26,550000,507000,promo
P03,Standard,2026-02-27,550000,501000,promo
P03,Standard,2026-02-28,550000,522000,promo
P03,Standard,2026-03-01,550000,518000,promo
P03,Standard,2026-03-02,550000,514000,promo
P03,Standard,2026-03-03,550000,512000,promo
P03,Standard,2026-03-04,550000,509000,promo
P03,Standard,2026-03-05,550000,499000,promo
P03,Standard,2026-03-06,550000,544000,promo
P03,Standard,2026-03-07,550000,537000,promo
P03,Standard,2026-03-08,550000,533000,promo
P03,Standard,2026-03-09,550000,508000,promo
P03,Standard,2026-03-10,550000,536000,promo
P03,Standard,2026-03-11,550000,505000,promo
P03,Standard,2026-03-12,550000,496000,promo
P03,Standard,2026-03-13,550000,506000,promo
P03,Standard,2026-03-14,550000,502000,promo
P03,Standard,2026-03-15,550000,521000,promo
P03,Standard,2026-03-16,550000,507000,promo
P03,Standard,2026-03-17,550000,485000,promo
P03,Standard,2026-03-18,550000,513000,promo
P03,Standard,2026-03-19,550000,540000,promo
P03,Standard,2026-03-20,550000,520000,promo
P03,Standard,2026-03-21,550000,543000,promo
P03,Standard,2026-03-22,550000,517000,promo
P03,Standard,2026-03-23,550000,509000,promo
P03,Standard,2026-03-24,550000,543000,promo
P03,Standard,2026-03-25,550000,529000,promo
P03,Standard,2026-03-26,550000,546000,promo
P03,Standard,2026-03-27,550000,533000,promo
P03,Standard,2026-03-28,550000,533000,promo
P03,Standard,2026-03-29,550000,514000,promo
P03,Standard,2026-03-30,550000,532000,promo
P03,Standard,2026-03-31,550000,531000,promo
P03,Standard,2026-04-01,550000,565000,manual
P03,Standard,2026-04-02,550000,556000,manual
P03,Standard,2026-04-03,550000,554000,manual
P03,Standard,2026-04-04,550000,524000,manual
P03,Standard,2026-04-05,550000,537000,manual
P03,Standard,2026-04-06,550000,549000,manual
P03,Standard,2026-04-07,550000,528000,manual
P03,Standard,2026-04-08,550000,504000,manual
P03,Standard,2026-04-09,550000,538000,manual
P03,Standard,2026-04-10,550000,536000,manual
P03,Standard,2026-04-11,550000,539000,manual
P03,Standard,2026-04-12,550000,522000,manual
P03,Standard,2026-04-13,550000,567000,manual
P03,Standard,2026-04-14,550000,524000,manual
P03,Standard,2026-04-15,550000,533000,manual
P03,Standard,2026-04-16,550000,534000,manual
P03,Standard,2026-04-17,550000,561000,manual
P03,Standard,2026-04-18,550000,547000,manual
P03,Standard,2026-04-19,550000,530000,manual
P03,Standard,2026-04-20,550000,541000,manual
P03,Standard,2026-04-21,550000,537000,manual
P03,Standard,2026-04-22,550000,541000,manual
P03,Standard,2026-04-23,550000,558000,manual
P03,Standard,2026-04-24,550000,523000,manual
P03,Standard,2026-04-25,550000,536000,manual
P03,Standard,2026-04-26,550000,540000,manual
P03,Standard,2026-04-27,550000,588000,manual
P03,Standard,2026-04-28,550000,549000,manual
P03,Standard,2026-04-29,550000,550000,manual
P03,Standard,2026-04-30,550000,539000,manual
P03,Standard,2026-05-01,550000,566000,manual
P03,Standard,2026-05-02,550000,545000,manual
P03,Standard,2026-05-03,550000,556000,manual
P03,Standard,2026-05-04,550000,584000,manual
P03,Standard,2026-05-05,550000,558000,manual
P03,Standard,2026-05-06,550000,569000,manual
P03,Standard,2026-05-07,550000,561000,manual
P03,Standard,2026-05-08,550000,539000,manual
P03,Standard,2026-05-09,550000,563000,manual
P03,Standard,2026-05-10,550000,553000,manual
P03,Standard,2026-05-11,550000,578000,manual
P03,Standard,2026-05-12,550000,577000,manual
P03,Standard,2026-05-13,550000,573000,manual
P03,Standard,2026-05-14,550000,540000,manual
P03,Standard,2026-05-15,550000,548000,manual
P03,Standard,2026-05-16,550000,549000,manual
P03,Standard,2026-05-17,550000,570000,manual
P03,Standard,2026-05-18,550000,541000,manual
P03,Standard,2026-05-19,550000,552000,manual
P03,Standard,2026-05-20,550000,565000,manual
P03,Standard,2026-05-21,550000,573000,manual
P03,Standard,2026-05-22,550000,567000,manual
P03,Standard,2026-05-23,550000,527000,manual
P03,Standard,2026-05-24,550000,552000,manual
P03,Standard,2026-05-25,550000,578000,manual
P03,Standard,2026-05-26,550000,542000,manual
P03,Standard,2026-05-27,550000,571000,manual
P03,Standard,2026-05-28,550000,560000,manual
P03,Standard,2026-05-29,550000,552000,manual
P03,Standard,2026-05-30,550000,546000,manual
P03,Standard,2026-05-31,550000,559000,manual
P03,Standard,2026-06-01,550000,608000,manual
P03,Standard,2026-06-02,550000,591000,manual
P03,Standard,2026-06-03,550000,570000,manual
P03,Standard,2026-06-04,550000,607000,manual
P03,Standard,2026-06-05,550000,587000,manual
P03,Standard,2026-06-06,550000,585000,manual
P03,Standard,2026-06-07,550000,572000,manual
P03,Standard,2026-06-08,550000,602000,manual
P03,Standard,2026-06-09,550000,597000,manual
P03,Standard,2026-06-10,550000,602000,manual
P03,Standard,2026-06-11,550000,609000,manual
P03,Standard,2026-06-12,550000,590000,manual
P03,Standard,2026-06-13,550000,560000,manual
P03,Standard,2026-06-14,550000,568000,manual
P03,Standard,2026-06-15,550000,580000,manual
P03,Standard,2026-06-16,550000,572000,manual
P03,Standard,2026-06-17,550000,558000,manual
P03,Standard,2026-06-18,550000,589000,manual
P03,Standard,2026-06-19,550000,573000,manual
P03,Standard,2026-06-20,550000,597000,manual
P03,Standard,2026-06-21,550000,603000,manual
P03,Standard,2026-06-22,550000,599000,manual
P03,Standard,2026-06-23,550000,610000,manual
P03,Standard,2026-06-24,550000,585000,manual
P03,Standard,2026-06-25,550000,617000,manual
P03,Standard,2026-06-26,550000,615000,manual
P03,Standard,2026-06-27,550000,575000,manual
P03,Standard,2026-06-28,550000,604000,manual
P03,Standard,2026-06-29,550000,577000,manual
P03,Standard,2026-06-30,550000,585000,manual
P03,Deluxe,2023-07-01,850000,977000,manual
P03,Deluxe,2023-07-02,850000,942000,manual
P03,Deluxe,2023-07-03,850000,952000,manual
P03,Deluxe,2023-07-04,850000,938000,manual
P03,Deluxe,2023-07-05,850000,964000,manual
P03,Deluxe,2023-07-06,850000,908000,manual
P03,Deluxe,2023-07-07,850000,939000,manual
P03,Deluxe,2023-07-08,850000,939000,manual
P03,Deluxe,2023-07-09,850000,908000,manual
P03,Deluxe,2023-07-10,850000,983000,manual
P03,Deluxe,2023-07-11,850000,930000,manual
P03,Deluxe,2023-07-12,850000,972000,manual
P03,Deluxe,2023-07-13,850000,926000,manual
P03,Deluxe,2023-07-14,850000,910000,manual
P03,Deluxe,2023-07-15,850000,921000,manual
P03,Deluxe,2023-07-16,850000,965000,manual
P03,Deluxe,2023-07-17,850000,1004000,manual
P03,Deluxe,2023-07-18,850000,982000,manual
P03,Deluxe,2023-07-19,850000,947000,manual
P03,Deluxe,2023-07-20,850000,992000,manual
P03,Deluxe,2023-07-21,850000,957000,manual
P03,Deluxe,2023-07-22,850000,994000,manual
P03,Deluxe,2023-07-23,850000,945000,manual
P03,Deluxe,2023-07-24,850000,934000,manual
P03,Deluxe,2023-07-25,850000,915000,manual
P03,Deluxe,2023-07-26,850000,954000,manual
P03,Deluxe,2023-07-27,850000,977000,manual
P03,Deluxe,2023-07-28,850000,991000,manual
P03,Deluxe,2023-07-29,850000,912000,manual
P03,Deluxe,2023-07-30,850000,965000,manual
P03,Deluxe,2023-07-31,850000,943000,manual
P03,Deluxe,2023-08-01,850000,902000,manual
P03,Deluxe,2023-08-02,850000,860000,manual
P03,Deluxe,2023-08-03,850000,862000,manual
P03,Deluxe,2023-08-04,850000,861000,manual
P03,Deluxe,2023-08-05,850000,868000,manual
P03,Deluxe,2023-08-06,850000,857000,manual
P03,Deluxe,2023-08-07,850000,896000,manual
P03,Deluxe,2023-08-08,850000,891000,manual
P03,Deluxe,2023-08-09,850000,918000,manual
P03,Deluxe,2023-08-10,850000,926000,manual
P03,Deluxe,2023-08-11,850000,898000,manual
P03,Deluxe,2023-08-12,850000,828000,manual
P03,Deluxe,2023-08-13,850000,855000,manual
P03,Deluxe,2023-08-14,850000,839000,manual
P03,Deluxe,2023-08-15,850000,885000,manual
P03,Deluxe,2023-08-16,850000,880000,manual
P03,Deluxe,2023-08-17,850000,876000,manual
P03,Deluxe,2023-08-18,850000,885000,manual
P03,Deluxe,2023-08-19,850000,892000,manual
P03,Deluxe,2023-08-20,850000,884000,manual
P03,Deluxe,2023-08-21,850000,867000,manual
P03,Deluxe,2023-08-22,850000,881000,manual
P03,Deluxe,2023-08-23,850000,893000,manual
P03,Deluxe,2023-08-24,850000,858000,manual
P03,Deluxe,2023-08-25,850000,889000,manual
P03,Deluxe,2023-08-26,850000,841000,manual
P03,Deluxe,2023-08-27,850000,851000,manual
P03,Deluxe,2023-08-28,850000,860000,manual
P03,Deluxe,2023-08-29,850000,881000,manual
P03,Deluxe,2023-08-30,850000,835000,manual
P03,Deluxe,2023-08-31,850000,846000,manual
P03,Deluxe,2023-09-01,850000,776000,promo
P03,Deluxe,2023-09-02,850000,825000,promo
P03,Deluxe,2023-09-03,850000,789000,promo
P03,Deluxe,2023-09-04,850000,788000,promo
P03,Deluxe,2023-09-05,850000,812000,promo
P03,Deluxe,2023-09-06,850000,818000,promo
P03,Deluxe,2023-09-07,850000,751000,promo
P03,Deluxe,2023-09-08,850000,778000,promo
P03,Deluxe,2023-09-09,850000,770000,promo
P03,Deluxe,2023-09-10,850000,806000,promo
P03,Deluxe,2023-09-11,850000,772000,promo
P03,Deluxe,2023-09-12,850000,789000,promo
P03,Deluxe,2023-09-13,850000,814000,promo
P03,Deluxe,2023-09-14,850000,800000,promo
P03,Deluxe,2023-09-15,850000,805000,promo
P03,Deluxe,2023-09-16,850000,784000,promo
P03,Deluxe,2023-09-17,850000,803000,promo
P03,Deluxe,2023-09-18,850000,806000,promo
P03,Deluxe,2023-09-19,850000,828000,promo
P03,Deluxe,2023-09-20,850000,833000,promo
P03,Deluxe,2023-09-21,850000,819000,promo
P03,Deluxe,2023-09-22,850000,797000,promo
P03,Deluxe,2023-09-23,850000,748000,promo
P03,Deluxe,2023-09-24,850000,780000,promo
P03,Deluxe,2023-09-25,850000,850000,promo
P03,Deluxe,2023-09-26,850000,787000,promo
P03,Deluxe,2023-09-27,850000,762000,promo
P03,Deluxe,2023-09-28,850000,800000,promo
P03,Deluxe,2023-09-29,850000,790000,promo
P03,Deluxe,2023-09-30,850000,806000,promo
P03,Deluxe,2023-10-01,850000,782000,promo
P03,Deluxe,2023-10-02,850000,769000,promo
P03,Deluxe,2023-10-03,850000,799000,promo
P03,Deluxe,2023-10-04,850000,818000,promo
P03,Deluxe,2023-10-05,850000,818000,promo
P03,Deluxe,2023-10-06,850000,766000,promo
P03,Deluxe,2023-10-07,850000,811000,promo
P03,Deluxe,2023-10-08,850000,851000,promo
P03,Deluxe,2023-10-09,850000,780000,promo
P03,Deluxe,2023-10-10,850000,802000,promo
P03,Deluxe,2023-10-11,850000,832000,promo
P03,Deluxe,2023-10-12,850000,799000,promo
P03,Deluxe,2023-10-13,850000,796000,promo
P03,Deluxe,2023-10-14,850000,787000,promo
P03,Deluxe,2023-10-15,850000,822000,promo
P03,Deluxe,2023-10-16,850000,797000,promo
P03,Deluxe,2023-10-17,850000,801000,promo
P03,Deluxe,2023-10-18,850000,835000,promo
P03,Deluxe,2023-10-19,850000,828000,promo
P03,Deluxe,2023-10-20,850000,780000,promo
P03,Deluxe,2023-10-21,850000,828000,promo
P03,Deluxe,2023-10-22,850000,806000,promo
P03,Deluxe,2023-10-23,850000,763000,promo
P03,Deluxe,2023-10-24,850000,794000,promo
P03,Deluxe,2023-10-25,850000,799000,promo
P03,Deluxe,2023-10-26,850000,807000,promo
P03,Deluxe,2023-10-27,850000,811000,promo
P03,Deluxe,2023-10-28,850000,790000,promo
P03,Deluxe,2023-10-29,850000,827000,promo
P03,Deluxe,2023-10-30,850000,807000,promo
P03,Deluxe,2023-10-31,850000,850000,promo
P03,Deluxe,2023-11-01,850000,830000,manual
P03,Deluxe,2023-11-02,850000,839000,manual
P03,Deluxe,2023-11-03,850000,846000,manual
P03,Deluxe,2023-11-04,850000,805000,manual
P03,Deluxe,2023-11-05,850000,848000,manual
P03,Deluxe,2023-11-06,850000,836000,manual
P03,Deluxe,2023-11-07,850000,871000,manual
P03,Deluxe,2023-11-08,850000,844000,manual
P03,Deluxe,2023-11-09,850000,884000,manual
P03,Deluxe,2023-11-10,850000,824000,manual
P03,Deluxe,2023-11-11,850000,831000,manual
P03,Deluxe,2023-11-12,850000,836000,manual
P03,Deluxe,2023-11-13,850000,844000,manual
P03,Deluxe,2023-11-14,850000,872000,manual
P03,Deluxe,2023-11-15,850000,833000,manual
P03,Deluxe,2023-11-16,850000,776000,manual
P03,Deluxe,2023-11-17,850000,918000,manual
P03,Deluxe,2023-11-18,850000,855000,manual
P03,Deluxe,2023-11-19,850000,806000,manual
P03,Deluxe,2023-11-20,850000,836000,manual
P03,Deluxe,2023-11-21,850000,854000,manual
P03,Deluxe,2023-11-22,850000,855000,manual
P03,Deluxe,2023-11-23,850000,867000,manual
P03,Deluxe,2023-11-24,850000,812000,manual
P03,Deluxe,2023-11-25,850000,853000,manual
P03,Deluxe,2023-11-26,850000,833000,manual
P03,Deluxe,2023-11-27,850000,871000,manual
P03,Deluxe,2023-11-28,850000,862000,manual
P03,Deluxe,2023-11-29,850000,865000,manual
P03,Deluxe,2023-11-30,850000,836000,manual
P03,Deluxe,2023-12-01,850000,965000,manual
P03,Deluxe,2023-12-02,850000,934000,manual
P03,Deluxe,2023-12-03,850000,893000,manual
P03,Deluxe,2023-12-04,850000,1001000,manual
P03,Deluxe,2023-12-05,850000,934000,manual
P03,Deluxe,2023-12-06,850000,951000,manual
P03,Deluxe,2023-12-07,850000,956000,manual
P03,Deluxe,2023-12-08,850000,905000,manual
P03,Deluxe,2023-12-09,850000,949000,manual
P03,Deluxe,2023-12-10,850000,956000,manual
P03,Deluxe,2023-12-11,850000,930000,manual
P03,Deluxe,2023-12-12,850000,960000,manual
P03,Deluxe,2023-12-13,850000,940000,manual
P03,Deluxe,2023-12-14,850000,969000,manual
P03,Deluxe,2023-12-15,850000,948000,manual
P03,Deluxe,2023-12-16,850000,995000,manual
P03,Deluxe,2023-12-17,850000,941000,manual
P03,Deluxe,2023-12-18,850000,908000,manual
P03,Deluxe,2023-12-19,850000,1007000,manual
P03,Deluxe,2023-12-20,850000,979000,manual
P03,Deluxe,2023-12-21,850000,963000,manual
P03,Deluxe,2023-12-22,850000,868000,manual
P03,Deluxe,2023-12-23,850000,915000,manual
P03,Deluxe,2023-12-24,850000,944000,manual
P03,Deluxe,2023-12-25,850000,987000,manual
P03,Deluxe,2023-12-26,850000,988000,manual
P03,Deluxe,2023-12-27,850000,960000,manual
P03,Deluxe,2023-12-28,850000,904000,manual
P03,Deluxe,2023-12-29,850000,964000,manual
P03,Deluxe,2023-12-30,850000,963000,manual
P03,Deluxe,2023-12-31,850000,967000,manual
P03,Deluxe,2024-01-01,850000,917000,manual
P03,Deluxe,2024-01-02,850000,975000,manual
P03,Deluxe,2024-01-03,850000,962000,manual
P03,Deluxe,2024-01-04,850000,916000,manual
P03,Deluxe,2024-01-05,850000,980000,manual
P03,Deluxe,2024-01-06,850000,943000,manual
P03,Deluxe,2024-01-07,850000,948000,manual
P03,Deluxe,2024-01-08,850000,961000,manual
P03,Deluxe,2024-01-09,850000,982000,manual
P03,Deluxe,2024-01-10,850000,905000,manual
P03,Deluxe,2024-01-11,850000,923000,manual
P03,Deluxe,2024-01-12,850000,956000,manual
P03,Deluxe,2024-01-13,850000,954000,manual
P03,Deluxe,2024-01-14,850000,951000,manual
P03,Deluxe,2024-01-15,850000,913000,manual
P03,Deluxe,2024-01-16,850000,918000,manual
P03,Deluxe,2024-01-17,850000,954000,manual
P03,Deluxe,2024-01-18,850000,914000,manual
P03,Deluxe,2024-01-19,850000,953000,manual
P03,Deluxe,2024-01-20,850000,930000,manual
P03,Deluxe,2024-01-21,850000,896000,manual
P03,Deluxe,2024-01-22,850000,948000,manual
P03,Deluxe,2024-01-23,850000,925000,manual
P03,Deluxe,2024-01-24,850000,956000,manual
P03,Deluxe,2024-01-25,850000,944000,manual
P03,Deluxe,2024-01-26,850000,893000,manual
P03,Deluxe,2024-01-27,850000,902000,manual
P03,Deluxe,2024-01-28,850000,915000,manual
P03,Deluxe,2024-01-29,850000,974000,manual
P03,Deluxe,2024-01-30,850000,952000,manual
P03,Deluxe,2024-01-31,850000,916000,manual
P03,Deluxe,2024-02-01,850000,792000,promo
P03,Deluxe,2024-02-02,850000,791000,promo
P03,Deluxe,2024-02-03,850000,803000,promo
P03,Deluxe,2024-02-04,850000,784000,promo
P03,Deluxe,2024-02-05,850000,803000,promo
P03,Deluxe,2024-02-06,850000,829000,promo
P03,Deluxe,2024-02-07,850000,794000,promo
P03,Deluxe,2024-02-08,850000,822000,promo
P03,Deluxe,2024-02-09,850000,788000,promo
P03,Deluxe,2024-02-10,850000,814000,promo
P03,Deluxe,2024-02-11,850000,835000,promo
P03,Deluxe,2024-02-12,850000,775000,promo
P03,Deluxe,2024-02-13,850000,804000,promo
P03,Deluxe,2024-02-14,850000,792000,promo
P03,Deluxe,2024-02-15,850000,831000,promo
P03,Deluxe,2024-02-16,850000,810000,promo
P03,Deluxe,2024-02-17,850000,731000,promo
P03,Deluxe,2024-02-18,850000,787000,promo
P03,Deluxe,2024-02-19,850000,799000,promo
P03,Deluxe,2024-02-20,850000,792000,promo
P03,Deluxe,2024-02-21,850000,808000,promo
P03,Deluxe,2024-02-22,850000,753000,promo
P03,Deluxe,2024-02-23,850000,801000,promo
P03,Deluxe,2024-02-24,850000,779000,promo
P03,Deluxe,2024-02-25,850000,809000,promo
P03,Deluxe,2024-02-26,850000,834000,promo
P03,Deluxe,2024-02-27,850000,745000,promo
P03,Deluxe,2024-02-28,850000,762000,promo
P03,Deluxe,2024-02-29,850000,807000,promo
P03,Deluxe,2024-03-01,850000,817000,promo
P03,Deluxe,2024-03-02,850000,835000,promo
P03,Deluxe,2024-03-03,850000,804000,promo
P03,Deluxe,2024-03-04,850000,819000,promo
P03,Deluxe,2024-03-05,850000,787000,promo
P03,Deluxe,2024-03-06,850000,778000,promo
P03,Deluxe,2024-03-07,850000,826000,promo
P03,Deluxe,2024-03-08,850000,807000,promo
P03,Deluxe,2024-03-09,850000,834000,promo
P03,Deluxe,2024-03-10,850000,789000,promo
P03,Deluxe,2024-03-11,850000,841000,promo
P03,Deluxe,2024-03-12,850000,760000,promo
P03,Deluxe,2024-03-13,850000,779000,promo
P03,Deluxe,2024-03-14,850000,798000,promo
P03,Deluxe,2024-03-15,850000,819000,promo
P03,Deluxe,2024-03-16,850000,827000,promo
P03,Deluxe,2024-03-17,850000,819000,promo
P03,Deluxe,2024-03-18,850000,823000,promo
P03,Deluxe,2024-03-19,850000,811000,promo
P03,Deluxe,2024-03-20,850000,809000,promo
P03,Deluxe,2024-03-21,850000,807000,promo
P03,Deluxe,2024-03-22,850000,804000,promo
P03,Deluxe,2024-03-23,850000,797000,promo
P03,Deluxe,2024-03-24,850000,826000,promo
P03,Deluxe,2024-03-25,850000,806000,promo
P03,Deluxe,2024-03-26,850000,807000,promo
P03,Deluxe,2024-03-27,850000,794000,promo
P03,Deluxe,2024-03-28,850000,811000,promo
P03,Deluxe,2024-03-29,850000,801000,promo
P03,Deluxe,2024-03-30,850000,812000,promo
P03,Deluxe,2024-03-31,850000,830000,promo
P03,Deluxe,2024-04-01,850000,854000,manual
P03,Deluxe,2024-04-02,850000,862000,manual
P03,Deluxe,2024-04-03,850000,851000,manual
P03,Deluxe,2024-04-04,850000,842000,manual
P03,Deluxe,2024-04-05,850000,821000,manual
P03,Deluxe,2024-04-06,850000,868000,manual
P03,Deluxe,2024-04-07,850000,878000,manual
P03,Deluxe,2024-04-08,850000,859000,manual
P03,Deluxe,2024-04-09,850000,846000,manual
P03,Deluxe,2024-04-10,850000,866000,manual
P03,Deluxe,2024-04-11,850000,832000,manual
P03,Deluxe,2024-04-12,850000,850000,manual
P03,Deluxe,2024-04-13,850000,876000,manual
P03,Deluxe,2024-04-14,850000,864000,manual
P03,Deluxe,2024-04-15,850000,844000,manual
P03,Deluxe,2024-04-16,850000,860000,manual
P03,Deluxe,2024-04-17,850000,870000,manual
P03,Deluxe,2024-04-18,850000,834000,manual
P03,Deluxe,2024-04-19,850000,880000,manual
P03,Deluxe,2024-04-20,850000,868000,manual
P03,Deluxe,2024-04-21,850000,864000,manual
P03,Deluxe,2024-04-22,850000,871000,manual
P03,Deluxe,2024-04-23,850000,830000,manual
P03,Deluxe,2024-04-24,850000,851000,manual
P03,Deluxe,2024-04-25,850000,865000,manual
P03,Deluxe,2024-04-26,850000,832000,manual
P03,Deluxe,2024-04-27,850000,854000,manual
P03,Deluxe,2024-04-28,850000,848000,manual
P03,Deluxe,2024-04-29,850000,854000,manual
P03,Deluxe,2024-04-30,850000,832000,manual
P03,Deluxe,2024-05-01,850000,846000,manual
P03,Deluxe,2024-05-02,850000,855000,manual
P03,Deluxe,2024-05-03,850000,833000,manual
P03,Deluxe,2024-05-04,850000,851000,manual
P03,Deluxe,2024-05-05,850000,870000,manual
P03,Deluxe,2024-05-06,850000,884000,manual
P03,Deluxe,2024-05-07,850000,875000,manual
P03,Deluxe,2024-05-08,850000,875000,manual
P03,Deluxe,2024-05-09,850000,837000,manual
P03,Deluxe,2024-05-10,850000,833000,manual
P03,Deluxe,2024-05-11,850000,876000,manual
P03,Deluxe,2024-05-12,850000,848000,manual
P03,Deluxe,2024-05-13,850000,847000,manual
P03,Deluxe,2024-05-14,850000,862000,manual
P03,Deluxe,2024-05-15,850000,859000,manual
P03,Deluxe,2024-05-16,850000,855000,manual
P03,Deluxe,2024-05-17,850000,834000,manual
P03,Deluxe,2024-05-18,850000,885000,manual
P03,Deluxe,2024-05-19,850000,875000,manual
P03,Deluxe,2024-05-20,850000,865000,manual
P03,Deluxe,2024-05-21,850000,817000,manual
P03,Deluxe,2024-05-22,850000,859000,manual
P03,Deluxe,2024-05-23,850000,848000,manual
P03,Deluxe,2024-05-24,850000,850000,manual
P03,Deluxe,2024-05-25,850000,850000,manual
P03,Deluxe,2024-05-26,850000,881000,manual
P03,Deluxe,2024-05-27,850000,818000,manual
P03,Deluxe,2024-05-28,850000,866000,manual
P03,Deluxe,2024-05-29,850000,877000,manual
P03,Deluxe,2024-05-30,850000,868000,manual
P03,Deluxe,2024-05-31,850000,809000,manual
P03,Deluxe,2024-06-01,850000,910000,manual
P03,Deluxe,2024-06-02,850000,894000,manual
P03,Deluxe,2024-06-03,850000,933000,manual
P03,Deluxe,2024-06-04,850000,853000,manual
P03,Deluxe,2024-06-05,850000,913000,manual
P03,Deluxe,2024-06-06,850000,900000,manual
P03,Deluxe,2024-06-07,850000,917000,manual
P03,Deluxe,2024-06-08,850000,955000,manual
P03,Deluxe,2024-06-09,850000,879000,manual
P03,Deluxe,2024-06-10,850000,924000,manual
P03,Deluxe,2024-06-11,850000,900000,manual
P03,Deluxe,2024-06-12,850000,891000,manual
P03,Deluxe,2024-06-13,850000,876000,manual
P03,Deluxe,2024-06-14,850000,871000,manual
P03,Deluxe,2024-06-15,850000,901000,manual
P03,Deluxe,2024-06-16,850000,880000,manual
P03,Deluxe,2024-06-17,850000,927000,manual
P03,Deluxe,2024-06-18,850000,886000,manual
P03,Deluxe,2024-06-19,850000,896000,manual
P03,Deluxe,2024-06-20,850000,903000,manual
P03,Deluxe,2024-06-21,850000,934000,manual
P03,Deluxe,2024-06-22,850000,924000,manual
P03,Deluxe,2024-06-23,850000,878000,manual
P03,Deluxe,2024-06-24,850000,926000,manual
P03,Deluxe,2024-06-25,850000,929000,manual
P03,Deluxe,2024-06-26,850000,916000,manual
P03,Deluxe,2024-06-27,850000,900000,manual
P03,Deluxe,2024-06-28,850000,901000,manual
P03,Deluxe,2024-06-29,850000,935000,manual
P03,Deluxe,2024-06-30,850000,907000,manual
P03,Deluxe,2024-07-01,850000,953000,manual
P03,Deluxe,2024-07-02,850000,963000,manual
P03,Deluxe,2024-07-03,850000,956000,manual
P03,Deluxe,2024-07-04,850000,951000,manual
P03,Deluxe,2024-07-05,850000,938000,manual
P03,Deluxe,2024-07-06,850000,1010000,manual
P03,Deluxe,2024-07-07,850000,951000,manual
P03,Deluxe,2024-07-08,850000,927000,manual
P03,Deluxe,2024-07-09,850000,938000,manual
P03,Deluxe,2024-07-10,850000,948000,manual
P03,Deluxe,2024-07-11,850000,929000,manual
P03,Deluxe,2024-07-12,850000,936000,manual
P03,Deluxe,2024-07-13,850000,946000,manual
P03,Deluxe,2024-07-14,850000,919000,manual
P03,Deluxe,2024-07-15,850000,941000,manual
P03,Deluxe,2024-07-16,850000,904000,manual
P03,Deluxe,2024-07-17,850000,906000,manual
P03,Deluxe,2024-07-18,850000,923000,manual
P03,Deluxe,2024-07-19,850000,948000,manual
P03,Deluxe,2024-07-20,850000,943000,manual
P03,Deluxe,2024-07-21,850000,911000,manual
P03,Deluxe,2024-07-22,850000,978000,manual
P03,Deluxe,2024-07-23,850000,963000,manual
P03,Deluxe,2024-07-24,850000,957000,manual
P03,Deluxe,2024-07-25,850000,940000,manual
P03,Deluxe,2024-07-26,850000,914000,manual
P03,Deluxe,2024-07-27,850000,949000,manual
P03,Deluxe,2024-07-28,850000,969000,manual
P03,Deluxe,2024-07-29,850000,920000,manual
P03,Deluxe,2024-07-30,850000,1002000,manual
P03,Deluxe,2024-07-31,850000,946000,manual
P03,Deluxe,2024-08-01,850000,874000,manual
P03,Deluxe,2024-08-02,850000,886000,manual
P03,Deluxe,2024-08-03,850000,865000,manual
P03,Deluxe,2024-08-04,850000,906000,manual
P03,Deluxe,2024-08-05,850000,892000,manual
P03,Deluxe,2024-08-06,850000,856000,manual
P03,Deluxe,2024-08-07,850000,913000,manual
P03,Deluxe,2024-08-08,850000,899000,manual
P03,Deluxe,2024-08-09,850000,890000,manual
P03,Deluxe,2024-08-10,850000,865000,manual
P03,Deluxe,2024-08-11,850000,875000,manual
P03,Deluxe,2024-08-12,850000,886000,manual
P03,Deluxe,2024-08-13,850000,874000,manual
P03,Deluxe,2024-08-14,850000,910000,manual
P03,Deluxe,2024-08-15,850000,851000,manual
P03,Deluxe,2024-08-16,850000,891000,manual
P03,Deluxe,2024-08-17,850000,848000,manual
P03,Deluxe,2024-08-18,850000,891000,manual
P03,Deluxe,2024-08-19,850000,874000,manual
P03,Deluxe,2024-08-20,850000,900000,manual
P03,Deluxe,2024-08-21,850000,883000,manual
P03,Deluxe,2024-08-22,850000,863000,manual
P03,Deluxe,2024-08-23,850000,835000,manual
P03,Deluxe,2024-08-24,850000,831000,manual
P03,Deluxe,2024-08-25,850000,869000,manual
P03,Deluxe,2024-08-26,850000,837000,manual
P03,Deluxe,2024-08-27,850000,858000,manual
P03,Deluxe,2024-08-28,850000,882000,manual
P03,Deluxe,2024-08-29,850000,862000,manual
P03,Deluxe,2024-08-30,850000,909000,manual
P03,Deluxe,2024-08-31,850000,842000,manual
P03,Deluxe,2024-09-01,850000,814000,promo
P03,Deluxe,2024-09-02,850000,819000,promo
P03,Deluxe,2024-09-03,850000,741000,promo
P03,Deluxe,2024-09-04,850000,721000,promo
P03,Deluxe,2024-09-05,850000,792000,promo
P03,Deluxe,2024-09-06,850000,824000,promo
P03,Deluxe,2024-09-07,850000,799000,promo
P03,Deluxe,2024-09-08,850000,775000,promo
P03,Deluxe,2024-09-09,850000,773000,promo
P03,Deluxe,2024-09-10,850000,817000,promo
P03,Deluxe,2024-09-11,850000,845000,promo
P03,Deluxe,2024-09-12,850000,797000,promo
P03,Deluxe,2024-09-13,850000,811000,promo
P03,Deluxe,2024-09-14,850000,808000,promo
P03,Deluxe,2024-09-15,850000,827000,promo
P03,Deluxe,2024-09-16,850000,814000,promo
P03,Deluxe,2024-09-17,850000,785000,promo
P03,Deluxe,2024-09-18,850000,792000,promo
P03,Deluxe,2024-09-19,850000,779000,promo
P03,Deluxe,2024-09-20,850000,787000,promo
P03,Deluxe,2024-09-21,850000,774000,promo
P03,Deluxe,2024-09-22,850000,793000,promo
P03,Deluxe,2024-09-23,850000,764000,promo
P03,Deluxe,2024-09-24,850000,808000,promo
P03,Deluxe,2024-09-25,850000,783000,promo
P03,Deluxe,2024-09-26,850000,773000,promo
P03,Deluxe,2024-09-27,850000,820000,promo
P03,Deluxe,2024-09-28,850000,786000,promo
P03,Deluxe,2024-09-29,850000,806000,promo
P03,Deluxe,2024-09-30,850000,816000,promo
P03,Deluxe,2024-10-01,850000,784000,promo
P03,Deluxe,2024-10-02,850000,805000,promo
P03,Deluxe,2024-10-03,850000,829000,promo
P03,Deluxe,2024-10-04,850000,788000,promo
P03,Deluxe,2024-10-05,850000,824000,promo
P03,Deluxe,2024-10-06,850000,805000,promo
P03,Deluxe,2024-10-07,850000,837000,promo
P03,Deluxe,2024-10-08,850000,827000,promo
P03,Deluxe,2024-10-09,850000,815000,promo
P03,Deluxe,2024-10-10,850000,804000,promo
P03,Deluxe,2024-10-11,850000,761000,promo
P03,Deluxe,2024-10-12,850000,809000,promo
P03,Deluxe,2024-10-13,850000,791000,promo
P03,Deluxe,2024-10-14,850000,754000,promo
P03,Deluxe,2024-10-15,850000,825000,promo
P03,Deluxe,2024-10-16,850000,827000,promo
P03,Deluxe,2024-10-17,850000,820000,promo
P03,Deluxe,2024-10-18,850000,807000,promo
P03,Deluxe,2024-10-19,850000,816000,promo
P03,Deluxe,2024-10-20,850000,805000,promo
P03,Deluxe,2024-10-21,850000,814000,promo
P03,Deluxe,2024-10-22,850000,813000,promo
P03,Deluxe,2024-10-23,850000,800000,promo
P03,Deluxe,2024-10-24,850000,822000,promo
P03,Deluxe,2024-10-25,850000,819000,promo
P03,Deluxe,2024-10-26,850000,840000,promo
P03,Deluxe,2024-10-27,850000,780000,promo
P03,Deluxe,2024-10-28,850000,778000,promo
P03,Deluxe,2024-10-29,850000,786000,promo
P03,Deluxe,2024-10-30,850000,771000,promo
P03,Deluxe,2024-10-31,850000,798000,promo
P03,Deluxe,2024-11-01,850000,873000,manual
P03,Deluxe,2024-11-02,850000,824000,manual
P03,Deluxe,2024-11-03,850000,833000,manual
P03,Deluxe,2024-11-04,850000,862000,manual
P03,Deluxe,2024-11-05,850000,852000,manual
P03,Deluxe,2024-11-06,850000,837000,manual
P03,Deluxe,2024-11-07,850000,825000,manual
P03,Deluxe,2024-11-08,850000,807000,manual
P03,Deluxe,2024-11-09,850000,886000,manual
P03,Deluxe,2024-11-10,850000,843000,manual
P03,Deluxe,2024-11-11,850000,822000,manual
P03,Deluxe,2024-11-12,850000,814000,manual
P03,Deluxe,2024-11-13,850000,853000,manual
P03,Deluxe,2024-11-14,850000,874000,manual
P03,Deluxe,2024-11-15,850000,822000,manual
P03,Deluxe,2024-11-16,850000,859000,manual
P03,Deluxe,2024-11-17,850000,823000,manual
P03,Deluxe,2024-11-18,850000,797000,manual
P03,Deluxe,2024-11-19,850000,823000,manual
P03,Deluxe,2024-11-20,850000,866000,manual
P03,Deluxe,2024-11-21,850000,845000,manual
P03,Deluxe,2024-11-22,850000,823000,manual
P03,Deluxe,2024-11-23,850000,882000,manual
P03,Deluxe,2024-11-24,850000,892000,manual
P03,Deluxe,2024-11-25,850000,842000,manual
P03,Deluxe,2024-11-26,850000,844000,manual
P03,Deluxe,2024-11-27,850000,860000,manual
P03,Deluxe,2024-11-28,850000,818000,manual
P03,Deluxe,2024-11-29,850000,857000,manual
P03,Deluxe,2024-11-30,850000,831000,manual
P03,Deluxe,2024-12-01,850000,950000,manual
P03,Deluxe,2024-12-02,850000,952000,manual
P03,Deluxe,2024-12-03,850000,910000,manual
P03,Deluxe,2024-12-04,850000,968000,manual
P03,Deluxe,2024-12-05,850000,977000,manual
P03,Deluxe,2024-12-06,850000,910000,manual
P03,Deluxe,2024-12-07,850000,1004000,manual
P03,Deluxe,2024-12-08,850000,978000,manual
P03,Deluxe,2024-12-09,850000,942000,manual
P03,Deluxe,2024-12-10,850000,964000,manual
P03,Deluxe,2024-12-11,850000,982000,manual
P03,Deluxe,2024-12-12,850000,1033000,manual
P03,Deluxe,2024-12-13,850000,922000,manual
P03,Deluxe,2024-12-14,850000,958000,manual
P03,Deluxe,2024-12-15,850000,954000,manual
P03,Deluxe,2024-12-16,850000,922000,manual
P03,Deluxe,2024-12-17,850000,993000,manual
P03,Deluxe,2024-12-18,850000,965000,manual
P03,Deluxe,2024-12-19,850000,933000,manual
P03,Deluxe,2024-12-20,850000,974000,manual
P03,Deluxe,2024-12-21,850000,989000,manual
P03,Deluxe,2024-12-22,850000,959000,manual
P03,Deluxe,2024-12-23,850000,997000,manual
P03,Deluxe,2024-12-24,850000,911000,manual
P03,Deluxe,2024-12-25,850000,938000,manual
P03,Deluxe,2024-12-26,850000,953000,manual
P03,Deluxe,2024-12-27,850000,945000,manual
P03,Deluxe,2024-12-28,850000,908000,manual
P03,Deluxe,2024-12-29,850000,906000,manual
P03,Deluxe,2024-12-30,850000,902000,manual
P03,Deluxe,2024-12-31,850000,897000,manual
P03,Deluxe,2025-01-01,850000,956000,manual
P03,Deluxe,2025-01-02,850000,967000,manual
P03,Deluxe,2025-01-03,850000,946000,manual
P03,Deluxe,2025-01-04,850000,924000,manual
P03,Deluxe,2025-01-05,850000,920000,manual
P03,Deluxe,2025-01-06,850000,921000,manual
P03,Deluxe,2025-01-07,850000,959000,manual
P03,Deluxe,2025-01-08,850000,924000,manual
P03,Deluxe,2025-01-09,850000,951000,manual
P03,Deluxe,2025-01-10,850000,940000,manual
P03,Deluxe,2025-01-11,850000,942000,manual
P03,Deluxe,2025-01-12,850000,924000,manual
P03,Deluxe,2025-01-13,850000,929000,manual
P03,Deluxe,2025-01-14,850000,918000,manual
P03,Deluxe,2025-01-15,850000,888000,manual
P03,Deluxe,2025-01-16,850000,922000,manual
P03,Deluxe,2025-01-17,850000,948000,manual
P03,Deluxe,2025-01-18,850000,930000,manual
P03,Deluxe,2025-01-19,850000,940000,manual
P03,Deluxe,2025-01-20,850000,941000,manual
P03,Deluxe,2025-01-21,850000,965000,manual
P03,Deluxe,2025-01-22,850000,946000,manual
P03,Deluxe,2025-01-23,850000,913000,manual
P03,Deluxe,2025-01-24,850000,966000,manual
P03,Deluxe,2025-01-25,850000,964000,manual
P03,Deluxe,2025-01-26,850000,923000,manual
P03,Deluxe,2025-01-27,850000,976000,manual
P03,Deluxe,2025-01-28,850000,931000,manual
P03,Deluxe,2025-01-29,850000,965000,manual
P03,Deluxe,2025-01-30,850000,950000,manual
P03,Deluxe,2025-01-31,850000,927000,manual
P03,Deluxe,2025-02-01,850000,797000,promo
P03,Deluxe,2025-02-02,850000,796000,promo
P03,Deluxe,2025-02-03,850000,781000,promo
P03,Deluxe,2025-02-04,850000,789000,promo
P03,Deluxe,2025-02-05,850000,839000,promo
P03,Deluxe,2025-02-06,850000,788000,promo
P03,Deluxe,2025-02-07,850000,765000,promo
P03,Deluxe,2025-02-08,850000,800000,promo
P03,Deluxe,2025-02-09,850000,817000,promo
P03,Deluxe,2025-02-10,850000,804000,promo
P03,Deluxe,2025-02-11,850000,793000,promo
P03,Deluxe,2025-02-12,850000,770000,promo
P03,Deluxe,2025-02-13,850000,780000,promo
P03,Deluxe,2025-02-14,850000,795000,promo
P03,Deluxe,2025-02-15,850000,784000,promo
P03,Deluxe,2025-02-16,850000,800000,promo
P03,Deluxe,2025-02-17,850000,793000,promo
P03,Deluxe,2025-02-18,850000,808000,promo
P03,Deluxe,2025-02-19,850000,794000,promo
P03,Deluxe,2025-02-20,850000,829000,promo
P03,Deluxe,2025-02-21,850000,795000,promo
P03,Deluxe,2025-02-22,850000,753000,promo
P03,Deluxe,2025-02-23,850000,844000,promo
P03,Deluxe,2025-02-24,850000,769000,promo
P03,Deluxe,2025-02-25,850000,806000,promo
P03,Deluxe,2025-02-26,850000,856000,promo
P03,Deluxe,2025-02-27,850000,848000,promo
P03,Deluxe,2025-02-28,850000,798000,promo
P03,Deluxe,2025-03-01,850000,789000,promo
P03,Deluxe,2025-03-02,850000,796000,promo
P03,Deluxe,2025-03-03,850000,791000,promo
P03,Deluxe,2025-03-04,850000,814000,promo
P03,Deluxe,2025-03-05,850000,806000,promo
P03,Deluxe,2025-03-06,850000,767000,promo
P03,Deluxe,2025-03-07,850000,818000,promo
P03,Deluxe,2025-03-08,850000,832000,promo
P03,Deluxe,2025-03-09,850000,836000,promo
P03,Deluxe,2025-03-10,850000,750000,promo
P03,Deluxe,2025-03-11,850000,776000,promo
P03,Deluxe,2025-03-12,850000,822000,promo
P03,Deluxe,2025-03-13,850000,824000,promo
P03,Deluxe,2025-03-14,850000,850000,promo
P03,Deluxe,2025-03-15,850000,777000,promo
P03,Deluxe,2025-03-16,850000,817000,promo
P03,Deluxe,2025-03-17,850000,812000,promo
P03,Deluxe,2025-03-18,850000,774000,promo
P03,Deluxe,2025-03-19,850000,831000,promo
P03,Deluxe,2025-03-20,850000,821000,promo
P03,Deluxe,2025-03-21,850000,770000,promo
P03,Deluxe,2025-03-22,850000,805000,promo
P03,Deluxe,2025-03-23,850000,802000,promo
P03,Deluxe,2025-03-24,850000,781000,promo
P03,Deluxe,2025-03-25,850000,836000,promo
P03,Deluxe,2025-03-26,850000,802000,promo
P03,Deluxe,2025-03-27,850000,805000,promo
P03,Deluxe,2025-03-28,850000,783000,promo
P03,Deluxe,2025-03-29,850000,762000,promo
P03,Deluxe,2025-03-30,850000,820000,promo
P03,Deluxe,2025-03-31,850000,812000,promo
P03,Deluxe,2025-04-01,850000,828000,manual
P03,Deluxe,2025-04-02,850000,843000,manual
P03,Deluxe,2025-04-03,850000,816000,manual
P03,Deluxe,2025-04-04,850000,861000,manual
P03,Deluxe,2025-04-05,850000,866000,manual
P03,Deluxe,2025-04-06,850000,838000,manual
P03,Deluxe,2025-04-07,850000,878000,manual
P03,Deluxe,2025-04-08,850000,843000,manual
P03,Deluxe,2025-04-09,850000,869000,manual
P03,Deluxe,2025-04-10,850000,847000,manual
P03,Deluxe,2025-04-11,850000,862000,manual
P03,Deluxe,2025-04-12,850000,812000,manual
P03,Deluxe,2025-04-13,850000,838000,manual
P03,Deluxe,2025-04-14,850000,879000,manual
P03,Deluxe,2025-04-15,850000,873000,manual
P03,Deluxe,2025-04-16,850000,859000,manual
P03,Deluxe,2025-04-17,850000,882000,manual
P03,Deluxe,2025-04-18,850000,858000,manual
P03,Deluxe,2025-04-19,850000,855000,manual
P03,Deluxe,2025-04-20,850000,841000,manual
P03,Deluxe,2025-04-21,850000,857000,manual
P03,Deluxe,2025-04-22,850000,834000,manual
P03,Deluxe,2025-04-23,850000,860000,manual
P03,Deluxe,2025-04-24,850000,885000,manual
P03,Deluxe,2025-04-25,850000,873000,manual
P03,Deluxe,2025-04-26,850000,820000,manual
P03,Deluxe,2025-04-27,850000,866000,manual
P03,Deluxe,2025-04-28,850000,862000,manual
P03,Deluxe,2025-04-29,850000,817000,manual
P03,Deluxe,2025-04-30,850000,851000,manual
P03,Deluxe,2025-05-01,850000,856000,manual
P03,Deluxe,2025-05-02,850000,884000,manual
P03,Deluxe,2025-05-03,850000,832000,manual
P03,Deluxe,2025-05-04,850000,837000,manual
P03,Deluxe,2025-05-05,850000,849000,manual
P03,Deluxe,2025-05-06,850000,893000,manual
P03,Deluxe,2025-05-07,850000,817000,manual
P03,Deluxe,2025-05-08,850000,870000,manual
P03,Deluxe,2025-05-09,850000,895000,manual
P03,Deluxe,2025-05-10,850000,820000,manual
P03,Deluxe,2025-05-11,850000,895000,manual
P03,Deluxe,2025-05-12,850000,856000,manual
P03,Deluxe,2025-05-13,850000,843000,manual
P03,Deluxe,2025-05-14,850000,828000,manual
P03,Deluxe,2025-05-15,850000,819000,manual
P03,Deluxe,2025-05-16,850000,825000,manual
P03,Deluxe,2025-05-17,850000,872000,manual
P03,Deluxe,2025-05-18,850000,852000,manual
P03,Deluxe,2025-05-19,850000,885000,manual
P03,Deluxe,2025-05-20,850000,897000,manual
P03,Deluxe,2025-05-21,850000,866000,manual
P03,Deluxe,2025-05-22,850000,842000,manual
P03,Deluxe,2025-05-23,850000,817000,manual
P03,Deluxe,2025-05-24,850000,861000,manual
P03,Deluxe,2025-05-25,850000,885000,manual
P03,Deluxe,2025-05-26,850000,847000,manual
P03,Deluxe,2025-05-27,850000,851000,manual
P03,Deluxe,2025-05-28,850000,848000,manual
P03,Deluxe,2025-05-29,850000,881000,manual
P03,Deluxe,2025-05-30,850000,878000,manual
P03,Deluxe,2025-05-31,850000,896000,manual
P03,Deluxe,2025-06-01,850000,932000,manual
P03,Deluxe,2025-06-02,850000,953000,manual
P03,Deluxe,2025-06-03,850000,922000,manual
P03,Deluxe,2025-06-04,850000,882000,manual
P03,Deluxe,2025-06-05,850000,935000,manual
P03,Deluxe,2025-06-06,850000,877000,manual
P03,Deluxe,2025-06-07,850000,930000,manual
P03,Deluxe,2025-06-08,850000,880000,manual
P03,Deluxe,2025-06-09,850000,865000,manual
P03,Deluxe,2025-06-10,850000,925000,manual
P03,Deluxe,2025-06-11,850000,937000,manual
P03,Deluxe,2025-06-12,850000,888000,manual
P03,Deluxe,2025-06-13,850000,901000,manual
P03,Deluxe,2025-06-14,850000,892000,manual
P03,Deluxe,2025-06-15,850000,985000,manual
P03,Deluxe,2025-06-16,850000,919000,manual
P03,Deluxe,2025-06-17,850000,933000,manual
P03,Deluxe,2025-06-18,850000,946000,manual
P03,Deluxe,2025-06-19,850000,895000,manual
P03,Deluxe,2025-06-20,850000,924000,manual
P03,Deluxe,2025-06-21,850000,916000,manual
P03,Deluxe,2025-06-22,850000,930000,manual
P03,Deluxe,2025-06-23,850000,918000,manual
P03,Deluxe,2025-06-24,850000,912000,manual
P03,Deluxe,2025-06-25,850000,959000,manual
P03,Deluxe,2025-06-26,850000,903000,manual
P03,Deluxe,2025-06-27,850000,919000,manual
P03,Deluxe,2025-06-28,850000,992000,manual
P03,Deluxe,2025-06-29,850000,901000,manual
P03,Deluxe,2025-06-30,850000,926000,manual
P03,Deluxe,2025-07-01,850000,914000,manual
P03,Deluxe,2025-07-02,850000,944000,manual
P03,Deluxe,2025-07-03,850000,943000,manual
P03,Deluxe,2025-07-04,850000,1017000,manual
P03,Deluxe,2025-07-05,850000,959000,manual
P03,Deluxe,2025-07-06,850000,932000,manual
P03,Deluxe,2025-07-07,850000,958000,manual
P03,Deluxe,2025-07-08,850000,960000,manual
P03,Deluxe,2025-07-09,850000,942000,manual
P03,Deluxe,2025-07-10,850000,990000,manual
P03,Deluxe,2025-07-11,850000,920000,manual
P03,Deluxe,2025-07-12,850000,964000,manual
P03,Deluxe,2025-07-13,850000,962000,manual
P03,Deluxe,2025-07-14,850000,955000,manual
P03,Deluxe,2025-07-15,850000,952000,manual
P03,Deluxe,2025-07-16,850000,864000,manual
P03,Deluxe,2025-07-17,850000,928000,manual
P03,Deluxe,2025-07-18,850000,931000,manual
P03,Deluxe,2025-07-19,850000,979000,manual
P03,Deluxe,2025-07-20,850000,976000,manual
P03,Deluxe,2025-07-21,850000,955000,manual
P03,Deluxe,2025-07-22,850000,941000,manual
P03,Deluxe,2025-07-23,850000,939000,manual
P03,Deluxe,2025-07-24,850000,970000,manual
P03,Deluxe,2025-07-25,850000,943000,manual
P03,Deluxe,2025-07-26,850000,905000,manual
P03,Deluxe,2025-07-27,850000,920000,manual
P03,Deluxe,2025-07-28,850000,984000,manual
P03,Deluxe,2025-07-29,850000,927000,manual
P03,Deluxe,2025-07-30,850000,947000,manual
P03,Deluxe,2025-07-31,850000,948000,manual
P03,Deluxe,2025-08-01,850000,838000,manual
P03,Deluxe,2025-08-02,850000,896000,manual
P03,Deluxe,2025-08-03,850000,916000,manual
P03,Deluxe,2025-08-04,850000,912000,manual
P03,Deluxe,2025-08-05,850000,896000,manual
P03,Deluxe,2025-08-06,850000,847000,manual
P03,Deluxe,2025-08-07,850000,889000,manual
P03,Deluxe,2025-08-08,850000,881000,manual
P03,Deluxe,2025-08-09,850000,858000,manual
P03,Deluxe,2025-08-10,850000,874000,manual
P03,Deluxe,2025-08-11,850000,884000,manual
P03,Deluxe,2025-08-12,850000,926000,manual
P03,Deluxe,2025-08-13,850000,869000,manual
P03,Deluxe,2025-08-14,850000,814000,manual
P03,Deluxe,2025-08-15,850000,905000,manual
P03,Deluxe,2025-08-16,850000,871000,manual
P03,Deluxe,2025-08-17,850000,897000,manual
P03,Deluxe,2025-08-18,850000,898000,manual
P03,Deluxe,2025-08-19,850000,842000,manual
P03,Deluxe,2025-08-20,850000,886000,manual
P03,Deluxe,2025-08-21,850000,882000,manual
P03,Deluxe,2025-08-22,850000,911000,manual
P03,Deluxe,2025-08-23,850000,897000,manual
P03,Deluxe,2025-08-24,850000,851000,manual
P03,Deluxe,2025-08-25,850000,885000,manual
P03,Deluxe,2025-08-26,850000,860000,manual
P03,Deluxe,2025-08-27,850000,853000,manual
P03,Deluxe,2025-08-28,850000,852000,manual
P03,Deluxe,2025-08-29,850000,887000,manual
P03,Deluxe,2025-08-30,850000,875000,manual
P03,Deluxe,2025-08-31,850000,841000,manual
P03,Deluxe,2025-09-01,850000,797000,promo
P03,Deluxe,2025-09-02,850000,787000,promo
P03,Deluxe,2025-09-03,850000,795000,promo
P03,Deluxe,2025-09-04,850000,790000,promo
P03,Deluxe,2025-09-05,850000,760000,promo
P03,Deluxe,2025-09-06,850000,776000,promo
P03,Deluxe,2025-09-07,850000,828000,promo
P03,Deluxe,2025-09-08,850000,801000,promo
P03,Deluxe,2025-09-09,850000,775000,promo
P03,Deluxe,2025-09-10,850000,787000,promo
P03,Deluxe,2025-09-11,850000,794000,promo
P03,Deluxe,2025-09-12,850000,765000,promo
P03,Deluxe,2025-09-13,850000,804000,promo
P03,Deluxe,2025-09-14,850000,748000,promo
P03,Deluxe,2025-09-15,850000,809000,promo
P03,Deluxe,2025-09-16,850000,783000,promo
P03,Deluxe,2025-09-17,850000,813000,promo
P03,Deluxe,2025-09-18,850000,788000,promo
P03,Deluxe,2025-09-19,850000,778000,promo
P03,Deluxe,2025-09-20,850000,800000,promo
P03,Deluxe,2025-09-21,850000,812000,promo
P03,Deluxe,2025-09-22,850000,791000,promo
P03,Deluxe,2025-09-23,850000,758000,promo
P03,Deluxe,2025-09-24,850000,832000,promo
P03,Deluxe,2025-09-25,850000,777000,promo
P03,Deluxe,2025-09-26,850000,790000,promo
P03,Deluxe,2025-09-27,850000,776000,promo
P03,Deluxe,2025-09-28,850000,817000,promo
P03,Deluxe,2025-09-29,850000,762000,promo
P03,Deluxe,2025-09-30,850000,802000,promo
P03,Deluxe,2025-10-01,850000,810000,promo
P03,Deluxe,2025-10-02,850000,838000,promo
P03,Deluxe,2025-10-03,850000,775000,promo
P03,Deluxe,2025-10-04,850000,845000,promo
P03,Deluxe,2025-10-05,850000,794000,promo
P03,Deluxe,2025-10-06,850000,806000,promo
P03,Deluxe,2025-10-07,850000,763000,promo
P03,Deluxe,2025-10-08,850000,833000,promo
P03,Deluxe,2025-10-09,850000,832000,promo
P03,Deluxe,2025-10-10,850000,785000,promo
P03,Deluxe,2025-10-11,850000,805000,promo
P03,Deluxe,2025-10-12,850000,871000,promo
P03,Deluxe,2025-10-13,850000,821000,promo
P03,Deluxe,2025-10-14,850000,817000,promo
P03,Deluxe,2025-10-15,850000,813000,promo
P03,Deluxe,2025-10-16,850000,795000,promo
P03,Deluxe,2025-10-17,850000,793000,promo
P03,Deluxe,2025-10-18,850000,836000,promo
P03,Deluxe,2025-10-19,850000,788000,promo
P03,Deluxe,2025-10-20,850000,783000,promo
P03,Deluxe,2025-10-21,850000,832000,promo
P03,Deluxe,2025-10-22,850000,824000,promo
P03,Deluxe,2025-10-23,850000,811000,promo
P03,Deluxe,2025-10-24,850000,782000,promo
P03,Deluxe,2025-10-25,850000,794000,promo
P03,Deluxe,2025-10-26,850000,819000,promo
P03,Deluxe,2025-10-27,850000,756000,promo
P03,Deluxe,2025-10-28,850000,820000,promo
P03,Deluxe,2025-10-29,850000,809000,promo
P03,Deluxe,2025-10-30,850000,821000,promo
P03,Deluxe,2025-10-31,850000,821000,promo
P03,Deluxe,2025-11-01,850000,814000,manual
P03,Deluxe,2025-11-02,850000,868000,manual
P03,Deluxe,2025-11-03,850000,799000,manual
P03,Deluxe,2025-11-04,850000,812000,manual
P03,Deluxe,2025-11-05,850000,819000,manual
P03,Deluxe,2025-11-06,850000,809000,manual
P03,Deluxe,2025-11-07,850000,867000,manual
P03,Deluxe,2025-11-08,850000,807000,manual
P03,Deluxe,2025-11-09,850000,841000,manual
P03,Deluxe,2025-11-10,850000,831000,manual
P03,Deluxe,2025-11-11,850000,856000,manual
P03,Deluxe,2025-11-12,850000,855000,manual
P03,Deluxe,2025-11-13,850000,833000,manual
P03,Deluxe,2025-11-14,850000,862000,manual
P03,Deluxe,2025-11-15,850000,836000,manual
P03,Deluxe,2025-11-16,850000,843000,manual
P03,Deluxe,2025-11-17,850000,844000,manual
P03,Deluxe,2025-11-18,850000,884000,manual
P03,Deluxe,2025-11-19,850000,771000,manual
P03,Deluxe,2025-11-20,850000,824000,manual
P03,Deluxe,2025-11-21,850000,818000,manual
P03,Deluxe,2025-11-22,850000,896000,manual
P03,Deluxe,2025-11-23,850000,839000,manual
P03,Deluxe,2025-11-24,850000,819000,manual
P03,Deluxe,2025-11-25,850000,822000,manual
P03,Deluxe,2025-11-26,850000,776000,manual
P03,Deluxe,2025-11-27,850000,845000,manual
P03,Deluxe,2025-11-28,850000,812000,manual
P03,Deluxe,2025-11-29,850000,836000,manual
P03,Deluxe,2025-11-30,850000,820000,manual
P03,Deluxe,2025-12-01,850000,992000,manual
P03,Deluxe,2025-12-02,850000,965000,manual
P03,Deluxe,2025-12-03,850000,975000,manual
P03,Deluxe,2025-12-04,850000,954000,manual
P03,Deluxe,2025-12-05,850000,970000,manual
P03,Deluxe,2025-12-06,850000,937000,manual
P03,Deluxe,2025-12-07,850000,931000,manual
P03,Deluxe,2025-12-08,850000,947000,manual
P03,Deluxe,2025-12-09,850000,956000,manual
P03,Deluxe,2025-12-10,850000,939000,manual
P03,Deluxe,2025-12-11,850000,1010000,manual
P03,Deluxe,2025-12-12,850000,904000,manual
P03,Deluxe,2025-12-13,850000,980000,manual
P03,Deluxe,2025-12-14,850000,953000,manual
P03,Deluxe,2025-12-15,850000,958000,manual
P03,Deluxe,2025-12-16,850000,964000,manual
P03,Deluxe,2025-12-17,850000,957000,manual
P03,Deluxe,2025-12-18,850000,963000,manual
P03,Deluxe,2025-12-19,850000,988000,manual
P03,Deluxe,2025-12-20,850000,1004000,manual
P03,Deluxe,2025-12-21,850000,946000,manual
P03,Deluxe,2025-12-22,850000,1007000,manual
P03,Deluxe,2025-12-23,850000,963000,manual
P03,Deluxe,2025-12-24,850000,958000,manual
P03,Deluxe,2025-12-25,850000,928000,manual
P03,Deluxe,2025-12-26,850000,961000,manual
P03,Deluxe,2025-12-27,850000,945000,manual
P03,Deluxe,2025-12-28,850000,957000,manual
P03,Deluxe,2025-12-29,850000,975000,manual
P03,Deluxe,2025-12-30,850000,927000,manual
P03,Deluxe,2025-12-31,850000,954000,manual
P03,Deluxe,2026-01-01,850000,897000,manual
P03,Deluxe,2026-01-02,850000,919000,manual
P03,Deluxe,2026-01-03,850000,895000,manual
P03,Deluxe,2026-01-04,850000,925000,manual
P03,Deluxe,2026-01-05,850000,927000,manual
P03,Deluxe,2026-01-06,850000,949000,manual
P03,Deluxe,2026-01-07,850000,893000,manual
P03,Deluxe,2026-01-08,850000,945000,manual
P03,Deluxe,2026-01-09,850000,928000,manual
P03,Deluxe,2026-01-10,850000,935000,manual
P03,Deluxe,2026-01-11,850000,936000,manual
P03,Deluxe,2026-01-12,850000,936000,manual
P03,Deluxe,2026-01-13,850000,966000,manual
P03,Deluxe,2026-01-14,850000,961000,manual
P03,Deluxe,2026-01-15,850000,909000,manual
P03,Deluxe,2026-01-16,850000,953000,manual
P03,Deluxe,2026-01-17,850000,953000,manual
P03,Deluxe,2026-01-18,850000,924000,manual
P03,Deluxe,2026-01-19,850000,951000,manual
P03,Deluxe,2026-01-20,850000,920000,manual
P03,Deluxe,2026-01-21,850000,938000,manual
P03,Deluxe,2026-01-22,850000,935000,manual
P03,Deluxe,2026-01-23,850000,921000,manual
P03,Deluxe,2026-01-24,850000,946000,manual
P03,Deluxe,2026-01-25,850000,949000,manual
P03,Deluxe,2026-01-26,850000,940000,manual
P03,Deluxe,2026-01-27,850000,911000,manual
P03,Deluxe,2026-01-28,850000,912000,manual
P03,Deluxe,2026-01-29,850000,955000,manual
P03,Deluxe,2026-01-30,850000,980000,manual
P03,Deluxe,2026-01-31,850000,907000,manual
P03,Deluxe,2026-02-01,850000,793000,promo
P03,Deluxe,2026-02-02,850000,797000,promo
P03,Deluxe,2026-02-03,850000,780000,promo
P03,Deluxe,2026-02-04,850000,790000,promo
P03,Deluxe,2026-02-05,850000,822000,promo
P03,Deluxe,2026-02-06,850000,781000,promo
P03,Deluxe,2026-02-07,850000,777000,promo
P03,Deluxe,2026-02-08,850000,842000,promo
P03,Deluxe,2026-02-09,850000,783000,promo
P03,Deluxe,2026-02-10,850000,840000,promo
P03,Deluxe,2026-02-11,850000,824000,promo
P03,Deluxe,2026-02-12,850000,764000,promo
P03,Deluxe,2026-02-13,850000,818000,promo
P03,Deluxe,2026-02-14,850000,797000,promo
P03,Deluxe,2026-02-15,850000,823000,promo
P03,Deluxe,2026-02-16,850000,783000,promo
P03,Deluxe,2026-02-17,850000,797000,promo
P03,Deluxe,2026-02-18,850000,791000,promo
P03,Deluxe,2026-02-19,850000,763000,promo
P03,Deluxe,2026-02-20,850000,792000,promo
P03,Deluxe,2026-02-21,850000,786000,promo
P03,Deluxe,2026-02-22,850000,820000,promo
P03,Deluxe,2026-02-23,850000,774000,promo
P03,Deluxe,2026-02-24,850000,789000,promo
P03,Deluxe,2026-02-25,850000,788000,promo
P03,Deluxe,2026-02-26,850000,797000,promo
P03,Deluxe,2026-02-27,850000,849000,promo
P03,Deluxe,2026-02-28,850000,811000,promo
P03,Deluxe,2026-03-01,850000,775000,promo
P03,Deluxe,2026-03-02,850000,807000,promo
P03,Deluxe,2026-03-03,850000,780000,promo
P03,Deluxe,2026-03-04,850000,790000,promo
P03,Deluxe,2026-03-05,850000,793000,promo
P03,Deluxe,2026-03-06,850000,842000,promo
P03,Deluxe,2026-03-07,850000,812000,promo
P03,Deluxe,2026-03-08,850000,822000,promo
P03,Deluxe,2026-03-09,850000,766000,promo
P03,Deluxe,2026-03-10,850000,806000,promo
P03,Deluxe,2026-03-11,850000,837000,promo
P03,Deluxe,2026-03-12,850000,802000,promo
P03,Deluxe,2026-03-13,850000,752000,promo
P03,Deluxe,2026-03-14,850000,793000,promo
P03,Deluxe,2026-03-15,850000,813000,promo
P03,Deluxe,2026-03-16,850000,799000,promo
P03,Deluxe,2026-03-17,850000,774000,promo
P03,Deluxe,2026-03-18,850000,746000,promo
P03,Deluxe,2026-03-19,850000,839000,promo
P03,Deluxe,2026-03-20,850000,834000,promo
P03,Deluxe,2026-03-21,850000,829000,promo
P03,Deluxe,2026-03-22,850000,841000,promo
P03,Deluxe,2026-03-23,850000,808000,promo
P03,Deluxe,2026-03-24,850000,788000,promo
P03,Deluxe,2026-03-25,850000,816000,promo
P03,Deluxe,2026-03-26,850000,799000,promo
P03,Deluxe,2026-03-27,850000,800000,promo
P03,Deluxe,2026-03-28,850000,820000,promo
P03,Deluxe,2026-03-29,850000,804000,promo
P03,Deluxe,2026-03-30,850000,842000,promo
P03,Deluxe,2026-03-31,850000,813000,promo
P03,Deluxe,2026-04-01,850000,832000,manual
P03,Deluxe,2026-04-02,850000,814000,manual
P03,Deluxe,2026-04-03,850000,860000,manual
P03,Deluxe,2026-04-04,850000,870000,manual
P03,Deluxe,2026-04-05,850000,840000,manual
P03,Deluxe,2026-04-06,850000,863000,manual
P03,Deluxe,2026-04-07,850000,860000,manual
P03,Deluxe,2026-04-08,850000,890000,manual
P03,Deluxe,2026-04-09,850000,807000,manual
P03,Deluxe,2026-04-10,850000,840000,manual
P03,Deluxe,2026-04-11,850000,847000,manual
P03,Deluxe,2026-04-12,850000,893000,manual
P03,Deluxe,2026-04-13,850000,843000,manual
P03,Deluxe,2026-04-14,850000,829000,manual
P03,Deluxe,2026-04-15,850000,861000,manual
P03,Deluxe,2026-04-16,850000,859000,manual
P03,Deluxe,2026-04-17,850000,874000,manual
P03,Deluxe,2026-04-18,850000,840000,manual
P03,Deluxe,2026-04-19,850000,811000,manual
P03,Deluxe,2026-04-20,850000,850000,manual
P03,Deluxe,2026-04-21,850000,846000,manual
P03,Deluxe,2026-04-22,850000,846000,manual
P03,Deluxe,2026-04-23,850000,834000,manual
P03,Deluxe,2026-04-24,850000,860000,manual
P03,Deluxe,2026-04-25,850000,868000,manual
P03,Deluxe,2026-04-26,850000,831000,manual
P03,Deluxe,2026-04-27,850000,885000,manual
P03,Deluxe,2026-04-28,850000,850000,manual
P03,Deluxe,2026-04-29,850000,825000,manual
P03,Deluxe,2026-04-30,850000,844000,manual
P03,Deluxe,2026-05-01,850000,829000,manual
P03,Deluxe,2026-05-02,850000,853000,manual
P03,Deluxe,2026-05-03,850000,803000,manual
P03,Deluxe,2026-05-04,850000,895000,manual
P03,Deluxe,2026-05-05,850000,854000,manual
P03,Deluxe,2026-05-06,850000,810000,manual
P03,Deluxe,2026-05-07,850000,860000,manual
P03,Deluxe,2026-05-08,850000,865000,manual
P03,Deluxe,2026-05-09,850000,879000,manual
P03,Deluxe,2026-05-10,850000,828000,manual
P03,Deluxe,2026-05-11,850000,866000,manual
P03,Deluxe,2026-05-12,850000,843000,manual
P03,Deluxe,2026-05-13,850000,819000,manual
P03,Deluxe,2026-05-14,850000,876000,manual
P03,Deluxe,2026-05-15,850000,853000,manual
P03,Deluxe,2026-05-16,850000,865000,manual
P03,Deluxe,2026-05-17,850000,857000,manual
P03,Deluxe,2026-05-18,850000,843000,manual
P03,Deluxe,2026-05-19,850000,902000,manual
P03,Deluxe,2026-05-20,850000,849000,manual
P03,Deluxe,2026-05-21,850000,917000,manual
P03,Deluxe,2026-05-22,850000,838000,manual
P03,Deluxe,2026-05-23,850000,842000,manual
P03,Deluxe,2026-05-24,850000,878000,manual
P03,Deluxe,2026-05-25,850000,842000,manual
P03,Deluxe,2026-05-26,850000,849000,manual
P03,Deluxe,2026-05-27,850000,883000,manual
P03,Deluxe,2026-05-28,850000,856000,manual
P03,Deluxe,2026-05-29,850000,817000,manual
P03,Deluxe,2026-05-30,850000,838000,manual
P03,Deluxe,2026-05-31,850000,854000,manual
P03,Deluxe,2026-06-01,850000,892000,manual
P03,Deluxe,2026-06-02,850000,941000,manual
P03,Deluxe,2026-06-03,850000,924000,manual
P03,Deluxe,2026-06-04,850000,916000,manual
P03,Deluxe,2026-06-05,850000,917000,manual
P03,Deluxe,2026-06-06,850000,972000,manual
P03,Deluxe,2026-06-07,850000,927000,manual
P03,Deluxe,2026-06-08,850000,913000,manual
P03,Deluxe,2026-06-09,850000,945000,manual
P03,Deluxe,2026-06-10,850000,931000,manual
P03,Deluxe,2026-06-11,850000,998000,manual
P03,Deluxe,2026-06-12,850000,933000,manual
P03,Deluxe,2026-06-13,850000,931000,manual
P03,Deluxe,2026-06-14,850000,912000,manual
P03,Deluxe,2026-06-15,850000,956000,manual
P03,Deluxe,2026-06-16,850000,889000,manual
P03,Deluxe,2026-06-17,850000,867000,manual
P03,Deluxe,2026-06-18,850000,940000,manual
P03,Deluxe,2026-06-19,850000,894000,manual
P03,Deluxe,2026-06-20,850000,882000,manual
P03,Deluxe,2026-06-21,850000,888000,manual
P03,Deluxe,2026-06-22,850000,899000,manual
P03,Deluxe,2026-06-23,850000,924000,manual
P03,Deluxe,2026-06-24,850000,906000,manual
P03,Deluxe,2026-06-25,850000,920000,manual
P03,Deluxe,2026-06-26,850000,929000,manual
P03,Deluxe,2026-06-27,850000,962000,manual
P03,Deluxe,2026-06-28,850000,914000,manual
P03,Deluxe,2026-06-29,850000,946000,manual
P03,Deluxe,2026-06-30,850000,904000,manual
P03,Suite,2023-07-01,1600000,1741000,manual
P03,Suite,2023-07-02,1600000,1879000,manual
P03,Suite,2023-07-03,1600000,1729000,manual
P03,Suite,2023-07-04,1600000,1700000,manual
P03,Suite,2023-07-05,1600000,1794000,manual
P03,Suite,2023-07-06,1600000,1671000,manual
P03,Suite,2023-07-07,1600000,1771000,manual
P03,Suite,2023-07-08,1600000,1802000,manual
P03,Suite,2023-07-09,1600000,1724000,manual
P03,Suite,2023-07-10,1600000,1847000,manual
P03,Suite,2023-07-11,1600000,1757000,manual
P03,Suite,2023-07-12,1600000,1841000,manual
P03,Suite,2023-07-13,1600000,1754000,manual
P03,Suite,2023-07-14,1600000,1820000,manual
P03,Suite,2023-07-15,1600000,1768000,manual
P03,Suite,2023-07-16,1600000,1751000,manual
P03,Suite,2023-07-17,1600000,1727000,manual
P03,Suite,2023-07-18,1600000,1738000,manual
P03,Suite,2023-07-19,1600000,1759000,manual
P03,Suite,2023-07-20,1600000,1783000,manual
P03,Suite,2023-07-21,1600000,1744000,manual
P03,Suite,2023-07-22,1600000,1885000,manual
P03,Suite,2023-07-23,1600000,1762000,manual
P03,Suite,2023-07-24,1600000,1768000,manual
P03,Suite,2023-07-25,1600000,1772000,manual
P03,Suite,2023-07-26,1600000,1709000,manual
P03,Suite,2023-07-27,1600000,1790000,manual
P03,Suite,2023-07-28,1600000,1713000,manual
P03,Suite,2023-07-29,1600000,1792000,manual
P03,Suite,2023-07-30,1600000,1870000,manual
P03,Suite,2023-07-31,1600000,1717000,manual
P03,Suite,2023-08-01,1600000,1604000,manual
P03,Suite,2023-08-02,1600000,1569000,manual
P03,Suite,2023-08-03,1600000,1571000,manual
P03,Suite,2023-08-04,1600000,1626000,manual
P03,Suite,2023-08-05,1600000,1578000,manual
P03,Suite,2023-08-06,1600000,1655000,manual
P03,Suite,2023-08-07,1600000,1682000,manual
P03,Suite,2023-08-08,1600000,1662000,manual
P03,Suite,2023-08-09,1600000,1690000,manual
P03,Suite,2023-08-10,1600000,1716000,manual
P03,Suite,2023-08-11,1600000,1635000,manual
P03,Suite,2023-08-12,1600000,1739000,manual
P03,Suite,2023-08-13,1600000,1597000,manual
P03,Suite,2023-08-14,1600000,1635000,manual
P03,Suite,2023-08-15,1600000,1700000,manual
P03,Suite,2023-08-16,1600000,1645000,manual
P03,Suite,2023-08-17,1600000,1632000,manual
P03,Suite,2023-08-18,1600000,1735000,manual
P03,Suite,2023-08-19,1600000,1674000,manual
P03,Suite,2023-08-20,1600000,1617000,manual
P03,Suite,2023-08-21,1600000,1667000,manual
P03,Suite,2023-08-22,1600000,1643000,manual
P03,Suite,2023-08-23,1600000,1633000,manual
P03,Suite,2023-08-24,1600000,1582000,manual
P03,Suite,2023-08-25,1600000,1661000,manual
P03,Suite,2023-08-26,1600000,1675000,manual
P03,Suite,2023-08-27,1600000,1646000,manual
P03,Suite,2023-08-28,1600000,1675000,manual
P03,Suite,2023-08-29,1600000,1667000,manual
P03,Suite,2023-08-30,1600000,1695000,manual
P03,Suite,2023-08-31,1600000,1624000,manual
P03,Suite,2023-09-01,1600000,1537000,promo
P03,Suite,2023-09-02,1600000,1467000,promo
P03,Suite,2023-09-03,1600000,1438000,promo
P03,Suite,2023-09-04,1600000,1509000,promo
P03,Suite,2023-09-05,1600000,1502000,promo
P03,Suite,2023-09-06,1600000,1502000,promo
P03,Suite,2023-09-07,1600000,1424000,promo
P03,Suite,2023-09-08,1600000,1525000,promo
P03,Suite,2023-09-09,1600000,1454000,promo
P03,Suite,2023-09-10,1600000,1449000,promo
P03,Suite,2023-09-11,1600000,1516000,promo
P03,Suite,2023-09-12,1600000,1478000,promo
P03,Suite,2023-09-13,1600000,1442000,promo
P03,Suite,2023-09-14,1600000,1483000,promo
P03,Suite,2023-09-15,1600000,1504000,promo
P03,Suite,2023-09-16,1600000,1489000,promo
P03,Suite,2023-09-17,1600000,1536000,promo
P03,Suite,2023-09-18,1600000,1508000,promo
P03,Suite,2023-09-19,1600000,1449000,promo
P03,Suite,2023-09-20,1600000,1464000,promo
P03,Suite,2023-09-21,1600000,1483000,promo
P03,Suite,2023-09-22,1600000,1505000,promo
P03,Suite,2023-09-23,1600000,1559000,promo
P03,Suite,2023-09-24,1600000,1471000,promo
P03,Suite,2023-09-25,1600000,1473000,promo
P03,Suite,2023-09-26,1600000,1475000,promo
P03,Suite,2023-09-27,1600000,1513000,promo
P03,Suite,2023-09-28,1600000,1424000,promo
P03,Suite,2023-09-29,1600000,1465000,promo
P03,Suite,2023-09-30,1600000,1546000,promo
P03,Suite,2023-10-01,1600000,1489000,promo
P03,Suite,2023-10-02,1600000,1506000,promo
P03,Suite,2023-10-03,1600000,1513000,promo
P03,Suite,2023-10-04,1600000,1502000,promo
P03,Suite,2023-10-05,1600000,1490000,promo
P03,Suite,2023-10-06,1600000,1521000,promo
P03,Suite,2023-10-07,1600000,1485000,promo
P03,Suite,2023-10-08,1600000,1518000,promo
P03,Suite,2023-10-09,1600000,1521000,promo
P03,Suite,2023-10-10,1600000,1455000,promo
P03,Suite,2023-10-11,1600000,1478000,promo
P03,Suite,2023-10-12,1600000,1450000,promo
P03,Suite,2023-10-13,1600000,1518000,promo
P03,Suite,2023-10-14,1600000,1548000,promo
P03,Suite,2023-10-15,1600000,1539000,promo
P03,Suite,2023-10-16,1600000,1547000,promo
P03,Suite,2023-10-17,1600000,1567000,promo
P03,Suite,2023-10-18,1600000,1577000,promo
P03,Suite,2023-10-19,1600000,1397000,promo
P03,Suite,2023-10-20,1600000,1517000,promo
P03,Suite,2023-10-21,1600000,1573000,promo
P03,Suite,2023-10-22,1600000,1424000,promo
P03,Suite,2023-10-23,1600000,1488000,promo
P03,Suite,2023-10-24,1600000,1522000,promo
P03,Suite,2023-10-25,1600000,1366000,promo
P03,Suite,2023-10-26,1600000,1569000,promo
P03,Suite,2023-10-27,1600000,1527000,promo
P03,Suite,2023-10-28,1600000,1438000,promo
P03,Suite,2023-10-29,1600000,1478000,promo
P03,Suite,2023-10-30,1600000,1522000,promo
P03,Suite,2023-10-31,1600000,1532000,promo
P03,Suite,2023-11-01,1600000,1550000,manual
P03,Suite,2023-11-02,1600000,1563000,manual
P03,Suite,2023-11-03,1600000,1558000,manual
P03,Suite,2023-11-04,1600000,1625000,manual
P03,Suite,2023-11-05,1600000,1607000,manual
P03,Suite,2023-11-06,1600000,1696000,manual
P03,Suite,2023-11-07,1600000,1514000,manual
P03,Suite,2023-11-08,1600000,1593000,manual
P03,Suite,2023-11-09,1600000,1527000,manual
P03,Suite,2023-11-10,1600000,1581000,manual
P03,Suite,2023-11-11,1600000,1577000,manual
P03,Suite,2023-11-12,1600000,1540000,manual
P03,Suite,2023-11-13,1600000,1583000,manual
P03,Suite,2023-11-14,1600000,1533000,manual
P03,Suite,2023-11-15,1600000,1619000,manual
P03,Suite,2023-11-16,1600000,1517000,manual
P03,Suite,2023-11-17,1600000,1591000,manual
P03,Suite,2023-11-18,1600000,1586000,manual
P03,Suite,2023-11-19,1600000,1597000,manual
P03,Suite,2023-11-20,1600000,1581000,manual
P03,Suite,2023-11-21,1600000,1589000,manual
P03,Suite,2023-11-22,1600000,1636000,manual
P03,Suite,2023-11-23,1600000,1581000,manual
P03,Suite,2023-11-24,1600000,1593000,manual
P03,Suite,2023-11-25,1600000,1599000,manual
P03,Suite,2023-11-26,1600000,1649000,manual
P03,Suite,2023-11-27,1600000,1655000,manual
P03,Suite,2023-11-28,1600000,1533000,manual
P03,Suite,2023-11-29,1600000,1571000,manual
P03,Suite,2023-11-30,1600000,1605000,manual
P03,Suite,2023-12-01,1600000,1735000,manual
P03,Suite,2023-12-02,1600000,1769000,manual
P03,Suite,2023-12-03,1600000,1765000,manual
P03,Suite,2023-12-04,1600000,1782000,manual
P03,Suite,2023-12-05,1600000,1830000,manual
P03,Suite,2023-12-06,1600000,1728000,manual
P03,Suite,2023-12-07,1600000,1749000,manual
P03,Suite,2023-12-08,1600000,1743000,manual
P03,Suite,2023-12-09,1600000,1861000,manual
P03,Suite,2023-12-10,1600000,1668000,manual
P03,Suite,2023-12-11,1600000,1728000,manual
P03,Suite,2023-12-12,1600000,1779000,manual
P03,Suite,2023-12-13,1600000,1800000,manual
P03,Suite,2023-12-14,1600000,1664000,manual
P03,Suite,2023-12-15,1600000,1784000,manual
P03,Suite,2023-12-16,1600000,1881000,manual
P03,Suite,2023-12-17,1600000,1858000,manual
P03,Suite,2023-12-18,1600000,1812000,manual
P03,Suite,2023-12-19,1600000,1769000,manual
P03,Suite,2023-12-20,1600000,1750000,manual
P03,Suite,2023-12-21,1600000,1723000,manual
P03,Suite,2023-12-22,1600000,1782000,manual
P03,Suite,2023-12-23,1600000,1732000,manual
P03,Suite,2023-12-24,1600000,1906000,manual
P03,Suite,2023-12-25,1600000,1723000,manual
P03,Suite,2023-12-26,1600000,1863000,manual
P03,Suite,2023-12-27,1600000,1757000,manual
P03,Suite,2023-12-28,1600000,1832000,manual
P03,Suite,2023-12-29,1600000,1806000,manual
P03,Suite,2023-12-30,1600000,1894000,manual
P03,Suite,2023-12-31,1600000,1800000,manual
P03,Suite,2024-01-01,1600000,1778000,manual
P03,Suite,2024-01-02,1600000,1732000,manual
P03,Suite,2024-01-03,1600000,1845000,manual
P03,Suite,2024-01-04,1600000,1662000,manual
P03,Suite,2024-01-05,1600000,1753000,manual
P03,Suite,2024-01-06,1600000,1810000,manual
P03,Suite,2024-01-07,1600000,1761000,manual
P03,Suite,2024-01-08,1600000,1789000,manual
P03,Suite,2024-01-09,1600000,1702000,manual
P03,Suite,2024-01-10,1600000,1740000,manual
P03,Suite,2024-01-11,1600000,1830000,manual
P03,Suite,2024-01-12,1600000,1737000,manual
P03,Suite,2024-01-13,1600000,1778000,manual
P03,Suite,2024-01-14,1600000,1850000,manual
P03,Suite,2024-01-15,1600000,1823000,manual
P03,Suite,2024-01-16,1600000,1767000,manual
P03,Suite,2024-01-17,1600000,1788000,manual
P03,Suite,2024-01-18,1600000,1719000,manual
P03,Suite,2024-01-19,1600000,1777000,manual
P03,Suite,2024-01-20,1600000,1744000,manual
P03,Suite,2024-01-21,1600000,1765000,manual
P03,Suite,2024-01-22,1600000,1691000,manual
P03,Suite,2024-01-23,1600000,1865000,manual
P03,Suite,2024-01-24,1600000,1883000,manual
P03,Suite,2024-01-25,1600000,1701000,manual
P03,Suite,2024-01-26,1600000,1773000,manual
P03,Suite,2024-01-27,1600000,1864000,manual
P03,Suite,2024-01-28,1600000,1745000,manual
P03,Suite,2024-01-29,1600000,1722000,manual
P03,Suite,2024-01-30,1600000,1817000,manual
P03,Suite,2024-01-31,1600000,1794000,manual
P03,Suite,2024-02-01,1600000,1507000,promo
P03,Suite,2024-02-02,1600000,1499000,promo
P03,Suite,2024-02-03,1600000,1550000,promo
P03,Suite,2024-02-04,1600000,1503000,promo
P03,Suite,2024-02-05,1600000,1518000,promo
P03,Suite,2024-02-06,1600000,1527000,promo
P03,Suite,2024-02-07,1600000,1592000,promo
P03,Suite,2024-02-08,1600000,1486000,promo
P03,Suite,2024-02-09,1600000,1502000,promo
P03,Suite,2024-02-10,1600000,1501000,promo
P03,Suite,2024-02-11,1600000,1512000,promo
P03,Suite,2024-02-12,1600000,1492000,promo
P03,Suite,2024-02-13,1600000,1486000,promo
P03,Suite,2024-02-14,1600000,1481000,promo
P03,Suite,2024-02-15,1600000,1505000,promo
P03,Suite,2024-02-16,1600000,1473000,promo
P03,Suite,2024-02-17,1600000,1594000,promo
P03,Suite,2024-02-18,1600000,1469000,promo
P03,Suite,2024-02-19,1600000,1483000,promo
P03,Suite,2024-02-20,1600000,1551000,promo
P03,Suite,2024-02-21,1600000,1536000,promo
P03,Suite,2024-02-22,1600000,1472000,promo
P03,Suite,2024-02-23,1600000,1525000,promo
P03,Suite,2024-02-24,1600000,1555000,promo
P03,Suite,2024-02-25,1600000,1512000,promo
P03,Suite,2024-02-26,1600000,1545000,promo
P03,Suite,2024-02-27,1600000,1515000,promo
P03,Suite,2024-02-28,1600000,1493000,promo
P03,Suite,2024-02-29,1600000,1600000,promo
P03,Suite,2024-03-01,1600000,1537000,promo
P03,Suite,2024-03-02,1600000,1499000,promo
P03,Suite,2024-03-03,1600000,1512000,promo
P03,Suite,2024-03-04,1600000,1552000,promo
P03,Suite,2024-03-05,1600000,1560000,promo
P03,Suite,2024-03-06,1600000,1484000,promo
P03,Suite,2024-03-07,1600000,1551000,promo
P03,Suite,2024-03-08,1600000,1524000,promo
P03,Suite,2024-03-09,1600000,1516000,promo
P03,Suite,2024-03-10,1600000,1504000,promo
P03,Suite,2024-03-11,1600000,1526000,promo
P03,Suite,2024-03-12,1600000,1559000,promo
P03,Suite,2024-03-13,1600000,1503000,promo
P03,Suite,2024-03-14,1600000,1501000,promo
P03,Suite,2024-03-15,1600000,1533000,promo
P03,Suite,2024-03-16,1600000,1428000,promo
P03,Suite,2024-03-17,1600000,1436000,promo
P03,Suite,2024-03-18,1600000,1476000,promo
P03,Suite,2024-03-19,1600000,1535000,promo
P03,Suite,2024-03-20,1600000,1571000,promo
P03,Suite,2024-03-21,1600000,1507000,promo
P03,Suite,2024-03-22,1600000,1522000,promo
P03,Suite,2024-03-23,1600000,1575000,promo
P03,Suite,2024-03-24,1600000,1478000,promo
P03,Suite,2024-03-25,1600000,1575000,promo
P03,Suite,2024-03-26,1600000,1591000,promo
P03,Suite,2024-03-27,1600000,1470000,promo
P03,Suite,2024-03-28,1600000,1521000,promo
P03,Suite,2024-03-29,1600000,1599000,promo
P03,Suite,2024-03-30,1600000,1511000,promo
P03,Suite,2024-03-31,1600000,1500000,promo
P03,Suite,2024-04-01,1600000,1673000,manual
P03,Suite,2024-04-02,1600000,1648000,manual
P03,Suite,2024-04-03,1600000,1653000,manual
P03,Suite,2024-04-04,1600000,1638000,manual
P03,Suite,2024-04-05,1600000,1520000,manual
P03,Suite,2024-04-06,1600000,1671000,manual
P03,Suite,2024-04-07,1600000,1600000,manual
P03,Suite,2024-04-08,1600000,1513000,manual
P03,Suite,2024-04-09,1600000,1581000,manual
P03,Suite,2024-04-10,1600000,1528000,manual
P03,Suite,2024-04-11,1600000,1621000,manual
P03,Suite,2024-04-12,1600000,1571000,manual
P03,Suite,2024-04-13,1600000,1592000,manual
P03,Suite,2024-04-14,1600000,1591000,manual
P03,Suite,2024-04-15,1600000,1553000,manual
P03,Suite,2024-04-16,1600000,1507000,manual
P03,Suite,2024-04-17,1600000,1621000,manual
P03,Suite,2024-04-18,1600000,1617000,manual
P03,Suite,2024-04-19,1600000,1598000,manual
P03,Suite,2024-04-20,1600000,1552000,manual
P03,Suite,2024-04-21,1600000,1616000,manual
P03,Suite,2024-04-22,1600000,1660000,manual
P03,Suite,2024-04-23,1600000,1543000,manual
P03,Suite,2024-04-24,1600000,1488000,manual
P03,Suite,2024-04-25,1600000,1644000,manual
P03,Suite,2024-04-26,1600000,1661000,manual
P03,Suite,2024-04-27,1600000,1524000,manual
P03,Suite,2024-04-28,1600000,1529000,manual
P03,Suite,2024-04-29,1600000,1593000,manual
P03,Suite,2024-04-30,1600000,1649000,manual
P03,Suite,2024-05-01,1600000,1687000,manual
P03,Suite,2024-05-02,1600000,1638000,manual
P03,Suite,2024-05-03,1600000,1640000,manual
P03,Suite,2024-05-04,1600000,1624000,manual
P03,Suite,2024-05-05,1600000,1619000,manual
P03,Suite,2024-05-06,1600000,1587000,manual
P03,Suite,2024-05-07,1600000,1583000,manual
P03,Suite,2024-05-08,1600000,1587000,manual
P03,Suite,2024-05-09,1600000,1712000,manual
P03,Suite,2024-05-10,1600000,1664000,manual
P03,Suite,2024-05-11,1600000,1614000,manual
P03,Suite,2024-05-12,1600000,1596000,manual
P03,Suite,2024-05-13,1600000,1598000,manual
P03,Suite,2024-05-14,1600000,1561000,manual
P03,Suite,2024-05-15,1600000,1541000,manual
P03,Suite,2024-05-16,1600000,1606000,manual
P03,Suite,2024-05-17,1600000,1585000,manual
P03,Suite,2024-05-18,1600000,1709000,manual
P03,Suite,2024-05-19,1600000,1613000,manual
P03,Suite,2024-05-20,1600000,1609000,manual
P03,Suite,2024-05-21,1600000,1620000,manual
P03,Suite,2024-05-22,1600000,1658000,manual
P03,Suite,2024-05-23,1600000,1630000,manual
P03,Suite,2024-05-24,1600000,1561000,manual
P03,Suite,2024-05-25,1600000,1613000,manual
P03,Suite,2024-05-26,1600000,1576000,manual
P03,Suite,2024-05-27,1600000,1545000,manual
P03,Suite,2024-05-28,1600000,1581000,manual
P03,Suite,2024-05-29,1600000,1595000,manual
P03,Suite,2024-05-30,1600000,1625000,manual
P03,Suite,2024-05-31,1600000,1631000,manual
P03,Suite,2024-06-01,1600000,1691000,manual
P03,Suite,2024-06-02,1600000,1659000,manual
P03,Suite,2024-06-03,1600000,1723000,manual
P03,Suite,2024-06-04,1600000,1694000,manual
P03,Suite,2024-06-05,1600000,1672000,manual
P03,Suite,2024-06-06,1600000,1721000,manual
P03,Suite,2024-06-07,1600000,1709000,manual
P03,Suite,2024-06-08,1600000,1739000,manual
P03,Suite,2024-06-09,1600000,1702000,manual
P03,Suite,2024-06-10,1600000,1710000,manual
P03,Suite,2024-06-11,1600000,1680000,manual
P03,Suite,2024-06-12,1600000,1801000,manual
P03,Suite,2024-06-13,1600000,1646000,manual
P03,Suite,2024-06-14,1600000,1684000,manual
P03,Suite,2024-06-15,1600000,1744000,manual
P03,Suite,2024-06-16,1600000,1707000,manual
P03,Suite,2024-06-17,1600000,1791000,manual
P03,Suite,2024-06-18,1600000,1778000,manual
P03,Suite,2024-06-19,1600000,1726000,manual
P03,Suite,2024-06-20,1600000,1828000,manual
P03,Suite,2024-06-21,1600000,1670000,manual
P03,Suite,2024-06-22,1600000,1706000,manual
P03,Suite,2024-06-23,1600000,1711000,manual
P03,Suite,2024-06-24,1600000,1804000,manual
P03,Suite,2024-06-25,1600000,1735000,manual
P03,Suite,2024-06-26,1600000,1642000,manual
P03,Suite,2024-06-27,1600000,1708000,manual
P03,Suite,2024-06-28,1600000,1787000,manual
P03,Suite,2024-06-29,1600000,1691000,manual
P03,Suite,2024-06-30,1600000,1864000,manual
P03,Suite,2024-07-01,1600000,1887000,manual
P03,Suite,2024-07-02,1600000,1720000,manual
P03,Suite,2024-07-03,1600000,1755000,manual
P03,Suite,2024-07-04,1600000,1775000,manual
P03,Suite,2024-07-05,1600000,1783000,manual
P03,Suite,2024-07-06,1600000,1732000,manual
P03,Suite,2024-07-07,1600000,1814000,manual
P03,Suite,2024-07-08,1600000,1827000,manual
P03,Suite,2024-07-09,1600000,1787000,manual
P03,Suite,2024-07-10,1600000,1808000,manual
P03,Suite,2024-07-11,1600000,1777000,manual
P03,Suite,2024-07-12,1600000,1814000,manual
P03,Suite,2024-07-13,1600000,1762000,manual
P03,Suite,2024-07-14,1600000,1737000,manual
P03,Suite,2024-07-15,1600000,1820000,manual
P03,Suite,2024-07-16,1600000,1801000,manual
P03,Suite,2024-07-17,1600000,1852000,manual
P03,Suite,2024-07-18,1600000,1827000,manual
P03,Suite,2024-07-19,1600000,1728000,manual
P03,Suite,2024-07-20,1600000,1883000,manual
P03,Suite,2024-07-21,1600000,1917000,manual
P03,Suite,2024-07-22,1600000,1763000,manual
P03,Suite,2024-07-23,1600000,1707000,manual
P03,Suite,2024-07-24,1600000,1735000,manual
P03,Suite,2024-07-25,1600000,1758000,manual
P03,Suite,2024-07-26,1600000,1788000,manual
P03,Suite,2024-07-27,1600000,1706000,manual
P03,Suite,2024-07-28,1600000,1830000,manual
P03,Suite,2024-07-29,1600000,1740000,manual
P03,Suite,2024-07-30,1600000,1767000,manual
P03,Suite,2024-07-31,1600000,1745000,manual
P03,Suite,2024-08-01,1600000,1662000,manual
P03,Suite,2024-08-02,1600000,1642000,manual
P03,Suite,2024-08-03,1600000,1634000,manual
P03,Suite,2024-08-04,1600000,1667000,manual
P03,Suite,2024-08-05,1600000,1619000,manual
P03,Suite,2024-08-06,1600000,1582000,manual
P03,Suite,2024-08-07,1600000,1637000,manual
P03,Suite,2024-08-08,1600000,1676000,manual
P03,Suite,2024-08-09,1600000,1619000,manual
P03,Suite,2024-08-10,1600000,1626000,manual
P03,Suite,2024-08-11,1600000,1692000,manual
P03,Suite,2024-08-12,1600000,1586000,manual
P03,Suite,2024-08-13,1600000,1587000,manual
P03,Suite,2024-08-14,1600000,1597000,manual
P03,Suite,2024-08-15,1600000,1643000,manual
P03,Suite,2024-08-16,1600000,1663000,manual
P03,Suite,2024-08-17,1600000,1664000,manual
P03,Suite,2024-08-18,1600000,1705000,manual
P03,Suite,2024-08-19,1600000,1560000,manual
P03,Suite,2024-08-20,1600000,1647000,manual
P03,Suite,2024-08-21,1600000,1636000,manual
P03,Suite,2024-08-22,1600000,1622000,manual
P03,Suite,2024-08-23,1600000,1607000,manual
P03,Suite,2024-08-24,1600000,1660000,manual
P03,Suite,2024-08-25,1600000,1646000,manual
P03,Suite,2024-08-26,1600000,1592000,manual
P03,Suite,2024-08-27,1600000,1710000,manual
P03,Suite,2024-08-28,1600000,1600000,manual
P03,Suite,2024-08-29,1600000,1629000,manual
P03,Suite,2024-08-30,1600000,1601000,manual
P03,Suite,2024-08-31,1600000,1635000,manual
P03,Suite,2024-09-01,1600000,1503000,promo
P03,Suite,2024-09-02,1600000,1522000,promo
P03,Suite,2024-09-03,1600000,1499000,promo
P03,Suite,2024-09-04,1600000,1488000,promo
P03,Suite,2024-09-05,1600000,1571000,promo
P03,Suite,2024-09-06,1600000,1463000,promo
P03,Suite,2024-09-07,1600000,1490000,promo
P03,Suite,2024-09-08,1600000,1518000,promo
P03,Suite,2024-09-09,1600000,1594000,promo
P03,Suite,2024-09-10,1600000,1432000,promo
P03,Suite,2024-09-11,1600000,1582000,promo
P03,Suite,2024-09-12,1600000,1518000,promo
P03,Suite,2024-09-13,1600000,1487000,promo
P03,Suite,2024-09-14,1600000,1530000,promo
P03,Suite,2024-09-15,1600000,1443000,promo
P03,Suite,2024-09-16,1600000,1529000,promo
P03,Suite,2024-09-17,1600000,1545000,promo
P03,Suite,2024-09-18,1600000,1554000,promo
P03,Suite,2024-09-19,1600000,1442000,promo
P03,Suite,2024-09-20,1600000,1504000,promo
P03,Suite,2024-09-21,1600000,1482000,promo
P03,Suite,2024-09-22,1600000,1459000,promo
P03,Suite,2024-09-23,1600000,1582000,promo
P03,Suite,2024-09-24,1600000,1568000,promo
P03,Suite,2024-09-25,1600000,1451000,promo
P03,Suite,2024-09-26,1600000,1518000,promo
P03,Suite,2024-09-27,1600000,1566000,promo
P03,Suite,2024-09-28,1600000,1525000,promo
P03,Suite,2024-09-29,1600000,1486000,promo
P03,Suite,2024-09-30,1600000,1446000,promo
P03,Suite,2024-10-01,1600000,1550000,promo
P03,Suite,2024-10-02,1600000,1474000,promo
P03,Suite,2024-10-03,1600000,1525000,promo
P03,Suite,2024-10-04,1600000,1508000,promo
P03,Suite,2024-10-05,1600000,1467000,promo
P03,Suite,2024-10-06,1600000,1461000,promo
P03,Suite,2024-10-07,1600000,1522000,promo
P03,Suite,2024-10-08,1600000,1424000,promo
P03,Suite,2024-10-09,1600000,1499000,promo
P03,Suite,2024-10-10,1600000,1505000,promo
P03,Suite,2024-10-11,1600000,1471000,promo
P03,Suite,2024-10-12,1600000,1523000,promo
P03,Suite,2024-10-13,1600000,1543000,promo
P03,Suite,2024-10-14,1600000,1605000,promo
P03,Suite,2024-10-15,1600000,1512000,promo
P03,Suite,2024-10-16,1600000,1516000,promo
P03,Suite,2024-10-17,1600000,1497000,promo
P03,Suite,2024-10-18,1600000,1487000,promo
P03,Suite,2024-10-19,1600000,1498000,promo
P03,Suite,2024-10-20,1600000,1557000,promo
P03,Suite,2024-10-21,1600000,1503000,promo
P03,Suite,2024-10-22,1600000,1578000,promo
P03,Suite,2024-10-23,1600000,1520000,promo
P03,Suite,2024-10-24,1600000,1438000,promo
P03,Suite,2024-10-25,1600000,1532000,promo
P03,Suite,2024-10-26,1600000,1527000,promo
P03,Suite,2024-10-27,1600000,1551000,promo
P03,Suite,2024-10-28,1600000,1541000,promo
P03,Suite,2024-10-29,1600000,1407000,promo
P03,Suite,2024-10-30,1600000,1490000,promo
P03,Suite,2024-10-31,1600000,1560000,promo
P03,Suite,2024-11-01,1600000,1599000,manual
P03,Suite,2024-11-02,1600000,1564000,manual
P03,Suite,2024-11-03,1600000,1643000,manual
P03,Suite,2024-11-04,1600000,1706000,manual
P03,Suite,2024-11-05,1600000,1661000,manual
P03,Suite,2024-11-06,1600000,1639000,manual
P03,Suite,2024-11-07,1600000,1592000,manual
P03,Suite,2024-11-08,1600000,1573000,manual
P03,Suite,2024-11-09,1600000,1575000,manual
P03,Suite,2024-11-10,1600000,1589000,manual
P03,Suite,2024-11-11,1600000,1632000,manual
P03,Suite,2024-11-12,1600000,1594000,manual
P03,Suite,2024-11-13,1600000,1609000,manual
P03,Suite,2024-11-14,1600000,1600000,manual
P03,Suite,2024-11-15,1600000,1630000,manual
P03,Suite,2024-11-16,1600000,1529000,manual
P03,Suite,2024-11-17,1600000,1570000,manual
P03,Suite,2024-11-18,1600000,1616000,manual
P03,Suite,2024-11-19,1600000,1626000,manual
P03,Suite,2024-11-20,1600000,1591000,manual
P03,Suite,2024-11-21,1600000,1584000,manual
P03,Suite,2024-11-22,1600000,1575000,manual
P03,Suite,2024-11-23,1600000,1548000,manual
P03,Suite,2024-11-24,1600000,1689000,manual
P03,Suite,2024-11-25,1600000,1598000,manual
P03,Suite,2024-11-26,1600000,1556000,manual
P03,Suite,2024-11-27,1600000,1596000,manual
P03,Suite,2024-11-28,1600000,1666000,manual
P03,Suite,2024-11-29,1600000,1603000,manual
P03,Suite,2024-11-30,1600000,1527000,manual
P03,Suite,2024-12-01,1600000,1846000,manual
P03,Suite,2024-12-02,1600000,1759000,manual
P03,Suite,2024-12-03,1600000,1861000,manual
P03,Suite,2024-12-04,1600000,1878000,manual
P03,Suite,2024-12-05,1600000,1842000,manual
P03,Suite,2024-12-06,1600000,1758000,manual
P03,Suite,2024-12-07,1600000,1762000,manual
P03,Suite,2024-12-08,1600000,1787000,manual
P03,Suite,2024-12-09,1600000,1809000,manual
P03,Suite,2024-12-10,1600000,1852000,manual
P03,Suite,2024-12-11,1600000,1851000,manual
P03,Suite,2024-12-12,1600000,1818000,manual
P03,Suite,2024-12-13,1600000,1809000,manual
P03,Suite,2024-12-14,1600000,1751000,manual
P03,Suite,2024-12-15,1600000,1828000,manual
P03,Suite,2024-12-16,1600000,1757000,manual
P03,Suite,2024-12-17,1600000,1764000,manual
P03,Suite,2024-12-18,1600000,1808000,manual
P03,Suite,2024-12-19,1600000,1815000,manual
P03,Suite,2024-12-20,1600000,1752000,manual
P03,Suite,2024-12-21,1600000,1832000,manual
P03,Suite,2024-12-22,1600000,1881000,manual
P03,Suite,2024-12-23,1600000,1827000,manual
P03,Suite,2024-12-24,1600000,1803000,manual
P03,Suite,2024-12-25,1600000,1706000,manual
P03,Suite,2024-12-26,1600000,1660000,manual
P03,Suite,2024-12-27,1600000,1797000,manual
P03,Suite,2024-12-28,1600000,1943000,manual
P03,Suite,2024-12-29,1600000,1749000,manual
P03,Suite,2024-12-30,1600000,1867000,manual
P03,Suite,2024-12-31,1600000,1781000,manual
P03,Suite,2025-01-01,1600000,1727000,manual
P03,Suite,2025-01-02,1600000,1865000,manual
P03,Suite,2025-01-03,1600000,1857000,manual
P03,Suite,2025-01-04,1600000,1736000,manual
P03,Suite,2025-01-05,1600000,1796000,manual
P03,Suite,2025-01-06,1600000,1778000,manual
P03,Suite,2025-01-07,1600000,1731000,manual
P03,Suite,2025-01-08,1600000,1842000,manual
P03,Suite,2025-01-09,1600000,1681000,manual
P03,Suite,2025-01-10,1600000,1793000,manual
P03,Suite,2025-01-11,1600000,1769000,manual
P03,Suite,2025-01-12,1600000,1780000,manual
P03,Suite,2025-01-13,1600000,1757000,manual
P03,Suite,2025-01-14,1600000,1783000,manual
P03,Suite,2025-01-15,1600000,1744000,manual
P03,Suite,2025-01-16,1600000,1726000,manual
P03,Suite,2025-01-17,1600000,1756000,manual
P03,Suite,2025-01-18,1600000,1743000,manual
P03,Suite,2025-01-19,1600000,1710000,manual
P03,Suite,2025-01-20,1600000,1680000,manual
P03,Suite,2025-01-21,1600000,1781000,manual
P03,Suite,2025-01-22,1600000,1641000,manual
P03,Suite,2025-01-23,1600000,1746000,manual
P03,Suite,2025-01-24,1600000,1810000,manual
P03,Suite,2025-01-25,1600000,1664000,manual
P03,Suite,2025-01-26,1600000,1803000,manual
P03,Suite,2025-01-27,1600000,1732000,manual
P03,Suite,2025-01-28,1600000,1784000,manual
P03,Suite,2025-01-29,1600000,1800000,manual
P03,Suite,2025-01-30,1600000,1722000,manual
P03,Suite,2025-01-31,1600000,1827000,manual
P03,Suite,2025-02-01,1600000,1482000,promo
P03,Suite,2025-02-02,1600000,1570000,promo
P03,Suite,2025-02-03,1600000,1485000,promo
P03,Suite,2025-02-04,1600000,1421000,promo
P03,Suite,2025-02-05,1600000,1495000,promo
P03,Suite,2025-02-06,1600000,1515000,promo
P03,Suite,2025-02-07,1600000,1507000,promo
P03,Suite,2025-02-08,1600000,1545000,promo
P03,Suite,2025-02-09,1600000,1570000,promo
P03,Suite,2025-02-10,1600000,1500000,promo
P03,Suite,2025-02-11,1600000,1466000,promo
P03,Suite,2025-02-12,1600000,1413000,promo
P03,Suite,2025-02-13,1600000,1487000,promo
P03,Suite,2025-02-14,1600000,1493000,promo
P03,Suite,2025-02-15,1600000,1459000,promo
P03,Suite,2025-02-16,1600000,1496000,promo
P03,Suite,2025-02-17,1600000,1518000,promo
P03,Suite,2025-02-18,1600000,1486000,promo
P03,Suite,2025-02-19,1600000,1539000,promo
P03,Suite,2025-02-20,1600000,1493000,promo
P03,Suite,2025-02-21,1600000,1524000,promo
P03,Suite,2025-02-22,1600000,1523000,promo
P03,Suite,2025-02-23,1600000,1461000,promo
P03,Suite,2025-02-24,1600000,1521000,promo
P03,Suite,2025-02-25,1600000,1459000,promo
P03,Suite,2025-02-26,1600000,1378000,promo
P03,Suite,2025-02-27,1600000,1457000,promo
P03,Suite,2025-02-28,1600000,1493000,promo
P03,Suite,2025-03-01,1600000,1487000,promo
P03,Suite,2025-03-02,1600000,1495000,promo
P03,Suite,2025-03-03,1600000,1556000,promo
P03,Suite,2025-03-04,1600000,1475000,promo
P03,Suite,2025-03-05,1600000,1556000,promo
P03,Suite,2025-03-06,1600000,1557000,promo
P03,Suite,2025-03-07,1600000,1600000,promo
P03,Suite,2025-03-08,1600000,1486000,promo
P03,Suite,2025-03-09,1600000,1506000,promo
P03,Suite,2025-03-10,1600000,1480000,promo
P03,Suite,2025-03-11,1600000,1496000,promo
P03,Suite,2025-03-12,1600000,1568000,promo
P03,Suite,2025-03-13,1600000,1493000,promo
P03,Suite,2025-03-14,1600000,1372000,promo
P03,Suite,2025-03-15,1600000,1518000,promo
P03,Suite,2025-03-16,1600000,1495000,promo
P03,Suite,2025-03-17,1600000,1565000,promo
P03,Suite,2025-03-18,1600000,1552000,promo
P03,Suite,2025-03-19,1600000,1494000,promo
P03,Suite,2025-03-20,1600000,1482000,promo
P03,Suite,2025-03-21,1600000,1529000,promo
P03,Suite,2025-03-22,1600000,1518000,promo
P03,Suite,2025-03-23,1600000,1488000,promo
P03,Suite,2025-03-24,1600000,1545000,promo
P03,Suite,2025-03-25,1600000,1552000,promo
P03,Suite,2025-03-26,1600000,1482000,promo
P03,Suite,2025-03-27,1600000,1571000,promo
P03,Suite,2025-03-28,1600000,1458000,promo
P03,Suite,2025-03-29,1600000,1452000,promo
P03,Suite,2025-03-30,1600000,1440000,promo
P03,Suite,2025-03-31,1600000,1533000,promo
P03,Suite,2025-04-01,1600000,1640000,manual
P03,Suite,2025-04-02,1600000,1583000,manual
P03,Suite,2025-04-03,1600000,1562000,manual
P03,Suite,2025-04-04,1600000,1627000,manual
P03,Suite,2025-04-05,1600000,1542000,manual
P03,Suite,2025-04-06,1600000,1572000,manual
P03,Suite,2025-04-07,1600000,1634000,manual
P03,Suite,2025-04-08,1600000,1697000,manual
P03,Suite,2025-04-09,1600000,1628000,manual
P03,Suite,2025-04-10,1600000,1565000,manual
P03,Suite,2025-04-11,1600000,1579000,manual
P03,Suite,2025-04-12,1600000,1611000,manual
P03,Suite,2025-04-13,1600000,1544000,manual
P03,Suite,2025-04-14,1600000,1656000,manual
P03,Suite,2025-04-15,1600000,1653000,manual
P03,Suite,2025-04-16,1600000,1588000,manual
P03,Suite,2025-04-17,1600000,1553000,manual
P03,Suite,2025-04-18,1600000,1597000,manual
P03,Suite,2025-04-19,1600000,1546000,manual
P03,Suite,2025-04-20,1600000,1472000,manual
P03,Suite,2025-04-21,1600000,1665000,manual
P03,Suite,2025-04-22,1600000,1509000,manual
P03,Suite,2025-04-23,1600000,1526000,manual
P03,Suite,2025-04-24,1600000,1575000,manual
P03,Suite,2025-04-25,1600000,1535000,manual
P03,Suite,2025-04-26,1600000,1582000,manual
P03,Suite,2025-04-27,1600000,1608000,manual
P03,Suite,2025-04-28,1600000,1602000,manual
P03,Suite,2025-04-29,1600000,1612000,manual
P03,Suite,2025-04-30,1600000,1682000,manual
P03,Suite,2025-05-01,1600000,1557000,manual
P03,Suite,2025-05-02,1600000,1589000,manual
P03,Suite,2025-05-03,1600000,1709000,manual
P03,Suite,2025-05-04,1600000,1533000,manual
P03,Suite,2025-05-05,1600000,1619000,manual
P03,Suite,2025-05-06,1600000,1657000,manual
P03,Suite,2025-05-07,1600000,1564000,manual
P03,Suite,2025-05-08,1600000,1552000,manual
P03,Suite,2025-05-09,1600000,1612000,manual
P03,Suite,2025-05-10,1600000,1599000,manual
P03,Suite,2025-05-11,1600000,1583000,manual
P03,Suite,2025-05-12,1600000,1664000,manual
P03,Suite,2025-05-13,1600000,1547000,manual
P03,Suite,2025-05-14,1600000,1587000,manual
P03,Suite,2025-05-15,1600000,1628000,manual
P03,Suite,2025-05-16,1600000,1556000,manual
P03,Suite,2025-05-17,1600000,1708000,manual
P03,Suite,2025-05-18,1600000,1628000,manual
P03,Suite,2025-05-19,1600000,1639000,manual
P03,Suite,2025-05-20,1600000,1694000,manual
P03,Suite,2025-05-21,1600000,1607000,manual
P03,Suite,2025-05-22,1600000,1649000,manual
P03,Suite,2025-05-23,1600000,1597000,manual
P03,Suite,2025-05-24,1600000,1550000,manual
P03,Suite,2025-05-25,1600000,1634000,manual
P03,Suite,2025-05-26,1600000,1562000,manual
P03,Suite,2025-05-27,1600000,1644000,manual
P03,Suite,2025-05-28,1600000,1661000,manual
P03,Suite,2025-05-29,1600000,1597000,manual
P03,Suite,2025-05-30,1600000,1632000,manual
P03,Suite,2025-05-31,1600000,1746000,manual
P03,Suite,2025-06-01,1600000,1706000,manual
P03,Suite,2025-06-02,1600000,1702000,manual
P03,Suite,2025-06-03,1600000,1736000,manual
P03,Suite,2025-06-04,1600000,1656000,manual
P03,Suite,2025-06-05,1600000,1654000,manual
P03,Suite,2025-06-06,1600000,1813000,manual
P03,Suite,2025-06-07,1600000,1775000,manual
P03,Suite,2025-06-08,1600000,1693000,manual
P03,Suite,2025-06-09,1600000,1832000,manual
P03,Suite,2025-06-10,1600000,1682000,manual
P03,Suite,2025-06-11,1600000,1666000,manual
P03,Suite,2025-06-12,1600000,1653000,manual
P03,Suite,2025-06-13,1600000,1687000,manual
P03,Suite,2025-06-14,1600000,1710000,manual
P03,Suite,2025-06-15,1600000,1737000,manual
P03,Suite,2025-06-16,1600000,1680000,manual
P03,Suite,2025-06-17,1600000,1757000,manual
P03,Suite,2025-06-18,1600000,1734000,manual
P03,Suite,2025-06-19,1600000,1676000,manual
P03,Suite,2025-06-20,1600000,1724000,manual
P03,Suite,2025-06-21,1600000,1756000,manual
P03,Suite,2025-06-22,1600000,1715000,manual
P03,Suite,2025-06-23,1600000,1779000,manual
P03,Suite,2025-06-24,1600000,1733000,manual
P03,Suite,2025-06-25,1600000,1666000,manual
P03,Suite,2025-06-26,1600000,1714000,manual
P03,Suite,2025-06-27,1600000,1753000,manual
P03,Suite,2025-06-28,1600000,1650000,manual
P03,Suite,2025-06-29,1600000,1739000,manual
P03,Suite,2025-06-30,1600000,1759000,manual
P03,Suite,2025-07-01,1600000,1748000,manual
P03,Suite,2025-07-02,1600000,1728000,manual
P03,Suite,2025-07-03,1600000,1806000,manual
P03,Suite,2025-07-04,1600000,1724000,manual
P03,Suite,2025-07-05,1600000,1846000,manual
P03,Suite,2025-07-06,1600000,1693000,manual
P03,Suite,2025-07-07,1600000,1749000,manual
P03,Suite,2025-07-08,1600000,1800000,manual
P03,Suite,2025-07-09,1600000,1800000,manual
P03,Suite,2025-07-10,1600000,1769000,manual
P03,Suite,2025-07-11,1600000,1786000,manual
P03,Suite,2025-07-12,1600000,1860000,manual
P03,Suite,2025-07-13,1600000,1792000,manual
P03,Suite,2025-07-14,1600000,1704000,manual
P03,Suite,2025-07-15,1600000,1759000,manual
P03,Suite,2025-07-16,1600000,1881000,manual
P03,Suite,2025-07-17,1600000,1784000,manual
P03,Suite,2025-07-18,1600000,1827000,manual
P03,Suite,2025-07-19,1600000,1793000,manual
P03,Suite,2025-07-20,1600000,1707000,manual
P03,Suite,2025-07-21,1600000,1886000,manual
P03,Suite,2025-07-22,1600000,1710000,manual
P03,Suite,2025-07-23,1600000,1762000,manual
P03,Suite,2025-07-24,1600000,1731000,manual
P03,Suite,2025-07-25,1600000,1856000,manual
P03,Suite,2025-07-26,1600000,1755000,manual
P03,Suite,2025-07-27,1600000,1749000,manual
P03,Suite,2025-07-28,1600000,1707000,manual
P03,Suite,2025-07-29,1600000,1746000,manual
P03,Suite,2025-07-30,1600000,1827000,manual
P03,Suite,2025-07-31,1600000,1733000,manual
P03,Suite,2025-08-01,1600000,1751000,manual
P03,Suite,2025-08-02,1600000,1658000,manual
P03,Suite,2025-08-03,1600000,1737000,manual
P03,Suite,2025-08-04,1600000,1629000,manual
P03,Suite,2025-08-05,1600000,1636000,manual
P03,Suite,2025-08-06,1600000,1624000,manual
P03,Suite,2025-08-07,1600000,1640000,manual
P03,Suite,2025-08-08,1600000,1658000,manual
P03,Suite,2025-08-09,1600000,1598000,manual
P03,Suite,2025-08-10,1600000,1666000,manual
P03,Suite,2025-08-11,1600000,1586000,manual
P03,Suite,2025-08-12,1600000,1540000,manual
P03,Suite,2025-08-13,1600000,1531000,manual
P03,Suite,2025-08-14,1600000,1635000,manual
P03,Suite,2025-08-15,1600000,1658000,manual
P03,Suite,2025-08-16,1600000,1675000,manual
P03,Suite,2025-08-17,1600000,1594000,manual
P03,Suite,2025-08-18,1600000,1617000,manual
P03,Suite,2025-08-19,1600000,1598000,manual
P03,Suite,2025-08-20,1600000,1543000,manual
P03,Suite,2025-08-21,1600000,1690000,manual
P03,Suite,2025-08-22,1600000,1589000,manual
P03,Suite,2025-08-23,1600000,1638000,manual
P03,Suite,2025-08-24,1600000,1592000,manual
P03,Suite,2025-08-25,1600000,1614000,manual
P03,Suite,2025-08-26,1600000,1652000,manual
P03,Suite,2025-08-27,1600000,1614000,manual
P03,Suite,2025-08-28,1600000,1640000,manual
P03,Suite,2025-08-29,1600000,1697000,manual
P03,Suite,2025-08-30,1600000,1700000,manual
P03,Suite,2025-08-31,1600000,1709000,manual
P03,Suite,2025-09-01,1600000,1455000,promo
P03,Suite,2025-09-02,1600000,1466000,promo
P03,Suite,2025-09-03,1600000,1534000,promo
P03,Suite,2025-09-04,1600000,1535000,promo
P03,Suite,2025-09-05,1600000,1481000,promo
P03,Suite,2025-09-06,1600000,1531000,promo
P03,Suite,2025-09-07,1600000,1572000,promo
P03,Suite,2025-09-08,1600000,1536000,promo
P03,Suite,2025-09-09,1600000,1445000,promo
P03,Suite,2025-09-10,1600000,1450000,promo
P03,Suite,2025-09-11,1600000,1523000,promo
P03,Suite,2025-09-12,1600000,1573000,promo
P03,Suite,2025-09-13,1600000,1516000,promo
P03,Suite,2025-09-14,1600000,1455000,promo
P03,Suite,2025-09-15,1600000,1529000,promo
P03,Suite,2025-09-16,1600000,1529000,promo
P03,Suite,2025-09-17,1600000,1531000,promo
P03,Suite,2025-09-18,1600000,1490000,promo
P03,Suite,2025-09-19,1600000,1468000,promo
P03,Suite,2025-09-20,1600000,1553000,promo
P03,Suite,2025-09-21,1600000,1502000,promo
P03,Suite,2025-09-22,1600000,1524000,promo
P03,Suite,2025-09-23,1600000,1470000,promo
P03,Suite,2025-09-24,1600000,1527000,promo
P03,Suite,2025-09-25,1600000,1535000,promo
P03,Suite,2025-09-26,1600000,1512000,promo
P03,Suite,2025-09-27,1600000,1424000,promo
P03,Suite,2025-09-28,1600000,1473000,promo
P03,Suite,2025-09-29,1600000,1518000,promo
P03,Suite,2025-09-30,1600000,1568000,promo
P03,Suite,2025-10-01,1600000,1580000,promo
P03,Suite,2025-10-02,1600000,1516000,promo
P03,Suite,2025-10-03,1600000,1507000,promo
P03,Suite,2025-10-04,1600000,1465000,promo
P03,Suite,2025-10-05,1600000,1506000,promo
P03,Suite,2025-10-06,1600000,1501000,promo
P03,Suite,2025-10-07,1600000,1504000,promo
P03,Suite,2025-10-08,1600000,1479000,promo
P03,Suite,2025-10-09,1600000,1513000,promo
P03,Suite,2025-10-10,1600000,1556000,promo
P03,Suite,2025-10-11,1600000,1495000,promo
P03,Suite,2025-10-12,1600000,1468000,promo
P03,Suite,2025-10-13,1600000,1510000,promo
P03,Suite,2025-10-14,1600000,1567000,promo
P03,Suite,2025-10-15,1600000,1471000,promo
P03,Suite,2025-10-16,1600000,1510000,promo
P03,Suite,2025-10-17,1600000,1543000,promo
P03,Suite,2025-10-18,1600000,1473000,promo
P03,Suite,2025-10-19,1600000,1463000,promo
P03,Suite,2025-10-20,1600000,1453000,promo
P03,Suite,2025-10-21,1600000,1449000,promo
P03,Suite,2025-10-22,1600000,1465000,promo
P03,Suite,2025-10-23,1600000,1571000,promo
P03,Suite,2025-10-24,1600000,1532000,promo
P03,Suite,2025-10-25,1600000,1431000,promo
P03,Suite,2025-10-26,1600000,1495000,promo
P03,Suite,2025-10-27,1600000,1480000,promo
P03,Suite,2025-10-28,1600000,1525000,promo
P03,Suite,2025-10-29,1600000,1491000,promo
P03,Suite,2025-10-30,1600000,1524000,promo
P03,Suite,2025-10-31,1600000,1468000,promo
P03,Suite,2025-11-01,1600000,1576000,manual
P03,Suite,2025-11-02,1600000,1554000,manual
P03,Suite,2025-11-03,1600000,1621000,manual
P03,Suite,2025-11-04,1600000,1599000,manual
P03,Suite,2025-11-05,1600000,1605000,manual
P03,Suite,2025-11-06,1600000,1589000,manual
P03,Suite,2025-11-07,1600000,1626000,manual
P03,Suite,2025-11-08,1600000,1569000,manual
P03,Suite,2025-11-09,1600000,1579000,manual
P03,Suite,2025-11-10,1600000,1613000,manual
P03,Suite,2025-11-11,1600000,1537000,manual
P03,Suite,2025-11-12,1600000,1546000,manual
P03,Suite,2025-11-13,1600000,1528000,manual
P03,Suite,2025-11-14,1600000,1589000,manual
P03,Suite,2025-11-15,1600000,1608000,manual
P03,Suite,2025-11-16,1600000,1540000,manual
P03,Suite,2025-11-17,1600000,1575000,manual
P03,Suite,2025-11-18,1600000,1566000,manual
P03,Suite,2025-11-19,1600000,1575000,manual
P03,Suite,2025-11-20,1600000,1600000,manual
P03,Suite,2025-11-21,1600000,1680000,manual
P03,Suite,2025-11-22,1600000,1596000,manual
P03,Suite,2025-11-23,1600000,1532000,manual
P03,Suite,2025-11-24,1600000,1592000,manual
P03,Suite,2025-11-25,1600000,1530000,manual
P03,Suite,2025-11-26,1600000,1597000,manual
P03,Suite,2025-11-27,1600000,1514000,manual
P03,Suite,2025-11-28,1600000,1642000,manual
P03,Suite,2025-11-29,1600000,1544000,manual
P03,Suite,2025-11-30,1600000,1554000,manual
P03,Suite,2025-12-01,1600000,1714000,manual
P03,Suite,2025-12-02,1600000,1821000,manual
P03,Suite,2025-12-03,1600000,1864000,manual
P03,Suite,2025-12-04,1600000,1707000,manual
P03,Suite,2025-12-05,1600000,1787000,manual
P03,Suite,2025-12-06,1600000,1849000,manual
P03,Suite,2025-12-07,1600000,1843000,manual
P03,Suite,2025-12-08,1600000,1788000,manual
P03,Suite,2025-12-09,1600000,1784000,manual
P03,Suite,2025-12-10,1600000,1786000,manual
P03,Suite,2025-12-11,1600000,1805000,manual
P03,Suite,2025-12-12,1600000,1793000,manual
P03,Suite,2025-12-13,1600000,1849000,manual
P03,Suite,2025-12-14,1600000,1806000,manual
P03,Suite,2025-12-15,1600000,1812000,manual
P03,Suite,2025-12-16,1600000,1809000,manual
P03,Suite,2025-12-17,1600000,1754000,manual
P03,Suite,2025-12-18,1600000,1790000,manual
P03,Suite,2025-12-19,1600000,1779000,manual
P03,Suite,2025-12-20,1600000,1726000,manual
P03,Suite,2025-12-21,1600000,1807000,manual
P03,Suite,2025-12-22,1600000,1764000,manual
P03,Suite,2025-12-23,1600000,1875000,manual
P03,Suite,2025-12-24,1600000,1866000,manual
P03,Suite,2025-12-25,1600000,1730000,manual
P03,Suite,2025-12-26,1600000,1685000,manual
P03,Suite,2025-12-27,1600000,1779000,manual
P03,Suite,2025-12-28,1600000,1789000,manual
P03,Suite,2025-12-29,1600000,1862000,manual
P03,Suite,2025-12-30,1600000,1784000,manual
P03,Suite,2025-12-31,1600000,1889000,manual
P03,Suite,2026-01-01,1600000,1850000,manual
P03,Suite,2026-01-02,1600000,1813000,manual
P03,Suite,2026-01-03,1600000,1735000,manual
P03,Suite,2026-01-04,1600000,1798000,manual
P03,Suite,2026-01-05,1600000,1682000,manual
P03,Suite,2026-01-06,1600000,1735000,manual
P03,Suite,2026-01-07,1600000,1747000,manual
P03,Suite,2026-01-08,1600000,1787000,manual
P03,Suite,2026-01-09,1600000,1846000,manual
P03,Suite,2026-01-10,1600000,1787000,manual
P03,Suite,2026-01-11,1600000,1751000,manual
P03,Suite,2026-01-12,1600000,1686000,manual
P03,Suite,2026-01-13,1600000,1801000,manual
P03,Suite,2026-01-14,1600000,1741000,manual
P03,Suite,2026-01-15,1600000,1732000,manual
P03,Suite,2026-01-16,1600000,1819000,manual
P03,Suite,2026-01-17,1600000,1850000,manual
P03,Suite,2026-01-18,1600000,1718000,manual
P03,Suite,2026-01-19,1600000,1766000,manual
P03,Suite,2026-01-20,1600000,1713000,manual
P03,Suite,2026-01-21,1600000,1724000,manual
P03,Suite,2026-01-22,1600000,1705000,manual
P03,Suite,2026-01-23,1600000,1744000,manual
P03,Suite,2026-01-24,1600000,1678000,manual
P03,Suite,2026-01-25,1600000,1770000,manual
P03,Suite,2026-01-26,1600000,1778000,manual
P03,Suite,2026-01-27,1600000,1821000,manual
P03,Suite,2026-01-28,1600000,1791000,manual
P03,Suite,2026-01-29,1600000,1754000,manual
P03,Suite,2026-01-30,1600000,1818000,manual
P03,Suite,2026-01-31,1600000,1787000,manual
P03,Suite,2026-02-01,1600000,1523000,promo
P03,Suite,2026-02-02,1600000,1523000,promo
P03,Suite,2026-02-03,1600000,1437000,promo
P03,Suite,2026-02-04,1600000,1474000,promo
P03,Suite,2026-02-05,1600000,1498000,promo
P03,Suite,2026-02-06,1600000,1560000,promo
P03,Suite,2026-02-07,1600000,1437000,promo
P03,Suite,2026-02-08,1600000,1416000,promo
P03,Suite,2026-02-09,1600000,1611000,promo
P03,Suite,2026-02-10,1600000,1498000,promo
P03,Suite,2026-02-11,1600000,1473000,promo
P03,Suite,2026-02-12,1600000,1547000,promo
P03,Suite,2026-02-13,1600000,1496000,promo
P03,Suite,2026-02-14,1600000,1422000,promo
P03,Suite,2026-02-15,1600000,1474000,promo
P03,Suite,2026-02-16,1600000,1531000,promo
P03,Suite,2026-02-17,1600000,1528000,promo
P03,Suite,2026-02-18,1600000,1570000,promo
P03,Suite,2026-02-19,1600000,1497000,promo
P03,Suite,2026-02-20,1600000,1501000,promo
P03,Suite,2026-02-21,1600000,1465000,promo
P03,Suite,2026-02-22,1600000,1413000,promo
P03,Suite,2026-02-23,1600000,1452000,promo
P03,Suite,2026-02-24,1600000,1453000,promo
P03,Suite,2026-02-25,1600000,1461000,promo
P03,Suite,2026-02-26,1600000,1394000,promo
P03,Suite,2026-02-27,1600000,1487000,promo
P03,Suite,2026-02-28,1600000,1521000,promo
P03,Suite,2026-03-01,1600000,1455000,promo
P03,Suite,2026-03-02,1600000,1500000,promo
P03,Suite,2026-03-03,1600000,1527000,promo
P03,Suite,2026-03-04,1600000,1600000,promo
P03,Suite,2026-03-05,1600000,1492000,promo
P03,Suite,2026-03-06,1600000,1511000,promo
P03,Suite,2026-03-07,1600000,1560000,promo
P03,Suite,2026-03-08,1600000,1469000,promo
P03,Suite,2026-03-09,1600000,1582000,promo
P03,Suite,2026-03-10,1600000,1542000,promo
P03,Suite,2026-03-11,1600000,1540000,promo
P03,Suite,2026-03-12,1600000,1517000,promo
P03,Suite,2026-03-13,1600000,1521000,promo
P03,Suite,2026-03-14,1600000,1453000,promo
P03,Suite,2026-03-15,1600000,1488000,promo
P03,Suite,2026-03-16,1600000,1520000,promo
P03,Suite,2026-03-17,1600000,1492000,promo
P03,Suite,2026-03-18,1600000,1474000,promo
P03,Suite,2026-03-19,1600000,1511000,promo
P03,Suite,2026-03-20,1600000,1535000,promo
P03,Suite,2026-03-21,1600000,1510000,promo
P03,Suite,2026-03-22,1600000,1577000,promo
P03,Suite,2026-03-23,1600000,1530000,promo
P03,Suite,2026-03-24,1600000,1527000,promo
P03,Suite,2026-03-25,1600000,1462000,promo
P03,Suite,2026-03-26,1600000,1513000,promo
P03,Suite,2026-03-27,1600000,1542000,promo
P03,Suite,2026-03-28,1600000,1469000,promo
P03,Suite,2026-03-29,1600000,1477000,promo
P03,Suite,2026-03-30,1600000,1410000,promo
P03,Suite,2026-03-31,1600000,1495000,promo
P03,Suite,2026-04-01,1600000,1617000,manual
P03,Suite,2026-04-02,1600000,1555000,manual
P03,Suite,2026-04-03,1600000,1621000,manual
P03,Suite,2026-04-04,1600000,1625000,manual
P03,Suite,2026-04-05,1600000,1635000,manual
P03,Suite,2026-04-06,1600000,1591000,manual
P03,Suite,2026-04-07,1600000,1555000,manual
P03,Suite,2026-04-08,1600000,1639000,manual
P03,Suite,2026-04-09,1600000,1612000,manual
P03,Suite,2026-04-10,1600000,1624000,manual
P03,Suite,2026-04-11,1600000,1674000,manual
P03,Suite,2026-04-12,1600000,1624000,manual
P03,Suite,2026-04-13,1600000,1647000,manual
P03,Suite,2026-04-14,1600000,1676000,manual
P03,Suite,2026-04-15,1600000,1635000,manual
P03,Suite,2026-04-16,1600000,1568000,manual
P03,Suite,2026-04-17,1600000,1583000,manual
P03,Suite,2026-04-18,1600000,1513000,manual
P03,Suite,2026-04-19,1600000,1618000,manual
P03,Suite,2026-04-20,1600000,1610000,manual
P03,Suite,2026-04-21,1600000,1567000,manual
P03,Suite,2026-04-22,1600000,1589000,manual
P03,Suite,2026-04-23,1600000,1543000,manual
P03,Suite,2026-04-24,1600000,1557000,manual
P03,Suite,2026-04-25,1600000,1620000,manual
P03,Suite,2026-04-26,1600000,1607000,manual
P03,Suite,2026-04-27,1600000,1596000,manual
P03,Suite,2026-04-28,1600000,1592000,manual
P03,Suite,2026-04-29,1600000,1530000,manual
P03,Suite,2026-04-30,1600000,1516000,manual
P03,Suite,2026-05-01,1600000,1622000,manual
P03,Suite,2026-05-02,1600000,1527000,manual
P03,Suite,2026-05-03,1600000,1589000,manual
P03,Suite,2026-05-04,1600000,1644000,manual
P03,Suite,2026-05-05,1600000,1567000,manual
P03,Suite,2026-05-06,1600000,1586000,manual
P03,Suite,2026-05-07,1600000,1611000,manual
P03,Suite,2026-05-08,1600000,1630000,manual
P03,Suite,2026-05-09,1600000,1536000,manual
P03,Suite,2026-05-10,1600000,1656000,manual
P03,Suite,2026-05-11,1600000,1609000,manual
P03,Suite,2026-05-12,1600000,1595000,manual
P03,Suite,2026-05-13,1600000,1528000,manual
P03,Suite,2026-05-14,1600000,1544000,manual
P03,Suite,2026-05-15,1600000,1704000,manual
P03,Suite,2026-05-16,1600000,1553000,manual
P03,Suite,2026-05-17,1600000,1642000,manual
P03,Suite,2026-05-18,1600000,1616000,manual
P03,Suite,2026-05-19,1600000,1591000,manual
P03,Suite,2026-05-20,1600000,1592000,manual
P03,Suite,2026-05-21,1600000,1540000,manual
P03,Suite,2026-05-22,1600000,1600000,manual
P03,Suite,2026-05-23,1600000,1561000,manual
P03,Suite,2026-05-24,1600000,1608000,manual
P03,Suite,2026-05-25,1600000,1558000,manual
P03,Suite,2026-05-26,1600000,1657000,manual
P03,Suite,2026-05-27,1600000,1583000,manual
P03,Suite,2026-05-28,1600000,1637000,manual
P03,Suite,2026-05-29,1600000,1655000,manual
P03,Suite,2026-05-30,1600000,1705000,manual
P03,Suite,2026-05-31,1600000,1514000,manual
P03,Suite,2026-06-01,1600000,1655000,manual
P03,Suite,2026-06-02,1600000,1682000,manual
P03,Suite,2026-06-03,1600000,1721000,manual
P03,Suite,2026-06-04,1600000,1703000,manual
P03,Suite,2026-06-05,1600000,1745000,manual
P03,Suite,2026-06-06,1600000,1685000,manual
P03,Suite,2026-06-07,1600000,1659000,manual
P03,Suite,2026-06-08,1600000,1699000,manual
P03,Suite,2026-06-09,1600000,1647000,manual
P03,Suite,2026-06-10,1600000,1542000,manual
P03,Suite,2026-06-11,1600000,1679000,manual
P03,Suite,2026-06-12,1600000,1715000,manual
P03,Suite,2026-06-13,1600000,1675000,manual
P03,Suite,2026-06-14,1600000,1701000,manual
P03,Suite,2026-06-15,1600000,1619000,manual
P03,Suite,2026-06-16,1600000,1746000,manual
P03,Suite,2026-06-17,1600000,1645000,manual
P03,Suite,2026-06-18,1600000,1657000,manual
P03,Suite,2026-06-19,1600000,1675000,manual
P03,Suite,2026-06-20,1600000,1649000,manual
P03,Suite,2026-06-21,1600000,1667000,manual
P03,Suite,2026-06-22,1600000,1826000,manual
P03,Suite,2026-06-23,1600000,1719000,manual
P03,Suite,2026-06-24,1600000,1718000,manual
P03,Suite,2026-06-25,1600000,1660000,manual
P03,Suite,2026-06-26,1600000,1838000,manual
P03,Suite,2026-06-27,1600000,1706000,manual
P03,Suite,2026-06-28,1600000,1780000,manual
P03,Suite,2026-06-29,1600000,1720000,manual
P03,Suite,2026-06-30,1600000,1743000,manual
P04,Standard,2023-07-01,650000,703000,manual
P04,Standard,2023-07-02,650000,705000,manual
P04,Standard,2023-07-03,650000,734000,manual
P04,Standard,2023-07-04,650000,693000,manual
P04,Standard,2023-07-05,650000,704000,manual
P04,Standard,2023-07-06,650000,720000,manual
P04,Standard,2023-07-07,650000,713000,manual
P04,Standard,2023-07-08,650000,743000,manual
P04,Standard,2023-07-09,650000,704000,manual
P04,Standard,2023-07-10,650000,713000,manual
P04,Standard,2023-07-11,650000,719000,manual
P04,Standard,2023-07-12,650000,751000,manual
P04,Standard,2023-07-13,650000,704000,manual
P04,Standard,2023-07-14,650000,740000,manual
P04,Standard,2023-07-15,650000,747000,manual
P04,Standard,2023-07-16,650000,683000,manual
P04,Standard,2023-07-17,650000,711000,manual
P04,Standard,2023-07-18,650000,695000,manual
P04,Standard,2023-07-19,650000,706000,manual
P04,Standard,2023-07-20,650000,749000,manual
P04,Standard,2023-07-21,650000,745000,manual
P04,Standard,2023-07-22,650000,774000,manual
P04,Standard,2023-07-23,650000,753000,manual
P04,Standard,2023-07-24,650000,683000,manual
P04,Standard,2023-07-25,650000,724000,manual
P04,Standard,2023-07-26,650000,757000,manual
P04,Standard,2023-07-27,650000,682000,manual
P04,Standard,2023-07-28,650000,716000,manual
P04,Standard,2023-07-29,650000,741000,manual
P04,Standard,2023-07-30,650000,751000,manual
P04,Standard,2023-07-31,650000,745000,manual
P04,Standard,2023-08-01,650000,681000,manual
P04,Standard,2023-08-02,650000,671000,manual
P04,Standard,2023-08-03,650000,688000,manual
P04,Standard,2023-08-04,650000,689000,manual
P04,Standard,2023-08-05,650000,674000,manual
P04,Standard,2023-08-06,650000,632000,manual
P04,Standard,2023-08-07,650000,662000,manual
P04,Standard,2023-08-08,650000,673000,manual
P04,Standard,2023-08-09,650000,679000,manual
P04,Standard,2023-08-10,650000,658000,manual
P04,Standard,2023-08-11,650000,666000,manual
P04,Standard,2023-08-12,650000,667000,manual
P04,Standard,2023-08-13,650000,634000,manual
P04,Standard,2023-08-14,650000,657000,manual
P04,Standard,2023-08-15,650000,635000,manual
P04,Standard,2023-08-16,650000,671000,manual
P04,Standard,2023-08-17,650000,701000,manual
P04,Standard,2023-08-18,650000,661000,manual
P04,Standard,2023-08-19,650000,666000,manual
P04,Standard,2023-08-20,650000,664000,manual
P04,Standard,2023-08-21,650000,661000,manual
P04,Standard,2023-08-22,650000,659000,manual
P04,Standard,2023-08-23,650000,661000,manual
P04,Standard,2023-08-24,650000,638000,manual
P04,Standard,2023-08-25,650000,691000,manual
P04,Standard,2023-08-26,650000,656000,manual
P04,Standard,2023-08-27,650000,673000,manual
P04,Standard,2023-08-28,650000,672000,manual
P04,Standard,2023-08-29,650000,643000,manual
P04,Standard,2023-08-30,650000,649000,manual
P04,Standard,2023-08-31,650000,633000,manual
P04,Standard,2023-09-01,650000,594000,promo
P04,Standard,2023-09-02,650000,589000,promo
P04,Standard,2023-09-03,650000,609000,promo
P04,Standard,2023-09-04,650000,607000,promo
P04,Standard,2023-09-05,650000,592000,promo
P04,Standard,2023-09-06,650000,566000,promo
P04,Standard,2023-09-07,650000,633000,promo
P04,Standard,2023-09-08,650000,622000,promo
P04,Standard,2023-09-09,650000,619000,promo
P04,Standard,2023-09-10,650000,619000,promo
P04,Standard,2023-09-11,650000,592000,promo
P04,Standard,2023-09-12,650000,603000,promo
P04,Standard,2023-09-13,650000,580000,promo
P04,Standard,2023-09-14,650000,630000,promo
P04,Standard,2023-09-15,650000,616000,promo
P04,Standard,2023-09-16,650000,613000,promo
P04,Standard,2023-09-17,650000,616000,promo
P04,Standard,2023-09-18,650000,605000,promo
P04,Standard,2023-09-19,650000,596000,promo
P04,Standard,2023-09-20,650000,551000,promo
P04,Standard,2023-09-21,650000,628000,promo
P04,Standard,2023-09-22,650000,603000,promo
P04,Standard,2023-09-23,650000,609000,promo
P04,Standard,2023-09-24,650000,577000,promo
P04,Standard,2023-09-25,650000,617000,promo
P04,Standard,2023-09-26,650000,619000,promo
P04,Standard,2023-09-27,650000,623000,promo
P04,Standard,2023-09-28,650000,643000,promo
P04,Standard,2023-09-29,650000,597000,promo
P04,Standard,2023-09-30,650000,629000,promo
P04,Standard,2023-10-01,650000,607000,promo
P04,Standard,2023-10-02,650000,594000,promo
P04,Standard,2023-10-03,650000,592000,promo
P04,Standard,2023-10-04,650000,641000,promo
P04,Standard,2023-10-05,650000,611000,promo
P04,Standard,2023-10-06,650000,602000,promo
P04,Standard,2023-10-07,650000,594000,promo
P04,Standard,2023-10-08,650000,597000,promo
P04,Standard,2023-10-09,650000,595000,promo
P04,Standard,2023-10-10,650000,599000,promo
P04,Standard,2023-10-11,650000,595000,promo
P04,Standard,2023-10-12,650000,612000,promo
P04,Standard,2023-10-13,650000,641000,promo
P04,Standard,2023-10-14,650000,653000,promo
P04,Standard,2023-10-15,650000,621000,promo
P04,Standard,2023-10-16,650000,630000,promo
P04,Standard,2023-10-17,650000,607000,promo
P04,Standard,2023-10-18,650000,623000,promo
P04,Standard,2023-10-19,650000,569000,promo
P04,Standard,2023-10-20,650000,631000,promo
P04,Standard,2023-10-21,650000,615000,promo
P04,Standard,2023-10-22,650000,603000,promo
P04,Standard,2023-10-23,650000,633000,promo
P04,Standard,2023-10-24,650000,613000,promo
P04,Standard,2023-10-25,650000,647000,promo
P04,Standard,2023-10-26,650000,602000,promo
P04,Standard,2023-10-27,650000,634000,promo
P04,Standard,2023-10-28,650000,622000,promo
P04,Standard,2023-10-29,650000,608000,promo
P04,Standard,2023-10-30,650000,623000,promo
P04,Standard,2023-10-31,650000,600000,promo
P04,Standard,2023-11-01,650000,647000,manual
P04,Standard,2023-11-02,650000,633000,manual
P04,Standard,2023-11-03,650000,655000,manual
P04,Standard,2023-11-04,650000,648000,manual
P04,Standard,2023-11-05,650000,648000,manual
P04,Standard,2023-11-06,650000,669000,manual
P04,Standard,2023-11-07,650000,658000,manual
P04,Standard,2023-11-08,650000,633000,manual
P04,Standard,2023-11-09,650000,635000,manual
P04,Standard,2023-11-10,650000,658000,manual
P04,Standard,2023-11-11,650000,659000,manual
P04,Standard,2023-11-12,650000,682000,manual
P04,Standard,2023-11-13,650000,662000,manual
P04,Standard,2023-11-14,650000,648000,manual
P04,Standard,2023-11-15,650000,639000,manual
P04,Standard,2023-11-16,650000,661000,manual
P04,Standard,2023-11-17,650000,639000,manual
P04,Standard,2023-11-18,650000,635000,manual
P04,Standard,2023-11-19,650000,649000,manual
P04,Standard,2023-11-20,650000,672000,manual
P04,Standard,2023-11-21,650000,612000,manual
P04,Standard,2023-11-22,650000,646000,manual
P04,Standard,2023-11-23,650000,616000,manual
P04,Standard,2023-11-24,650000,662000,manual
P04,Standard,2023-11-25,650000,655000,manual
P04,Standard,2023-11-26,650000,632000,manual
P04,Standard,2023-11-27,650000,626000,manual
P04,Standard,2023-11-28,650000,638000,manual
P04,Standard,2023-11-29,650000,605000,manual
P04,Standard,2023-11-30,650000,637000,manual
P04,Standard,2023-12-01,650000,733000,manual
P04,Standard,2023-12-02,650000,740000,manual
P04,Standard,2023-12-03,650000,751000,manual
P04,Standard,2023-12-04,650000,753000,manual
P04,Standard,2023-12-05,650000,759000,manual
P04,Standard,2023-12-06,650000,744000,manual
P04,Standard,2023-12-07,650000,708000,manual
P04,Standard,2023-12-08,650000,696000,manual
P04,Standard,2023-12-09,650000,729000,manual
P04,Standard,2023-12-10,650000,738000,manual
P04,Standard,2023-12-11,650000,720000,manual
P04,Standard,2023-12-12,650000,751000,manual
P04,Standard,2023-12-13,650000,713000,manual
P04,Standard,2023-12-14,650000,706000,manual
P04,Standard,2023-12-15,650000,741000,manual
P04,Standard,2023-12-16,650000,760000,manual
P04,Standard,2023-12-17,650000,743000,manual
P04,Standard,2023-12-18,650000,672000,manual
P04,Standard,2023-12-19,650000,720000,manual
P04,Standard,2023-12-20,650000,739000,manual
P04,Standard,2023-12-21,650000,715000,manual
P04,Standard,2023-12-22,650000,729000,manual
P04,Standard,2023-12-23,650000,712000,manual
P04,Standard,2023-12-24,650000,715000,manual
P04,Standard,2023-12-25,650000,701000,manual
P04,Standard,2023-12-26,650000,676000,manual
P04,Standard,2023-12-27,650000,731000,manual
P04,Standard,2023-12-28,650000,741000,manual
P04,Standard,2023-12-29,650000,710000,manual
P04,Standard,2023-12-30,650000,694000,manual
P04,Standard,2023-12-31,650000,746000,manual
P04,Standard,2024-01-01,650000,731000,manual
P04,Standard,2024-01-02,650000,685000,manual
P04,Standard,2024-01-03,650000,724000,manual
P04,Standard,2024-01-04,650000,718000,manual
P04,Standard,2024-01-05,650000,730000,manual
P04,Standard,2024-01-06,650000,706000,manual
P04,Standard,2024-01-07,650000,675000,manual
P04,Standard,2024-01-08,650000,713000,manual
P04,Standard,2024-01-09,650000,760000,manual
P04,Standard,2024-01-10,650000,718000,manual
P04,Standard,2024-01-11,650000,701000,manual
P04,Standard,2024-01-12,650000,726000,manual
P04,Standard,2024-01-13,650000,710000,manual
P04,Standard,2024-01-14,650000,702000,manual
P04,Standard,2024-01-15,650000,707000,manual
P04,Standard,2024-01-16,650000,718000,manual
P04,Standard,2024-01-17,650000,730000,manual
P04,Standard,2024-01-18,650000,748000,manual
P04,Standard,2024-01-19,650000,732000,manual
P04,Standard,2024-01-20,650000,672000,manual
P04,Standard,2024-01-21,650000,725000,manual
P04,Standard,2024-01-22,650000,694000,manual
P04,Standard,2024-01-23,650000,721000,manual
P04,Standard,2024-01-24,650000,722000,manual
P04,Standard,2024-01-25,650000,662000,manual
P04,Standard,2024-01-26,650000,724000,manual
P04,Standard,2024-01-27,650000,712000,manual
P04,Standard,2024-01-28,650000,726000,manual
P04,Standard,2024-01-29,650000,690000,manual
P04,Standard,2024-01-30,650000,714000,manual
P04,Standard,2024-01-31,650000,715000,manual
P04,Standard,2024-02-01,650000,626000,promo
P04,Standard,2024-02-02,650000,591000,promo
P04,Standard,2024-02-03,650000,640000,promo
P04,Standard,2024-02-04,650000,594000,promo
P04,Standard,2024-02-05,650000,591000,promo
P04,Standard,2024-02-06,650000,604000,promo
P04,Standard,2024-02-07,650000,598000,promo
P04,Standard,2024-02-08,650000,578000,promo
P04,Standard,2024-02-09,650000,608000,promo
P04,Standard,2024-02-10,650000,631000,promo
P04,Standard,2024-02-11,650000,591000,promo
P04,Standard,2024-02-12,650000,602000,promo
P04,Standard,2024-02-13,650000,610000,promo
P04,Standard,2024-02-14,650000,567000,promo
P04,Standard,2024-02-15,650000,619000,promo
P04,Standard,2024-02-16,650000,625000,promo
P04,Standard,2024-02-17,650000,621000,promo
P04,Standard,2024-02-18,650000,623000,promo
P04,Standard,2024-02-19,650000,620000,promo
P04,Standard,2024-02-20,650000,592000,promo
P04,Standard,2024-02-21,650000,608000,promo
P04,Standard,2024-02-22,650000,608000,promo
P04,Standard,2024-02-23,650000,613000,promo
P04,Standard,2024-02-24,650000,634000,promo
P04,Standard,2024-02-25,650000,628000,promo
P04,Standard,2024-02-26,650000,632000,promo
P04,Standard,2024-02-27,650000,584000,promo
P04,Standard,2024-02-28,650000,620000,promo
P04,Standard,2024-02-29,650000,623000,promo
P04,Standard,2024-03-01,650000,590000,promo
P04,Standard,2024-03-02,650000,598000,promo
P04,Standard,2024-03-03,650000,618000,promo
P04,Standard,2024-03-04,650000,627000,promo
P04,Standard,2024-03-05,650000,595000,promo
P04,Standard,2024-03-06,650000,657000,promo
P04,Standard,2024-03-07,650000,610000,promo
P04,Standard,2024-03-08,650000,605000,promo
P04,Standard,2024-03-09,650000,617000,promo
P04,Standard,2024-03-10,650000,625000,promo
P04,Standard,2024-03-11,650000,603000,promo
P04,Standard,2024-03-12,650000,626000,promo
P04,Standard,2024-03-13,650000,624000,promo
P04,Standard,2024-03-14,650000,616000,promo
P04,Standard,2024-03-15,650000,604000,promo
P04,Standard,2024-03-16,650000,611000,promo
P04,Standard,2024-03-17,650000,653000,promo
P04,Standard,2024-03-18,650000,632000,promo
P04,Standard,2024-03-19,650000,608000,promo
P04,Standard,2024-03-20,650000,633000,promo
P04,Standard,2024-03-21,650000,603000,promo
P04,Standard,2024-03-22,650000,625000,promo
P04,Standard,2024-03-23,650000,612000,promo
P04,Standard,2024-03-24,650000,639000,promo
P04,Standard,2024-03-25,650000,609000,promo
P04,Standard,2024-03-26,650000,603000,promo
P04,Standard,2024-03-27,650000,619000,promo
P04,Standard,2024-03-28,650000,615000,promo
P04,Standard,2024-03-29,650000,607000,promo
P04,Standard,2024-03-30,650000,629000,promo
P04,Standard,2024-03-31,650000,624000,promo
P04,Standard,2024-04-01,650000,634000,manual
P04,Standard,2024-04-02,650000,645000,manual
P04,Standard,2024-04-03,650000,636000,manual
P04,Standard,2024-04-04,650000,632000,manual
P04,Standard,2024-04-05,650000,644000,manual
P04,Standard,2024-04-06,650000,627000,manual
P04,Standard,2024-04-07,650000,632000,manual
P04,Standard,2024-04-08,650000,665000,manual
P04,Standard,2024-04-09,650000,618000,manual
P04,Standard,2024-04-10,650000,636000,manual
P04,Standard,2024-04-11,650000,616000,manual
P04,Standard,2024-04-12,650000,621000,manual
P04,Standard,2024-04-13,650000,667000,manual
P04,Standard,2024-04-14,650000,645000,manual
P04,Standard,2024-04-15,650000,665000,manual
P04,Standard,2024-04-16,650000,654000,manual
P04,Standard,2024-04-17,650000,647000,manual
P04,Standard,2024-04-18,650000,635000,manual
P04,Standard,2024-04-19,650000,644000,manual
P04,Standard,2024-04-20,650000,710000,manual
P04,Standard,2024-04-21,650000,674000,manual
P04,Standard,2024-04-22,650000,658000,manual
P04,Standard,2024-04-23,650000,603000,manual
P04,Standard,2024-04-24,650000,659000,manual
P04,Standard,2024-04-25,650000,663000,manual
P04,Standard,2024-04-26,650000,623000,manual
P04,Standard,2024-04-27,650000,629000,manual
P04,Standard,2024-04-28,650000,634000,manual
P04,Standard,2024-04-29,650000,640000,manual
P04,Standard,2024-04-30,650000,629000,manual
P04,Standard,2024-05-01,650000,662000,manual
P04,Standard,2024-05-02,650000,682000,manual
P04,Standard,2024-05-03,650000,676000,manual
P04,Standard,2024-05-04,650000,667000,manual
P04,Standard,2024-05-05,650000,686000,manual
P04,Standard,2024-05-06,650000,665000,manual
P04,Standard,2024-05-07,650000,676000,manual
P04,Standard,2024-05-08,650000,668000,manual
P04,Standard,2024-05-09,650000,627000,manual
P04,Standard,2024-05-10,650000,667000,manual
P04,Standard,2024-05-11,650000,681000,manual
P04,Standard,2024-05-12,650000,676000,manual
P04,Standard,2024-05-13,650000,700000,manual
P04,Standard,2024-05-14,650000,665000,manual
P04,Standard,2024-05-15,650000,675000,manual
P04,Standard,2024-05-16,650000,677000,manual
P04,Standard,2024-05-17,650000,632000,manual
P04,Standard,2024-05-18,650000,646000,manual
P04,Standard,2024-05-19,650000,634000,manual
P04,Standard,2024-05-20,650000,621000,manual
P04,Standard,2024-05-21,650000,645000,manual
P04,Standard,2024-05-22,650000,647000,manual
P04,Standard,2024-05-23,650000,668000,manual
P04,Standard,2024-05-24,650000,667000,manual
P04,Standard,2024-05-25,650000,672000,manual
P04,Standard,2024-05-26,650000,642000,manual
P04,Standard,2024-05-27,650000,660000,manual
P04,Standard,2024-05-28,650000,685000,manual
P04,Standard,2024-05-29,650000,612000,manual
P04,Standard,2024-05-30,650000,604000,manual
P04,Standard,2024-05-31,650000,639000,manual
P04,Standard,2024-06-01,650000,734000,manual
P04,Standard,2024-06-02,650000,663000,manual
P04,Standard,2024-06-03,650000,696000,manual
P04,Standard,2024-06-04,650000,704000,manual
P04,Standard,2024-06-05,650000,694000,manual
P04,Standard,2024-06-06,650000,673000,manual
P04,Standard,2024-06-07,650000,676000,manual
P04,Standard,2024-06-08,650000,743000,manual
P04,Standard,2024-06-09,650000,674000,manual
P04,Standard,2024-06-10,650000,721000,manual
P04,Standard,2024-06-11,650000,654000,manual
P04,Standard,2024-06-12,650000,726000,manual
P04,Standard,2024-06-13,650000,686000,manual
P04,Standard,2024-06-14,650000,675000,manual
P04,Standard,2024-06-15,650000,680000,manual
P04,Standard,2024-06-16,650000,680000,manual
P04,Standard,2024-06-17,650000,696000,manual
P04,Standard,2024-06-18,650000,685000,manual
P04,Standard,2024-06-19,650000,688000,manual
P04,Standard,2024-06-20,650000,677000,manual
P04,Standard,2024-06-21,650000,725000,manual
P04,Standard,2024-06-22,650000,706000,manual
P04,Standard,2024-06-23,650000,714000,manual
P04,Standard,2024-06-24,650000,695000,manual
P04,Standard,2024-06-25,650000,722000,manual
P04,Standard,2024-06-26,650000,693000,manual
P04,Standard,2024-06-27,650000,700000,manual
P04,Standard,2024-06-28,650000,678000,manual
P04,Standard,2024-06-29,650000,708000,manual
P04,Standard,2024-06-30,650000,675000,manual
P04,Standard,2024-07-01,650000,712000,manual
P04,Standard,2024-07-02,650000,713000,manual
P04,Standard,2024-07-03,650000,671000,manual
P04,Standard,2024-07-04,650000,768000,manual
P04,Standard,2024-07-05,650000,731000,manual
P04,Standard,2024-07-06,650000,743000,manual
P04,Standard,2024-07-07,650000,694000,manual
P04,Standard,2024-07-08,650000,710000,manual
P04,Standard,2024-07-09,650000,702000,manual
P04,Standard,2024-07-10,650000,721000,manual
P04,Standard,2024-07-11,650000,721000,manual
P04,Standard,2024-07-12,650000,722000,manual
P04,Standard,2024-07-13,650000,727000,manual
P04,Standard,2024-07-14,650000,724000,manual
P04,Standard,2024-07-15,650000,721000,manual
P04,Standard,2024-07-16,650000,691000,manual
P04,Standard,2024-07-17,650000,752000,manual
P04,Standard,2024-07-18,650000,705000,manual
P04,Standard,2024-07-19,650000,729000,manual
P04,Standard,2024-07-20,650000,694000,manual
P04,Standard,2024-07-21,650000,741000,manual
P04,Standard,2024-07-22,650000,711000,manual
P04,Standard,2024-07-23,650000,730000,manual
P04,Standard,2024-07-24,650000,692000,manual
P04,Standard,2024-07-25,650000,707000,manual
P04,Standard,2024-07-26,650000,740000,manual
P04,Standard,2024-07-27,650000,725000,manual
P04,Standard,2024-07-28,650000,750000,manual
P04,Standard,2024-07-29,650000,735000,manual
P04,Standard,2024-07-30,650000,731000,manual
P04,Standard,2024-07-31,650000,757000,manual
P04,Standard,2024-08-01,650000,666000,manual
P04,Standard,2024-08-02,650000,660000,manual
P04,Standard,2024-08-03,650000,638000,manual
P04,Standard,2024-08-04,650000,655000,manual
P04,Standard,2024-08-05,650000,666000,manual
P04,Standard,2024-08-06,650000,651000,manual
P04,Standard,2024-08-07,650000,650000,manual
P04,Standard,2024-08-08,650000,692000,manual
P04,Standard,2024-08-09,650000,659000,manual
P04,Standard,2024-08-10,650000,620000,manual
P04,Standard,2024-08-11,650000,690000,manual
P04,Standard,2024-08-12,650000,625000,manual
P04,Standard,2024-08-13,650000,678000,manual
P04,Standard,2024-08-14,650000,676000,manual
P04,Standard,2024-08-15,650000,649000,manual
P04,Standard,2024-08-16,650000,637000,manual
P04,Standard,2024-08-17,650000,642000,manual
P04,Standard,2024-08-18,650000,683000,manual
P04,Standard,2024-08-19,650000,652000,manual
P04,Standard,2024-08-20,650000,657000,manual
P04,Standard,2024-08-21,650000,688000,manual
P04,Standard,2024-08-22,650000,648000,manual
P04,Standard,2024-08-23,650000,682000,manual
P04,Standard,2024-08-24,650000,660000,manual
P04,Standard,2024-08-25,650000,650000,manual
P04,Standard,2024-08-26,650000,663000,manual
P04,Standard,2024-08-27,650000,675000,manual
P04,Standard,2024-08-28,650000,669000,manual
P04,Standard,2024-08-29,650000,686000,manual
P04,Standard,2024-08-30,650000,658000,manual
P04,Standard,2024-08-31,650000,655000,manual
P04,Standard,2024-09-01,650000,577000,promo
P04,Standard,2024-09-02,650000,605000,promo
P04,Standard,2024-09-03,650000,622000,promo
P04,Standard,2024-09-04,650000,620000,promo
P04,Standard,2024-09-05,650000,626000,promo
P04,Standard,2024-09-06,650000,608000,promo
P04,Standard,2024-09-07,650000,595000,promo
P04,Standard,2024-09-08,650000,611000,promo
P04,Standard,2024-09-09,650000,616000,promo
P04,Standard,2024-09-10,650000,605000,promo
P04,Standard,2024-09-11,650000,608000,promo
P04,Standard,2024-09-12,650000,626000,promo
P04,Standard,2024-09-13,650000,607000,promo
P04,Standard,2024-09-14,650000,616000,promo
P04,Standard,2024-09-15,650000,632000,promo
P04,Standard,2024-09-16,650000,607000,promo
P04,Standard,2024-09-17,650000,609000,promo
P04,Standard,2024-09-18,650000,632000,promo
P04,Standard,2024-09-19,650000,610000,promo
P04,Standard,2024-09-20,650000,609000,promo
P04,Standard,2024-09-21,650000,573000,promo
P04,Standard,2024-09-22,650000,597000,promo
P04,Standard,2024-09-23,650000,618000,promo
P04,Standard,2024-09-24,650000,587000,promo
P04,Standard,2024-09-25,650000,616000,promo
P04,Standard,2024-09-26,650000,613000,promo
P04,Standard,2024-09-27,650000,603000,promo
P04,Standard,2024-09-28,650000,586000,promo
P04,Standard,2024-09-29,650000,642000,promo
P04,Standard,2024-09-30,650000,606000,promo
P04,Standard,2024-10-01,650000,611000,promo
P04,Standard,2024-10-02,650000,630000,promo
P04,Standard,2024-10-03,650000,610000,promo
P04,Standard,2024-10-04,650000,628000,promo
P04,Standard,2024-10-05,650000,637000,promo
P04,Standard,2024-10-06,650000,581000,promo
P04,Standard,2024-10-07,650000,634000,promo
P04,Standard,2024-10-08,650000,615000,promo
P04,Standard,2024-10-09,650000,620000,promo
P04,Standard,2024-10-10,650000,642000,promo
P04,Standard,2024-10-11,650000,614000,promo
P04,Standard,2024-10-12,650000,614000,promo
P04,Standard,2024-10-13,650000,619000,promo
P04,Standard,2024-10-14,650000,619000,promo
P04,Standard,2024-10-15,650000,603000,promo
P04,Standard,2024-10-16,650000,604000,promo
P04,Standard,2024-10-17,650000,612000,promo
P04,Standard,2024-10-18,650000,614000,promo
P04,Standard,2024-10-19,650000,629000,promo
P04,Standard,2024-10-20,650000,653000,promo
P04,Standard,2024-10-21,650000,605000,promo
P04,Standard,2024-10-22,650000,588000,promo
P04,Standard,2024-10-23,650000,614000,promo
P04,Standard,2024-10-24,650000,607000,promo
P04,Standard,2024-10-25,650000,607000,promo
P04,Standard,2024-10-26,650000,600000,promo
P04,Standard,2024-10-27,650000,616000,promo
P04,Standard,2024-10-28,650000,617000,promo
P04,Standard,2024-10-29,650000,592000,promo
P04,Standard,2024-10-30,650000,616000,promo
P04,Standard,2024-10-31,650000,628000,promo
P04,Standard,2024-11-01,650000,658000,manual
P04,Standard,2024-11-02,650000,587000,manual
P04,Standard,2024-11-03,650000,642000,manual
P04,Standard,2024-11-04,650000,620000,manual
P04,Standard,2024-11-05,650000,636000,manual
P04,Standard,2024-11-06,650000,609000,manual
P04,Standard,2024-11-07,650000,645000,manual
P04,Standard,2024-11-08,650000,629000,manual
P04,Standard,2024-11-09,650000,626000,manual
P04,Standard,2024-11-10,650000,618000,manual
P04,Standard,2024-11-11,650000,636000,manual
P04,Standard,2024-11-12,650000,664000,manual
P04,Standard,2024-11-13,650000,653000,manual
P04,Standard,2024-11-14,650000,665000,manual
P04,Standard,2024-11-15,650000,620000,manual
P04,Standard,2024-11-16,650000,678000,manual
P04,Standard,2024-11-17,650000,615000,manual
P04,Standard,2024-11-18,650000,594000,manual
P04,Standard,2024-11-19,650000,624000,manual
P04,Standard,2024-11-20,650000,663000,manual
P04,Standard,2024-11-21,650000,636000,manual
P04,Standard,2024-11-22,650000,610000,manual
P04,Standard,2024-11-23,650000,612000,manual
P04,Standard,2024-11-24,650000,650000,manual
P04,Standard,2024-11-25,650000,655000,manual
P04,Standard,2024-11-26,650000,656000,manual
P04,Standard,2024-11-27,650000,631000,manual
P04,Standard,2024-11-28,650000,653000,manual
P04,Standard,2024-11-29,650000,652000,manual
P04,Standard,2024-11-30,650000,598000,manual
P04,Standard,2024-12-01,650000,728000,manual
P04,Standard,2024-12-02,650000,737000,manual
P04,Standard,2024-12-03,650000,685000,manual
P04,Standard,2024-12-04,650000,747000,manual
P04,Standard,2024-12-05,650000,763000,manual
P04,Standard,2024-12-06,650000,723000,manual
P04,Standard,2024-12-07,650000,747000,manual
P04,Standard,2024-12-08,650000,730000,manual
P04,Standard,2024-12-09,650000,710000,manual
P04,Standard,2024-12-10,650000,775000,manual
P04,Standard,2024-12-11,650000,735000,manual
P04,Standard,2024-12-12,650000,732000,manual
P04,Standard,2024-12-13,650000,766000,manual
P04,Standard,2024-12-14,650000,732000,manual
P04,Standard,2024-12-15,650000,785000,manual
P04,Standard,2024-12-16,650000,738000,manual
P04,Standard,2024-12-17,650000,692000,manual
P04,Standard,2024-12-18,650000,696000,manual
P04,Standard,2024-12-19,650000,727000,manual
P04,Standard,2024-12-20,650000,693000,manual
P04,Standard,2024-12-21,650000,739000,manual
P04,Standard,2024-12-22,650000,714000,manual
P04,Standard,2024-12-23,650000,724000,manual
P04,Standard,2024-12-24,650000,742000,manual
P04,Standard,2024-12-25,650000,752000,manual
P04,Standard,2024-12-26,650000,726000,manual
P04,Standard,2024-12-27,650000,730000,manual
P04,Standard,2024-12-28,650000,734000,manual
P04,Standard,2024-12-29,650000,711000,manual
P04,Standard,2024-12-30,650000,732000,manual
P04,Standard,2024-12-31,650000,728000,manual
P04,Standard,2025-01-01,650000,700000,manual
P04,Standard,2025-01-02,650000,682000,manual
P04,Standard,2025-01-03,650000,721000,manual
P04,Standard,2025-01-04,650000,714000,manual
P04,Standard,2025-01-05,650000,704000,manual
P04,Standard,2025-01-06,650000,735000,manual
P04,Standard,2025-01-07,650000,728000,manual
P04,Standard,2025-01-08,650000,706000,manual
P04,Standard,2025-01-09,650000,696000,manual
P04,Standard,2025-01-10,650000,722000,manual
P04,Standard,2025-01-11,650000,711000,manual
P04,Standard,2025-01-12,650000,740000,manual
P04,Standard,2025-01-13,650000,702000,manual
P04,Standard,2025-01-14,650000,702000,manual
P04,Standard,2025-01-15,650000,705000,manual
P04,Standard,2025-01-16,650000,713000,manual
P04,Standard,2025-01-17,650000,692000,manual
P04,Standard,2025-01-18,650000,708000,manual
P04,Standard,2025-01-19,650000,735000,manual
P04,Standard,2025-01-20,650000,733000,manual
P04,Standard,2025-01-21,650000,684000,manual
P04,Standard,2025-01-22,650000,674000,manual
P04,Standard,2025-01-23,650000,724000,manual
P04,Standard,2025-01-24,650000,716000,manual
P04,Standard,2025-01-25,650000,710000,manual
P04,Standard,2025-01-26,650000,689000,manual
P04,Standard,2025-01-27,650000,756000,manual
P04,Standard,2025-01-28,650000,683000,manual
P04,Standard,2025-01-29,650000,713000,manual
P04,Standard,2025-01-30,650000,710000,manual
P04,Standard,2025-01-31,650000,744000,manual
P04,Standard,2025-02-01,650000,616000,promo
P04,Standard,2025-02-02,650000,607000,promo
P04,Standard,2025-02-03,650000,584000,promo
P04,Standard,2025-02-04,650000,641000,promo
P04,Standard,2025-02-05,650000,605000,promo
P04,Standard,2025-02-06,650000,607000,promo
P04,Standard,2025-02-07,650000,617000,promo
P04,Standard,2025-02-08,650000,617000,promo
P04,Standard,2025-02-09,650000,669000,promo
P04,Standard,2025-02-10,650000,606000,promo
P04,Standard,2025-02-11,650000,604000,promo
P04,Standard,2025-02-12,650000,624000,promo
P04,Standard,2025-02-13,650000,606000,promo
P04,Standard,2025-02-14,650000,623000,promo
P04,Standard,2025-02-15,650000,616000,promo
P04,Standard,2025-02-16,650000,633000,promo
P04,Standard,2025-02-17,650000,608000,promo
P04,Standard,2025-02-18,650000,599000,promo
P04,Standard,2025-02-19,650000,618000,promo
P04,Standard,2025-02-20,650000,583000,promo
P04,Standard,2025-02-21,650000,615000,promo
P04,Standard,2025-02-22,650000,613000,promo
P04,Standard,2025-02-23,650000,612000,promo
P04,Standard,2025-02-24,650000,585000,promo
P04,Standard,2025-02-25,650000,597000,promo
P04,Standard,2025-02-26,650000,575000,promo
P04,Standard,2025-02-27,650000,607000,promo
P04,Standard,2025-02-28,650000,614000,promo
P04,Standard,2025-03-01,650000,638000,promo
P04,Standard,2025-03-02,650000,597000,promo
P04,Standard,2025-03-03,650000,621000,promo
P04,Standard,2025-03-04,650000,594000,promo
P04,Standard,2025-03-05,650000,635000,promo
P04,Standard,2025-03-06,650000,661000,promo
P04,Standard,2025-03-07,650000,602000,promo
P04,Standard,2025-03-08,650000,595000,promo
P04,Standard,2025-03-09,650000,627000,promo
P04,Standard,2025-03-10,650000,625000,promo
P04,Standard,2025-03-11,650000,620000,promo
P04,Standard,2025-03-12,650000,646000,promo
P04,Standard,2025-03-13,650000,622000,promo
P04,Standard,2025-03-14,650000,604000,promo
P04,Standard,2025-03-15,650000,624000,promo
P04,Standard,2025-03-16,650000,659000,promo
P04,Standard,2025-03-17,650000,617000,promo
P04,Standard,2025-03-18,650000,630000,promo
P04,Standard,2025-03-19,650000,617000,promo
P04,Standard,2025-03-20,650000,614000,promo
P04,Standard,2025-03-21,650000,613000,promo
P04,Standard,2025-03-22,650000,656000,promo
P04,Standard,2025-03-23,650000,650000,promo
P04,Standard,2025-03-24,650000,602000,promo
P04,Standard,2025-03-25,650000,630000,promo
P04,Standard,2025-03-26,650000,621000,promo
P04,Standard,2025-03-27,650000,611000,promo
P04,Standard,2025-03-28,650000,593000,promo
P04,Standard,2025-03-29,650000,576000,promo
P04,Standard,2025-03-30,650000,618000,promo
P04,Standard,2025-03-31,650000,612000,promo
P04,Standard,2025-04-01,650000,664000,manual
P04,Standard,2025-04-02,650000,664000,manual
P04,Standard,2025-04-03,650000,669000,manual
P04,Standard,2025-04-04,650000,633000,manual
P04,Standard,2025-04-05,650000,632000,manual
P04,Standard,2025-04-06,650000,629000,manual
P04,Standard,2025-04-07,650000,659000,manual
P04,Standard,2025-04-08,650000,655000,manual
P04,Standard,2025-04-09,650000,621000,manual
P04,Standard,2025-04-10,650000,650000,manual
P04,Standard,2025-04-11,650000,655000,manual
P04,Standard,2025-04-12,650000,649000,manual
P04,Standard,2025-04-13,650000,635000,manual
P04,Standard,2025-04-14,650000,654000,manual
P04,Standard,2025-04-15,650000,660000,manual
P04,Standard,2025-04-16,650000,655000,manual
P04,Standard,2025-04-17,650000,640000,manual
P04,Standard,2025-04-18,650000,625000,manual
P04,Standard,2025-04-19,650000,665000,manual
P04,Standard,2025-04-20,650000,643000,manual
P04,Standard,2025-04-21,650000,618000,manual
P04,Standard,2025-04-22,650000,643000,manual
P04,Standard,2025-04-23,650000,626000,manual
P04,Standard,2025-04-24,650000,633000,manual
P04,Standard,2025-04-25,650000,645000,manual
P04,Standard,2025-04-26,650000,685000,manual
P04,Standard,2025-04-27,650000,669000,manual
P04,Standard,2025-04-28,650000,653000,manual
P04,Standard,2025-04-29,650000,671000,manual
P04,Standard,2025-04-30,650000,638000,manual
P04,Standard,2025-05-01,650000,644000,manual
P04,Standard,2025-05-02,650000,620000,manual
P04,Standard,2025-05-03,650000,639000,manual
P04,Standard,2025-05-04,650000,649000,manual
P04,Standard,2025-05-05,650000,651000,manual
P04,Standard,2025-05-06,650000,692000,manual
P04,Standard,2025-05-07,650000,652000,manual
P04,Standard,2025-05-08,650000,653000,manual
P04,Standard,2025-05-09,650000,654000,manual
P04,Standard,2025-05-10,650000,640000,manual
P04,Standard,2025-05-11,650000,634000,manual
P04,Standard,2025-05-12,650000,656000,manual
P04,Standard,2025-05-13,650000,669000,manual
P04,Standard,2025-05-14,650000,666000,manual
P04,Standard,2025-05-15,650000,632000,manual
P04,Standard,2025-05-16,650000,649000,manual
P04,Standard,2025-05-17,650000,614000,manual
P04,Standard,2025-05-18,650000,653000,manual
P04,Standard,2025-05-19,650000,660000,manual
P04,Standard,2025-05-20,650000,642000,manual
P04,Standard,2025-05-21,650000,653000,manual
P04,Standard,2025-05-22,650000,675000,manual
P04,Standard,2025-05-23,650000,673000,manual
P04,Standard,2025-05-24,650000,636000,manual
P04,Standard,2025-05-25,650000,662000,manual
P04,Standard,2025-05-26,650000,662000,manual
P04,Standard,2025-05-27,650000,638000,manual
P04,Standard,2025-05-28,650000,636000,manual
P04,Standard,2025-05-29,650000,652000,manual
P04,Standard,2025-05-30,650000,658000,manual
P04,Standard,2025-05-31,650000,639000,manual
P04,Standard,2025-06-01,650000,710000,manual
P04,Standard,2025-06-02,650000,677000,manual
P04,Standard,2025-06-03,650000,687000,manual
P04,Standard,2025-06-04,650000,695000,manual
P04,Standard,2025-06-05,650000,713000,manual
P04,Standard,2025-06-06,650000,677000,manual
P04,Standard,2025-06-07,650000,680000,manual
P04,Standard,2025-06-08,650000,709000,manual
P04,Standard,2025-06-09,650000,691000,manual
P04,Standard,2025-06-10,650000,737000,manual
P04,Standard,2025-06-11,650000,707000,manual
P04,Standard,2025-06-12,650000,735000,manual
P04,Standard,2025-06-13,650000,714000,manual
P04,Standard,2025-06-14,650000,702000,manual
P04,Standard,2025-06-15,650000,711000,manual
P04,Standard,2025-06-16,650000,712000,manual
P04,Standard,2025-06-17,650000,696000,manual
P04,Standard,2025-06-18,650000,663000,manual
P04,Standard,2025-06-19,650000,697000,manual
P04,Standard,2025-06-20,650000,723000,manual
P04,Standard,2025-06-21,650000,661000,manual
P04,Standard,2025-06-22,650000,696000,manual
P04,Standard,2025-06-23,650000,733000,manual
P04,Standard,2025-06-24,650000,652000,manual
P04,Standard,2025-06-25,650000,707000,manual
P04,Standard,2025-06-26,650000,723000,manual
P04,Standard,2025-06-27,650000,688000,manual
P04,Standard,2025-06-28,650000,702000,manual
P04,Standard,2025-06-29,650000,730000,manual
P04,Standard,2025-06-30,650000,698000,manual
P04,Standard,2025-07-01,650000,722000,manual
P04,Standard,2025-07-02,650000,734000,manual
P04,Standard,2025-07-03,650000,738000,manual
P04,Standard,2025-07-04,650000,728000,manual
P04,Standard,2025-07-05,650000,737000,manual
P04,Standard,2025-07-06,650000,714000,manual
P04,Standard,2025-07-07,650000,745000,manual
P04,Standard,2025-07-08,650000,763000,manual
P04,Standard,2025-07-09,650000,746000,manual
P04,Standard,2025-07-10,650000,741000,manual
P04,Standard,2025-07-11,650000,749000,manual
P04,Standard,2025-07-12,650000,723000,manual
P04,Standard,2025-07-13,650000,671000,manual
P04,Standard,2025-07-14,650000,748000,manual
P04,Standard,2025-07-15,650000,729000,manual
P04,Standard,2025-07-16,650000,720000,manual
P04,Standard,2025-07-17,650000,737000,manual
P04,Standard,2025-07-18,650000,722000,manual
P04,Standard,2025-07-19,650000,730000,manual
P04,Standard,2025-07-20,650000,693000,manual
P04,Standard,2025-07-21,650000,700000,manual
P04,Standard,2025-07-22,650000,724000,manual
P04,Standard,2025-07-23,650000,733000,manual
P04,Standard,2025-07-24,650000,762000,manual
P04,Standard,2025-07-25,650000,717000,manual
P04,Standard,2025-07-26,650000,733000,manual
P04,Standard,2025-07-27,650000,716000,manual
P04,Standard,2025-07-28,650000,717000,manual
P04,Standard,2025-07-29,650000,693000,manual
P04,Standard,2025-07-30,650000,716000,manual
P04,Standard,2025-07-31,650000,759000,manual
P04,Standard,2025-08-01,650000,677000,manual
P04,Standard,2025-08-02,650000,659000,manual
P04,Standard,2025-08-03,650000,673000,manual
P04,Standard,2025-08-04,650000,687000,manual
P04,Standard,2025-08-05,650000,647000,manual
P04,Standard,2025-08-06,650000,672000,manual
P04,Standard,2025-08-07,650000,652000,manual
P04,Standard,2025-08-08,650000,686000,manual
P04,Standard,2025-08-09,650000,642000,manual
P04,Standard,2025-08-10,650000,686000,manual
P04,Standard,2025-08-11,650000,690000,manual
P04,Standard,2025-08-12,650000,705000,manual
P04,Standard,2025-08-13,650000,661000,manual
P04,Standard,2025-08-14,650000,662000,manual
P04,Standard,2025-08-15,650000,645000,manual
P04,Standard,2025-08-16,650000,680000,manual
P04,Standard,2025-08-17,650000,692000,manual
P04,Standard,2025-08-18,650000,688000,manual
P04,Standard,2025-08-19,650000,686000,manual
P04,Standard,2025-08-20,650000,658000,manual
P04,Standard,2025-08-21,650000,654000,manual
P04,Standard,2025-08-22,650000,667000,manual
P04,Standard,2025-08-23,650000,677000,manual
P04,Standard,2025-08-24,650000,630000,manual
P04,Standard,2025-08-25,650000,684000,manual
P04,Standard,2025-08-26,650000,659000,manual
P04,Standard,2025-08-27,650000,684000,manual
P04,Standard,2025-08-28,650000,660000,manual
P04,Standard,2025-08-29,650000,659000,manual
P04,Standard,2025-08-30,650000,681000,manual
P04,Standard,2025-08-31,650000,676000,manual
P04,Standard,2025-09-01,650000,596000,promo
P04,Standard,2025-09-02,650000,638000,promo
P04,Standard,2025-09-03,650000,626000,promo
P04,Standard,2025-09-04,650000,603000,promo
P04,Standard,2025-09-05,650000,624000,promo
P04,Standard,2025-09-06,650000,612000,promo
P04,Standard,2025-09-07,650000,577000,promo
P04,Standard,2025-09-08,650000,626000,promo
P04,Standard,2025-09-09,650000,581000,promo
P04,Standard,2025-09-10,650000,618000,promo
P04,Standard,2025-09-11,650000,587000,promo
P04,Standard,2025-09-12,650000,569000,promo
P04,Standard,2025-09-13,650000,592000,promo
P04,Standard,2025-09-14,650000,604000,promo
P04,Standard,2025-09-15,650000,626000,promo
P04,Standard,2025-09-16,650000,600000,promo
P04,Standard,2025-09-17,650000,661000,promo
P04,Standard,2025-09-18,650000,605000,promo
P04,Standard,2025-09-19,650000,590000,promo
P04,Standard,2025-09-20,650000,590000,promo
P04,Standard,2025-09-21,650000,626000,promo
P04,Standard,2025-09-22,650000,631000,promo
P04,Standard,2025-09-23,650000,590000,promo
P04,Standard,2025-09-24,650000,615000,promo
P04,Standard,2025-09-25,650000,590000,promo
P04,Standard,2025-09-26,650000,585000,promo
P04,Standard,2025-09-27,650000,602000,promo
P04,Standard,2025-09-28,650000,609000,promo
P04,Standard,2025-09-29,650000,594000,promo
P04,Standard,2025-09-30,650000,609000,promo
P04,Standard,2025-10-01,650000,608000,promo
P04,Standard,2025-10-02,650000,633000,promo
P04,Standard,2025-10-03,650000,622000,promo
P04,Standard,2025-10-04,650000,626000,promo
P04,Standard,2025-10-05,650000,617000,promo
P04,Standard,2025-10-06,650000,648000,promo
P04,Standard,2025-10-07,650000,619000,promo
P04,Standard,2025-10-08,650000,640000,promo
P04,Standard,2025-10-09,650000,617000,promo
P04,Standard,2025-10-10,650000,615000,promo
P04,Standard,2025-10-11,650000,634000,promo
P04,Standard,2025-10-12,650000,604000,promo
P04,Standard,2025-10-13,650000,622000,promo
P04,Standard,2025-10-14,650000,608000,promo
P04,Standard,2025-10-15,650000,603000,promo
P04,Standard,2025-10-16,650000,618000,promo
P04,Standard,2025-10-17,650000,634000,promo
P04,Standard,2025-10-18,650000,634000,promo
P04,Standard,2025-10-19,650000,600000,promo
P04,Standard,2025-10-20,650000,638000,promo
P04,Standard,2025-10-21,650000,642000,promo
P04,Standard,2025-10-22,650000,630000,promo
P04,Standard,2025-10-23,650000,624000,promo
P04,Standard,2025-10-24,650000,629000,promo
P04,Standard,2025-10-25,650000,589000,promo
P04,Standard,2025-10-26,650000,589000,promo
P04,Standard,2025-10-27,650000,596000,promo
P04,Standard,2025-10-28,650000,603000,promo
P04,Standard,2025-10-29,650000,619000,promo
P04,Standard,2025-10-30,650000,652000,promo
P04,Standard,2025-10-31,650000,624000,promo
P04,Standard,2025-11-01,650000,660000,manual
P04,Standard,2025-11-02,650000,640000,manual
P04,Standard,2025-11-03,650000,614000,manual
P04,Standard,2025-11-04,650000,608000,manual
P04,Standard,2025-11-05,650000,649000,manual
P04,Standard,2025-11-06,650000,631000,manual
P04,Standard,2025-11-07,650000,634000,manual
P04,Standard,2025-11-08,650000,623000,manual
P04,Standard,2025-11-09,650000,639000,manual
P04,Standard,2025-11-10,650000,639000,manual
P04,Standard,2025-11-11,650000,633000,manual
P04,Standard,2025-11-12,650000,667000,manual
P04,Standard,2025-11-13,650000,671000,manual
P04,Standard,2025-11-14,650000,640000,manual
P04,Standard,2025-11-15,650000,645000,manual
P04,Standard,2025-11-16,650000,662000,manual
P04,Standard,2025-11-17,650000,675000,manual
P04,Standard,2025-11-18,650000,620000,manual
P04,Standard,2025-11-19,650000,668000,manual
P04,Standard,2025-11-20,650000,607000,manual
P04,Standard,2025-11-21,650000,652000,manual
P04,Standard,2025-11-22,650000,667000,manual
P04,Standard,2025-11-23,650000,659000,manual
P04,Standard,2025-11-24,650000,664000,manual
P04,Standard,2025-11-25,650000,641000,manual
P04,Standard,2025-11-26,650000,617000,manual
P04,Standard,2025-11-27,650000,652000,manual
P04,Standard,2025-11-28,650000,629000,manual
P04,Standard,2025-11-29,650000,638000,manual
P04,Standard,2025-11-30,650000,628000,manual
P04,Standard,2025-12-01,650000,718000,manual
P04,Standard,2025-12-02,650000,740000,manual
P04,Standard,2025-12-03,650000,739000,manual
P04,Standard,2025-12-04,650000,754000,manual
P04,Standard,2025-12-05,650000,722000,manual
P04,Standard,2025-12-06,650000,743000,manual
P04,Standard,2025-12-07,650000,722000,manual
P04,Standard,2025-12-08,650000,709000,manual
P04,Standard,2025-12-09,650000,729000,manual
P04,Standard,2025-12-10,650000,718000,manual
P04,Standard,2025-12-11,650000,725000,manual
P04,Standard,2025-12-12,650000,779000,manual
P04,Standard,2025-12-13,650000,767000,manual
P04,Standard,2025-12-14,650000,728000,manual
P04,Standard,2025-12-15,650000,724000,manual
P04,Standard,2025-12-16,650000,702000,manual
P04,Standard,2025-12-17,650000,713000,manual
P04,Standard,2025-12-18,650000,700000,manual
P04,Standard,2025-12-19,650000,683000,manual
P04,Standard,2025-12-20,650000,718000,manual
P04,Standard,2025-12-21,650000,764000,manual
P04,Standard,2025-12-22,650000,739000,manual
P04,Standard,2025-12-23,650000,728000,manual
P04,Standard,2025-12-24,650000,710000,manual
P04,Standard,2025-12-25,650000,724000,manual
P04,Standard,2025-12-26,650000,717000,manual
P04,Standard,2025-12-27,650000,701000,manual
P04,Standard,2025-12-28,650000,767000,manual
P04,Standard,2025-12-29,650000,735000,manual
P04,Standard,2025-12-30,650000,737000,manual
P04,Standard,2025-12-31,650000,732000,manual
P04,Standard,2026-01-01,650000,734000,manual
P04,Standard,2026-01-02,650000,706000,manual
P04,Standard,2026-01-03,650000,727000,manual
P04,Standard,2026-01-04,650000,720000,manual
P04,Standard,2026-01-05,650000,718000,manual
P04,Standard,2026-01-06,650000,752000,manual
P04,Standard,2026-01-07,650000,688000,manual
P04,Standard,2026-01-08,650000,704000,manual
P04,Standard,2026-01-09,650000,725000,manual
P04,Standard,2026-01-10,650000,743000,manual
P04,Standard,2026-01-11,650000,704000,manual
P04,Standard,2026-01-12,650000,688000,manual
P04,Standard,2026-01-13,650000,687000,manual
P04,Standard,2026-01-14,650000,669000,manual
P04,Standard,2026-01-15,650000,715000,manual
P04,Standard,2026-01-16,650000,680000,manual
P04,Standard,2026-01-17,650000,709000,manual
P04,Standard,2026-01-18,650000,659000,manual
P04,Standard,2026-01-19,650000,759000,manual
P04,Standard,2026-01-20,650000,698000,manual
P04,Standard,2026-01-21,650000,691000,manual
P04,Standard,2026-01-22,650000,693000,manual
P04,Standard,2026-01-23,650000,716000,manual
P04,Standard,2026-01-24,650000,709000,manual
P04,Standard,2026-01-25,650000,718000,manual
P04,Standard,2026-01-26,650000,752000,manual
P04,Standard,2026-01-27,650000,724000,manual
P04,Standard,2026-01-28,650000,685000,manual
P04,Standard,2026-01-29,650000,722000,manual
P04,Standard,2026-01-30,650000,721000,manual
P04,Standard,2026-01-31,650000,691000,manual
P04,Standard,2026-02-01,650000,617000,promo
P04,Standard,2026-02-02,650000,614000,promo
P04,Standard,2026-02-03,650000,601000,promo
P04,Standard,2026-02-04,650000,589000,promo
P04,Standard,2026-02-05,650000,610000,promo
P04,Standard,2026-02-06,650000,628000,promo
P04,Standard,2026-02-07,650000,633000,promo
P04,Standard,2026-02-08,650000,576000,promo
P04,Standard,2026-02-09,650000,614000,promo
P04,Standard,2026-02-10,650000,610000,promo
P04,Standard,2026-02-11,650000,598000,promo
P04,Standard,2026-02-12,650000,605000,promo
P04,Standard,2026-02-13,650000,599000,promo
P04,Standard,2026-02-14,650000,601000,promo
P04,Standard,2026-02-15,650000,618000,promo
P04,Standard,2026-02-16,650000,613000,promo
P04,Standard,2026-02-17,650000,584000,promo
P04,Standard,2026-02-18,650000,588000,promo
P04,Standard,2026-02-19,650000,603000,promo
P04,Standard,2026-02-20,650000,606000,promo
P04,Standard,2026-02-21,650000,638000,promo
P04,Standard,2026-02-22,650000,624000,promo
P04,Standard,2026-02-23,650000,592000,promo
P04,Standard,2026-02-24,650000,573000,promo
P04,Standard,2026-02-25,650000,601000,promo
P04,Standard,2026-02-26,650000,640000,promo
P04,Standard,2026-02-27,650000,583000,promo
P04,Standard,2026-02-28,650000,663000,promo
P04,Standard,2026-03-01,650000,630000,promo
P04,Standard,2026-03-02,650000,642000,promo
P04,Standard,2026-03-03,650000,604000,promo
P04,Standard,2026-03-04,650000,637000,promo
P04,Standard,2026-03-05,650000,629000,promo
P04,Standard,2026-03-06,650000,621000,promo
P04,Standard,2026-03-07,650000,630000,promo
P04,Standard,2026-03-08,650000,628000,promo
P04,Standard,2026-03-09,650000,593000,promo
P04,Standard,2026-03-10,650000,617000,promo
P04,Standard,2026-03-11,650000,653000,promo
P04,Standard,2026-03-12,650000,613000,promo
P04,Standard,2026-03-13,650000,639000,promo
P04,Standard,2026-03-14,650000,652000,promo
P04,Standard,2026-03-15,650000,634000,promo
P04,Standard,2026-03-16,650000,616000,promo
P04,Standard,2026-03-17,650000,627000,promo
P04,Standard,2026-03-18,650000,621000,promo
P04,Standard,2026-03-19,650000,593000,promo
P04,Standard,2026-03-20,650000,601000,promo
P04,Standard,2026-03-21,650000,618000,promo
P04,Standard,2026-03-22,650000,593000,promo
P04,Standard,2026-03-23,650000,606000,promo
P04,Standard,2026-03-24,650000,614000,promo
P04,Standard,2026-03-25,650000,619000,promo
P04,Standard,2026-03-26,650000,631000,promo
P04,Standard,2026-03-27,650000,581000,promo
P04,Standard,2026-03-28,650000,633000,promo
P04,Standard,2026-03-29,650000,607000,promo
P04,Standard,2026-03-30,650000,612000,promo
P04,Standard,2026-03-31,650000,640000,promo
P04,Standard,2026-04-01,650000,638000,manual
P04,Standard,2026-04-02,650000,636000,manual
P04,Standard,2026-04-03,650000,637000,manual
P04,Standard,2026-04-04,650000,618000,manual
P04,Standard,2026-04-05,650000,603000,manual
P04,Standard,2026-04-06,650000,642000,manual
P04,Standard,2026-04-07,650000,675000,manual
P04,Standard,2026-04-08,650000,645000,manual
P04,Standard,2026-04-09,650000,658000,manual
P04,Standard,2026-04-10,650000,677000,manual
P04,Standard,2026-04-11,650000,654000,manual
P04,Standard,2026-04-12,650000,659000,manual
P04,Standard,2026-04-13,650000,645000,manual
P04,Standard,2026-04-14,650000,661000,manual
P04,Standard,2026-04-15,650000,642000,manual
P04,Standard,2026-04-16,650000,660000,manual
P04,Standard,2026-04-17,650000,658000,manual
P04,Standard,2026-04-18,650000,658000,manual
P04,Standard,2026-04-19,650000,679000,manual
P04,Standard,2026-04-20,650000,631000,manual
P04,Standard,2026-04-21,650000,658000,manual
P04,Standard,2026-04-22,650000,647000,manual
P04,Standard,2026-04-23,650000,632000,manual
P04,Standard,2026-04-24,650000,598000,manual
P04,Standard,2026-04-25,650000,635000,manual
P04,Standard,2026-04-26,650000,641000,manual
P04,Standard,2026-04-27,650000,641000,manual
P04,Standard,2026-04-28,650000,644000,manual
P04,Standard,2026-04-29,650000,685000,manual
P04,Standard,2026-04-30,650000,653000,manual
P04,Standard,2026-05-01,650000,634000,manual
P04,Standard,2026-05-02,650000,652000,manual
P04,Standard,2026-05-03,650000,658000,manual
P04,Standard,2026-05-04,650000,676000,manual
P04,Standard,2026-05-05,650000,674000,manual
P04,Standard,2026-05-06,650000,659000,manual
P04,Standard,2026-05-07,650000,649000,manual
P04,Standard,2026-05-08,650000,650000,manual
P04,Standard,2026-05-09,650000,621000,manual
P04,Standard,2026-05-10,650000,622000,manual
P04,Standard,2026-05-11,650000,664000,manual
P04,Standard,2026-05-12,650000,677000,manual
P04,Standard,2026-05-13,650000,652000,manual
P04,Standard,2026-05-14,650000,639000,manual
P04,Standard,2026-05-15,650000,626000,manual
P04,Standard,2026-05-16,650000,682000,manual
P04,Standard,2026-05-17,650000,677000,manual
P04,Standard,2026-05-18,650000,670000,manual
P04,Standard,2026-05-19,650000,654000,manual
P04,Standard,2026-05-20,650000,638000,manual
P04,Standard,2026-05-21,650000,673000,manual
P04,Standard,2026-05-22,650000,618000,manual
P04,Standard,2026-05-23,650000,638000,manual
P04,Standard,2026-05-24,650000,645000,manual
P04,Standard,2026-05-25,650000,679000,manual
P04,Standard,2026-05-26,650000,668000,manual
P04,Standard,2026-05-27,650000,665000,manual
P04,Standard,2026-05-28,650000,661000,manual
P04,Standard,2026-05-29,650000,660000,manual
P04,Standard,2026-05-30,650000,656000,manual
P04,Standard,2026-05-31,650000,632000,manual
P04,Standard,2026-06-01,650000,721000,manual
P04,Standard,2026-06-02,650000,746000,manual
P04,Standard,2026-06-03,650000,681000,manual
P04,Standard,2026-06-04,650000,728000,manual
P04,Standard,2026-06-05,650000,704000,manual
P04,Standard,2026-06-06,650000,721000,manual
P04,Standard,2026-06-07,650000,682000,manual
P04,Standard,2026-06-08,650000,687000,manual
P04,Standard,2026-06-09,650000,714000,manual
P04,Standard,2026-06-10,650000,672000,manual
P04,Standard,2026-06-11,650000,694000,manual
P04,Standard,2026-06-12,650000,691000,manual
P04,Standard,2026-06-13,650000,684000,manual
P04,Standard,2026-06-14,650000,710000,manual
P04,Standard,2026-06-15,650000,712000,manual
P04,Standard,2026-06-16,650000,733000,manual
P04,Standard,2026-06-17,650000,701000,manual
P04,Standard,2026-06-18,650000,706000,manual
P04,Standard,2026-06-19,650000,700000,manual
P04,Standard,2026-06-20,650000,715000,manual
P04,Standard,2026-06-21,650000,682000,manual
P04,Standard,2026-06-22,650000,711000,manual
P04,Standard,2026-06-23,650000,716000,manual
P04,Standard,2026-06-24,650000,696000,manual
P04,Standard,2026-06-25,650000,668000,manual
P04,Standard,2026-06-26,650000,698000,manual
P04,Standard,2026-06-27,650000,695000,manual
P04,Standard,2026-06-28,650000,683000,manual
P04,Standard,2026-06-29,650000,712000,manual
P04,Standard,2026-06-30,650000,707000,manual
P04,Deluxe,2023-07-01,1000000,1123000,manual
P04,Deluxe,2023-07-02,1000000,1120000,manual
P04,Deluxe,2023-07-03,1000000,1108000,manual
P04,Deluxe,2023-07-04,1000000,1118000,manual
P04,Deluxe,2023-07-05,1000000,1164000,manual
P04,Deluxe,2023-07-06,1000000,1102000,manual
P04,Deluxe,2023-07-07,1000000,1095000,manual
P04,Deluxe,2023-07-08,1000000,1104000,manual
P04,Deluxe,2023-07-09,1000000,1138000,manual
P04,Deluxe,2023-07-10,1000000,1039000,manual
P04,Deluxe,2023-07-11,1000000,1175000,manual
P04,Deluxe,2023-07-12,1000000,1099000,manual
P04,Deluxe,2023-07-13,1000000,1078000,manual
P04,Deluxe,2023-07-14,1000000,1077000,manual
P04,Deluxe,2023-07-15,1000000,1080000,manual
P04,Deluxe,2023-07-16,1000000,1081000,manual
P04,Deluxe,2023-07-17,1000000,1111000,manual
P04,Deluxe,2023-07-18,1000000,1076000,manual
P04,Deluxe,2023-07-19,1000000,1072000,manual
P04,Deluxe,2023-07-20,1000000,1123000,manual
P04,Deluxe,2023-07-21,1000000,1037000,manual
P04,Deluxe,2023-07-22,1000000,1051000,manual
P04,Deluxe,2023-07-23,1000000,1100000,manual
P04,Deluxe,2023-07-24,1000000,1097000,manual
P04,Deluxe,2023-07-25,1000000,1011000,manual
P04,Deluxe,2023-07-26,1000000,1106000,manual
P04,Deluxe,2023-07-27,1000000,1102000,manual
P04,Deluxe,2023-07-28,1000000,1100000,manual
P04,Deluxe,2023-07-29,1000000,1084000,manual
P04,Deluxe,2023-07-30,1000000,1120000,manual
P04,Deluxe,2023-07-31,1000000,1122000,manual
P04,Deluxe,2023-08-01,1000000,1034000,manual
P04,Deluxe,2023-08-02,1000000,1056000,manual
P04,Deluxe,2023-08-03,1000000,1070000,manual
P04,Deluxe,2023-08-04,1000000,1043000,manual
P04,Deluxe,2023-08-05,1000000,1013000,manual
P04,Deluxe,2023-08-06,1000000,1042000,manual
P04,Deluxe,2023-08-07,1000000,932000,manual
P04,Deluxe,2023-08-08,1000000,1020000,manual
P04,Deluxe,2023-08-09,1000000,965000,manual
P04,Deluxe,2023-08-10,1000000,996000,manual
P04,Deluxe,2023-08-11,1000000,1021000,manual
P04,Deluxe,2023-08-12,1000000,1028000,manual
P04,Deluxe,2023-08-13,1000000,1039000,manual
P04,Deluxe,2023-08-14,1000000,1013000,manual
P04,Deluxe,2023-08-15,1000000,1021000,manual
P04,Deluxe,2023-08-16,1000000,1016000,manual
P04,Deluxe,2023-08-17,1000000,983000,manual
P04,Deluxe,2023-08-18,1000000,998000,manual
P04,Deluxe,2023-08-19,1000000,1073000,manual
P04,Deluxe,2023-08-20,1000000,1039000,manual
P04,Deluxe,2023-08-21,1000000,1015000,manual
P04,Deluxe,2023-08-22,1000000,1032000,manual
P04,Deluxe,2023-08-23,1000000,1021000,manual
P04,Deluxe,2023-08-24,1000000,1062000,manual
P04,Deluxe,2023-08-25,1000000,1051000,manual
P04,Deluxe,2023-08-26,1000000,1003000,manual
P04,Deluxe,2023-08-27,1000000,1026000,manual
P04,Deluxe,2023-08-28,1000000,1031000,manual
P04,Deluxe,2023-08-29,1000000,1051000,manual
P04,Deluxe,2023-08-30,1000000,1038000,manual
P04,Deluxe,2023-08-31,1000000,1068000,manual
P04,Deluxe,2023-09-01,1000000,893000,promo
P04,Deluxe,2023-09-02,1000000,903000,promo
P04,Deluxe,2023-09-03,1000000,925000,promo
P04,Deluxe,2023-09-04,1000000,922000,promo
P04,Deluxe,2023-09-05,1000000,930000,promo
P04,Deluxe,2023-09-06,1000000,953000,promo
P04,Deluxe,2023-09-07,1000000,955000,promo
P04,Deluxe,2023-09-08,1000000,929000,promo
P04,Deluxe,2023-09-09,1000000,909000,promo
P04,Deluxe,2023-09-10,1000000,948000,promo
P04,Deluxe,2023-09-11,1000000,906000,promo
P04,Deluxe,2023-09-12,1000000,932000,promo
P04,Deluxe,2023-09-13,1000000,901000,promo
P04,Deluxe,2023-09-14,1000000,915000,promo
P04,Deluxe,2023-09-15,1000000,940000,promo
P04,Deluxe,2023-09-16,1000000,924000,promo
P04,Deluxe,2023-09-17,1000000,946000,promo
P04,Deluxe,2023-09-18,1000000,917000,promo
P04,Deluxe,2023-09-19,1000000,984000,promo
P04,Deluxe,2023-09-20,1000000,926000,promo
P04,Deluxe,2023-09-21,1000000,916000,promo
P04,Deluxe,2023-09-22,1000000,946000,promo
P04,Deluxe,2023-09-23,1000000,893000,promo
P04,Deluxe,2023-09-24,1000000,920000,promo
P04,Deluxe,2023-09-25,1000000,928000,promo
P04,Deluxe,2023-09-26,1000000,982000,promo
P04,Deluxe,2023-09-27,1000000,918000,promo
P04,Deluxe,2023-09-28,1000000,935000,promo
P04,Deluxe,2023-09-29,1000000,974000,promo
P04,Deluxe,2023-09-30,1000000,962000,promo
P04,Deluxe,2023-10-01,1000000,922000,promo
P04,Deluxe,2023-10-02,1000000,910000,promo
P04,Deluxe,2023-10-03,1000000,932000,promo
P04,Deluxe,2023-10-04,1000000,950000,promo
P04,Deluxe,2023-10-05,1000000,935000,promo
P04,Deluxe,2023-10-06,1000000,942000,promo
P04,Deluxe,2023-10-07,1000000,1000000,promo
P04,Deluxe,2023-10-08,1000000,967000,promo
P04,Deluxe,2023-10-09,1000000,987000,promo
P04,Deluxe,2023-10-10,1000000,988000,promo
P04,Deluxe,2023-10-11,1000000,977000,promo
P04,Deluxe,2023-10-12,1000000,967000,promo
P04,Deluxe,2023-10-13,1000000,955000,promo
P04,Deluxe,2023-10-14,1000000,960000,promo
P04,Deluxe,2023-10-15,1000000,964000,promo
P04,Deluxe,2023-10-16,1000000,915000,promo
P04,Deluxe,2023-10-17,1000000,970000,promo
P04,Deluxe,2023-10-18,1000000,949000,promo
P04,Deluxe,2023-10-19,1000000,989000,promo
P04,Deluxe,2023-10-20,1000000,953000,promo
P04,Deluxe,2023-10-21,1000000,936000,promo
P04,Deluxe,2023-10-22,1000000,923000,promo
P04,Deluxe,2023-10-23,1000000,976000,promo
P04,Deluxe,2023-10-24,1000000,978000,promo
P04,Deluxe,2023-10-25,1000000,955000,promo
P04,Deluxe,2023-10-26,1000000,963000,promo
P04,Deluxe,2023-10-27,1000000,948000,promo
P04,Deluxe,2023-10-28,1000000,1014000,promo
P04,Deluxe,2023-10-29,1000000,969000,promo
P04,Deluxe,2023-10-30,1000000,917000,promo
P04,Deluxe,2023-10-31,1000000,914000,promo
P04,Deluxe,2023-11-01,1000000,1041000,manual
P04,Deluxe,2023-11-02,1000000,962000,manual
P04,Deluxe,2023-11-03,1000000,1018000,manual
P04,Deluxe,2023-11-04,1000000,991000,manual
P04,Deluxe,2023-11-05,1000000,1022000,manual
P04,Deluxe,2023-11-06,1000000,984000,manual
P04,Deluxe,2023-11-07,1000000,978000,manual
P04,Deluxe,2023-11-08,1000000,997000,manual
P04,Deluxe,2023-11-09,1000000,1086000,manual
P04,Deluxe,2023-11-10,1000000,951000,manual
P04,Deluxe,2023-11-11,1000000,1014000,manual
P04,Deluxe,2023-11-12,1000000,997000,manual
P04,Deluxe,2023-11-13,1000000,949000,manual
P04,Deluxe,2023-11-14,1000000,949000,manual
P04,Deluxe,2023-11-15,1000000,979000,manual
P04,Deluxe,2023-11-16,1000000,1035000,manual
P04,Deluxe,2023-11-17,1000000,947000,manual
P04,Deluxe,2023-11-18,1000000,996000,manual
P04,Deluxe,2023-11-19,1000000,967000,manual
P04,Deluxe,2023-11-20,1000000,996000,manual
P04,Deluxe,2023-11-21,1000000,1039000,manual
P04,Deluxe,2023-11-22,1000000,1033000,manual
P04,Deluxe,2023-11-23,1000000,977000,manual
P04,Deluxe,2023-11-24,1000000,1025000,manual
P04,Deluxe,2023-11-25,1000000,985000,manual
P04,Deluxe,2023-11-26,1000000,1043000,manual
P04,Deluxe,2023-11-27,1000000,952000,manual
P04,Deluxe,2023-11-28,1000000,1008000,manual
P04,Deluxe,2023-11-29,1000000,985000,manual
P04,Deluxe,2023-11-30,1000000,1033000,manual
P04,Deluxe,2023-12-01,1000000,1092000,manual
P04,Deluxe,2023-12-02,1000000,1168000,manual
P04,Deluxe,2023-12-03,1000000,1099000,manual
P04,Deluxe,2023-12-04,1000000,1096000,manual
P04,Deluxe,2023-12-05,1000000,1132000,manual
P04,Deluxe,2023-12-06,1000000,1057000,manual
P04,Deluxe,2023-12-07,1000000,1166000,manual
P04,Deluxe,2023-12-08,1000000,1107000,manual
P04,Deluxe,2023-12-09,1000000,1143000,manual
P04,Deluxe,2023-12-10,1000000,1124000,manual
P04,Deluxe,2023-12-11,1000000,1137000,manual
P04,Deluxe,2023-12-12,1000000,1185000,manual
P04,Deluxe,2023-12-13,1000000,1063000,manual
P04,Deluxe,2023-12-14,1000000,1113000,manual
P04,Deluxe,2023-12-15,1000000,1140000,manual
P04,Deluxe,2023-12-16,1000000,1126000,manual
P04,Deluxe,2023-12-17,1000000,1135000,manual
P04,Deluxe,2023-12-18,1000000,1155000,manual
P04,Deluxe,2023-12-19,1000000,1102000,manual
P04,Deluxe,2023-12-20,1000000,1141000,manual
P04,Deluxe,2023-12-21,1000000,1154000,manual
P04,Deluxe,2023-12-22,1000000,1126000,manual
P04,Deluxe,2023-12-23,1000000,1048000,manual
P04,Deluxe,2023-12-24,1000000,1164000,manual
P04,Deluxe,2023-12-25,1000000,1130000,manual
P04,Deluxe,2023-12-26,1000000,1153000,manual
P04,Deluxe,2023-12-27,1000000,1131000,manual
P04,Deluxe,2023-12-28,1000000,1179000,manual
P04,Deluxe,2023-12-29,1000000,1074000,manual
P04,Deluxe,2023-12-30,1000000,1169000,manual
P04,Deluxe,2023-12-31,1000000,1131000,manual
P04,Deluxe,2024-01-01,1000000,1104000,manual
P04,Deluxe,2024-01-02,1000000,1060000,manual
P04,Deluxe,2024-01-03,1000000,1073000,manual
P04,Deluxe,2024-01-04,1000000,1088000,manual
P04,Deluxe,2024-01-05,1000000,1156000,manual
P04,Deluxe,2024-01-06,1000000,1092000,manual
P04,Deluxe,2024-01-07,1000000,1084000,manual
P04,Deluxe,2024-01-08,1000000,1110000,manual
P04,Deluxe,2024-01-09,1000000,1108000,manual
P04,Deluxe,2024-01-10,1000000,1043000,manual
P04,Deluxe,2024-01-11,1000000,1127000,manual
P04,Deluxe,2024-01-12,1000000,1099000,manual
P04,Deluxe,2024-01-13,1000000,1110000,manual
P04,Deluxe,2024-01-14,1000000,1104000,manual
P04,Deluxe,2024-01-15,1000000,1079000,manual
P04,Deluxe,2024-01-16,1000000,1129000,manual
P04,Deluxe,2024-01-17,1000000,1104000,manual
P04,Deluxe,2024-01-18,1000000,1057000,manual
P04,Deluxe,2024-01-19,1000000,1109000,manual
P04,Deluxe,2024-01-20,1000000,1096000,manual
P04,Deluxe,2024-01-21,1000000,1155000,manual
P04,Deluxe,2024-01-22,1000000,1159000,manual
P04,Deluxe,2024-01-23,1000000,1113000,manual
P04,Deluxe,2024-01-24,1000000,1045000,manual
P04,Deluxe,2024-01-25,1000000,1105000,manual
P04,Deluxe,2024-01-26,1000000,1129000,manual
P04,Deluxe,2024-01-27,1000000,1145000,manual
P04,Deluxe,2024-01-28,1000000,1090000,manual
P04,Deluxe,2024-01-29,1000000,1105000,manual
P04,Deluxe,2024-01-30,1000000,1066000,manual
P04,Deluxe,2024-01-31,1000000,1076000,manual
P04,Deluxe,2024-02-01,1000000,961000,promo
P04,Deluxe,2024-02-02,1000000,934000,promo
P04,Deluxe,2024-02-03,1000000,946000,promo
P04,Deluxe,2024-02-04,1000000,938000,promo
P04,Deluxe,2024-02-05,1000000,962000,promo
P04,Deluxe,2024-02-06,1000000,933000,promo
P04,Deluxe,2024-02-07,1000000,875000,promo
P04,Deluxe,2024-02-08,1000000,975000,promo
P04,Deluxe,2024-02-09,1000000,947000,promo
P04,Deluxe,2024-02-10,1000000,963000,promo
P04,Deluxe,2024-02-11,1000000,950000,promo
P04,Deluxe,2024-02-12,1000000,919000,promo
P04,Deluxe,2024-02-13,1000000,970000,promo
P04,Deluxe,2024-02-14,1000000,916000,promo
P04,Deluxe,2024-02-15,1000000,959000,promo
P04,Deluxe,2024-02-16,1000000,921000,promo
P04,Deluxe,2024-02-17,1000000,924000,promo
P04,Deluxe,2024-02-18,1000000,913000,promo
P04,Deluxe,2024-02-19,1000000,950000,promo
P04,Deluxe,2024-02-20,1000000,966000,promo
P04,Deluxe,2024-02-21,1000000,951000,promo
P04,Deluxe,2024-02-22,1000000,941000,promo
P04,Deluxe,2024-02-23,1000000,956000,promo
P04,Deluxe,2024-02-24,1000000,964000,promo
P04,Deluxe,2024-02-25,1000000,919000,promo
P04,Deluxe,2024-02-26,1000000,940000,promo
P04,Deluxe,2024-02-27,1000000,968000,promo
P04,Deluxe,2024-02-28,1000000,966000,promo
P04,Deluxe,2024-02-29,1000000,914000,promo
P04,Deluxe,2024-03-01,1000000,988000,promo
P04,Deluxe,2024-03-02,1000000,928000,promo
P04,Deluxe,2024-03-03,1000000,980000,promo
P04,Deluxe,2024-03-04,1000000,916000,promo
P04,Deluxe,2024-03-05,1000000,933000,promo
P04,Deluxe,2024-03-06,1000000,997000,promo
P04,Deluxe,2024-03-07,1000000,933000,promo
P04,Deluxe,2024-03-08,1000000,948000,promo
P04,Deluxe,2024-03-09,1000000,978000,promo
P04,Deluxe,2024-03-10,1000000,939000,promo
P04,Deluxe,2024-03-11,1000000,933000,promo
P04,Deluxe,2024-03-12,1000000,979000,promo
P04,Deluxe,2024-03-13,1000000,988000,promo
P04,Deluxe,2024-03-14,1000000,912000,promo
P04,Deluxe,2024-03-15,1000000,913000,promo
P04,Deluxe,2024-03-16,1000000,939000,promo
P04,Deluxe,2024-03-17,1000000,980000,promo
P04,Deluxe,2024-03-18,1000000,950000,promo
P04,Deluxe,2024-03-19,1000000,906000,promo
P04,Deluxe,2024-03-20,1000000,975000,promo
P04,Deluxe,2024-03-21,1000000,997000,promo
P04,Deluxe,2024-03-22,1000000,952000,promo
P04,Deluxe,2024-03-23,1000000,905000,promo
P04,Deluxe,2024-03-24,1000000,924000,promo
P04,Deluxe,2024-03-25,1000000,952000,promo
P04,Deluxe,2024-03-26,1000000,900000,promo
P04,Deluxe,2024-03-27,1000000,976000,promo
P04,Deluxe,2024-03-28,1000000,1002000,promo
P04,Deluxe,2024-03-29,1000000,1002000,promo
P04,Deluxe,2024-03-30,1000000,893000,promo
P04,Deluxe,2024-03-31,1000000,974000,promo
P04,Deluxe,2024-04-01,1000000,962000,manual
P04,Deluxe,2024-04-02,1000000,981000,manual
P04,Deluxe,2024-04-03,1000000,998000,manual
P04,Deluxe,2024-04-04,1000000,1031000,manual
P04,Deluxe,2024-04-05,1000000,1032000,manual
P04,Deluxe,2024-04-06,1000000,986000,manual
P04,Deluxe,2024-04-07,1000000,994000,manual
P04,Deluxe,2024-04-08,1000000,1064000,manual
P04,Deluxe,2024-04-09,1000000,980000,manual
P04,Deluxe,2024-04-10,1000000,1011000,manual
P04,Deluxe,2024-04-11,1000000,967000,manual
P04,Deluxe,2024-04-12,1000000,982000,manual
P04,Deluxe,2024-04-13,1000000,981000,manual
P04,Deluxe,2024-04-14,1000000,1003000,manual
P04,Deluxe,2024-04-15,1000000,998000,manual
P04,Deluxe,2024-04-16,1000000,970000,manual
P04,Deluxe,2024-04-17,1000000,981000,manual
P04,Deluxe,2024-04-18,1000000,990000,manual
P04,Deluxe,2024-04-19,1000000,993000,manual
P04,Deluxe,2024-04-20,1000000,1015000,manual
P04,Deluxe,2024-04-21,1000000,1032000,manual
P04,Deluxe,2024-04-22,1000000,996000,manual
P04,Deluxe,2024-04-23,1000000,1024000,manual
P04,Deluxe,2024-04-24,1000000,1052000,manual
P04,Deluxe,2024-04-25,1000000,1070000,manual
P04,Deluxe,2024-04-26,1000000,997000,manual
P04,Deluxe,2024-04-27,1000000,1011000,manual
P04,Deluxe,2024-04-28,1000000,1008000,manual
P04,Deluxe,2024-04-29,1000000,1002000,manual
P04,Deluxe,2024-04-30,1000000,1001000,manual
P04,Deluxe,2024-05-01,1000000,1040000,manual
P04,Deluxe,2024-05-02,1000000,1032000,manual
P04,Deluxe,2024-05-03,1000000,1010000,manual
P04,Deluxe,2024-05-04,1000000,994000,manual
P04,Deluxe,2024-05-05,1000000,1017000,manual
P04,Deluxe,2024-05-06,1000000,1043000,manual
P04,Deluxe,2024-05-07,1000000,1007000,manual
P04,Deluxe,2024-05-08,1000000,1003000,manual
P04,Deluxe,2024-05-09,1000000,961000,manual
P04,Deluxe,2024-05-10,1000000,1039000,manual
P04,Deluxe,2024-05-11,1000000,996000,manual
P04,Deluxe,2024-05-12,1000000,1034000,manual
P04,Deluxe,2024-05-13,1000000,990000,manual
P04,Deluxe,2024-05-14,1000000,1032000,manual
P04,Deluxe,2024-05-15,1000000,1028000,manual
P04,Deluxe,2024-05-16,1000000,976000,manual
P04,Deluxe,2024-05-17,1000000,1006000,manual
P04,Deluxe,2024-05-18,1000000,998000,manual
P04,Deluxe,2024-05-19,1000000,997000,manual
P04,Deluxe,2024-05-20,1000000,1023000,manual
P04,Deluxe,2024-05-21,1000000,1040000,manual
P04,Deluxe,2024-05-22,1000000,988000,manual
P04,Deluxe,2024-05-23,1000000,1024000,manual
P04,Deluxe,2024-05-24,1000000,993000,manual
P04,Deluxe,2024-05-25,1000000,1021000,manual
P04,Deluxe,2024-05-26,1000000,1017000,manual
P04,Deluxe,2024-05-27,1000000,1037000,manual
P04,Deluxe,2024-05-28,1000000,1015000,manual
P04,Deluxe,2024-05-29,1000000,1003000,manual
P04,Deluxe,2024-05-30,1000000,982000,manual
P04,Deluxe,2024-05-31,1000000,1041000,manual
P04,Deluxe,2024-06-01,1000000,1073000,manual
P04,Deluxe,2024-06-02,1000000,1088000,manual
P04,Deluxe,2024-06-03,1000000,1045000,manual
P04,Deluxe,2024-06-04,1000000,995000,manual
P04,Deluxe,2024-06-05,1000000,1011000,manual
P04,Deluxe,2024-06-06,1000000,1015000,manual
P04,Deluxe,2024-06-07,1000000,1016000,manual
P04,Deluxe,2024-06-08,1000000,1064000,manual
P04,Deluxe,2024-06-09,1000000,1079000,manual
P04,Deluxe,2024-06-10,1000000,1110000,manual
P04,Deluxe,2024-06-11,1000000,1161000,manual
P04,Deluxe,2024-06-12,1000000,1089000,manual
P04,Deluxe,2024-06-13,1000000,1040000,manual
P04,Deluxe,2024-06-14,1000000,1079000,manual
P04,Deluxe,2024-06-15,1000000,1086000,manual
P04,Deluxe,2024-06-16,1000000,1008000,manual
P04,Deluxe,2024-06-17,1000000,1104000,manual
P04,Deluxe,2024-06-18,1000000,1090000,manual
P04,Deluxe,2024-06-19,1000000,1024000,manual
P04,Deluxe,2024-06-20,1000000,1035000,manual
P04,Deluxe,2024-06-21,1000000,1098000,manual
P04,Deluxe,2024-06-22,1000000,1117000,manual
P04,Deluxe,2024-06-23,1000000,1105000,manual
P04,Deluxe,2024-06-24,1000000,1048000,manual
P04,Deluxe,2024-06-25,1000000,1074000,manual
P04,Deluxe,2024-06-26,1000000,1064000,manual
P04,Deluxe,2024-06-27,1000000,1052000,manual
P04,Deluxe,2024-06-28,1000000,1062000,manual
P04,Deluxe,2024-06-29,1000000,1055000,manual
P04,Deluxe,2024-06-30,1000000,1078000,manual
P04,Deluxe,2024-07-01,1000000,1127000,manual
P04,Deluxe,2024-07-02,1000000,1147000,manual
P04,Deluxe,2024-07-03,1000000,1120000,manual
P04,Deluxe,2024-07-04,1000000,1084000,manual
P04,Deluxe,2024-07-05,1000000,1096000,manual
P04,Deluxe,2024-07-06,1000000,1117000,manual
P04,Deluxe,2024-07-07,1000000,1103000,manual
P04,Deluxe,2024-07-08,1000000,1184000,manual
P04,Deluxe,2024-07-09,1000000,1158000,manual
P04,Deluxe,2024-07-10,1000000,1102000,manual
P04,Deluxe,2024-07-11,1000000,1198000,manual
P04,Deluxe,2024-07-12,1000000,1107000,manual
P04,Deluxe,2024-07-13,1000000,1160000,manual
P04,Deluxe,2024-07-14,1000000,1075000,manual
P04,Deluxe,2024-07-15,1000000,1148000,manual
P04,Deluxe,2024-07-16,1000000,1119000,manual
P04,Deluxe,2024-07-17,1000000,1111000,manual
P04,Deluxe,2024-07-18,1000000,1097000,manual
P04,Deluxe,2024-07-19,1000000,1020000,manual
P04,Deluxe,2024-07-20,1000000,1117000,manual
P04,Deluxe,2024-07-21,1000000,1127000,manual
P04,Deluxe,2024-07-22,1000000,1113000,manual
P04,Deluxe,2024-07-23,1000000,1106000,manual
P04,Deluxe,2024-07-24,1000000,1156000,manual
P04,Deluxe,2024-07-25,1000000,1111000,manual
P04,Deluxe,2024-07-26,1000000,1104000,manual
P04,Deluxe,2024-07-27,1000000,1085000,manual
P04,Deluxe,2024-07-28,1000000,1127000,manual
P04,Deluxe,2024-07-29,1000000,1103000,manual
P04,Deluxe,2024-07-30,1000000,1077000,manual
P04,Deluxe,2024-07-31,1000000,1164000,manual
P04,Deluxe,2024-08-01,1000000,1033000,manual
P04,Deluxe,2024-08-02,1000000,1003000,manual
P04,Deluxe,2024-08-03,1000000,1042000,manual
P04,Deluxe,2024-08-04,1000000,994000,manual
P04,Deluxe,2024-08-05,1000000,971000,manual
P04,Deluxe,2024-08-06,1000000,1038000,manual
P04,Deluxe,2024-08-07,1000000,1039000,manual
P04,Deluxe,2024-08-08,1000000,1048000,manual
P04,Deluxe,2024-08-09,1000000,1011000,manual
P04,Deluxe,2024-08-10,1000000,1096000,manual
P04,Deluxe,2024-08-11,1000000,1081000,manual
P04,Deluxe,2024-08-12,1000000,1078000,manual
P04,Deluxe,2024-08-13,1000000,1056000,manual
P04,Deluxe,2024-08-14,1000000,1010000,manual
P04,Deluxe,2024-08-15,1000000,1014000,manual
P04,Deluxe,2024-08-16,1000000,1089000,manual
P04,Deluxe,2024-08-17,1000000,1061000,manual
P04,Deluxe,2024-08-18,1000000,993000,manual
P04,Deluxe,2024-08-19,1000000,988000,manual
P04,Deluxe,2024-08-20,1000000,1019000,manual
P04,Deluxe,2024-08-21,1000000,1033000,manual
P04,Deluxe,2024-08-22,1000000,941000,manual
P04,Deluxe,2024-08-23,1000000,1041000,manual
P04,Deluxe,2024-08-24,1000000,1033000,manual
P04,Deluxe,2024-08-25,1000000,1050000,manual
P04,Deluxe,2024-08-26,1000000,964000,manual
P04,Deluxe,2024-08-27,1000000,1015000,manual
P04,Deluxe,2024-08-28,1000000,1027000,manual
P04,Deluxe,2024-08-29,1000000,1022000,manual
P04,Deluxe,2024-08-30,1000000,1007000,manual
P04,Deluxe,2024-08-31,1000000,1002000,manual
P04,Deluxe,2024-09-01,1000000,902000,promo
P04,Deluxe,2024-09-02,1000000,960000,promo
P04,Deluxe,2024-09-03,1000000,931000,promo
P04,Deluxe,2024-09-04,1000000,898000,promo
P04,Deluxe,2024-09-05,1000000,922000,promo
P04,Deluxe,2024-09-06,1000000,929000,promo
P04,Deluxe,2024-09-07,1000000,950000,promo
P04,Deluxe,2024-09-08,1000000,895000,promo
P04,Deluxe,2024-09-09,1000000,884000,promo
P04,Deluxe,2024-09-10,1000000,927000,promo
P04,Deluxe,2024-09-11,1000000,885000,promo
P04,Deluxe,2024-09-12,1000000,884000,promo
P04,Deluxe,2024-09-13,1000000,940000,promo
P04,Deluxe,2024-09-14,1000000,923000,promo
P04,Deluxe,2024-09-15,1000000,946000,promo
P04,Deluxe,2024-09-16,1000000,941000,promo
P04,Deluxe,2024-09-17,1000000,947000,promo
P04,Deluxe,2024-09-18,1000000,978000,promo
P04,Deluxe,2024-09-19,1000000,948000,promo
P04,Deluxe,2024-09-20,1000000,925000,promo
P04,Deluxe,2024-09-21,1000000,900000,promo
P04,Deluxe,2024-09-22,1000000,934000,promo
P04,Deluxe,2024-09-23,1000000,938000,promo
P04,Deluxe,2024-09-24,1000000,882000,promo
P04,Deluxe,2024-09-25,1000000,937000,promo
P04,Deluxe,2024-09-26,1000000,916000,promo
P04,Deluxe,2024-09-27,1000000,945000,promo
P04,Deluxe,2024-09-28,1000000,971000,promo
P04,Deluxe,2024-09-29,1000000,915000,promo
P04,Deluxe,2024-09-30,1000000,994000,promo
P04,Deluxe,2024-10-01,1000000,921000,promo
P04,Deluxe,2024-10-02,1000000,893000,promo
P04,Deluxe,2024-10-03,1000000,982000,promo
P04,Deluxe,2024-10-04,1000000,962000,promo
P04,Deluxe,2024-10-05,1000000,954000,promo
P04,Deluxe,2024-10-06,1000000,933000,promo
P04,Deluxe,2024-10-07,1000000,934000,promo
P04,Deluxe,2024-10-08,1000000,937000,promo
P04,Deluxe,2024-10-09,1000000,946000,promo
P04,Deluxe,2024-10-10,1000000,992000,promo
P04,Deluxe,2024-10-11,1000000,960000,promo
P04,Deluxe,2024-10-12,1000000,908000,promo
P04,Deluxe,2024-10-13,1000000,953000,promo
P04,Deluxe,2024-10-14,1000000,957000,promo
P04,Deluxe,2024-10-15,1000000,1000000,promo
P04,Deluxe,2024-10-16,1000000,903000,promo
P04,Deluxe,2024-10-17,1000000,910000,promo
P04,Deluxe,2024-10-18,1000000,953000,promo
P04,Deluxe,2024-10-19,1000000,979000,promo
P04,Deluxe,2024-10-20,1000000,971000,promo
P04,Deluxe,2024-10-21,1000000,960000,promo
P04,Deluxe,2024-10-22,1000000,937000,promo
P04,Deluxe,2024-10-23,1000000,960000,promo
P04,Deluxe,2024-10-24,1000000,929000,promo
P04,Deluxe,2024-10-25,1000000,945000,promo
P04,Deluxe,2024-10-26,1000000,942000,promo
P04,Deluxe,2024-10-27,1000000,929000,promo
P04,Deluxe,2024-10-28,1000000,971000,promo
P04,Deluxe,2024-10-29,1000000,992000,promo
P04,Deluxe,2024-10-30,1000000,976000,promo
P04,Deluxe,2024-10-31,1000000,989000,promo
P04,Deluxe,2024-11-01,1000000,1017000,manual
P04,Deluxe,2024-11-02,1000000,985000,manual
P04,Deluxe,2024-11-03,1000000,1018000,manual
P04,Deluxe,2024-11-04,1000000,1028000,manual
P04,Deluxe,2024-11-05,1000000,993000,manual
P04,Deluxe,2024-11-06,1000000,946000,manual
P04,Deluxe,2024-11-07,1000000,1006000,manual
P04,Deluxe,2024-11-08,1000000,1014000,manual
P04,Deluxe,2024-11-09,1000000,953000,manual
P04,Deluxe,2024-11-10,1000000,967000,manual
P04,Deluxe,2024-11-11,1000000,979000,manual
P04,Deluxe,2024-11-12,1000000,959000,manual
P04,Deluxe,2024-11-13,1000000,976000,manual
P04,Deluxe,2024-11-14,1000000,982000,manual
P04,Deluxe,2024-11-15,1000000,1015000,manual
P04,Deluxe,2024-11-16,1000000,984000,manual
P04,Deluxe,2024-11-17,1000000,924000,manual
P04,Deluxe,2024-11-18,1000000,1018000,manual
P04,Deluxe,2024-11-19,1000000,1012000,manual
P04,Deluxe,2024-11-20,1000000,1036000,manual
P04,Deluxe,2024-11-21,1000000,1040000,manual
P04,Deluxe,2024-11-22,1000000,1004000,manual
P04,Deluxe,2024-11-23,1000000,1049000,manual
P04,Deluxe,2024-11-24,1000000,1014000,manual
P04,Deluxe,2024-11-25,1000000,975000,manual
P04,Deluxe,2024-11-26,1000000,926000,manual
P04,Deluxe,2024-11-27,1000000,952000,manual
P04,Deluxe,2024-11-28,1000000,946000,manual
P04,Deluxe,2024-11-29,1000000,1032000,manual
P04,Deluxe,2024-11-30,1000000,1014000,manual
P04,Deluxe,2024-12-01,1000000,1097000,manual
P04,Deluxe,2024-12-02,1000000,1133000,manual
P04,Deluxe,2024-12-03,1000000,1064000,manual
P04,Deluxe,2024-12-04,1000000,1115000,manual
P04,Deluxe,2024-12-05,1000000,1101000,manual
P04,Deluxe,2024-12-06,1000000,1112000,manual
P04,Deluxe,2024-12-07,1000000,1136000,manual
P04,Deluxe,2024-12-08,1000000,1196000,manual
P04,Deluxe,2024-12-09,1000000,1160000,manual
P04,Deluxe,2024-12-10,1000000,1082000,manual
P04,Deluxe,2024-12-11,1000000,1130000,manual
P04,Deluxe,2024-12-12,1000000,1163000,manual
P04,Deluxe,2024-12-13,1000000,1094000,manual
P04,Deluxe,2024-12-14,1000000,1141000,manual
P04,Deluxe,2024-12-15,1000000,1126000,manual
P04,Deluxe,2024-12-16,1000000,1140000,manual
P04,Deluxe,2024-12-17,1000000,1113000,manual
P04,Deluxe,2024-12-18,1000000,1128000,manual
P04,Deluxe,2024-12-19,1000000,1104000,manual
P04,Deluxe,2024-12-20,1000000,1107000,manual
P04,Deluxe,2024-12-21,1000000,1078000,manual
P04,Deluxe,2024-12-22,1000000,1116000,manual
P04,Deluxe,2024-12-23,1000000,1109000,manual
P04,Deluxe,2024-12-24,1000000,1153000,manual
P04,Deluxe,2024-12-25,1000000,1166000,manual
P04,Deluxe,2024-12-26,1000000,1178000,manual
P04,Deluxe,2024-12-27,1000000,1169000,manual
P04,Deluxe,2024-12-28,1000000,1169000,manual
P04,Deluxe,2024-12-29,1000000,1095000,manual
P04,Deluxe,2024-12-30,1000000,1095000,manual
P04,Deluxe,2024-12-31,1000000,1086000,manual
P04,Deluxe,2025-01-01,1000000,1184000,manual
P04,Deluxe,2025-01-02,1000000,1135000,manual
P04,Deluxe,2025-01-03,1000000,1084000,manual
P04,Deluxe,2025-01-04,1000000,1083000,manual
P04,Deluxe,2025-01-05,1000000,1051000,manual
P04,Deluxe,2025-01-06,1000000,1093000,manual
P04,Deluxe,2025-01-07,1000000,1069000,manual
P04,Deluxe,2025-01-08,1000000,1138000,manual
P04,Deluxe,2025-01-09,1000000,1111000,manual
P04,Deluxe,2025-01-10,1000000,1101000,manual
P04,Deluxe,2025-01-11,1000000,1089000,manual
P04,Deluxe,2025-01-12,1000000,1109000,manual
P04,Deluxe,2025-01-13,1000000,1054000,manual
P04,Deluxe,2025-01-14,1000000,1089000,manual
P04,Deluxe,2025-01-15,1000000,1072000,manual
P04,Deluxe,2025-01-16,1000000,1109000,manual
P04,Deluxe,2025-01-17,1000000,1096000,manual
P04,Deluxe,2025-01-18,1000000,1061000,manual
P04,Deluxe,2025-01-19,1000000,1047000,manual
P04,Deluxe,2025-01-20,1000000,1112000,manual
P04,Deluxe,2025-01-21,1000000,1094000,manual
P04,Deluxe,2025-01-22,1000000,1139000,manual
P04,Deluxe,2025-01-23,1000000,1122000,manual
P04,Deluxe,2025-01-24,1000000,1077000,manual
P04,Deluxe,2025-01-25,1000000,1163000,manual
P04,Deluxe,2025-01-26,1000000,1074000,manual
P04,Deluxe,2025-01-27,1000000,1105000,manual
P04,Deluxe,2025-01-28,1000000,1078000,manual
P04,Deluxe,2025-01-29,1000000,1119000,manual
P04,Deluxe,2025-01-30,1000000,1103000,manual
P04,Deluxe,2025-01-31,1000000,1149000,manual
P04,Deluxe,2025-02-01,1000000,1003000,promo
P04,Deluxe,2025-02-02,1000000,914000,promo
P04,Deluxe,2025-02-03,1000000,985000,promo
P04,Deluxe,2025-02-04,1000000,940000,promo
P04,Deluxe,2025-02-05,1000000,943000,promo
P04,Deluxe,2025-02-06,1000000,902000,promo
P04,Deluxe,2025-02-07,1000000,962000,promo
P04,Deluxe,2025-02-08,1000000,933000,promo
P04,Deluxe,2025-02-09,1000000,961000,promo
P04,Deluxe,2025-02-10,1000000,950000,promo
P04,Deluxe,2025-02-11,1000000,944000,promo
P04,Deluxe,2025-02-12,1000000,955000,promo
P04,Deluxe,2025-02-13,1000000,994000,promo
P04,Deluxe,2025-02-14,1000000,932000,promo
P04,Deluxe,2025-02-15,1000000,973000,promo
P04,Deluxe,2025-02-16,1000000,891000,promo
P04,Deluxe,2025-02-17,1000000,901000,promo
P04,Deluxe,2025-02-18,1000000,925000,promo
P04,Deluxe,2025-02-19,1000000,918000,promo
P04,Deluxe,2025-02-20,1000000,952000,promo
P04,Deluxe,2025-02-21,1000000,971000,promo
P04,Deluxe,2025-02-22,1000000,928000,promo
P04,Deluxe,2025-02-23,1000000,924000,promo
P04,Deluxe,2025-02-24,1000000,924000,promo
P04,Deluxe,2025-02-25,1000000,936000,promo
P04,Deluxe,2025-02-26,1000000,916000,promo
P04,Deluxe,2025-02-27,1000000,934000,promo
P04,Deluxe,2025-02-28,1000000,960000,promo
P04,Deluxe,2025-03-01,1000000,950000,promo
P04,Deluxe,2025-03-02,1000000,968000,promo
P04,Deluxe,2025-03-03,1000000,1015000,promo
P04,Deluxe,2025-03-04,1000000,957000,promo
P04,Deluxe,2025-03-05,1000000,937000,promo
P04,Deluxe,2025-03-06,1000000,967000,promo
P04,Deluxe,2025-03-07,1000000,931000,promo
P04,Deluxe,2025-03-08,1000000,957000,promo
P04,Deluxe,2025-03-09,1000000,1014000,promo
P04,Deluxe,2025-03-10,1000000,907000,promo
P04,Deluxe,2025-03-11,1000000,931000,promo
P04,Deluxe,2025-03-12,1000000,958000,promo
P04,Deluxe,2025-03-13,1000000,949000,promo
P04,Deluxe,2025-03-14,1000000,883000,promo
P04,Deluxe,2025-03-15,1000000,937000,promo
P04,Deluxe,2025-03-16,1000000,910000,promo
P04,Deluxe,2025-03-17,1000000,980000,promo
P04,Deluxe,2025-03-18,1000000,952000,promo
P04,Deluxe,2025-03-19,1000000,987000,promo
P04,Deluxe,2025-03-20,1000000,935000,promo
P04,Deluxe,2025-03-21,1000000,933000,promo
P04,Deluxe,2025-03-22,1000000,943000,promo
P04,Deluxe,2025-03-23,1000000,957000,promo
P04,Deluxe,2025-03-24,1000000,952000,promo
P04,Deluxe,2025-03-25,1000000,953000,promo
P04,Deluxe,2025-03-26,1000000,1047000,promo
P04,Deluxe,2025-03-27,1000000,935000,promo
P04,Deluxe,2025-03-28,1000000,979000,promo
P04,Deluxe,2025-03-29,1000000,953000,promo
P04,Deluxe,2025-03-30,1000000,960000,promo
P04,Deluxe,2025-03-31,1000000,930000,promo
P04,Deluxe,2025-04-01,1000000,1016000,manual
P04,Deluxe,2025-04-02,1000000,1028000,manual
P04,Deluxe,2025-04-03,1000000,1004000,manual
P04,Deluxe,2025-04-04,1000000,1025000,manual
P04,Deluxe,2025-04-05,1000000,1012000,manual
P04,Deluxe,2025-04-06,1000000,1033000,manual
P04,Deluxe,2025-04-07,1000000,948000,manual
P04,Deluxe,2025-04-08,1000000,992000,manual
P04,Deluxe,2025-04-09,1000000,903000,manual
P04,Deluxe,2025-04-10,1000000,1016000,manual
P04,Deluxe,2025-04-11,1000000,1030000,manual
P04,Deluxe,2025-04-12,1000000,977000,manual
P04,Deluxe,2025-04-13,1000000,995000,manual
P04,Deluxe,2025-04-14,1000000,974000,manual
P04,Deluxe,2025-04-15,1000000,978000,manual
P04,Deluxe,2025-04-16,1000000,1027000,manual
P04,Deluxe,2025-04-17,1000000,957000,manual
P04,Deluxe,2025-04-18,1000000,1025000,manual
P04,Deluxe,2025-04-19,1000000,992000,manual
P04,Deluxe,2025-04-20,1000000,1009000,manual
P04,Deluxe,2025-04-21,1000000,1000000,manual
P04,Deluxe,2025-04-22,1000000,1008000,manual
P04,Deluxe,2025-04-23,1000000,978000,manual
P04,Deluxe,2025-04-24,1000000,922000,manual
P04,Deluxe,2025-04-25,1000000,969000,manual
P04,Deluxe,2025-04-26,1000000,978000,manual
P04,Deluxe,2025-04-27,1000000,974000,manual
P04,Deluxe,2025-04-28,1000000,1043000,manual
P04,Deluxe,2025-04-29,1000000,1029000,manual
P04,Deluxe,2025-04-30,1000000,978000,manual
P04,Deluxe,2025-05-01,1000000,1045000,manual
P04,Deluxe,2025-05-02,1000000,989000,manual
P04,Deluxe,2025-05-03,1000000,997000,manual
P04,Deluxe,2025-05-04,1000000,1038000,manual
P04,Deluxe,2025-05-05,1000000,976000,manual
P04,Deluxe,2025-05-06,1000000,1048000,manual
P04,Deluxe,2025-05-07,1000000,978000,manual
P04,Deluxe,2025-05-08,1000000,1040000,manual
P04,Deluxe,2025-05-09,1000000,991000,manual
P04,Deluxe,2025-05-10,1000000,1022000,manual
P04,Deluxe,2025-05-11,1000000,1035000,manual
P04,Deluxe,2025-05-12,1000000,995000,manual
P04,Deluxe,2025-05-13,1000000,1004000,manual
P04,Deluxe,2025-05-14,1000000,977000,manual
P04,Deluxe,2025-05-15,1000000,1009000,manual
P04,Deluxe,2025-05-16,1000000,1007000,manual
P04,Deluxe,2025-05-17,1000000,1020000,manual
P04,Deluxe,2025-05-18,1000000,1033000,manual
P04,Deluxe,2025-05-19,1000000,982000,manual
P04,Deluxe,2025-05-20,1000000,1015000,manual
P04,Deluxe,2025-05-21,1000000,1021000,manual
P04,Deluxe,2025-05-22,1000000,982000,manual
P04,Deluxe,2025-05-23,1000000,996000,manual
P04,Deluxe,2025-05-24,1000000,1004000,manual
P04,Deluxe,2025-05-25,1000000,1008000,manual
P04,Deluxe,2025-05-26,1000000,1018000,manual
P04,Deluxe,2025-05-27,1000000,966000,manual
P04,Deluxe,2025-05-28,1000000,1013000,manual
P04,Deluxe,2025-05-29,1000000,1016000,manual
P04,Deluxe,2025-05-30,1000000,1027000,manual
P04,Deluxe,2025-05-31,1000000,1005000,manual
P04,Deluxe,2025-06-01,1000000,1111000,manual
P04,Deluxe,2025-06-02,1000000,1070000,manual
P04,Deluxe,2025-06-03,1000000,1126000,manual
P04,Deluxe,2025-06-04,1000000,1108000,manual
P04,Deluxe,2025-06-05,1000000,1094000,manual
P04,Deluxe,2025-06-06,1000000,1043000,manual
P04,Deluxe,2025-06-07,1000000,1026000,manual
P04,Deluxe,2025-06-08,1000000,1061000,manual
P04,Deluxe,2025-06-09,1000000,1107000,manual
P04,Deluxe,2025-06-10,1000000,1079000,manual
P04,Deluxe,2025-06-11,1000000,1085000,manual
P04,Deluxe,2025-06-12,1000000,1076000,manual
P04,Deluxe,2025-06-13,1000000,1046000,manual
P04,Deluxe,2025-06-14,1000000,1063000,manual
P04,Deluxe,2025-06-15,1000000,1050000,manual
P04,Deluxe,2025-06-16,1000000,1058000,manual
P04,Deluxe,2025-06-17,1000000,1107000,manual
P04,Deluxe,2025-06-18,1000000,1123000,manual
P04,Deluxe,2025-06-19,1000000,1116000,manual
P04,Deluxe,2025-06-20,1000000,1069000,manual
P04,Deluxe,2025-06-21,1000000,1047000,manual
P04,Deluxe,2025-06-22,1000000,1080000,manual
P04,Deluxe,2025-06-23,1000000,1087000,manual
P04,Deluxe,2025-06-24,1000000,1076000,manual
P04,Deluxe,2025-06-25,1000000,1128000,manual
P04,Deluxe,2025-06-26,1000000,1041000,manual
P04,Deluxe,2025-06-27,1000000,1055000,manual
P04,Deluxe,2025-06-28,1000000,1112000,manual
P04,Deluxe,2025-06-29,1000000,1071000,manual
P04,Deluxe,2025-06-30,1000000,1044000,manual
P04,Deluxe,2025-07-01,1000000,1103000,manual
P04,Deluxe,2025-07-02,1000000,1195000,manual
P04,Deluxe,2025-07-03,1000000,1084000,manual
P04,Deluxe,2025-07-04,1000000,1087000,manual
P04,Deluxe,2025-07-05,1000000,1123000,manual
P04,Deluxe,2025-07-06,1000000,1092000,manual
P04,Deluxe,2025-07-07,1000000,1154000,manual
P04,Deluxe,2025-07-08,1000000,1104000,manual
P04,Deluxe,2025-07-09,1000000,1071000,manual
P04,Deluxe,2025-07-10,1000000,1158000,manual
P04,Deluxe,2025-07-11,1000000,1133000,manual
P04,Deluxe,2025-07-12,1000000,1111000,manual
P04,Deluxe,2025-07-13,1000000,1117000,manual
P04,Deluxe,2025-07-14,1000000,1104000,manual
P04,Deluxe,2025-07-15,1000000,1162000,manual
P04,Deluxe,2025-07-16,1000000,1067000,manual
P04,Deluxe,2025-07-17,1000000,1125000,manual
P04,Deluxe,2025-07-18,1000000,1136000,manual
P04,Deluxe,2025-07-19,1000000,1113000,manual
P04,Deluxe,2025-07-20,1000000,1115000,manual
P04,Deluxe,2025-07-21,1000000,1105000,manual
P04,Deluxe,2025-07-22,1000000,1111000,manual
P04,Deluxe,2025-07-23,1000000,1106000,manual
P04,Deluxe,2025-07-24,1000000,1119000,manual
P04,Deluxe,2025-07-25,1000000,1141000,manual
P04,Deluxe,2025-07-26,1000000,1099000,manual
P04,Deluxe,2025-07-27,1000000,1030000,manual
P04,Deluxe,2025-07-28,1000000,1052000,manual
P04,Deluxe,2025-07-29,1000000,1067000,manual
P04,Deluxe,2025-07-30,1000000,1122000,manual
P04,Deluxe,2025-07-31,1000000,1128000,manual
P04,Deluxe,2025-08-01,1000000,1099000,manual
P04,Deluxe,2025-08-02,1000000,1037000,manual
P04,Deluxe,2025-08-03,1000000,1023000,manual
P04,Deluxe,2025-08-04,1000000,1057000,manual
P04,Deluxe,2025-08-05,1000000,1014000,manual
P04,Deluxe,2025-08-06,1000000,1009000,manual
P04,Deluxe,2025-08-07,1000000,965000,manual
P04,Deluxe,2025-08-08,1000000,1004000,manual
P04,Deluxe,2025-08-09,1000000,1044000,manual
P04,Deluxe,2025-08-10,1000000,1027000,manual
P04,Deluxe,2025-08-11,1000000,1016000,manual
P04,Deluxe,2025-08-12,1000000,1038000,manual
P04,Deluxe,2025-08-13,1000000,1039000,manual
P04,Deluxe,2025-08-14,1000000,1009000,manual
P04,Deluxe,2025-08-15,1000000,1039000,manual
P04,Deluxe,2025-08-16,1000000,1035000,manual
P04,Deluxe,2025-08-17,1000000,945000,manual
P04,Deluxe,2025-08-18,1000000,993000,manual
P04,Deluxe,2025-08-19,1000000,1035000,manual
P04,Deluxe,2025-08-20,1000000,1030000,manual
P04,Deluxe,2025-08-21,1000000,1042000,manual
P04,Deluxe,2025-08-22,1000000,1027000,manual
P04,Deluxe,2025-08-23,1000000,993000,manual
P04,Deluxe,2025-08-24,1000000,1000000,manual
P04,Deluxe,2025-08-25,1000000,1011000,manual
P04,Deluxe,2025-08-26,1000000,1044000,manual
P04,Deluxe,2025-08-27,1000000,981000,manual
P04,Deluxe,2025-08-28,1000000,1079000,manual
P04,Deluxe,2025-08-29,1000000,983000,manual
P04,Deluxe,2025-08-30,1000000,1028000,manual
P04,Deluxe,2025-08-31,1000000,1012000,manual
P04,Deluxe,2025-09-01,1000000,913000,promo
P04,Deluxe,2025-09-02,1000000,921000,promo
P04,Deluxe,2025-09-03,1000000,938000,promo
P04,Deluxe,2025-09-04,1000000,945000,promo
P04,Deluxe,2025-09-05,1000000,962000,promo
P04,Deluxe,2025-09-06,1000000,935000,promo
P04,Deluxe,2025-09-07,1000000,924000,promo
P04,Deluxe,2025-09-08,1000000,958000,promo
P04,Deluxe,2025-09-09,1000000,955000,promo
P04,Deluxe,2025-09-10,1000000,949000,promo
P04,Deluxe,2025-09-11,1000000,928000,promo
P04,Deluxe,2025-09-12,1000000,935000,promo
P04,Deluxe,2025-09-13,1000000,949000,promo
P04,Deluxe,2025-09-14,1000000,972000,promo
P04,Deluxe,2025-09-15,1000000,941000,promo
P04,Deluxe,2025-09-16,1000000,935000,promo
P04,Deluxe,2025-09-17,1000000,930000,promo
P04,Deluxe,2025-09-18,1000000,896000,promo
P04,Deluxe,2025-09-19,1000000,927000,promo
P04,Deluxe,2025-09-20,1000000,940000,promo
P04,Deluxe,2025-09-21,1000000,895000,promo
P04,Deluxe,2025-09-22,1000000,973000,promo
P04,Deluxe,2025-09-23,1000000,924000,promo
P04,Deluxe,2025-09-24,1000000,995000,promo
P04,Deluxe,2025-09-25,1000000,936000,promo
P04,Deluxe,2025-09-26,1000000,942000,promo
P04,Deluxe,2025-09-27,1000000,951000,promo
P04,Deluxe,2025-09-28,1000000,938000,promo
P04,Deluxe,2025-09-29,1000000,900000,promo
P04,Deluxe,2025-09-30,1000000,897000,promo
P04,Deluxe,2025-10-01,1000000,920000,promo
P04,Deluxe,2025-10-02,1000000,920000,promo
P04,Deluxe,2025-10-03,1000000,925000,promo
P04,Deluxe,2025-10-04,1000000,957000,promo
P04,Deluxe,2025-10-05,1000000,919000,promo
P04,Deluxe,2025-10-06,1000000,958000,promo
P04,Deluxe,2025-10-07,1000000,957000,promo
P04,Deluxe,2025-10-08,1000000,883000,promo
P04,Deluxe,2025-10-09,1000000,996000,promo
P04,Deluxe,2025-10-10,1000000,963000,promo
P04,Deluxe,2025-10-11,1000000,914000,promo
P04,Deluxe,2025-10-12,1000000,955000,promo
P04,Deluxe,2025-10-13,1000000,933000,promo
P04,Deluxe,2025-10-14,1000000,922000,promo
P04,Deluxe,2025-10-15,1000000,927000,promo
P04,Deluxe,2025-10-16,1000000,890000,promo
P04,Deluxe,2025-10-17,1000000,940000,promo
P04,Deluxe,2025-10-18,1000000,958000,promo
P04,Deluxe,2025-10-19,1000000,968000,promo
P04,Deluxe,2025-10-20,1000000,919000,promo
P04,Deluxe,2025-10-21,1000000,985000,promo
P04,Deluxe,2025-10-22,1000000,979000,promo
P04,Deluxe,2025-10-23,1000000,970000,promo
P04,Deluxe,2025-10-24,1000000,928000,promo
P04,Deluxe,2025-10-25,1000000,932000,promo
P04,Deluxe,2025-10-26,1000000,989000,promo
P04,Deluxe,2025-10-27,1000000,968000,promo
P04,Deluxe,2025-10-28,1000000,884000,promo
P04,Deluxe,2025-10-29,1000000,928000,promo
P04,Deluxe,2025-10-30,1000000,928000,promo
P04,Deluxe,2025-10-31,1000000,873000,promo
P04,Deluxe,2025-11-01,1000000,982000,manual
P04,Deluxe,2025-11-02,1000000,1018000,manual
P04,Deluxe,2025-11-03,1000000,951000,manual
P04,Deluxe,2025-11-04,1000000,989000,manual
P04,Deluxe,2025-11-05,1000000,941000,manual
P04,Deluxe,2025-11-06,1000000,988000,manual
P04,Deluxe,2025-11-07,1000000,925000,manual
P04,Deluxe,2025-11-08,1000000,984000,manual
P04,Deluxe,2025-11-09,1000000,999000,manual
P04,Deluxe,2025-11-10,1000000,989000,manual
P04,Deluxe,2025-11-11,1000000,972000,manual
P04,Deluxe,2025-11-12,1000000,942000,manual
P04,Deluxe,2025-11-13,1000000,1042000,manual
P04,Deluxe,2025-11-14,1000000,982000,manual
P04,Deluxe,2025-11-15,1000000,953000,manual
P04,Deluxe,2025-11-16,1000000,965000,manual
P04,Deluxe,2025-11-17,1000000,969000,manual
P04,Deluxe,2025-11-18,1000000,957000,manual
P04,Deluxe,2025-11-19,1000000,1021000,manual
P04,Deluxe,2025-11-20,1000000,1017000,manual
P04,Deluxe,2025-11-21,1000000,931000,manual
P04,Deluxe,2025-11-22,1000000,1002000,manual
P04,Deluxe,2025-11-23,1000000,956000,manual
P04,Deluxe,2025-11-24,1000000,993000,manual
P04,Deluxe,2025-11-25,1000000,980000,manual
P04,Deluxe,2025-11-26,1000000,994000,manual
P04,Deluxe,2025-11-27,1000000,1007000,manual
P04,Deluxe,2025-11-28,1000000,1016000,manual
P04,Deluxe,2025-11-29,1000000,1022000,manual
P04,Deluxe,2025-11-30,1000000,992000,manual
P04,Deluxe,2025-12-01,1000000,1085000,manual
P04,Deluxe,2025-12-02,1000000,1135000,manual
P04,Deluxe,2025-12-03,1000000,1099000,manual
P04,Deluxe,2025-12-04,1000000,1148000,manual
P04,Deluxe,2025-12-05,1000000,1074000,manual
P04,Deluxe,2025-12-06,1000000,1112000,manual
P04,Deluxe,2025-12-07,1000000,1147000,manual
P04,Deluxe,2025-12-08,1000000,1110000,manual
P04,Deluxe,2025-12-09,1000000,1119000,manual
P04,Deluxe,2025-12-10,1000000,1107000,manual
P04,Deluxe,2025-12-11,1000000,1157000,manual
P04,Deluxe,2025-12-12,1000000,1139000,manual
P04,Deluxe,2025-12-13,1000000,1110000,manual
P04,Deluxe,2025-12-14,1000000,1143000,manual
P04,Deluxe,2025-12-15,1000000,1114000,manual
P04,Deluxe,2025-12-16,1000000,1110000,manual
P04,Deluxe,2025-12-17,1000000,1123000,manual
P04,Deluxe,2025-12-18,1000000,1179000,manual
P04,Deluxe,2025-12-19,1000000,1133000,manual
P04,Deluxe,2025-12-20,1000000,1091000,manual
P04,Deluxe,2025-12-21,1000000,1090000,manual
P04,Deluxe,2025-12-22,1000000,1161000,manual
P04,Deluxe,2025-12-23,1000000,1065000,manual
P04,Deluxe,2025-12-24,1000000,1167000,manual
P04,Deluxe,2025-12-25,1000000,1041000,manual
P04,Deluxe,2025-12-26,1000000,1180000,manual
P04,Deluxe,2025-12-27,1000000,1129000,manual
P04,Deluxe,2025-12-28,1000000,1106000,manual
P04,Deluxe,2025-12-29,1000000,1162000,manual
P04,Deluxe,2025-12-30,1000000,1097000,manual
P04,Deluxe,2025-12-31,1000000,1125000,manual
P04,Deluxe,2026-01-01,1000000,1100000,manual
P04,Deluxe,2026-01-02,1000000,1078000,manual
P04,Deluxe,2026-01-03,1000000,1063000,manual
P04,Deluxe,2026-01-04,1000000,1065000,manual
P04,Deluxe,2026-01-05,1000000,1098000,manual
P04,Deluxe,2026-01-06,1000000,1113000,manual
P04,Deluxe,2026-01-07,1000000,1073000,manual
P04,Deluxe,2026-01-08,1000000,1130000,manual
P04,Deluxe,2026-01-09,1000000,1092000,manual
P04,Deluxe,2026-01-10,1000000,1101000,manual
P04,Deluxe,2026-01-11,1000000,1083000,manual
P04,Deluxe,2026-01-12,1000000,1063000,manual
P04,Deluxe,2026-01-13,1000000,1023000,manual
P04,Deluxe,2026-01-14,1000000,1142000,manual
P04,Deluxe,2026-01-15,1000000,1130000,manual
P04,Deluxe,2026-01-16,1000000,1134000,manual
P04,Deluxe,2026-01-17,1000000,1019000,manual
P04,Deluxe,2026-01-18,1000000,1066000,manual
P04,Deluxe,2026-01-19,1000000,1154000,manual
P04,Deluxe,2026-01-20,1000000,1131000,manual
P04,Deluxe,2026-01-21,1000000,1056000,manual
P04,Deluxe,2026-01-22,1000000,1097000,manual
P04,Deluxe,2026-01-23,1000000,1104000,manual
P04,Deluxe,2026-01-24,1000000,1098000,manual
P04,Deluxe,2026-01-25,1000000,1064000,manual
P04,Deluxe,2026-01-26,1000000,1090000,manual
P04,Deluxe,2026-01-27,1000000,1092000,manual
P04,Deluxe,2026-01-28,1000000,1072000,manual
P04,Deluxe,2026-01-29,1000000,1113000,manual
P04,Deluxe,2026-01-30,1000000,1126000,manual
P04,Deluxe,2026-01-31,1000000,1144000,manual
P04,Deluxe,2026-02-01,1000000,969000,promo
P04,Deluxe,2026-02-02,1000000,942000,promo
P04,Deluxe,2026-02-03,1000000,919000,promo
P04,Deluxe,2026-02-04,1000000,954000,promo
P04,Deluxe,2026-02-05,1000000,896000,promo
P04,Deluxe,2026-02-06,1000000,913000,promo
P04,Deluxe,2026-02-07,1000000,973000,promo
P04,Deluxe,2026-02-08,1000000,959000,promo
P04,Deluxe,2026-02-09,1000000,943000,promo
P04,Deluxe,2026-02-10,1000000,1004000,promo
P04,Deluxe,2026-02-11,1000000,961000,promo
P04,Deluxe,2026-02-12,1000000,952000,promo
P04,Deluxe,2026-02-13,1000000,921000,promo
P04,Deluxe,2026-02-14,1000000,899000,promo
P04,Deluxe,2026-02-15,1000000,867000,promo
P04,Deluxe,2026-02-16,1000000,935000,promo
P04,Deluxe,2026-02-17,1000000,923000,promo
P04,Deluxe,2026-02-18,1000000,947000,promo
P04,Deluxe,2026-02-19,1000000,978000,promo
P04,Deluxe,2026-02-20,1000000,994000,promo
P04,Deluxe,2026-02-21,1000000,962000,promo
P04,Deluxe,2026-02-22,1000000,961000,promo
P04,Deluxe,2026-02-23,1000000,900000,promo
P04,Deluxe,2026-02-24,1000000,912000,promo
P04,Deluxe,2026-02-25,1000000,899000,promo
P04,Deluxe,2026-02-26,1000000,956000,promo
P04,Deluxe,2026-02-27,1000000,950000,promo
P04,Deluxe,2026-02-28,1000000,916000,promo
P04,Deluxe,2026-03-01,1000000,974000,promo
P04,Deluxe,2026-03-02,1000000,931000,promo
P04,Deluxe,2026-03-03,1000000,977000,promo
P04,Deluxe,2026-03-04,1000000,900000,promo
P04,Deluxe,2026-03-05,1000000,988000,promo
P04,Deluxe,2026-03-06,1000000,905000,promo
P04,Deluxe,2026-03-07,1000000,942000,promo
P04,Deluxe,2026-03-08,1000000,963000,promo
P04,Deluxe,2026-03-09,1000000,946000,promo
P04,Deluxe,2026-03-10,1000000,991000,promo
P04,Deluxe,2026-03-11,1000000,965000,promo
P04,Deluxe,2026-03-12,1000000,909000,promo
P04,Deluxe,2026-03-13,1000000,984000,promo
P04,Deluxe,2026-03-14,1000000,890000,promo
P04,Deluxe,2026-03-15,1000000,955000,promo
P04,Deluxe,2026-03-16,1000000,989000,promo
P04,Deluxe,2026-03-17,1000000,972000,promo
P04,Deluxe,2026-03-18,1000000,946000,promo
P04,Deluxe,2026-03-19,1000000,987000,promo
P04,Deluxe,2026-03-20,1000000,946000,promo
P04,Deluxe,2026-03-21,1000000,953000,promo
P04,Deluxe,2026-03-22,1000000,908000,promo
P04,Deluxe,2026-03-23,1000000,919000,promo
P04,Deluxe,2026-03-24,1000000,952000,promo
P04,Deluxe,2026-03-25,1000000,905000,promo
P04,Deluxe,2026-03-26,1000000,972000,promo
P04,Deluxe,2026-03-27,1000000,956000,promo
P04,Deluxe,2026-03-28,1000000,941000,promo
P04,Deluxe,2026-03-29,1000000,967000,promo
P04,Deluxe,2026-03-30,1000000,934000,promo
P04,Deluxe,2026-03-31,1000000,942000,promo
P04,Deluxe,2026-04-01,1000000,963000,manual
P04,Deluxe,2026-04-02,1000000,1000000,manual
P04,Deluxe,2026-04-03,1000000,961000,manual
P04,Deluxe,2026-04-04,1000000,988000,manual
P04,Deluxe,2026-04-05,1000000,956000,manual
P04,Deluxe,2026-04-06,1000000,987000,manual
P04,Deluxe,2026-04-07,1000000,1011000,manual
P04,Deluxe,2026-04-08,1000000,1005000,manual
P04,Deluxe,2026-04-09,1000000,1045000,manual
P04,Deluxe,2026-04-10,1000000,970000,manual
P04,Deluxe,2026-04-11,1000000,1034000,manual
P04,Deluxe,2026-04-12,1000000,1040000,manual
P04,Deluxe,2026-04-13,1000000,1048000,manual
P04,Deluxe,2026-04-14,1000000,979000,manual
P04,Deluxe,2026-04-15,1000000,980000,manual
P04,Deluxe,2026-04-16,1000000,985000,manual
P04,Deluxe,2026-04-17,1000000,987000,manual
P04,Deluxe,2026-04-18,1000000,989000,manual
P04,Deluxe,2026-04-19,1000000,1007000,manual
P04,Deluxe,2026-04-20,1000000,1015000,manual
P04,Deluxe,2026-04-21,1000000,981000,manual
P04,Deluxe,2026-04-22,1000000,945000,manual
P04,Deluxe,2026-04-23,1000000,985000,manual
P04,Deluxe,2026-04-24,1000000,1046000,manual
P04,Deluxe,2026-04-25,1000000,977000,manual
P04,Deluxe,2026-04-26,1000000,971000,manual
P04,Deluxe,2026-04-27,1000000,943000,manual
P04,Deluxe,2026-04-28,1000000,1056000,manual
P04,Deluxe,2026-04-29,1000000,1004000,manual
P04,Deluxe,2026-04-30,1000000,1042000,manual
P04,Deluxe,2026-05-01,1000000,1039000,manual
P04,Deluxe,2026-05-02,1000000,1036000,manual
P04,Deluxe,2026-05-03,1000000,1035000,manual
P04,Deluxe,2026-05-04,1000000,987000,manual
P04,Deluxe,2026-05-05,1000000,1026000,manual
P04,Deluxe,2026-05-06,1000000,980000,manual
P04,Deluxe,2026-05-07,1000000,1016000,manual
P04,Deluxe,2026-05-08,1000000,993000,manual
P04,Deluxe,2026-05-09,1000000,991000,manual
P04,Deluxe,2026-05-10,1000000,1014000,manual
P04,Deluxe,2026-05-11,1000000,994000,manual
P04,Deluxe,2026-05-12,1000000,1020000,manual
P04,Deluxe,2026-05-13,1000000,994000,manual
P04,Deluxe,2026-05-14,1000000,1033000,manual
P04,Deluxe,2026-05-15,1000000,986000,manual
P04,Deluxe,2026-05-16,1000000,1036000,manual
P04,Deluxe,2026-05-17,1000000,1011000,manual
P04,Deluxe,2026-05-18,1000000,1032000,manual
P04,Deluxe,2026-05-19,1000000,988000,manual
P04,Deluxe,2026-05-20,1000000,996000,manual
P04,Deluxe,2026-05-21,1000000,1054000,manual
P04,Deluxe,2026-05-22,1000000,1020000,manual
P04,Deluxe,2026-05-23,1000000,1083000,manual
P04,Deluxe,2026-05-24,1000000,1030000,manual
P04,Deluxe,2026-05-25,1000000,1019000,manual
P04,Deluxe,2026-05-26,1000000,1035000,manual
P04,Deluxe,2026-05-27,1000000,1078000,manual
P04,Deluxe,2026-05-28,1000000,999000,manual
P04,Deluxe,2026-05-29,1000000,982000,manual
P04,Deluxe,2026-05-30,1000000,997000,manual
P04,Deluxe,2026-05-31,1000000,1062000,manual
P04,Deluxe,2026-06-01,1000000,1029000,manual
P04,Deluxe,2026-06-02,1000000,1126000,manual
P04,Deluxe,2026-06-03,1000000,1046000,manual
P04,Deluxe,2026-06-04,1000000,1066000,manual
P04,Deluxe,2026-06-05,1000000,1084000,manual
P04,Deluxe,2026-06-06,1000000,1095000,manual
P04,Deluxe,2026-06-07,1000000,968000,manual
P04,Deluxe,2026-06-08,1000000,1071000,manual
P04,Deluxe,2026-06-09,1000000,1093000,manual
P04,Deluxe,2026-06-10,1000000,1032000,manual
P04,Deluxe,2026-06-11,1000000,1075000,manual
P04,Deluxe,2026-06-12,1000000,1073000,manual
P04,Deluxe,2026-06-13,1000000,1081000,manual
P04,Deluxe,2026-06-14,1000000,1056000,manual
P04,Deluxe,2026-06-15,1000000,1127000,manual
P04,Deluxe,2026-06-16,1000000,1063000,manual
P04,Deluxe,2026-06-17,1000000,1108000,manual
P04,Deluxe,2026-06-18,1000000,1107000,manual
P04,Deluxe,2026-06-19,1000000,1092000,manual
P04,Deluxe,2026-06-20,1000000,1087000,manual
P04,Deluxe,2026-06-21,1000000,1055000,manual
P04,Deluxe,2026-06-22,1000000,1072000,manual
P04,Deluxe,2026-06-23,1000000,1061000,manual
P04,Deluxe,2026-06-24,1000000,1024000,manual
P04,Deluxe,2026-06-25,1000000,1073000,manual
P04,Deluxe,2026-06-26,1000000,1091000,manual
P04,Deluxe,2026-06-27,1000000,1058000,manual
P04,Deluxe,2026-06-28,1000000,1103000,manual
P04,Deluxe,2026-06-29,1000000,1088000,manual
P04,Deluxe,2026-06-30,1000000,1033000,manual
P04,Suite,2023-07-01,1900000,2035000,manual
P04,Suite,2023-07-02,1900000,2171000,manual
P04,Suite,2023-07-03,1900000,2135000,manual
P04,Suite,2023-07-04,1900000,2132000,manual
P04,Suite,2023-07-05,1900000,2097000,manual
P04,Suite,2023-07-06,1900000,2116000,manual
P04,Suite,2023-07-07,1900000,2068000,manual
P04,Suite,2023-07-08,1900000,2057000,manual
P04,Suite,2023-07-09,1900000,2116000,manual
P04,Suite,2023-07-10,1900000,2180000,manual
P04,Suite,2023-07-11,1900000,2188000,manual
P04,Suite,2023-07-12,1900000,2112000,manual
P04,Suite,2023-07-13,1900000,2118000,manual
P04,Suite,2023-07-14,1900000,1900000,manual
P04,Suite,2023-07-15,1900000,2220000,manual
P04,Suite,2023-07-16,1900000,2040000,manual
P04,Suite,2023-07-17,1900000,2220000,manual
P04,Suite,2023-07-18,1900000,2039000,manual
P04,Suite,2023-07-19,1900000,2171000,manual
P04,Suite,2023-07-20,1900000,2067000,manual
P04,Suite,2023-07-21,1900000,2145000,manual
P04,Suite,2023-07-22,1900000,2082000,manual
P04,Suite,2023-07-23,1900000,2039000,manual
P04,Suite,2023-07-24,1900000,2077000,manual
P04,Suite,2023-07-25,1900000,2135000,manual
P04,Suite,2023-07-26,1900000,2180000,manual
P04,Suite,2023-07-27,1900000,2153000,manual
P04,Suite,2023-07-28,1900000,2159000,manual
P04,Suite,2023-07-29,1900000,2155000,manual
P04,Suite,2023-07-30,1900000,2170000,manual
P04,Suite,2023-07-31,1900000,2138000,manual
P04,Suite,2023-08-01,1900000,1930000,manual
P04,Suite,2023-08-02,1900000,1913000,manual
P04,Suite,2023-08-03,1900000,1952000,manual
P04,Suite,2023-08-04,1900000,1879000,manual
P04,Suite,2023-08-05,1900000,1852000,manual
P04,Suite,2023-08-06,1900000,1941000,manual
P04,Suite,2023-08-07,1900000,1877000,manual
P04,Suite,2023-08-08,1900000,1915000,manual
P04,Suite,2023-08-09,1900000,1968000,manual
P04,Suite,2023-08-10,1900000,1925000,manual
P04,Suite,2023-08-11,1900000,1871000,manual
P04,Suite,2023-08-12,1900000,1937000,manual
P04,Suite,2023-08-13,1900000,2009000,manual
P04,Suite,2023-08-14,1900000,1960000,manual
P04,Suite,2023-08-15,1900000,1954000,manual
P04,Suite,2023-08-16,1900000,1977000,manual
P04,Suite,2023-08-17,1900000,1869000,manual
P04,Suite,2023-08-18,1900000,1883000,manual
P04,Suite,2023-08-19,1900000,1925000,manual
P04,Suite,2023-08-20,1900000,1858000,manual
P04,Suite,2023-08-21,1900000,1968000,manual
P04,Suite,2023-08-22,1900000,1868000,manual
P04,Suite,2023-08-23,1900000,1950000,manual
P04,Suite,2023-08-24,1900000,1939000,manual
P04,Suite,2023-08-25,1900000,1928000,manual
P04,Suite,2023-08-26,1900000,1996000,manual
P04,Suite,2023-08-27,1900000,1989000,manual
P04,Suite,2023-08-28,1900000,1948000,manual
P04,Suite,2023-08-29,1900000,1881000,manual
P04,Suite,2023-08-30,1900000,1944000,manual
P04,Suite,2023-08-31,1900000,1995000,manual
P04,Suite,2023-09-01,1900000,1779000,promo
P04,Suite,2023-09-02,1900000,1770000,promo
P04,Suite,2023-09-03,1900000,1830000,promo
P04,Suite,2023-09-04,1900000,1807000,promo
P04,Suite,2023-09-05,1900000,1738000,promo
P04,Suite,2023-09-06,1900000,1760000,promo
P04,Suite,2023-09-07,1900000,1899000,promo
P04,Suite,2023-09-08,1900000,1771000,promo
P04,Suite,2023-09-09,1900000,1844000,promo
P04,Suite,2023-09-10,1900000,1742000,promo
P04,Suite,2023-09-11,1900000,1770000,promo
P04,Suite,2023-09-12,1900000,1837000,promo
P04,Suite,2023-09-13,1900000,1803000,promo
P04,Suite,2023-09-14,1900000,1777000,promo
P04,Suite,2023-09-15,1900000,1686000,promo
P04,Suite,2023-09-16,1900000,1674000,promo
P04,Suite,2023-09-17,1900000,1734000,promo
P04,Suite,2023-09-18,1900000,1761000,promo
P04,Suite,2023-09-19,1900000,1794000,promo
P04,Suite,2023-09-20,1900000,1831000,promo
P04,Suite,2023-09-21,1900000,1760000,promo
P04,Suite,2023-09-22,1900000,1777000,promo
P04,Suite,2023-09-23,1900000,1777000,promo
P04,Suite,2023-09-24,1900000,1763000,promo
P04,Suite,2023-09-25,1900000,1796000,promo
P04,Suite,2023-09-26,1900000,1761000,promo
P04,Suite,2023-09-27,1900000,1746000,promo
P04,Suite,2023-09-28,1900000,1769000,promo
P04,Suite,2023-09-29,1900000,1839000,promo
P04,Suite,2023-09-30,1900000,1686000,promo
P04,Suite,2023-10-01,1900000,1773000,promo
P04,Suite,2023-10-02,1900000,1959000,promo
P04,Suite,2023-10-03,1900000,1822000,promo
P04,Suite,2023-10-04,1900000,1770000,promo
P04,Suite,2023-10-05,1900000,1850000,promo
P04,Suite,2023-10-06,1900000,1835000,promo
P04,Suite,2023-10-07,1900000,1868000,promo
P04,Suite,2023-10-08,1900000,1783000,promo
P04,Suite,2023-10-09,1900000,1805000,promo
P04,Suite,2023-10-10,1900000,1893000,promo
P04,Suite,2023-10-11,1900000,1816000,promo
P04,Suite,2023-10-12,1900000,1756000,promo
P04,Suite,2023-10-13,1900000,1887000,promo
P04,Suite,2023-10-14,1900000,1754000,promo
P04,Suite,2023-10-15,1900000,1773000,promo
P04,Suite,2023-10-16,1900000,1785000,promo
P04,Suite,2023-10-17,1900000,1771000,promo
P04,Suite,2023-10-18,1900000,1815000,promo
P04,Suite,2023-10-19,1900000,1818000,promo
P04,Suite,2023-10-20,1900000,1813000,promo
P04,Suite,2023-10-21,1900000,1745000,promo
P04,Suite,2023-10-22,1900000,1846000,promo
P04,Suite,2023-10-23,1900000,1783000,promo
P04,Suite,2023-10-24,1900000,1816000,promo
P04,Suite,2023-10-25,1900000,1842000,promo
P04,Suite,2023-10-26,1900000,1825000,promo
P04,Suite,2023-10-27,1900000,1960000,promo
P04,Suite,2023-10-28,1900000,1781000,promo
P04,Suite,2023-10-29,1900000,1844000,promo
P04,Suite,2023-10-30,1900000,1849000,promo
P04,Suite,2023-10-31,1900000,1745000,promo
P04,Suite,2023-11-01,1900000,1890000,manual
P04,Suite,2023-11-02,1900000,1923000,manual
P04,Suite,2023-11-03,1900000,1926000,manual
P04,Suite,2023-11-04,1900000,1916000,manual
P04,Suite,2023-11-05,1900000,1813000,manual
P04,Suite,2023-11-06,1900000,1828000,manual
P04,Suite,2023-11-07,1900000,1932000,manual
P04,Suite,2023-11-08,1900000,1830000,manual
P04,Suite,2023-11-09,1900000,1853000,manual
P04,Suite,2023-11-10,1900000,1975000,manual
P04,Suite,2023-11-11,1900000,1827000,manual
P04,Suite,2023-11-12,1900000,1894000,manual
P04,Suite,2023-11-13,1900000,1917000,manual
P04,Suite,2023-11-14,1900000,1935000,manual
P04,Suite,2023-11-15,1900000,1862000,manual
P04,Suite,2023-11-16,1900000,1870000,manual
P04,Suite,2023-11-17,1900000,1858000,manual
P04,Suite,2023-11-18,1900000,1993000,manual
P04,Suite,2023-11-19,1900000,1894000,manual
P04,Suite,2023-11-20,1900000,1919000,manual
P04,Suite,2023-11-21,1900000,1896000,manual
P04,Suite,2023-11-22,1900000,1816000,manual
P04,Suite,2023-11-23,1900000,1826000,manual
P04,Suite,2023-11-24,1900000,1782000,manual
P04,Suite,2023-11-25,1900000,1882000,manual
P04,Suite,2023-11-26,1900000,1968000,manual
P04,Suite,2023-11-27,1900000,1905000,manual
P04,Suite,2023-11-28,1900000,1901000,manual
P04,Suite,2023-11-29,1900000,1974000,manual
P04,Suite,2023-11-30,1900000,1847000,manual
P04,Suite,2023-12-01,1900000,2111000,manual
P04,Suite,2023-12-02,1900000,2194000,manual
P04,Suite,2023-12-03,1900000,2239000,manual
P04,Suite,2023-12-04,1900000,2110000,manual
P04,Suite,2023-12-05,1900000,2237000,manual
P04,Suite,2023-12-06,1900000,2173000,manual
P04,Suite,2023-12-07,1900000,2243000,manual
P04,Suite,2023-12-08,1900000,2091000,manual
P04,Suite,2023-12-09,1900000,2142000,manual
P04,Suite,2023-12-10,1900000,2178000,manual
P04,Suite,2023-12-11,1900000,2075000,manual
P04,Suite,2023-12-12,1900000,2133000,manual
P04,Suite,2023-12-13,1900000,2236000,manual
P04,Suite,2023-12-14,1900000,2237000,manual
P04,Suite,2023-12-15,1900000,2112000,manual
P04,Suite,2023-12-16,1900000,2053000,manual
P04,Suite,2023-12-17,1900000,2197000,manual
P04,Suite,2023-12-18,1900000,2175000,manual
P04,Suite,2023-12-19,1900000,2225000,manual
P04,Suite,2023-12-20,1900000,2113000,manual
P04,Suite,2023-12-21,1900000,2138000,manual
P04,Suite,2023-12-22,1900000,2159000,manual
P04,Suite,2023-12-23,1900000,2297000,manual
P04,Suite,2023-12-24,1900000,2180000,manual
P04,Suite,2023-12-25,1900000,2109000,manual
P04,Suite,2023-12-26,1900000,1992000,manual
P04,Suite,2023-12-27,1900000,2107000,manual
P04,Suite,2023-12-28,1900000,2158000,manual
P04,Suite,2023-12-29,1900000,2233000,manual
P04,Suite,2023-12-30,1900000,2148000,manual
P04,Suite,2023-12-31,1900000,2162000,manual
P04,Suite,2024-01-01,1900000,2107000,manual
P04,Suite,2024-01-02,1900000,2006000,manual
P04,Suite,2024-01-03,1900000,2104000,manual
P04,Suite,2024-01-04,1900000,2074000,manual
P04,Suite,2024-01-05,1900000,2083000,manual
P04,Suite,2024-01-06,1900000,2126000,manual
P04,Suite,2024-01-07,1900000,2162000,manual
P04,Suite,2024-01-08,1900000,2087000,manual
P04,Suite,2024-01-09,1900000,2053000,manual
P04,Suite,2024-01-10,1900000,2073000,manual
P04,Suite,2024-01-11,1900000,2164000,manual
P04,Suite,2024-01-12,1900000,1926000,manual
P04,Suite,2024-01-13,1900000,2095000,manual
P04,Suite,2024-01-14,1900000,2178000,manual
P04,Suite,2024-01-15,1900000,2074000,manual
P04,Suite,2024-01-16,1900000,1992000,manual
P04,Suite,2024-01-17,1900000,1996000,manual
P04,Suite,2024-01-18,1900000,2133000,manual
P04,Suite,2024-01-19,1900000,2064000,manual
P04,Suite,2024-01-20,1900000,2130000,manual
P04,Suite,2024-01-21,1900000,2132000,manual
P04,Suite,2024-01-22,1900000,2168000,manual
P04,Suite,2024-01-23,1900000,2069000,manual
P04,Suite,2024-01-24,1900000,2181000,manual
P04,Suite,2024-01-25,1900000,1993000,manual
P04,Suite,2024-01-26,1900000,2123000,manual
P04,Suite,2024-01-27,1900000,1997000,manual
P04,Suite,2024-01-28,1900000,2105000,manual
P04,Suite,2024-01-29,1900000,2015000,manual
P04,Suite,2024-01-30,1900000,2187000,manual
P04,Suite,2024-01-31,1900000,2031000,manual
P04,Suite,2024-02-01,1900000,1783000,promo
P04,Suite,2024-02-02,1900000,1701000,promo
P04,Suite,2024-02-03,1900000,1798000,promo
P04,Suite,2024-02-04,1900000,1770000,promo
P04,Suite,2024-02-05,1900000,1785000,promo
P04,Suite,2024-02-06,1900000,1716000,promo
P04,Suite,2024-02-07,1900000,1789000,promo
P04,Suite,2024-02-08,1900000,1790000,promo
P04,Suite,2024-02-09,1900000,1669000,promo
P04,Suite,2024-02-10,1900000,1808000,promo
P04,Suite,2024-02-11,1900000,1739000,promo
P04,Suite,2024-02-12,1900000,1772000,promo
P04,Suite,2024-02-13,1900000,1817000,promo
P04,Suite,2024-02-14,1900000,1788000,promo
P04,Suite,2024-02-15,1900000,1805000,promo
P04,Suite,2024-02-16,1900000,1814000,promo
P04,Suite,2024-02-17,1900000,1758000,promo
P04,Suite,2024-02-18,1900000,1881000,promo
P04,Suite,2024-02-19,1900000,1790000,promo
P04,Suite,2024-02-20,1900000,1851000,promo
P04,Suite,2024-02-21,1900000,1718000,promo
P04,Suite,2024-02-22,1900000,1773000,promo
P04,Suite,2024-02-23,1900000,1806000,promo
P04,Suite,2024-02-24,1900000,1895000,promo
P04,Suite,2024-02-25,1900000,1773000,promo
P04,Suite,2024-02-26,1900000,1722000,promo
P04,Suite,2024-02-27,1900000,1867000,promo
P04,Suite,2024-02-28,1900000,1828000,promo
P04,Suite,2024-02-29,1900000,1734000,promo
P04,Suite,2024-03-01,1900000,1664000,promo
P04,Suite,2024-03-02,1900000,1827000,promo
P04,Suite,2024-03-03,1900000,1734000,promo
P04,Suite,2024-03-04,1900000,1817000,promo
P04,Suite,2024-03-05,1900000,1813000,promo
P04,Suite,2024-03-06,1900000,1851000,promo
P04,Suite,2024-03-07,1900000,1883000,promo
P04,Suite,2024-03-08,1900000,1776000,promo
P04,Suite,2024-03-09,1900000,1747000,promo
P04,Suite,2024-03-10,1900000,1760000,promo
P04,Suite,2024-03-11,1900000,1914000,promo
P04,Suite,2024-03-12,1900000,1740000,promo
P04,Suite,2024-03-13,1900000,1705000,promo
P04,Suite,2024-03-14,1900000,1860000,promo
P04,Suite,2024-03-15,1900000,1768000,promo
P04,Suite,2024-03-16,1900000,1844000,promo
P04,Suite,2024-03-17,1900000,1827000,promo
P04,Suite,2024-03-18,1900000,1857000,promo
P04,Suite,2024-03-19,1900000,1788000,promo
P04,Suite,2024-03-20,1900000,1758000,promo
P04,Suite,2024-03-21,1900000,1781000,promo
P04,Suite,2024-03-22,1900000,2002000,promo
P04,Suite,2024-03-23,1900000,1799000,promo
P04,Suite,2024-03-24,1900000,1843000,promo
P04,Suite,2024-03-25,1900000,1762000,promo
P04,Suite,2024-03-26,1900000,1898000,promo
P04,Suite,2024-03-27,1900000,1830000,promo
P04,Suite,2024-03-28,1900000,1831000,promo
P04,Suite,2024-03-29,1900000,1824000,promo
P04,Suite,2024-03-30,1900000,1863000,promo
P04,Suite,2024-03-31,1900000,1755000,promo
P04,Suite,2024-04-01,1900000,1913000,manual
P04,Suite,2024-04-02,1900000,1890000,manual
P04,Suite,2024-04-03,1900000,1826000,manual
P04,Suite,2024-04-04,1900000,1902000,manual
P04,Suite,2024-04-05,1900000,1862000,manual
P04,Suite,2024-04-06,1900000,1966000,manual
P04,Suite,2024-04-07,1900000,1924000,manual
P04,Suite,2024-04-08,1900000,1842000,manual
P04,Suite,2024-04-09,1900000,1877000,manual
P04,Suite,2024-04-10,1900000,1842000,manual
P04,Suite,2024-04-11,1900000,1879000,manual
P04,Suite,2024-04-12,1900000,1861000,manual
P04,Suite,2024-04-13,1900000,1892000,manual
P04,Suite,2024-04-14,1900000,1849000,manual
P04,Suite,2024-04-15,1900000,1857000,manual
P04,Suite,2024-04-16,1900000,1706000,manual
P04,Suite,2024-04-17,1900000,1922000,manual
P04,Suite,2024-04-18,1900000,2017000,manual
P04,Suite,2024-04-19,1900000,1875000,manual
P04,Suite,2024-04-20,1900000,1884000,manual
P04,Suite,2024-04-21,1900000,1914000,manual
P04,Suite,2024-04-22,1900000,1958000,manual
P04,Suite,2024-04-23,1900000,2000000,manual
P04,Suite,2024-04-24,1900000,1855000,manual
P04,Suite,2024-04-25,1900000,2036000,manual
P04,Suite,2024-04-26,1900000,1894000,manual
P04,Suite,2024-04-27,1900000,1965000,manual
P04,Suite,2024-04-28,1900000,1902000,manual
P04,Suite,2024-04-29,1900000,1825000,manual
P04,Suite,2024-04-30,1900000,1976000,manual
P04,Suite,2024-05-01,1900000,1929000,manual
P04,Suite,2024-05-02,1900000,1843000,manual
P04,Suite,2024-05-03,1900000,1895000,manual
P04,Suite,2024-05-04,1900000,1975000,manual
P04,Suite,2024-05-05,1900000,1905000,manual
P04,Suite,2024-05-06,1900000,1926000,manual
P04,Suite,2024-05-07,1900000,1847000,manual
P04,Suite,2024-05-08,1900000,1929000,manual
P04,Suite,2024-05-09,1900000,1805000,manual
P04,Suite,2024-05-10,1900000,1998000,manual
P04,Suite,2024-05-11,1900000,1876000,manual
P04,Suite,2024-05-12,1900000,2050000,manual
P04,Suite,2024-05-13,1900000,1932000,manual
P04,Suite,2024-05-14,1900000,1939000,manual
P04,Suite,2024-05-15,1900000,1971000,manual
P04,Suite,2024-05-16,1900000,1882000,manual
P04,Suite,2024-05-17,1900000,1927000,manual
P04,Suite,2024-05-18,1900000,1868000,manual
P04,Suite,2024-05-19,1900000,2025000,manual
P04,Suite,2024-05-20,1900000,2016000,manual
P04,Suite,2024-05-21,1900000,1872000,manual
P04,Suite,2024-05-22,1900000,1854000,manual
P04,Suite,2024-05-23,1900000,1934000,manual
P04,Suite,2024-05-24,1900000,1943000,manual
P04,Suite,2024-05-25,1900000,1876000,manual
P04,Suite,2024-05-26,1900000,1846000,manual
P04,Suite,2024-05-27,1900000,1931000,manual
P04,Suite,2024-05-28,1900000,1919000,manual
P04,Suite,2024-05-29,1900000,1881000,manual
P04,Suite,2024-05-30,1900000,1945000,manual
P04,Suite,2024-05-31,1900000,1982000,manual
P04,Suite,2024-06-01,1900000,2051000,manual
P04,Suite,2024-06-02,1900000,2150000,manual
P04,Suite,2024-06-03,1900000,2036000,manual
P04,Suite,2024-06-04,1900000,2121000,manual
P04,Suite,2024-06-05,1900000,1925000,manual
P04,Suite,2024-06-06,1900000,1947000,manual
P04,Suite,2024-06-07,1900000,2071000,manual
P04,Suite,2024-06-08,1900000,2054000,manual
P04,Suite,2024-06-09,1900000,1997000,manual
P04,Suite,2024-06-10,1900000,2054000,manual
P04,Suite,2024-06-11,1900000,2089000,manual
P04,Suite,2024-06-12,1900000,2025000,manual
P04,Suite,2024-06-13,1900000,2090000,manual
P04,Suite,2024-06-14,1900000,2062000,manual
P04,Suite,2024-06-15,1900000,2084000,manual
P04,Suite,2024-06-16,1900000,1997000,manual
P04,Suite,2024-06-17,1900000,2008000,manual
P04,Suite,2024-06-18,1900000,2090000,manual
P04,Suite,2024-06-19,1900000,2135000,manual
P04,Suite,2024-06-20,1900000,2063000,manual
P04,Suite,2024-06-21,1900000,1920000,manual
P04,Suite,2024-06-22,1900000,2067000,manual
P04,Suite,2024-06-23,1900000,2018000,manual
P04,Suite,2024-06-24,1900000,1921000,manual
P04,Suite,2024-06-25,1900000,2089000,manual
P04,Suite,2024-06-26,1900000,2039000,manual
P04,Suite,2024-06-27,1900000,2086000,manual
P04,Suite,2024-06-28,1900000,2038000,manual
P04,Suite,2024-06-29,1900000,2052000,manual
P04,Suite,2024-06-30,1900000,2074000,manual
P04,Suite,2024-07-01,1900000,2018000,manual
P04,Suite,2024-07-02,1900000,2131000,manual
P04,Suite,2024-07-03,1900000,2013000,manual
P04,Suite,2024-07-04,1900000,2209000,manual
P04,Suite,2024-07-05,1900000,2088000,manual
P04,Suite,2024-07-06,1900000,2009000,manual
P04,Suite,2024-07-07,1900000,2147000,manual
P04,Suite,2024-07-08,1900000,2010000,manual
P04,Suite,2024-07-09,1900000,2138000,manual
P04,Suite,2024-07-10,1900000,2154000,manual
P04,Suite,2024-07-11,1900000,2199000,manual
P04,Suite,2024-07-12,1900000,2173000,manual
P04,Suite,2024-07-13,1900000,2155000,manual
P04,Suite,2024-07-14,1900000,2064000,manual
P04,Suite,2024-07-15,1900000,2143000,manual
P04,Suite,2024-07-16,1900000,2120000,manual
P04,Suite,2024-07-17,1900000,2148000,manual
P04,Suite,2024-07-18,1900000,2134000,manual
P04,Suite,2024-07-19,1900000,2102000,manual
P04,Suite,2024-07-20,1900000,2146000,manual
P04,Suite,2024-07-21,1900000,2252000,manual
P04,Suite,2024-07-22,1900000,2113000,manual
P04,Suite,2024-07-23,1900000,2060000,manual
P04,Suite,2024-07-24,1900000,2117000,manual
P04,Suite,2024-07-25,1900000,2065000,manual
P04,Suite,2024-07-26,1900000,2138000,manual
P04,Suite,2024-07-27,1900000,2124000,manual
P04,Suite,2024-07-28,1900000,2001000,manual
P04,Suite,2024-07-29,1900000,2184000,manual
P04,Suite,2024-07-30,1900000,2072000,manual
P04,Suite,2024-07-31,1900000,2104000,manual
P04,Suite,2024-08-01,1900000,2042000,manual
P04,Suite,2024-08-02,1900000,2010000,manual
P04,Suite,2024-08-03,1900000,2107000,manual
P04,Suite,2024-08-04,1900000,1887000,manual
P04,Suite,2024-08-05,1900000,1959000,manual
P04,Suite,2024-08-06,1900000,1929000,manual
P04,Suite,2024-08-07,1900000,2029000,manual
P04,Suite,2024-08-08,1900000,2119000,manual
P04,Suite,2024-08-09,1900000,1914000,manual
P04,Suite,2024-08-10,1900000,1903000,manual
P04,Suite,2024-08-11,1900000,1989000,manual
P04,Suite,2024-08-12,1900000,1993000,manual
P04,Suite,2024-08-13,1900000,1952000,manual
P04,Suite,2024-08-14,1900000,2033000,manual
P04,Suite,2024-08-15,1900000,1968000,manual
P04,Suite,2024-08-16,1900000,2011000,manual
P04,Suite,2024-08-17,1900000,1971000,manual
P04,Suite,2024-08-18,1900000,1890000,manual
P04,Suite,2024-08-19,1900000,1987000,manual
P04,Suite,2024-08-20,1900000,1803000,manual
P04,Suite,2024-08-21,1900000,2076000,manual
P04,Suite,2024-08-22,1900000,1983000,manual
P04,Suite,2024-08-23,1900000,1917000,manual
P04,Suite,2024-08-24,1900000,2008000,manual
P04,Suite,2024-08-25,1900000,2009000,manual
P04,Suite,2024-08-26,1900000,1953000,manual
P04,Suite,2024-08-27,1900000,1944000,manual
P04,Suite,2024-08-28,1900000,1822000,manual
P04,Suite,2024-08-29,1900000,1994000,manual
P04,Suite,2024-08-30,1900000,1895000,manual
P04,Suite,2024-08-31,1900000,2060000,manual
P04,Suite,2024-09-01,1900000,1776000,promo
P04,Suite,2024-09-02,1900000,1782000,promo
P04,Suite,2024-09-03,1900000,1793000,promo
P04,Suite,2024-09-04,1900000,1832000,promo
P04,Suite,2024-09-05,1900000,1765000,promo
P04,Suite,2024-09-06,1900000,1826000,promo
P04,Suite,2024-09-07,1900000,1766000,promo
P04,Suite,2024-09-08,1900000,1834000,promo
P04,Suite,2024-09-09,1900000,1795000,promo
P04,Suite,2024-09-10,1900000,1813000,promo
P04,Suite,2024-09-11,1900000,1664000,promo
P04,Suite,2024-09-12,1900000,1747000,promo
P04,Suite,2024-09-13,1900000,1746000,promo
P04,Suite,2024-09-14,1900000,1731000,promo
P04,Suite,2024-09-15,1900000,1830000,promo
P04,Suite,2024-09-16,1900000,1752000,promo
P04,Suite,2024-09-17,1900000,1656000,promo
P04,Suite,2024-09-18,1900000,1786000,promo
P04,Suite,2024-09-19,1900000,1670000,promo
P04,Suite,2024-09-20,1900000,1761000,promo
P04,Suite,2024-09-21,1900000,1832000,promo
P04,Suite,2024-09-22,1900000,1660000,promo
P04,Suite,2024-09-23,1900000,1767000,promo
P04,Suite,2024-09-24,1900000,1758000,promo
P04,Suite,2024-09-25,1900000,1729000,promo
P04,Suite,2024-09-26,1900000,1828000,promo
P04,Suite,2024-09-27,1900000,1731000,promo
P04,Suite,2024-09-28,1900000,1698000,promo
P04,Suite,2024-09-29,1900000,1859000,promo
P04,Suite,2024-09-30,1900000,1690000,promo
P04,Suite,2024-10-01,1900000,1839000,promo
P04,Suite,2024-10-02,1900000,1861000,promo
P04,Suite,2024-10-03,1900000,1744000,promo
P04,Suite,2024-10-04,1900000,1812000,promo
P04,Suite,2024-10-05,1900000,1743000,promo
P04,Suite,2024-10-06,1900000,1724000,promo
P04,Suite,2024-10-07,1900000,1732000,promo
P04,Suite,2024-10-08,1900000,1718000,promo
P04,Suite,2024-10-09,1900000,1836000,promo
P04,Suite,2024-10-10,1900000,1871000,promo
P04,Suite,2024-10-11,1900000,1722000,promo
P04,Suite,2024-10-12,1900000,1701000,promo
P04,Suite,2024-10-13,1900000,1728000,promo
P04,Suite,2024-10-14,1900000,1724000,promo
P04,Suite,2024-10-15,1900000,1841000,promo
P04,Suite,2024-10-16,1900000,1784000,promo
P04,Suite,2024-10-17,1900000,1821000,promo
P04,Suite,2024-10-18,1900000,1728000,promo
P04,Suite,2024-10-19,1900000,1795000,promo
P04,Suite,2024-10-20,1900000,1852000,promo
P04,Suite,2024-10-21,1900000,1737000,promo
P04,Suite,2024-10-22,1900000,1730000,promo
P04,Suite,2024-10-23,1900000,1804000,promo
P04,Suite,2024-10-24,1900000,1824000,promo
P04,Suite,2024-10-25,1900000,1842000,promo
P04,Suite,2024-10-26,1900000,1839000,promo
P04,Suite,2024-10-27,1900000,1687000,promo
P04,Suite,2024-10-28,1900000,1827000,promo
P04,Suite,2024-10-29,1900000,1876000,promo
P04,Suite,2024-10-30,1900000,1896000,promo
P04,Suite,2024-10-31,1900000,1772000,promo
P04,Suite,2024-11-01,1900000,1903000,manual
P04,Suite,2024-11-02,1900000,1942000,manual
P04,Suite,2024-11-03,1900000,1928000,manual
P04,Suite,2024-11-04,1900000,1816000,manual
P04,Suite,2024-11-05,1900000,1770000,manual
P04,Suite,2024-11-06,1900000,1877000,manual
P04,Suite,2024-11-07,1900000,1876000,manual
P04,Suite,2024-11-08,1900000,1817000,manual
P04,Suite,2024-11-09,1900000,1894000,manual
P04,Suite,2024-11-10,1900000,1841000,manual
P04,Suite,2024-11-11,1900000,1938000,manual
P04,Suite,2024-11-12,1900000,1849000,manual
P04,Suite,2024-11-13,1900000,1825000,manual
P04,Suite,2024-11-14,1900000,1841000,manual
P04,Suite,2024-11-15,1900000,1869000,manual
P04,Suite,2024-11-16,1900000,1857000,manual
P04,Suite,2024-11-17,1900000,1877000,manual
P04,Suite,2024-11-18,1900000,1924000,manual
P04,Suite,2024-11-19,1900000,1962000,manual
P04,Suite,2024-11-20,1900000,1785000,manual
P04,Suite,2024-11-21,1900000,1900000,manual
P04,Suite,2024-11-22,1900000,1962000,manual
P04,Suite,2024-11-23,1900000,1881000,manual
P04,Suite,2024-11-24,1900000,1921000,manual
P04,Suite,2024-11-25,1900000,1918000,manual
P04,Suite,2024-11-26,1900000,1788000,manual
P04,Suite,2024-11-27,1900000,1994000,manual
P04,Suite,2024-11-28,1900000,1801000,manual
P04,Suite,2024-11-29,1900000,1853000,manual
P04,Suite,2024-11-30,1900000,1802000,manual
P04,Suite,2024-12-01,1900000,2213000,manual
P04,Suite,2024-12-02,1900000,2154000,manual
P04,Suite,2024-12-03,1900000,2223000,manual
P04,Suite,2024-12-04,1900000,2137000,manual
P04,Suite,2024-12-05,1900000,2126000,manual
P04,Suite,2024-12-06,1900000,2060000,manual
P04,Suite,2024-12-07,1900000,2148000,manual
P04,Suite,2024-12-08,1900000,2103000,manual
P04,Suite,2024-12-09,1900000,2161000,manual
P04,Suite,2024-12-10,1900000,2157000,manual
P04,Suite,2024-12-11,1900000,2163000,manual
P04,Suite,2024-12-12,1900000,2106000,manual
P04,Suite,2024-12-13,1900000,2069000,manual
P04,Suite,2024-12-14,1900000,2115000,manual
P04,Suite,2024-12-15,1900000,2180000,manual
P04,Suite,2024-12-16,1900000,2174000,manual
P04,Suite,2024-12-17,1900000,2137000,manual
P04,Suite,2024-12-18,1900000,2145000,manual
P04,Suite,2024-12-19,1900000,2081000,manual
P04,Suite,2024-12-20,1900000,2038000,manual
P04,Suite,2024-12-21,1900000,2177000,manual
P04,Suite,2024-12-22,1900000,2145000,manual
P04,Suite,2024-12-23,1900000,2115000,manual
P04,Suite,2024-12-24,1900000,2122000,manual
P04,Suite,2024-12-25,1900000,2222000,manual
P04,Suite,2024-12-26,1900000,2142000,manual
P04,Suite,2024-12-27,1900000,2142000,manual
P04,Suite,2024-12-28,1900000,2181000,manual
P04,Suite,2024-12-29,1900000,2190000,manual
P04,Suite,2024-12-30,1900000,2240000,manual
P04,Suite,2024-12-31,1900000,2111000,manual
P04,Suite,2025-01-01,1900000,2118000,manual
P04,Suite,2025-01-02,1900000,2102000,manual
P04,Suite,2025-01-03,1900000,2071000,manual
P04,Suite,2025-01-04,1900000,2112000,manual
P04,Suite,2025-01-05,1900000,2010000,manual
P04,Suite,2025-01-06,1900000,2101000,manual
P04,Suite,2025-01-07,1900000,2047000,manual
P04,Suite,2025-01-08,1900000,2025000,manual
P04,Suite,2025-01-09,1900000,2128000,manual
P04,Suite,2025-01-10,1900000,2092000,manual
P04,Suite,2025-01-11,1900000,2191000,manual
P04,Suite,2025-01-12,1900000,2035000,manual
P04,Suite,2025-01-13,1900000,2057000,manual
P04,Suite,2025-01-14,1900000,2175000,manual
P04,Suite,2025-01-15,1900000,2117000,manual
P04,Suite,2025-01-16,1900000,2075000,manual
P04,Suite,2025-01-17,1900000,2049000,manual
P04,Suite,2025-01-18,1900000,2010000,manual
P04,Suite,2025-01-19,1900000,2025000,manual
P04,Suite,2025-01-20,1900000,2122000,manual
P04,Suite,2025-01-21,1900000,2002000,manual
P04,Suite,2025-01-22,1900000,2061000,manual
P04,Suite,2025-01-23,1900000,2051000,manual
P04,Suite,2025-01-24,1900000,2127000,manual
P04,Suite,2025-01-25,1900000,2174000,manual
P04,Suite,2025-01-26,1900000,2052000,manual
P04,Suite,2025-01-27,1900000,2028000,manual
P04,Suite,2025-01-28,1900000,2213000,manual
P04,Suite,2025-01-29,1900000,2051000,manual
P04,Suite,2025-01-30,1900000,2121000,manual
P04,Suite,2025-01-31,1900000,2065000,manual
P04,Suite,2025-02-01,1900000,1800000,promo
P04,Suite,2025-02-02,1900000,1812000,promo
P04,Suite,2025-02-03,1900000,1863000,promo
P04,Suite,2025-02-04,1900000,1835000,promo
P04,Suite,2025-02-05,1900000,1827000,promo
P04,Suite,2025-02-06,1900000,1811000,promo
P04,Suite,2025-02-07,1900000,1752000,promo
P04,Suite,2025-02-08,1900000,1802000,promo
P04,Suite,2025-02-09,1900000,1759000,promo
P04,Suite,2025-02-10,1900000,1779000,promo
P04,Suite,2025-02-11,1900000,1783000,promo
P04,Suite,2025-02-12,1900000,1707000,promo
P04,Suite,2025-02-13,1900000,1866000,promo
P04,Suite,2025-02-14,1900000,1713000,promo
P04,Suite,2025-02-15,1900000,1817000,promo
P04,Suite,2025-02-16,1900000,1768000,promo
P04,Suite,2025-02-17,1900000,1822000,promo
P04,Suite,2025-02-18,1900000,1767000,promo
P04,Suite,2025-02-19,1900000,1713000,promo
P04,Suite,2025-02-20,1900000,1766000,promo
P04,Suite,2025-02-21,1900000,1766000,promo
P04,Suite,2025-02-22,1900000,1703000,promo
P04,Suite,2025-02-23,1900000,1807000,promo
P04,Suite,2025-02-24,1900000,1737000,promo
P04,Suite,2025-02-25,1900000,1818000,promo
P04,Suite,2025-02-26,1900000,1749000,promo
P04,Suite,2025-02-27,1900000,1844000,promo
P04,Suite,2025-02-28,1900000,1774000,promo
P04,Suite,2025-03-01,1900000,1810000,promo
P04,Suite,2025-03-02,1900000,1885000,promo
P04,Suite,2025-03-03,1900000,1837000,promo
P04,Suite,2025-03-04,1900000,1645000,promo
P04,Suite,2025-03-05,1900000,1842000,promo
P04,Suite,2025-03-06,1900000,1779000,promo
P04,Suite,2025-03-07,1900000,1898000,promo
P04,Suite,2025-03-08,1900000,1810000,promo
P04,Suite,2025-03-09,1900000,1801000,promo
P04,Suite,2025-03-10,1900000,1845000,promo
P04,Suite,2025-03-11,1900000,1864000,promo
P04,Suite,2025-03-12,1900000,1833000,promo
P04,Suite,2025-03-13,1900000,1807000,promo
P04,Suite,2025-03-14,1900000,1794000,promo
P04,Suite,2025-03-15,1900000,1836000,promo
P04,Suite,2025-03-16,1900000,1749000,promo
P04,Suite,2025-03-17,1900000,1749000,promo
P04,Suite,2025-03-18,1900000,1809000,promo
P04,Suite,2025-03-19,1900000,1845000,promo
P04,Suite,2025-03-20,1900000,1795000,promo
P04,Suite,2025-03-21,1900000,1722000,promo
P04,Suite,2025-03-22,1900000,1792000,promo
P04,Suite,2025-03-23,1900000,1807000,promo
P04,Suite,2025-03-24,1900000,1831000,promo
P04,Suite,2025-03-25,1900000,1774000,promo
P04,Suite,2025-03-26,1900000,1895000,promo
P04,Suite,2025-03-27,1900000,1781000,promo
P04,Suite,2025-03-28,1900000,1810000,promo
P04,Suite,2025-03-29,1900000,1902000,promo
P04,Suite,2025-03-30,1900000,1767000,promo
P04,Suite,2025-03-31,1900000,1715000,promo
P04,Suite,2025-04-01,1900000,1957000,manual
P04,Suite,2025-04-02,1900000,1894000,manual
P04,Suite,2025-04-03,1900000,1818000,manual
P04,Suite,2025-04-04,1900000,1902000,manual
P04,Suite,2025-04-05,1900000,2003000,manual
P04,Suite,2025-04-06,1900000,1963000,manual
P04,Suite,2025-04-07,1900000,1800000,manual
P04,Suite,2025-04-08,1900000,1984000,manual
P04,Suite,2025-04-09,1900000,1920000,manual
P04,Suite,2025-04-10,1900000,1843000,manual
P04,Suite,2025-04-11,1900000,1954000,manual
P04,Suite,2025-04-12,1900000,1909000,manual
P04,Suite,2025-04-13,1900000,1857000,manual
P04,Suite,2025-04-14,1900000,1913000,manual
P04,Suite,2025-04-15,1900000,1824000,manual
P04,Suite,2025-04-16,1900000,1953000,manual
P04,Suite,2025-04-17,1900000,1941000,manual
P04,Suite,2025-04-18,1900000,1846000,manual
P04,Suite,2025-04-19,1900000,1927000,manual
P04,Suite,2025-04-20,1900000,1934000,manual
P04,Suite,2025-04-21,1900000,1803000,manual
P04,Suite,2025-04-22,1900000,1888000,manual
P04,Suite,2025-04-23,1900000,1836000,manual
P04,Suite,2025-04-24,1900000,1822000,manual
P04,Suite,2025-04-25,1900000,1793000,manual
P04,Suite,2025-04-26,1900000,1814000,manual
P04,Suite,2025-04-27,1900000,1940000,manual
P04,Suite,2025-04-28,1900000,1852000,manual
P04,Suite,2025-04-29,1900000,1929000,manual
P04,Suite,2025-04-30,1900000,1913000,manual
P04,Suite,2025-05-01,1900000,1885000,manual
P04,Suite,2025-05-02,1900000,1973000,manual
P04,Suite,2025-05-03,1900000,1826000,manual
P04,Suite,2025-05-04,1900000,1970000,manual
P04,Suite,2025-05-05,1900000,1849000,manual
P04,Suite,2025-05-06,1900000,1956000,manual
P04,Suite,2025-05-07,1900000,1885000,manual
P04,Suite,2025-05-08,1900000,1823000,manual
P04,Suite,2025-05-09,1900000,1921000,manual
P04,Suite,2025-05-10,1900000,1962000,manual
P04,Suite,2025-05-11,1900000,1911000,manual
P04,Suite,2025-05-12,1900000,1960000,manual
P04,Suite,2025-05-13,1900000,1959000,manual
P04,Suite,2025-05-14,1900000,1904000,manual
P04,Suite,2025-05-15,1900000,1876000,manual
P04,Suite,2025-05-16,1900000,1961000,manual
P04,Suite,2025-05-17,1900000,1890000,manual
P04,Suite,2025-05-18,1900000,1848000,manual
P04,Suite,2025-05-19,1900000,1963000,manual
P04,Suite,2025-05-20,1900000,1938000,manual
P04,Suite,2025-05-21,1900000,1868000,manual
P04,Suite,2025-05-22,1900000,1985000,manual
P04,Suite,2025-05-23,1900000,2013000,manual
P04,Suite,2025-05-24,1900000,1937000,manual
P04,Suite,2025-05-25,1900000,1955000,manual
P04,Suite,2025-05-26,1900000,1941000,manual
P04,Suite,2025-05-27,1900000,2007000,manual
P04,Suite,2025-05-28,1900000,1884000,manual
P04,Suite,2025-05-29,1900000,1951000,manual
P04,Suite,2025-05-30,1900000,1967000,manual
P04,Suite,2025-05-31,1900000,1962000,manual
P04,Suite,2025-06-01,1900000,2035000,manual
P04,Suite,2025-06-02,1900000,2114000,manual
P04,Suite,2025-06-03,1900000,1994000,manual
P04,Suite,2025-06-04,1900000,2132000,manual
P04,Suite,2025-06-05,1900000,2080000,manual
P04,Suite,2025-06-06,1900000,2077000,manual
P04,Suite,2025-06-07,1900000,2136000,manual
P04,Suite,2025-06-08,1900000,1995000,manual
P04,Suite,2025-06-09,1900000,2043000,manual
P04,Suite,2025-06-10,1900000,2110000,manual
P04,Suite,2025-06-11,1900000,2030000,manual
P04,Suite,2025-06-12,1900000,2044000,manual
P04,Suite,2025-06-13,1900000,1928000,manual
P04,Suite,2025-06-14,1900000,2049000,manual
P04,Suite,2025-06-15,1900000,1915000,manual
P04,Suite,2025-06-16,1900000,2055000,manual
P04,Suite,2025-06-17,1900000,2043000,manual
P04,Suite,2025-06-18,1900000,2009000,manual
P04,Suite,2025-06-19,1900000,1956000,manual
P04,Suite,2025-06-20,1900000,2003000,manual
P04,Suite,2025-06-21,1900000,2112000,manual
P04,Suite,2025-06-22,1900000,2014000,manual
P04,Suite,2025-06-23,1900000,2129000,manual
P04,Suite,2025-06-24,1900000,2010000,manual
P04,Suite,2025-06-25,1900000,2056000,manual
P04,Suite,2025-06-26,1900000,2010000,manual
P04,Suite,2025-06-27,1900000,2019000,manual
P04,Suite,2025-06-28,1900000,2053000,manual
P04,Suite,2025-06-29,1900000,1987000,manual
P04,Suite,2025-06-30,1900000,2016000,manual
P04,Suite,2025-07-01,1900000,2073000,manual
P04,Suite,2025-07-02,1900000,2132000,manual
P04,Suite,2025-07-03,1900000,2178000,manual
P04,Suite,2025-07-04,1900000,2048000,manual
P04,Suite,2025-07-05,1900000,2098000,manual
P04,Suite,2025-07-06,1900000,2147000,manual
P04,Suite,2025-07-07,1900000,2119000,manual
P04,Suite,2025-07-08,1900000,2027000,manual
P04,Suite,2025-07-09,1900000,2070000,manual
P04,Suite,2025-07-10,1900000,2169000,manual
P04,Suite,2025-07-11,1900000,2055000,manual
P04,Suite,2025-07-12,1900000,2055000,manual
P04,Suite,2025-07-13,1900000,2122000,manual
P04,Suite,2025-07-14,1900000,2220000,manual
P04,Suite,2025-07-15,1900000,2062000,manual
P04,Suite,2025-07-16,1900000,2061000,manual
P04,Suite,2025-07-17,1900000,2171000,manual
P04,Suite,2025-07-18,1900000,2055000,manual
P04,Suite,2025-07-19,1900000,2117000,manual
P04,Suite,2025-07-20,1900000,2078000,manual
P04,Suite,2025-07-21,1900000,2091000,manual
P04,Suite,2025-07-22,1900000,2132000,manual
P04,Suite,2025-07-23,1900000,2121000,manual
P04,Suite,2025-07-24,1900000,2112000,manual
P04,Suite,2025-07-25,1900000,2073000,manual
P04,Suite,2025-07-26,1900000,2063000,manual
P04,Suite,2025-07-27,1900000,2054000,manual
P04,Suite,2025-07-28,1900000,2073000,manual
P04,Suite,2025-07-29,1900000,2190000,manual
P04,Suite,2025-07-30,1900000,2124000,manual
P04,Suite,2025-07-31,1900000,2124000,manual
P04,Suite,2025-08-01,1900000,1902000,manual
P04,Suite,2025-08-02,1900000,1864000,manual
P04,Suite,2025-08-03,1900000,2105000,manual
P04,Suite,2025-08-04,1900000,1837000,manual
P04,Suite,2025-08-05,1900000,1856000,manual
P04,Suite,2025-08-06,1900000,1994000,manual
P04,Suite,2025-08-07,1900000,1962000,manual
P04,Suite,2025-08-08,1900000,2056000,manual
P04,Suite,2025-08-09,1900000,1966000,manual
P04,Suite,2025-08-10,1900000,1964000,manual
P04,Suite,2025-08-11,1900000,1968000,manual
P04,Suite,2025-08-12,1900000,1909000,manual
P04,Suite,2025-08-13,1900000,1983000,manual
P04,Suite,2025-08-14,1900000,2021000,manual
P04,Suite,2025-08-15,1900000,2000000,manual
P04,Suite,2025-08-16,1900000,1891000,manual
P04,Suite,2025-08-17,1900000,1909000,manual
P04,Suite,2025-08-18,1900000,1936000,manual
P04,Suite,2025-08-19,1900000,1909000,manual
P04,Suite,2025-08-20,1900000,2009000,manual
P04,Suite,2025-08-21,1900000,1946000,manual
P04,Suite,2025-08-22,1900000,2039000,manual
P04,Suite,2025-08-23,1900000,1973000,manual
P04,Suite,2025-08-24,1900000,1935000,manual
P04,Suite,2025-08-25,1900000,1956000,manual
P04,Suite,2025-08-26,1900000,2001000,manual
P04,Suite,2025-08-27,1900000,1957000,manual
P04,Suite,2025-08-28,1900000,1950000,manual
P04,Suite,2025-08-29,1900000,1949000,manual
P04,Suite,2025-08-30,1900000,1879000,manual
P04,Suite,2025-08-31,1900000,1947000,manual
P04,Suite,2025-09-01,1900000,1628000,promo
P04,Suite,2025-09-02,1900000,1844000,promo
P04,Suite,2025-09-03,1900000,1764000,promo
P04,Suite,2025-09-04,1900000,1733000,promo
P04,Suite,2025-09-05,1900000,1804000,promo
P04,Suite,2025-09-06,1900000,1806000,promo
P04,Suite,2025-09-07,1900000,1789000,promo
P04,Suite,2025-09-08,1900000,1804000,promo
P04,Suite,2025-09-09,1900000,1827000,promo
P04,Suite,2025-09-10,1900000,1786000,promo
P04,Suite,2025-09-11,1900000,1718000,promo
P04,Suite,2025-09-12,1900000,1820000,promo
P04,Suite,2025-09-13,1900000,1719000,promo
P04,Suite,2025-09-14,1900000,1758000,promo
P04,Suite,2025-09-15,1900000,1762000,promo
P04,Suite,2025-09-16,1900000,1869000,promo
P04,Suite,2025-09-17,1900000,1717000,promo
P04,Suite,2025-09-18,1900000,1768000,promo
P04,Suite,2025-09-19,1900000,1764000,promo
P04,Suite,2025-09-20,1900000,1824000,promo
P04,Suite,2025-09-21,1900000,1915000,promo
P04,Suite,2025-09-22,1900000,1699000,promo
P04,Suite,2025-09-23,1900000,1720000,promo
P04,Suite,2025-09-24,1900000,1796000,promo
P04,Suite,2025-09-25,1900000,1745000,promo
P04,Suite,2025-09-26,1900000,1761000,promo
P04,Suite,2025-09-27,1900000,1814000,promo
P04,Suite,2025-09-28,1900000,1802000,promo
P04,Suite,2025-09-29,1900000,1801000,promo
P04,Suite,2025-09-30,1900000,1738000,promo
P04,Suite,2025-10-01,1900000,1696000,promo
P04,Suite,2025-10-02,1900000,1888000,promo
P04,Suite,2025-10-03,1900000,1781000,promo
P04,Suite,2025-10-04,1900000,1811000,promo
P04,Suite,2025-10-05,1900000,1827000,promo
P04,Suite,2025-10-06,1900000,1808000,promo
P04,Suite,2025-10-07,1900000,1725000,promo
P04,Suite,2025-10-08,1900000,1803000,promo
P04,Suite,2025-10-09,1900000,1815000,promo
P04,Suite,2025-10-10,1900000,1825000,promo
P04,Suite,2025-10-11,1900000,1867000,promo
P04,Suite,2025-10-12,1900000,1854000,promo
P04,Suite,2025-10-13,1900000,1855000,promo
P04,Suite,2025-10-14,1900000,1890000,promo
P04,Suite,2025-10-15,1900000,1781000,promo
P04,Suite,2025-10-16,1900000,1766000,promo
P04,Suite,2025-10-17,1900000,1848000,promo
P04,Suite,2025-10-18,1900000,1789000,promo
P04,Suite,2025-10-19,1900000,1795000,promo
P04,Suite,2025-10-20,1900000,1766000,promo
P04,Suite,2025-10-21,1900000,1761000,promo
P04,Suite,2025-10-22,1900000,1738000,promo
P04,Suite,2025-10-23,1900000,1823000,promo
P04,Suite,2025-10-24,1900000,1775000,promo
P04,Suite,2025-10-25,1900000,1840000,promo
P04,Suite,2025-10-26,1900000,1825000,promo
P04,Suite,2025-10-27,1900000,1908000,promo
P04,Suite,2025-10-28,1900000,1718000,promo
P04,Suite,2025-10-29,1900000,1668000,promo
P04,Suite,2025-10-30,1900000,1800000,promo
P04,Suite,2025-10-31,1900000,1795000,promo
P04,Suite,2025-11-01,1900000,1863000,manual
P04,Suite,2025-11-02,1900000,1929000,manual
P04,Suite,2025-11-03,1900000,1866000,manual
P04,Suite,2025-11-04,1900000,1779000,manual
P04,Suite,2025-11-05,1900000,1850000,manual
P04,Suite,2025-11-06,1900000,1844000,manual
P04,Suite,2025-11-07,1900000,1880000,manual
P04,Suite,2025-11-08,1900000,1859000,manual
P04,Suite,2025-11-09,1900000,1851000,manual
P04,Suite,2025-11-10,1900000,1876000,manual
P04,Suite,2025-11-11,1900000,1970000,manual
P04,Suite,2025-11-12,1900000,1929000,manual
P04,Suite,2025-11-13,1900000,1986000,manual
P04,Suite,2025-11-14,1900000,1853000,manual
P04,Suite,2025-11-15,1900000,1918000,manual
P04,Suite,2025-11-16,1900000,1863000,manual
P04,Suite,2025-11-17,1900000,1956000,manual
P04,Suite,2025-11-18,1900000,1799000,manual
P04,Suite,2025-11-19,1900000,1846000,manual
P04,Suite,2025-11-20,1900000,1853000,manual
P04,Suite,2025-11-21,1900000,1898000,manual
P04,Suite,2025-11-22,1900000,1905000,manual
P04,Suite,2025-11-23,1900000,1980000,manual
P04,Suite,2025-11-24,1900000,1864000,manual
P04,Suite,2025-11-25,1900000,1913000,manual
P04,Suite,2025-11-26,1900000,1924000,manual
P04,Suite,2025-11-27,1900000,1879000,manual
P04,Suite,2025-11-28,1900000,1913000,manual
P04,Suite,2025-11-29,1900000,1916000,manual
P04,Suite,2025-11-30,1900000,1953000,manual
P04,Suite,2025-12-01,1900000,2124000,manual
P04,Suite,2025-12-02,1900000,2103000,manual
P04,Suite,2025-12-03,1900000,2192000,manual
P04,Suite,2025-12-04,1900000,1970000,manual
P04,Suite,2025-12-05,1900000,2233000,manual
P04,Suite,2025-12-06,1900000,2121000,manual
P04,Suite,2025-12-07,1900000,2149000,manual
P04,Suite,2025-12-08,1900000,2221000,manual
P04,Suite,2025-12-09,1900000,2143000,manual
P04,Suite,2025-12-10,1900000,2146000,manual
P04,Suite,2025-12-11,1900000,2186000,manual
P04,Suite,2025-12-12,1900000,2125000,manual
P04,Suite,2025-12-13,1900000,2102000,manual
P04,Suite,2025-12-14,1900000,2260000,manual
P04,Suite,2025-12-15,1900000,2077000,manual
P04,Suite,2025-12-16,1900000,2107000,manual
P04,Suite,2025-12-17,1900000,2135000,manual
P04,Suite,2025-12-18,1900000,2239000,manual
P04,Suite,2025-12-19,1900000,2133000,manual
P04,Suite,2025-12-20,1900000,2116000,manual
P04,Suite,2025-12-21,1900000,2105000,manual
P04,Suite,2025-12-22,1900000,2128000,manual
P04,Suite,2025-12-23,1900000,2150000,manual
P04,Suite,2025-12-24,1900000,2069000,manual
P04,Suite,2025-12-25,1900000,2064000,manual
P04,Suite,2025-12-26,1900000,2241000,manual
P04,Suite,2025-12-27,1900000,2134000,manual
P04,Suite,2025-12-28,1900000,2012000,manual
P04,Suite,2025-12-29,1900000,2116000,manual
P04,Suite,2025-12-30,1900000,2206000,manual
P04,Suite,2025-12-31,1900000,2126000,manual
P04,Suite,2026-01-01,1900000,2177000,manual
P04,Suite,2026-01-02,1900000,2146000,manual
P04,Suite,2026-01-03,1900000,2141000,manual
P04,Suite,2026-01-04,1900000,2188000,manual
P04,Suite,2026-01-05,1900000,2131000,manual
P04,Suite,2026-01-06,1900000,1982000,manual
P04,Suite,2026-01-07,1900000,2133000,manual
P04,Suite,2026-01-08,1900000,2137000,manual
P04,Suite,2026-01-09,1900000,2160000,manual
P04,Suite,2026-01-10,1900000,2240000,manual
P04,Suite,2026-01-11,1900000,2056000,manual
P04,Suite,2026-01-12,1900000,1952000,manual
P04,Suite,2026-01-13,1900000,1972000,manual
P04,Suite,2026-01-14,1900000,2070000,manual
P04,Suite,2026-01-15,1900000,2160000,manual
P04,Suite,2026-01-16,1900000,2131000,manual
P04,Suite,2026-01-17,1900000,2061000,manual
P04,Suite,2026-01-18,1900000,2026000,manual
P04,Suite,2026-01-19,1900000,2120000,manual
P04,Suite,2026-01-20,1900000,2103000,manual
P04,Suite,2026-01-21,1900000,2052000,manual
P04,Suite,2026-01-22,1900000,2061000,manual
P04,Suite,2026-01-23,1900000,2121000,manual
P04,Suite,2026-01-24,1900000,2102000,manual
P04,Suite,2026-01-25,1900000,2077000,manual
P04,Suite,2026-01-26,1900000,2175000,manual
P04,Suite,2026-01-27,1900000,2099000,manual
P04,Suite,2026-01-28,1900000,2055000,manual
P04,Suite,2026-01-29,1900000,2085000,manual
P04,Suite,2026-01-30,1900000,2066000,manual
P04,Suite,2026-01-31,1900000,2145000,manual
P04,Suite,2026-02-01,1900000,1734000,promo
P04,Suite,2026-02-02,1900000,1700000,promo
P04,Suite,2026-02-03,1900000,1723000,promo
P04,Suite,2026-02-04,1900000,1746000,promo
P04,Suite,2026-02-05,1900000,1762000,promo
P04,Suite,2026-02-06,1900000,1808000,promo
P04,Suite,2026-02-07,1900000,1829000,promo
P04,Suite,2026-02-08,1900000,1825000,promo
P04,Suite,2026-02-09,1900000,1790000,promo
P04,Suite,2026-02-10,1900000,1700000,promo
P04,Suite,2026-02-11,1900000,1744000,promo
P04,Suite,2026-02-12,1900000,1752000,promo
P04,Suite,2026-02-13,1900000,1736000,promo
P04,Suite,2026-02-14,1900000,1750000,promo
P04,Suite,2026-02-15,1900000,1705000,promo
P04,Suite,2026-02-16,1900000,1886000,promo
P04,Suite,2026-02-17,1900000,1671000,promo
P04,Suite,2026-02-18,1900000,1708000,promo
P04,Suite,2026-02-19,1900000,1776000,promo
P04,Suite,2026-02-20,1900000,1777000,promo
P04,Suite,2026-02-21,1900000,1836000,promo
P04,Suite,2026-02-22,1900000,1839000,promo
P04,Suite,2026-02-23,1900000,1822000,promo
P04,Suite,2026-02-24,1900000,1736000,promo
P04,Suite,2026-02-25,1900000,1736000,promo
P04,Suite,2026-02-26,1900000,1891000,promo
P04,Suite,2026-02-27,1900000,1803000,promo
P04,Suite,2026-02-28,1900000,1750000,promo
P04,Suite,2026-03-01,1900000,1804000,promo
P04,Suite,2026-03-02,1900000,1884000,promo
P04,Suite,2026-03-03,1900000,1805000,promo
P04,Suite,2026-03-04,1900000,1791000,promo
P04,Suite,2026-03-05,1900000,1793000,promo
P04,Suite,2026-03-06,1900000,1898000,promo
P04,Suite,2026-03-07,1900000,1822000,promo
P04,Suite,2026-03-08,1900000,1742000,promo
P04,Suite,2026-03-09,1900000,1809000,promo
P04,Suite,2026-03-10,1900000,1707000,promo
P04,Suite,2026-03-11,1900000,1743000,promo
P04,Suite,2026-03-12,1900000,1834000,promo
P04,Suite,2026-03-13,1900000,1765000,promo
P04,Suite,2026-03-14,1900000,1743000,promo
P04,Suite,2026-03-15,1900000,1816000,promo
P04,Suite,2026-03-16,1900000,1837000,promo
P04,Suite,2026-03-17,1900000,1738000,promo
P04,Suite,2026-03-18,1900000,1858000,promo
P04,Suite,2026-03-19,1900000,1809000,promo
P04,Suite,2026-03-20,1900000,1784000,promo
P04,Suite,2026-03-21,1900000,1773000,promo
P04,Suite,2026-03-22,1900000,1790000,promo
P04,Suite,2026-03-23,1900000,1815000,promo
P04,Suite,2026-03-24,1900000,1858000,promo
P04,Suite,2026-03-25,1900000,1813000,promo
P04,Suite,2026-03-26,1900000,1824000,promo
P04,Suite,2026-03-27,1900000,1849000,promo
P04,Suite,2026-03-28,1900000,1816000,promo
P04,Suite,2026-03-29,1900000,1836000,promo
P04,Suite,2026-03-30,1900000,1933000,promo
P04,Suite,2026-03-31,1900000,1819000,promo
P04,Suite,2026-04-01,1900000,1876000,manual
P04,Suite,2026-04-02,1900000,1943000,manual
P04,Suite,2026-04-03,1900000,1918000,manual
P04,Suite,2026-04-04,1900000,1863000,manual
P04,Suite,2026-04-05,1900000,1985000,manual
P04,Suite,2026-04-06,1900000,1995000,manual
P04,Suite,2026-04-07,1900000,1893000,manual
P04,Suite,2026-04-08,1900000,1860000,manual
P04,Suite,2026-04-09,1900000,1826000,manual
P04,Suite,2026-04-10,1900000,1934000,manual
P04,Suite,2026-04-11,1900000,1742000,manual
P04,Suite,2026-04-12,1900000,1861000,manual
P04,Suite,2026-04-13,1900000,1832000,manual
P04,Suite,2026-04-14,1900000,1934000,manual
P04,Suite,2026-04-15,1900000,1862000,manual
P04,Suite,2026-04-16,1900000,1926000,manual
P04,Suite,2026-04-17,1900000,1947000,manual
P04,Suite,2026-04-18,1900000,1880000,manual
P04,Suite,2026-04-19,1900000,1920000,manual
P04,Suite,2026-04-20,1900000,1804000,manual
P04,Suite,2026-04-21,1900000,1941000,manual
P04,Suite,2026-04-22,1900000,1895000,manual
P04,Suite,2026-04-23,1900000,1987000,manual
P04,Suite,2026-04-24,1900000,1884000,manual
P04,Suite,2026-04-25,1900000,1992000,manual
P04,Suite,2026-04-26,1900000,1897000,manual
P04,Suite,2026-04-27,1900000,1947000,manual
P04,Suite,2026-04-28,1900000,1853000,manual
P04,Suite,2026-04-29,1900000,1893000,manual
P04,Suite,2026-04-30,1900000,1949000,manual
P04,Suite,2026-05-01,1900000,1976000,manual
P04,Suite,2026-05-02,1900000,1881000,manual
P04,Suite,2026-05-03,1900000,1867000,manual
P04,Suite,2026-05-04,1900000,1876000,manual
P04,Suite,2026-05-05,1900000,1869000,manual
P04,Suite,2026-05-06,1900000,1830000,manual
P04,Suite,2026-05-07,1900000,1951000,manual
P04,Suite,2026-05-08,1900000,1982000,manual
P04,Suite,2026-05-09,1900000,1839000,manual
P04,Suite,2026-05-10,1900000,1821000,manual
P04,Suite,2026-05-11,1900000,1927000,manual
P04,Suite,2026-05-12,1900000,1947000,manual
P04,Suite,2026-05-13,1900000,1908000,manual
P04,Suite,2026-05-14,1900000,1877000,manual
P04,Suite,2026-05-15,1900000,1981000,manual
P04,Suite,2026-05-16,1900000,1867000,manual
P04,Suite,2026-05-17,1900000,1895000,manual
P04,Suite,2026-05-18,1900000,1998000,manual
P04,Suite,2026-05-19,1900000,1875000,manual
P04,Suite,2026-05-20,1900000,1850000,manual
P04,Suite,2026-05-21,1900000,1914000,manual
P04,Suite,2026-05-22,1900000,1953000,manual
P04,Suite,2026-05-23,1900000,1899000,manual
P04,Suite,2026-05-24,1900000,1926000,manual
P04,Suite,2026-05-25,1900000,1967000,manual
P04,Suite,2026-05-26,1900000,1876000,manual
P04,Suite,2026-05-27,1900000,1938000,manual
P04,Suite,2026-05-28,1900000,2085000,manual
P04,Suite,2026-05-29,1900000,1997000,manual
P04,Suite,2026-05-30,1900000,1925000,manual
P04,Suite,2026-05-31,1900000,1920000,manual
P04,Suite,2026-06-01,1900000,2108000,manual
P04,Suite,2026-06-02,1900000,2149000,manual
P04,Suite,2026-06-03,1900000,2151000,manual
P04,Suite,2026-06-04,1900000,1985000,manual
P04,Suite,2026-06-05,1900000,1937000,manual
P04,Suite,2026-06-06,1900000,1966000,manual
P04,Suite,2026-06-07,1900000,2111000,manual
P04,Suite,2026-06-08,1900000,1970000,manual
P04,Suite,2026-06-09,1900000,2031000,manual
P04,Suite,2026-06-10,1900000,2099000,manual
P04,Suite,2026-06-11,1900000,2048000,manual
P04,Suite,2026-06-12,1900000,2023000,manual
P04,Suite,2026-06-13,1900000,2065000,manual
P04,Suite,2026-06-14,1900000,2138000,manual
P04,Suite,2026-06-15,1900000,2036000,manual
P04,Suite,2026-06-16,1900000,2110000,manual
P04,Suite,2026-06-17,1900000,2110000,manual
P04,Suite,2026-06-18,1900000,2057000,manual
P04,Suite,2026-06-19,1900000,2053000,manual
P04,Suite,2026-06-20,1900000,2148000,manual
P04,Suite,2026-06-21,1900000,2191000,manual
P04,Suite,2026-06-22,1900000,2133000,manual
P04,Suite,2026-06-23,1900000,1964000,manual
P04,Suite,2026-06-24,1900000,2027000,manual
P04,Suite,2026-06-25,1900000,2059000,manual
P04,Suite,2026-06-26,1900000,2129000,manual
P04,Suite,2026-06-27,1900000,2048000,manual
P04,Suite,2026-06-28,1900000,2006000,manual
P04,Suite,2026-06-29,1900000,2018000,manual
P04,Suite,2026-06-30,1900000,1985000,manual
P04,Villa,2023-07-01,3200000,3739000,manual
P04,Villa,2023-07-02,3200000,3517000,manual
P04,Villa,2023-07-03,3200000,3415000,manual
P04,Villa,2023-07-04,3200000,3645000,manual
P04,Villa,2023-07-05,3200000,3585000,manual
P04,Villa,2023-07-06,3200000,3660000,manual
P04,Villa,2023-07-07,3200000,3457000,manual
P04,Villa,2023-07-08,3200000,3441000,manual
P04,Villa,2023-07-09,3200000,3451000,manual
P04,Villa,2023-07-10,3200000,3582000,manual
P04,Villa,2023-07-11,3200000,3654000,manual
P04,Villa,2023-07-12,3200000,3555000,manual
P04,Villa,2023-07-13,3200000,3644000,manual
P04,Villa,2023-07-14,3200000,3530000,manual
P04,Villa,2023-07-15,3200000,3643000,manual
P04,Villa,2023-07-16,3200000,3382000,manual
P04,Villa,2023-07-17,3200000,3350000,manual
P04,Villa,2023-07-18,3200000,3686000,manual
P04,Villa,2023-07-19,3200000,3549000,manual
P04,Villa,2023-07-20,3200000,3668000,manual
P04,Villa,2023-07-21,3200000,3617000,manual
P04,Villa,2023-07-22,3200000,3371000,manual
P04,Villa,2023-07-23,3200000,3835000,manual
P04,Villa,2023-07-24,3200000,3336000,manual
P04,Villa,2023-07-25,3200000,3482000,manual
P04,Villa,2023-07-26,3200000,3495000,manual
P04,Villa,2023-07-27,3200000,3596000,manual
P04,Villa,2023-07-28,3200000,3533000,manual
P04,Villa,2023-07-29,3200000,3429000,manual
P04,Villa,2023-07-30,3200000,3464000,manual
P04,Villa,2023-07-31,3200000,3517000,manual
P04,Villa,2023-08-01,3200000,3249000,manual
P04,Villa,2023-08-02,3200000,3360000,manual
P04,Villa,2023-08-03,3200000,3320000,manual
P04,Villa,2023-08-04,3200000,3231000,manual
P04,Villa,2023-08-05,3200000,3233000,manual
P04,Villa,2023-08-06,3200000,3341000,manual
P04,Villa,2023-08-07,3200000,3161000,manual
P04,Villa,2023-08-08,3200000,3500000,manual
P04,Villa,2023-08-09,3200000,3200000,manual
P04,Villa,2023-08-10,3200000,3320000,manual
P04,Villa,2023-08-11,3200000,3324000,manual
P04,Villa,2023-08-12,3200000,3293000,manual
P04,Villa,2023-08-13,3200000,3441000,manual
P04,Villa,2023-08-14,3200000,3404000,manual
P04,Villa,2023-08-15,3200000,3225000,manual
P04,Villa,2023-08-16,3200000,3155000,manual
P04,Villa,2023-08-17,3200000,3143000,manual
P04,Villa,2023-08-18,3200000,3068000,manual
P04,Villa,2023-08-19,3200000,3434000,manual
P04,Villa,2023-08-20,3200000,3359000,manual
P04,Villa,2023-08-21,3200000,3240000,manual
P04,Villa,2023-08-22,3200000,3209000,manual
P04,Villa,2023-08-23,3200000,3170000,manual
P04,Villa,2023-08-24,3200000,3343000,manual
P04,Villa,2023-08-25,3200000,3178000,manual
P04,Villa,2023-08-26,3200000,3414000,manual
P04,Villa,2023-08-27,3200000,3244000,manual
P04,Villa,2023-08-28,3200000,3282000,manual
P04,Villa,2023-08-29,3200000,3314000,manual
P04,Villa,2023-08-30,3200000,3190000,manual
P04,Villa,2023-08-31,3200000,3224000,manual
P04,Villa,2023-09-01,3200000,3036000,promo
P04,Villa,2023-09-02,3200000,3090000,promo
P04,Villa,2023-09-03,3200000,3075000,promo
P04,Villa,2023-09-04,3200000,2855000,promo
P04,Villa,2023-09-05,3200000,2948000,promo
P04,Villa,2023-09-06,3200000,3041000,promo
P04,Villa,2023-09-07,3200000,2957000,promo
P04,Villa,2023-09-08,3200000,3149000,promo
P04,Villa,2023-09-09,3200000,3032000,promo
P04,Villa,2023-09-10,3200000,2951000,promo
P04,Villa,2023-09-11,3200000,2990000,promo
P04,Villa,2023-09-12,3200000,3089000,promo
P04,Villa,2023-09-13,3200000,2961000,promo
P04,Villa,2023-09-14,3200000,3115000,promo
P04,Villa,2023-09-15,3200000,2943000,promo
P04,Villa,2023-09-16,3200000,2906000,promo
P04,Villa,2023-09-17,3200000,2970000,promo
P04,Villa,2023-09-18,3200000,2945000,promo
P04,Villa,2023-09-19,3200000,2937000,promo
P04,Villa,2023-09-20,3200000,3170000,promo
P04,Villa,2023-09-21,3200000,2815000,promo
P04,Villa,2023-09-22,3200000,3066000,promo
P04,Villa,2023-09-23,3200000,2888000,promo
P04,Villa,2023-09-24,3200000,3084000,promo
P04,Villa,2023-09-25,3200000,2857000,promo
P04,Villa,2023-09-26,3200000,3021000,promo
P04,Villa,2023-09-27,3200000,2923000,promo
P04,Villa,2023-09-28,3200000,2893000,promo
P04,Villa,2023-09-29,3200000,2920000,promo
P04,Villa,2023-09-30,3200000,3024000,promo
P04,Villa,2023-10-01,3200000,2999000,promo
P04,Villa,2023-10-02,3200000,3029000,promo
P04,Villa,2023-10-03,3200000,2968000,promo
P04,Villa,2023-10-04,3200000,3112000,promo
P04,Villa,2023-10-05,3200000,2978000,promo
P04,Villa,2023-10-06,3200000,3042000,promo
P04,Villa,2023-10-07,3200000,3091000,promo
P04,Villa,2023-10-08,3200000,3034000,promo
P04,Villa,2023-10-09,3200000,3100000,promo
P04,Villa,2023-10-10,3200000,3056000,promo
P04,Villa,2023-10-11,3200000,3097000,promo
P04,Villa,2023-10-12,3200000,3101000,promo
P04,Villa,2023-10-13,3200000,3040000,promo
P04,Villa,2023-10-14,3200000,2830000,promo
P04,Villa,2023-10-15,3200000,3031000,promo
P04,Villa,2023-10-16,3200000,3079000,promo
P04,Villa,2023-10-17,3200000,2851000,promo
P04,Villa,2023-10-18,3200000,3036000,promo
P04,Villa,2023-10-19,3200000,3140000,promo
P04,Villa,2023-10-20,3200000,3102000,promo
P04,Villa,2023-10-21,3200000,3176000,promo
P04,Villa,2023-10-22,3200000,2941000,promo
P04,Villa,2023-10-23,3200000,3109000,promo
P04,Villa,2023-10-24,3200000,3103000,promo
P04,Villa,2023-10-25,3200000,3012000,promo
P04,Villa,2023-10-26,3200000,3008000,promo
P04,Villa,2023-10-27,3200000,3036000,promo
P04,Villa,2023-10-28,3200000,2968000,promo
P04,Villa,2023-10-29,3200000,3119000,promo
P04,Villa,2023-10-30,3200000,2991000,promo
P04,Villa,2023-10-31,3200000,3089000,promo
P04,Villa,2023-11-01,3200000,3032000,manual
P04,Villa,2023-11-02,3200000,3194000,manual
P04,Villa,2023-11-03,3200000,3161000,manual
P04,Villa,2023-11-04,3200000,3059000,manual
P04,Villa,2023-11-05,3200000,3188000,manual
P04,Villa,2023-11-06,3200000,3259000,manual
P04,Villa,2023-11-07,3200000,3079000,manual
P04,Villa,2023-11-08,3200000,3136000,manual
P04,Villa,2023-11-09,3200000,3242000,manual
P04,Villa,2023-11-10,3200000,3112000,manual
P04,Villa,2023-11-11,3200000,3205000,manual
P04,Villa,2023-11-12,3200000,3136000,manual
P04,Villa,2023-11-13,3200000,3087000,manual
P04,Villa,2023-11-14,3200000,3197000,manual
P04,Villa,2023-11-15,3200000,3236000,manual
P04,Villa,2023-11-16,3200000,3316000,manual
P04,Villa,2023-11-17,3200000,3107000,manual
P04,Villa,2023-11-18,3200000,3186000,manual
P04,Villa,2023-11-19,3200000,2976000,manual
P04,Villa,2023-11-20,3200000,3179000,manual
P04,Villa,2023-11-21,3200000,3264000,manual
P04,Villa,2023-11-22,3200000,3247000,manual
P04,Villa,2023-11-23,3200000,3126000,manual
P04,Villa,2023-11-24,3200000,3219000,manual
P04,Villa,2023-11-25,3200000,3067000,manual
P04,Villa,2023-11-26,3200000,3079000,manual
P04,Villa,2023-11-27,3200000,3137000,manual
P04,Villa,2023-11-28,3200000,3202000,manual
P04,Villa,2023-11-29,3200000,3106000,manual
P04,Villa,2023-11-30,3200000,3097000,manual
P04,Villa,2023-12-01,3200000,3674000,manual
P04,Villa,2023-12-02,3200000,3584000,manual
P04,Villa,2023-12-03,3200000,3671000,manual
P04,Villa,2023-12-04,3200000,3546000,manual
P04,Villa,2023-12-05,3200000,3564000,manual
P04,Villa,2023-12-06,3200000,3592000,manual
P04,Villa,2023-12-07,3200000,3731000,manual
P04,Villa,2023-12-08,3200000,3553000,manual
P04,Villa,2023-12-09,3200000,3525000,manual
P04,Villa,2023-12-10,3200000,3444000,manual
P04,Villa,2023-12-11,3200000,3673000,manual
P04,Villa,2023-12-12,3200000,3632000,manual
P04,Villa,2023-12-13,3200000,3489000,manual
P04,Villa,2023-12-14,3200000,3425000,manual
P04,Villa,2023-12-15,3200000,3752000,manual
P04,Villa,2023-12-16,3200000,3720000,manual
P04,Villa,2023-12-17,3200000,3579000,manual
P04,Villa,2023-12-18,3200000,3668000,manual
P04,Villa,2023-12-19,3200000,3702000,manual
P04,Villa,2023-12-20,3200000,3651000,manual
P04,Villa,2023-12-21,3200000,3554000,manual
P04,Villa,2023-12-22,3200000,3437000,manual
P04,Villa,2023-12-23,3200000,3572000,manual
P04,Villa,2023-12-24,3200000,3638000,manual
P04,Villa,2023-12-25,3200000,3520000,manual
P04,Villa,2023-12-26,3200000,3602000,manual
P04,Villa,2023-12-27,3200000,3614000,manual
P04,Villa,2023-12-28,3200000,3767000,manual
P04,Villa,2023-12-29,3200000,3503000,manual
P04,Villa,2023-12-30,3200000,3780000,manual
P04,Villa,2023-12-31,3200000,3659000,manual
P04,Villa,2024-01-01,3200000,3507000,manual
P04,Villa,2024-01-02,3200000,3681000,manual
P04,Villa,2024-01-03,3200000,3529000,manual
P04,Villa,2024-01-04,3200000,3487000,manual
P04,Villa,2024-01-05,3200000,3590000,manual
P04,Villa,2024-01-06,3200000,3701000,manual
P04,Villa,2024-01-07,3200000,3459000,manual
P04,Villa,2024-01-08,3200000,3487000,manual
P04,Villa,2024-01-09,3200000,3557000,manual
P04,Villa,2024-01-10,3200000,3355000,manual
P04,Villa,2024-01-11,3200000,3565000,manual
P04,Villa,2024-01-12,3200000,3467000,manual
P04,Villa,2024-01-13,3200000,3606000,manual
P04,Villa,2024-01-14,3200000,3582000,manual
P04,Villa,2024-01-15,3200000,3556000,manual
P04,Villa,2024-01-16,3200000,3722000,manual
P04,Villa,2024-01-17,3200000,3673000,manual
P04,Villa,2024-01-18,3200000,3397000,manual
P04,Villa,2024-01-19,3200000,3652000,manual
P04,Villa,2024-01-20,3200000,3632000,manual
P04,Villa,2024-01-21,3200000,3436000,manual
P04,Villa,2024-01-22,3200000,3553000,manual
P04,Villa,2024-01-23,3200000,3511000,manual
P04,Villa,2024-01-24,3200000,3552000,manual
P04,Villa,2024-01-25,3200000,3437000,manual
P04,Villa,2024-01-26,3200000,3383000,manual
P04,Villa,2024-01-27,3200000,3681000,manual
P04,Villa,2024-01-28,3200000,3637000,manual
P04,Villa,2024-01-29,3200000,3508000,manual
P04,Villa,2024-01-30,3200000,3649000,manual
P04,Villa,2024-01-31,3200000,3584000,manual
P04,Villa,2024-02-01,3200000,3100000,promo
P04,Villa,2024-02-02,3200000,3064000,promo
P04,Villa,2024-02-03,3200000,2983000,promo
P04,Villa,2024-02-04,3200000,2736000,promo
P04,Villa,2024-02-05,3200000,3086000,promo
P04,Villa,2024-02-06,3200000,2987000,promo
P04,Villa,2024-02-07,3200000,2863000,promo
P04,Villa,2024-02-08,3200000,2959000,promo
P04,Villa,2024-02-09,3200000,2963000,promo
P04,Villa,2024-02-10,3200000,3029000,promo
P04,Villa,2024-02-11,3200000,3033000,promo
P04,Villa,2024-02-12,3200000,3112000,promo
P04,Villa,2024-02-13,3200000,3142000,promo
P04,Villa,2024-02-14,3200000,2967000,promo
P04,Villa,2024-02-15,3200000,2923000,promo
P04,Villa,2024-02-16,3200000,2913000,promo
P04,Villa,2024-02-17,3200000,3107000,promo
P04,Villa,2024-02-18,3200000,3007000,promo
P04,Villa,2024-02-19,3200000,2953000,promo
P04,Villa,2024-02-20,3200000,2949000,promo
P04,Villa,2024-02-21,3200000,3031000,promo
P04,Villa,2024-02-22,3200000,3069000,promo
P04,Villa,2024-02-23,3200000,3042000,promo
P04,Villa,2024-02-24,3200000,3046000,promo
P04,Villa,2024-02-25,3200000,3026000,promo
P04,Villa,2024-02-26,3200000,3000000,promo
P04,Villa,2024-02-27,3200000,3063000,promo
P04,Villa,2024-02-28,3200000,3052000,promo
P04,Villa,2024-02-29,3200000,3035000,promo
P04,Villa,2024-03-01,3200000,3022000,promo
P04,Villa,2024-03-02,3200000,2900000,promo
P04,Villa,2024-03-03,3200000,2994000,promo
P04,Villa,2024-03-04,3200000,3010000,promo
P04,Villa,2024-03-05,3200000,3209000,promo
P04,Villa,2024-03-06,3200000,3005000,promo
P04,Villa,2024-03-07,3200000,3020000,promo
P04,Villa,2024-03-08,3200000,3089000,promo
P04,Villa,2024-03-09,3200000,3230000,promo
P04,Villa,2024-03-10,3200000,3031000,promo
P04,Villa,2024-03-11,3200000,2947000,promo
P04,Villa,2024-03-12,3200000,3204000,promo
P04,Villa,2024-03-13,3200000,2935000,promo
P04,Villa,2024-03-14,3200000,2946000,promo
P04,Villa,2024-03-15,3200000,3055000,promo
P04,Villa,2024-03-16,3200000,3065000,promo
P04,Villa,2024-03-17,3200000,2911000,promo
P04,Villa,2024-03-18,3200000,3004000,promo
P04,Villa,2024-03-19,3200000,3007000,promo
P04,Villa,2024-03-20,3200000,3129000,promo
P04,Villa,2024-03-21,3200000,3123000,promo
P04,Villa,2024-03-22,3200000,2966000,promo
P04,Villa,2024-03-23,3200000,3013000,promo
P04,Villa,2024-03-24,3200000,2961000,promo
P04,Villa,2024-03-25,3200000,2965000,promo
P04,Villa,2024-03-26,3200000,2850000,promo
P04,Villa,2024-03-27,3200000,3108000,promo
P04,Villa,2024-03-28,3200000,3123000,promo
P04,Villa,2024-03-29,3200000,3047000,promo
P04,Villa,2024-03-30,3200000,2991000,promo
P04,Villa,2024-03-31,3200000,2952000,promo
P04,Villa,2024-04-01,3200000,3215000,manual
P04,Villa,2024-04-02,3200000,3340000,manual
P04,Villa,2024-04-03,3200000,3282000,manual
P04,Villa,2024-04-04,3200000,3031000,manual
P04,Villa,2024-04-05,3200000,3291000,manual
P04,Villa,2024-04-06,3200000,3028000,manual
P04,Villa,2024-04-07,3200000,3216000,manual
P04,Villa,2024-04-08,3200000,3217000,manual
P04,Villa,2024-04-09,3200000,3292000,manual
P04,Villa,2024-04-10,3200000,3165000,manual
P04,Villa,2024-04-11,3200000,3194000,manual
P04,Villa,2024-04-12,3200000,3169000,manual
P04,Villa,2024-04-13,3200000,3125000,manual
P04,Villa,2024-04-14,3200000,3076000,manual
P04,Villa,2024-04-15,3200000,3066000,manual
P04,Villa,2024-04-16,3200000,3269000,manual
P04,Villa,2024-04-17,3200000,3291000,manual
P04,Villa,2024-04-18,3200000,3071000,manual
P04,Villa,2024-04-19,3200000,3132000,manual
P04,Villa,2024-04-20,3200000,3190000,manual
P04,Villa,2024-04-21,3200000,3119000,manual
P04,Villa,2024-04-22,3200000,3113000,manual
P04,Villa,2024-04-23,3200000,3367000,manual
P04,Villa,2024-04-24,3200000,3246000,manual
P04,Villa,2024-04-25,3200000,3129000,manual
P04,Villa,2024-04-26,3200000,2970000,manual
P04,Villa,2024-04-27,3200000,3248000,manual
P04,Villa,2024-04-28,3200000,3248000,manual
P04,Villa,2024-04-29,3200000,3407000,manual
P04,Villa,2024-04-30,3200000,3121000,manual
P04,Villa,2024-05-01,3200000,3521000,manual
P04,Villa,2024-05-02,3200000,3088000,manual
P04,Villa,2024-05-03,3200000,3209000,manual
P04,Villa,2024-05-04,3200000,3175000,manual
P04,Villa,2024-05-05,3200000,3212000,manual
P04,Villa,2024-05-06,3200000,3366000,manual
P04,Villa,2024-05-07,3200000,3184000,manual
P04,Villa,2024-05-08,3200000,3144000,manual
P04,Villa,2024-05-09,3200000,3093000,manual
P04,Villa,2024-05-10,3200000,3373000,manual
P04,Villa,2024-05-11,3200000,3227000,manual
P04,Villa,2024-05-12,3200000,3090000,manual
P04,Villa,2024-05-13,3200000,3107000,manual
P04,Villa,2024-05-14,3200000,3248000,manual
P04,Villa,2024-05-15,3200000,3142000,manual
P04,Villa,2024-05-16,3200000,3076000,manual
P04,Villa,2024-05-17,3200000,3111000,manual
P04,Villa,2024-05-18,3200000,3211000,manual
P04,Villa,2024-05-19,3200000,3157000,manual
P04,Villa,2024-05-20,3200000,3286000,manual
P04,Villa,2024-05-21,3200000,3191000,manual
P04,Villa,2024-05-22,3200000,3361000,manual
P04,Villa,2024-05-23,3200000,3330000,manual
P04,Villa,2024-05-24,3200000,3138000,manual
P04,Villa,2024-05-25,3200000,3266000,manual
P04,Villa,2024-05-26,3200000,3338000,manual
P04,Villa,2024-05-27,3200000,3033000,manual
P04,Villa,2024-05-28,3200000,3259000,manual
P04,Villa,2024-05-29,3200000,3228000,manual
P04,Villa,2024-05-30,3200000,3226000,manual
P04,Villa,2024-05-31,3200000,3153000,manual
P04,Villa,2024-06-01,3200000,3372000,manual
P04,Villa,2024-06-02,3200000,3494000,manual
P04,Villa,2024-06-03,3200000,3440000,manual
P04,Villa,2024-06-04,3200000,3566000,manual
P04,Villa,2024-06-05,3200000,3444000,manual
P04,Villa,2024-06-06,3200000,3408000,manual
P04,Villa,2024-06-07,3200000,3414000,manual
P04,Villa,2024-06-08,3200000,3447000,manual
P04,Villa,2024-06-09,3200000,3375000,manual
P04,Villa,2024-06-10,3200000,3422000,manual
P04,Villa,2024-06-11,3200000,3530000,manual
P04,Villa,2024-06-12,3200000,3318000,manual
P04,Villa,2024-06-13,3200000,3398000,manual
P04,Villa,2024-06-14,3200000,3470000,manual
P04,Villa,2024-06-15,3200000,3412000,manual
P04,Villa,2024-06-16,3200000,3536000,manual
P04,Villa,2024-06-17,3200000,3381000,manual
P04,Villa,2024-06-18,3200000,3371000,manual
P04,Villa,2024-06-19,3200000,3563000,manual
P04,Villa,2024-06-20,3200000,3560000,manual
P04,Villa,2024-06-21,3200000,3395000,manual
P04,Villa,2024-06-22,3200000,3390000,manual
P04,Villa,2024-06-23,3200000,3414000,manual
P04,Villa,2024-06-24,3200000,3277000,manual
P04,Villa,2024-06-25,3200000,3133000,manual
P04,Villa,2024-06-26,3200000,3338000,manual
P04,Villa,2024-06-27,3200000,3400000,manual
P04,Villa,2024-06-28,3200000,3363000,manual
P04,Villa,2024-06-29,3200000,3614000,manual
P04,Villa,2024-06-30,3200000,3430000,manual
P04,Villa,2024-07-01,3200000,3440000,manual
P04,Villa,2024-07-02,3200000,3640000,manual
P04,Villa,2024-07-03,3200000,3505000,manual
P04,Villa,2024-07-04,3200000,3558000,manual
P04,Villa,2024-07-05,3200000,3363000,manual
P04,Villa,2024-07-06,3200000,3515000,manual
P04,Villa,2024-07-07,3200000,3586000,manual
P04,Villa,2024-07-08,3200000,3613000,manual
P04,Villa,2024-07-09,3200000,3527000,manual
P04,Villa,2024-07-10,3200000,3601000,manual
P04,Villa,2024-07-11,3200000,3517000,manual
P04,Villa,2024-07-12,3200000,3456000,manual
P04,Villa,2024-07-13,3200000,3631000,manual
P04,Villa,2024-07-14,3200000,3408000,manual
P04,Villa,2024-07-15,3200000,3648000,manual
P04,Villa,2024-07-16,3200000,3659000,manual
P04,Villa,2024-07-17,3200000,3523000,manual
P04,Villa,2024-07-18,3200000,3483000,manual
P04,Villa,2024-07-19,3200000,3552000,manual
P04,Villa,2024-07-20,3200000,3681000,manual
P04,Villa,2024-07-21,3200000,3509000,manual
P04,Villa,2024-07-22,3200000,3590000,manual
P04,Villa,2024-07-23,3200000,3437000,manual
P04,Villa,2024-07-24,3200000,3636000,manual
P04,Villa,2024-07-25,3200000,3592000,manual
P04,Villa,2024-07-26,3200000,3564000,manual
P04,Villa,2024-07-27,3200000,3573000,manual
P04,Villa,2024-07-28,3200000,3518000,manual
P04,Villa,2024-07-29,3200000,3593000,manual
P04,Villa,2024-07-30,3200000,3645000,manual
P04,Villa,2024-07-31,3200000,3554000,manual
P04,Villa,2024-08-01,3200000,3358000,manual
P04,Villa,2024-08-02,3200000,3163000,manual
P04,Villa,2024-08-03,3200000,3438000,manual
P04,Villa,2024-08-04,3200000,3267000,manual
P04,Villa,2024-08-05,3200000,3233000,manual
P04,Villa,2024-08-06,3200000,3283000,manual
P04,Villa,2024-08-07,3200000,3361000,manual
P04,Villa,2024-08-08,3200000,3366000,manual
P04,Villa,2024-08-09,3200000,3204000,manual
P04,Villa,2024-08-10,3200000,3304000,manual
P04,Villa,2024-08-11,3200000,3184000,manual
P04,Villa,2024-08-12,3200000,3138000,manual
P04,Villa,2024-08-13,3200000,3081000,manual
P04,Villa,2024-08-14,3200000,3373000,manual
P04,Villa,2024-08-15,3200000,3386000,manual
P04,Villa,2024-08-16,3200000,3220000,manual
P04,Villa,2024-08-17,3200000,3246000,manual
P04,Villa,2024-08-18,3200000,3162000,manual
P04,Villa,2024-08-19,3200000,3304000,manual
P04,Villa,2024-08-20,3200000,3476000,manual
P04,Villa,2024-08-21,3200000,3123000,manual
P04,Villa,2024-08-22,3200000,3399000,manual
P04,Villa,2024-08-23,3200000,3309000,manual
P04,Villa,2024-08-24,3200000,3501000,manual
P04,Villa,2024-08-25,3200000,3277000,manual
P04,Villa,2024-08-26,3200000,3413000,manual
P04,Villa,2024-08-27,3200000,3158000,manual
P04,Villa,2024-08-28,3200000,3192000,manual
P04,Villa,2024-08-29,3200000,3414000,manual
P04,Villa,2024-08-30,3200000,3295000,manual
P04,Villa,2024-08-31,3200000,3163000,manual
P04,Villa,2024-09-01,3200000,3044000,promo
P04,Villa,2024-09-02,3200000,3042000,promo
P04,Villa,2024-09-03,3200000,2900000,promo
P04,Villa,2024-09-04,3200000,3020000,promo
P04,Villa,2024-09-05,3200000,3087000,promo
P04,Villa,2024-09-06,3200000,3057000,promo
P04,Villa,2024-09-07,3200000,3034000,promo
P04,Villa,2024-09-08,3200000,2876000,promo
P04,Villa,2024-09-09,3200000,2950000,promo
P04,Villa,2024-09-10,3200000,2996000,promo
P04,Villa,2024-09-11,3200000,3049000,promo
P04,Villa,2024-09-12,3200000,3024000,promo
P04,Villa,2024-09-13,3200000,3117000,promo
P04,Villa,2024-09-14,3200000,2981000,promo
P04,Villa,2024-09-15,3200000,2940000,promo
P04,Villa,2024-09-16,3200000,3069000,promo
P04,Villa,2024-09-17,3200000,2957000,promo
P04,Villa,2024-09-18,3200000,3064000,promo
P04,Villa,2024-09-19,3200000,2929000,promo
P04,Villa,2024-09-20,3200000,3006000,promo
P04,Villa,2024-09-21,3200000,2924000,promo
P04,Villa,2024-09-22,3200000,2904000,promo
P04,Villa,2024-09-23,3200000,3046000,promo
P04,Villa,2024-09-24,3200000,2832000,promo
P04,Villa,2024-09-25,3200000,2957000,promo
P04,Villa,2024-09-26,3200000,3137000,promo
P04,Villa,2024-09-27,3200000,2958000,promo
P04,Villa,2024-09-28,3200000,3024000,promo
P04,Villa,2024-09-29,3200000,2924000,promo
P04,Villa,2024-09-30,3200000,3063000,promo
P04,Villa,2024-10-01,3200000,2970000,promo
P04,Villa,2024-10-02,3200000,3153000,promo
P04,Villa,2024-10-03,3200000,3053000,promo
P04,Villa,2024-10-04,3200000,2929000,promo
P04,Villa,2024-10-05,3200000,2933000,promo
P04,Villa,2024-10-06,3200000,2863000,promo
P04,Villa,2024-10-07,3200000,2970000,promo
P04,Villa,2024-10-08,3200000,2982000,promo
P04,Villa,2024-10-09,3200000,2922000,promo
P04,Villa,2024-10-10,3200000,2941000,promo
P04,Villa,2024-10-11,3200000,3096000,promo
P04,Villa,2024-10-12,3200000,3024000,promo
P04,Villa,2024-10-13,3200000,2993000,promo
P04,Villa,2024-10-14,3200000,2961000,promo
P04,Villa,2024-10-15,3200000,2884000,promo
P04,Villa,2024-10-16,3200000,3063000,promo
P04,Villa,2024-10-17,3200000,3013000,promo
P04,Villa,2024-10-18,3200000,2996000,promo
P04,Villa,2024-10-19,3200000,3056000,promo
P04,Villa,2024-10-20,3200000,3057000,promo
P04,Villa,2024-10-21,3200000,2841000,promo
P04,Villa,2024-10-22,3200000,3008000,promo
P04,Villa,2024-10-23,3200000,2999000,promo
P04,Villa,2024-10-24,3200000,3023000,promo
P04,Villa,2024-10-25,3200000,3001000,promo
P04,Villa,2024-10-26,3200000,3055000,promo
P04,Villa,2024-10-27,3200000,3060000,promo
P04,Villa,2024-10-28,3200000,3083000,promo
P04,Villa,2024-10-29,3200000,2965000,promo
P04,Villa,2024-10-30,3200000,2984000,promo
P04,Villa,2024-10-31,3200000,3027000,promo
P04,Villa,2024-11-01,3200000,3175000,manual
P04,Villa,2024-11-02,3200000,3165000,manual
P04,Villa,2024-11-03,3200000,3241000,manual
P04,Villa,2024-11-04,3200000,3112000,manual
P04,Villa,2024-11-05,3200000,3098000,manual
P04,Villa,2024-11-06,3200000,3049000,manual
P04,Villa,2024-11-07,3200000,3219000,manual
P04,Villa,2024-11-08,3200000,3062000,manual
P04,Villa,2024-11-09,3200000,3144000,manual
P04,Villa,2024-11-10,3200000,3303000,manual
P04,Villa,2024-11-11,3200000,3058000,manual
P04,Villa,2024-11-12,3200000,3108000,manual
P04,Villa,2024-11-13,3200000,3076000,manual
P04,Villa,2024-11-14,3200000,3199000,manual
P04,Villa,2024-11-15,3200000,3119000,manual
P04,Villa,2024-11-16,3200000,3202000,manual
P04,Villa,2024-11-17,3200000,3113000,manual
P04,Villa,2024-11-18,3200000,3141000,manual
P04,Villa,2024-11-19,3200000,3147000,manual
P04,Villa,2024-11-20,3200000,3146000,manual
P04,Villa,2024-11-21,3200000,3205000,manual
P04,Villa,2024-11-22,3200000,3085000,manual
P04,Villa,2024-11-23,3200000,3310000,manual
P04,Villa,2024-11-24,3200000,3035000,manual
P04,Villa,2024-11-25,3200000,3081000,manual
P04,Villa,2024-11-26,3200000,3224000,manual
P04,Villa,2024-11-27,3200000,3121000,manual
P04,Villa,2024-11-28,3200000,3143000,manual
P04,Villa,2024-11-29,3200000,3019000,manual
P04,Villa,2024-11-30,3200000,3355000,manual
P04,Villa,2024-12-01,3200000,3564000,manual
P04,Villa,2024-12-02,3200000,3644000,manual
P04,Villa,2024-12-03,3200000,3580000,manual
P04,Villa,2024-12-04,3200000,3648000,manual
P04,Villa,2024-12-05,3200000,3635000,manual
P04,Villa,2024-12-06,3200000,3436000,manual
P04,Villa,2024-12-07,3200000,3562000,manual
P04,Villa,2024-12-08,3200000,3489000,manual
P04,Villa,2024-12-09,3200000,3410000,manual
P04,Villa,2024-12-10,3200000,3727000,manual
P04,Villa,2024-12-11,3200000,3727000,manual
P04,Villa,2024-12-12,3200000,3595000,manual
P04,Villa,2024-12-13,3200000,3536000,manual
P04,Villa,2024-12-14,3200000,3444000,manual
P04,Villa,2024-12-15,3200000,3349000,manual
P04,Villa,2024-12-16,3200000,3656000,manual
P04,Villa,2024-12-17,3200000,3751000,manual
P04,Villa,2024-12-18,3200000,3560000,manual
P04,Villa,2024-12-19,3200000,3640000,manual
P04,Villa,2024-12-20,3200000,3573000,manual
P04,Villa,2024-12-21,3200000,3567000,manual
P04,Villa,2024-12-22,3200000,3581000,manual
P04,Villa,2024-12-23,3200000,3438000,manual
P04,Villa,2024-12-24,3200000,3617000,manual
P04,Villa,2024-12-25,3200000,3566000,manual
P04,Villa,2024-12-26,3200000,3607000,manual
P04,Villa,2024-12-27,3200000,3618000,manual
P04,Villa,2024-12-28,3200000,3462000,manual
P04,Villa,2024-12-29,3200000,3551000,manual
P04,Villa,2024-12-30,3200000,3554000,manual
P04,Villa,2024-12-31,3200000,3721000,manual
P04,Villa,2025-01-01,3200000,3601000,manual
P04,Villa,2025-01-02,3200000,3704000,manual
P04,Villa,2025-01-03,3200000,3631000,manual
P04,Villa,2025-01-04,3200000,3762000,manual
P04,Villa,2025-01-05,3200000,3675000,manual
P04,Villa,2025-01-06,3200000,3513000,manual
P04,Villa,2025-01-07,3200000,3418000,manual
P04,Villa,2025-01-08,3200000,3550000,manual
P04,Villa,2025-01-09,3200000,3519000,manual
P04,Villa,2025-01-10,3200000,3415000,manual
P04,Villa,2025-01-11,3200000,3514000,manual
P04,Villa,2025-01-12,3200000,3567000,manual
P04,Villa,2025-01-13,3200000,3405000,manual
P04,Villa,2025-01-14,3200000,3523000,manual
P04,Villa,2025-01-15,3200000,3587000,manual
P04,Villa,2025-01-16,3200000,3560000,manual
P04,Villa,2025-01-17,3200000,3546000,manual
P04,Villa,2025-01-18,3200000,3511000,manual
P04,Villa,2025-01-19,3200000,3494000,manual
P04,Villa,2025-01-20,3200000,3656000,manual
P04,Villa,2025-01-21,3200000,3699000,manual
P04,Villa,2025-01-22,3200000,3496000,manual
P04,Villa,2025-01-23,3200000,3519000,manual
P04,Villa,2025-01-24,3200000,3543000,manual
P04,Villa,2025-01-25,3200000,3479000,manual
P04,Villa,2025-01-26,3200000,3633000,manual
P04,Villa,2025-01-27,3200000,3637000,manual
P04,Villa,2025-01-28,3200000,3685000,manual
P04,Villa,2025-01-29,3200000,3393000,manual
P04,Villa,2025-01-30,3200000,3450000,manual
P04,Villa,2025-01-31,3200000,3515000,manual
P04,Villa,2025-02-01,3200000,2986000,promo
P04,Villa,2025-02-02,3200000,3084000,promo
P04,Villa,2025-02-03,3200000,2956000,promo
P04,Villa,2025-02-04,3200000,3065000,promo
P04,Villa,2025-02-05,3200000,2898000,promo
P04,Villa,2025-02-06,3200000,3042000,promo
P04,Villa,2025-02-07,3200000,3199000,promo
P04,Villa,2025-02-08,3200000,3039000,promo
P04,Villa,2025-02-09,3200000,3022000,promo
P04,Villa,2025-02-10,3200000,2927000,promo
P04,Villa,2025-02-11,3200000,3061000,promo
P04,Villa,2025-02-12,3200000,2870000,promo
P04,Villa,2025-02-13,3200000,3098000,promo
P04,Villa,2025-02-14,3200000,3059000,promo
P04,Villa,2025-02-15,3200000,3028000,promo
P04,Villa,2025-02-16,3200000,2875000,promo
P04,Villa,2025-02-17,3200000,3126000,promo
P04,Villa,2025-02-18,3200000,3044000,promo
P04,Villa,2025-02-19,3200000,2906000,promo
P04,Villa,2025-02-20,3200000,3103000,promo
P04,Villa,2025-02-21,3200000,3005000,promo
P04,Villa,2025-02-22,3200000,2968000,promo
P04,Villa,2025-02-23,3200000,3091000,promo
P04,Villa,2025-02-24,3200000,3107000,promo
P04,Villa,2025-02-25,3200000,3018000,promo
P04,Villa,2025-02-26,3200000,3030000,promo
P04,Villa,2025-02-27,3200000,3219000,promo
P04,Villa,2025-02-28,3200000,2877000,promo
P04,Villa,2025-03-01,3200000,3151000,promo
P04,Villa,2025-03-02,3200000,3006000,promo
P04,Villa,2025-03-03,3200000,3033000,promo
P04,Villa,2025-03-04,3200000,3016000,promo
P04,Villa,2025-03-05,3200000,3193000,promo
P04,Villa,2025-03-06,3200000,3133000,promo
P04,Villa,2025-03-07,3200000,2982000,promo
P04,Villa,2025-03-08,3200000,2970000,promo
P04,Villa,2025-03-09,3200000,3051000,promo
P04,Villa,2025-03-10,3200000,2900000,promo
P04,Villa,2025-03-11,3200000,3135000,promo
P04,Villa,2025-03-12,3200000,3154000,promo
P04,Villa,2025-03-13,3200000,2905000,promo
P04,Villa,2025-03-14,3200000,3030000,promo
P04,Villa,2025-03-15,3200000,3061000,promo
P04,Villa,2025-03-16,3200000,3052000,promo
P04,Villa,2025-03-17,3200000,2997000,promo
P04,Villa,2025-03-18,3200000,2853000,promo
P04,Villa,2025-03-19,3200000,3055000,promo
P04,Villa,2025-03-20,3200000,2921000,promo
P04,Villa,2025-03-21,3200000,3087000,promo
P04,Villa,2025-03-22,3200000,3015000,promo
P04,Villa,2025-03-23,3200000,3121000,promo
P04,Villa,2025-03-24,3200000,3126000,promo
P04,Villa,2025-03-25,3200000,2899000,promo
P04,Villa,2025-03-26,3200000,2999000,promo
P04,Villa,2025-03-27,3200000,2985000,promo
P04,Villa,2025-03-28,3200000,2818000,promo
P04,Villa,2025-03-29,3200000,2869000,promo
P04,Villa,2025-03-30,3200000,2919000,promo
P04,Villa,2025-03-31,3200000,3080000,promo
P04,Villa,2025-04-01,3200000,3192000,manual
P04,Villa,2025-04-02,3200000,3259000,manual
P04,Villa,2025-04-03,3200000,3105000,manual
P04,Villa,2025-04-04,3200000,3156000,manual
P04,Villa,2025-04-05,3200000,3263000,manual
P04,Villa,2025-04-06,3200000,3182000,manual
P04,Villa,2025-04-07,3200000,3075000,manual
P04,Villa,2025-04-08,3200000,3206000,manual
P04,Villa,2025-04-09,3200000,3137000,manual
P04,Villa,2025-04-10,3200000,3151000,manual
P04,Villa,2025-04-11,3200000,3256000,manual
P04,Villa,2025-04-12,3200000,3186000,manual
P04,Villa,2025-04-13,3200000,3100000,manual
P04,Villa,2025-04-14,3200000,3236000,manual
P04,Villa,2025-04-15,3200000,3261000,manual
P04,Villa,2025-04-16,3200000,3220000,manual
P04,Villa,2025-04-17,3200000,3222000,manual
P04,Villa,2025-04-18,3200000,3394000,manual
P04,Villa,2025-04-19,3200000,3317000,manual
P04,Villa,2025-04-20,3200000,3157000,manual
P04,Villa,2025-04-21,3200000,3295000,manual
P04,Villa,2025-04-22,3200000,3199000,manual
P04,Villa,2025-04-23,3200000,3363000,manual
P04,Villa,2025-04-24,3200000,3155000,manual
P04,Villa,2025-04-25,3200000,3281000,manual
P04,Villa,2025-04-26,3200000,2973000,manual
P04,Villa,2025-04-27,3200000,3156000,manual
P04,Villa,2025-04-28,3200000,3168000,manual
P04,Villa,2025-04-29,3200000,3312000,manual
P04,Villa,2025-04-30,3200000,3224000,manual
P04,Villa,2025-05-01,3200000,3247000,manual
P04,Villa,2025-05-02,3200000,3302000,manual
P04,Villa,2025-05-03,3200000,3376000,manual
P04,Villa,2025-05-04,3200000,3291000,manual
P04,Villa,2025-05-05,3200000,3109000,manual
P04,Villa,2025-05-06,3200000,3159000,manual
P04,Villa,2025-05-07,3200000,3195000,manual
P04,Villa,2025-05-08,3200000,3298000,manual
P04,Villa,2025-05-09,3200000,3132000,manual
P04,Villa,2025-05-10,3200000,3399000,manual
P04,Villa,2025-05-11,3200000,3196000,manual
P04,Villa,2025-05-12,3200000,3117000,manual
P04,Villa,2025-05-13,3200000,3244000,manual
P04,Villa,2025-05-14,3200000,3280000,manual
P04,Villa,2025-05-15,3200000,3335000,manual
P04,Villa,2025-05-16,3200000,3264000,manual
P04,Villa,2025-05-17,3200000,3245000,manual
P04,Villa,2025-05-18,3200000,3106000,manual
P04,Villa,2025-05-19,3200000,3207000,manual
P04,Villa,2025-05-20,3200000,3139000,manual
P04,Villa,2025-05-21,3200000,3216000,manual
P04,Villa,2025-05-22,3200000,3254000,manual
P04,Villa,2025-05-23,3200000,3204000,manual
P04,Villa,2025-05-24,3200000,3232000,manual
P04,Villa,2025-05-25,3200000,3405000,manual
P04,Villa,2025-05-26,3200000,3225000,manual
P04,Villa,2025-05-27,3200000,3170000,manual
P04,Villa,2025-05-28,3200000,3294000,manual
P04,Villa,2025-05-29,3200000,3255000,manual
P04,Villa,2025-05-30,3200000,3332000,manual
P04,Villa,2025-05-31,3200000,3026000,manual
P04,Villa,2025-06-01,3200000,3660000,manual
P04,Villa,2025-06-02,3200000,3431000,manual
P04,Villa,2025-06-03,3200000,3467000,manual
P04,Villa,2025-06-04,3200000,3337000,manual
P04,Villa,2025-06-05,3200000,3554000,manual
P04,Villa,2025-06-06,3200000,3407000,manual
P04,Villa,2025-06-07,3200000,3396000,manual
P04,Villa,2025-06-08,3200000,3544000,manual
P04,Villa,2025-06-09,3200000,3363000,manual
P04,Villa,2025-06-10,3200000,3477000,manual
P04,Villa,2025-06-11,3200000,3609000,manual
P04,Villa,2025-06-12,3200000,3422000,manual
P04,Villa,2025-06-13,3200000,3278000,manual
P04,Villa,2025-06-14,3200000,3471000,manual
P04,Villa,2025-06-15,3200000,3512000,manual
P04,Villa,2025-06-16,3200000,3242000,manual
P04,Villa,2025-06-17,3200000,3433000,manual
P04,Villa,2025-06-18,3200000,3507000,manual
P04,Villa,2025-06-19,3200000,3424000,manual
P04,Villa,2025-06-20,3200000,3449000,manual
P04,Villa,2025-06-21,3200000,3359000,manual
P04,Villa,2025-06-22,3200000,3361000,manual
P04,Villa,2025-06-23,3200000,3295000,manual
P04,Villa,2025-06-24,3200000,3574000,manual
P04,Villa,2025-06-25,3200000,3456000,manual
P04,Villa,2025-06-26,3200000,3539000,manual
P04,Villa,2025-06-27,3200000,3481000,manual
P04,Villa,2025-06-28,3200000,3228000,manual
P04,Villa,2025-06-29,3200000,3387000,manual
P04,Villa,2025-06-30,3200000,3366000,manual
P04,Villa,2025-07-01,3200000,3343000,manual
P04,Villa,2025-07-02,3200000,3548000,manual
P04,Villa,2025-07-03,3200000,3551000,manual
P04,Villa,2025-07-04,3200000,3521000,manual
P04,Villa,2025-07-05,3200000,3542000,manual
P04,Villa,2025-07-06,3200000,3555000,manual
P04,Villa,2025-07-07,3200000,3620000,manual
P04,Villa,2025-07-08,3200000,3428000,manual
P04,Villa,2025-07-09,3200000,3524000,manual
P04,Villa,2025-07-10,3200000,3694000,manual
P04,Villa,2025-07-11,3200000,3511000,manual
P04,Villa,2025-07-12,3200000,3620000,manual
P04,Villa,2025-07-13,3200000,3426000,manual
P04,Villa,2025-07-14,3200000,3477000,manual
P04,Villa,2025-07-15,3200000,3446000,manual
P04,Villa,2025-07-16,3200000,3679000,manual
P04,Villa,2025-07-17,3200000,3457000,manual
P04,Villa,2025-07-18,3200000,3595000,manual
P04,Villa,2025-07-19,3200000,3627000,manual
P04,Villa,2025-07-20,3200000,3648000,manual
P04,Villa,2025-07-21,3200000,3566000,manual
P04,Villa,2025-07-22,3200000,3515000,manual
P04,Villa,2025-07-23,3200000,3500000,manual
P04,Villa,2025-07-24,3200000,3625000,manual
P04,Villa,2025-07-25,3200000,3731000,manual
P04,Villa,2025-07-26,3200000,3599000,manual
P04,Villa,2025-07-27,3200000,3597000,manual
P04,Villa,2025-07-28,3200000,3519000,manual
P04,Villa,2025-07-29,3200000,3672000,manual
P04,Villa,2025-07-30,3200000,3583000,manual
P04,Villa,2025-07-31,3200000,3577000,manual
P04,Villa,2025-08-01,3200000,3339000,manual
P04,Villa,2025-08-02,3200000,3371000,manual
P04,Villa,2025-08-03,3200000,3366000,manual
P04,Villa,2025-08-04,3200000,3259000,manual
P04,Villa,2025-08-05,3200000,3323000,manual
P04,Villa,2025-08-06,3200000,3252000,manual
P04,Villa,2025-08-07,3200000,3257000,manual
P04,Villa,2025-08-08,3200000,3281000,manual
P04,Villa,2025-08-09,3200000,3266000,manual
P04,Villa,2025-08-10,3200000,3066000,manual
P04,Villa,2025-08-11,3200000,3291000,manual
P04,Villa,2025-08-12,3200000,3392000,manual
P04,Villa,2025-08-13,3200000,3266000,manual
P04,Villa,2025-08-14,3200000,3190000,manual
P04,Villa,2025-08-15,3200000,3350000,manual
P04,Villa,2025-08-16,3200000,3326000,manual
P04,Villa,2025-08-17,3200000,3252000,manual
P04,Villa,2025-08-18,3200000,3468000,manual
P04,Villa,2025-08-19,3200000,3179000,manual
P04,Villa,2025-08-20,3200000,3462000,manual
P04,Villa,2025-08-21,3200000,3183000,manual
P04,Villa,2025-08-22,3200000,3450000,manual
P04,Villa,2025-08-23,3200000,3263000,manual
P04,Villa,2025-08-24,3200000,3252000,manual
P04,Villa,2025-08-25,3200000,3262000,manual
P04,Villa,2025-08-26,3200000,3253000,manual
P04,Villa,2025-08-27,3200000,3227000,manual
P04,Villa,2025-08-28,3200000,3318000,manual
P04,Villa,2025-08-29,3200000,3422000,manual
P04,Villa,2025-08-30,3200000,3259000,manual
P04,Villa,2025-08-31,3200000,3237000,manual
P04,Villa,2025-09-01,3200000,2928000,promo
P04,Villa,2025-09-02,3200000,3080000,promo
P04,Villa,2025-09-03,3200000,3189000,promo
P04,Villa,2025-09-04,3200000,3038000,promo
P04,Villa,2025-09-05,3200000,3046000,promo
P04,Villa,2025-09-06,3200000,2994000,promo
P04,Villa,2025-09-07,3200000,2901000,promo
P04,Villa,2025-09-08,3200000,3099000,promo
P04,Villa,2025-09-09,3200000,2821000,promo
P04,Villa,2025-09-10,3200000,2996000,promo
P04,Villa,2025-09-11,3200000,2911000,promo
P04,Villa,2025-09-12,3200000,2973000,promo
P04,Villa,2025-09-13,3200000,3017000,promo
P04,Villa,2025-09-14,3200000,3101000,promo
P04,Villa,2025-09-15,3200000,2993000,promo
P04,Villa,2025-09-16,3200000,3040000,promo
P04,Villa,2025-09-17,3200000,3045000,promo
P04,Villa,2025-09-18,3200000,2927000,promo
P04,Villa,2025-09-19,3200000,3058000,promo
P04,Villa,2025-09-20,3200000,2978000,promo
P04,Villa,2025-09-21,3200000,3012000,promo
P04,Villa,2025-09-22,3200000,2810000,promo
P04,Villa,2025-09-23,3200000,2966000,promo
P04,Villa,2025-09-24,3200000,2936000,promo
P04,Villa,2025-09-25,3200000,3067000,promo
P04,Villa,2025-09-26,3200000,3056000,promo
P04,Villa,2025-09-27,3200000,2833000,promo
P04,Villa,2025-09-28,3200000,2894000,promo
P04,Villa,2025-09-29,3200000,3125000,promo
P04,Villa,2025-09-30,3200000,3181000,promo
P04,Villa,2025-10-01,3200000,2944000,promo
P04,Villa,2025-10-02,3200000,2976000,promo
P04,Villa,2025-10-03,3200000,3121000,promo
P04,Villa,2025-10-04,3200000,3015000,promo
P04,Villa,2025-10-05,3200000,3136000,promo
P04,Villa,2025-10-06,3200000,3015000,promo
P04,Villa,2025-10-07,3200000,3074000,promo
P04,Villa,2025-10-08,3200000,3109000,promo
P04,Villa,2025-10-09,3200000,3079000,promo
P04,Villa,2025-10-10,3200000,3133000,promo
P04,Villa,2025-10-11,3200000,3039000,promo
P04,Villa,2025-10-12,3200000,3061000,promo
P04,Villa,2025-10-13,3200000,3093000,promo
P04,Villa,2025-10-14,3200000,3183000,promo
P04,Villa,2025-10-15,3200000,3119000,promo
P04,Villa,2025-10-16,3200000,3016000,promo
P04,Villa,2025-10-17,3200000,3016000,promo
P04,Villa,2025-10-18,3200000,2883000,promo
P04,Villa,2025-10-19,3200000,2877000,promo
P04,Villa,2025-10-20,3200000,3112000,promo
P04,Villa,2025-10-21,3200000,3041000,promo
P04,Villa,2025-10-22,3200000,2969000,promo
P04,Villa,2025-10-23,3200000,3291000,promo
P04,Villa,2025-10-24,3200000,3133000,promo
P04,Villa,2025-10-25,3200000,3167000,promo
P04,Villa,2025-10-26,3200000,2896000,promo
P04,Villa,2025-10-27,3200000,2864000,promo
P04,Villa,2025-10-28,3200000,3134000,promo
P04,Villa,2025-10-29,3200000,2948000,promo
P04,Villa,2025-10-30,3200000,3219000,promo
P04,Villa,2025-10-31,3200000,3046000,promo
P04,Villa,2025-11-01,3200000,3185000,manual
P04,Villa,2025-11-02,3200000,3281000,manual
P04,Villa,2025-11-03,3200000,3235000,manual
P04,Villa,2025-11-04,3200000,3235000,manual
P04,Villa,2025-11-05,3200000,3316000,manual
P04,Villa,2025-11-06,3200000,3011000,manual
P04,Villa,2025-11-07,3200000,3305000,manual
P04,Villa,2025-11-08,3200000,3176000,manual
P04,Villa,2025-11-09,3200000,3224000,manual
P04,Villa,2025-11-10,3200000,3098000,manual
P04,Villa,2025-11-11,3200000,3209000,manual
P04,Villa,2025-11-12,3200000,3165000,manual
P04,Villa,2025-11-13,3200000,3082000,manual
P04,Villa,2025-11-14,3200000,3343000,manual
P04,Villa,2025-11-15,3200000,3223000,manual
P04,Villa,2025-11-16,3200000,3282000,manual
P04,Villa,2025-11-17,3200000,3194000,manual
P04,Villa,2025-11-18,3200000,3412000,manual
P04,Villa,2025-11-19,3200000,3144000,manual
P04,Villa,2025-11-20,3200000,3234000,manual
P04,Villa,2025-11-21,3200000,3138000,manual
P04,Villa,2025-11-22,3200000,3179000,manual
P04,Villa,2025-11-23,3200000,3280000,manual
P04,Villa,2025-11-24,3200000,3228000,manual
P04,Villa,2025-11-25,3200000,3076000,manual
P04,Villa,2025-11-26,3200000,3149000,manual
P04,Villa,2025-11-27,3200000,3034000,manual
P04,Villa,2025-11-28,3200000,3127000,manual
P04,Villa,2025-11-29,3200000,3126000,manual
P04,Villa,2025-11-30,3200000,3161000,manual
P04,Villa,2025-12-01,3200000,3467000,manual
P04,Villa,2025-12-02,3200000,3751000,manual
P04,Villa,2025-12-03,3200000,3856000,manual
P04,Villa,2025-12-04,3200000,3548000,manual
P04,Villa,2025-12-05,3200000,3714000,manual
P04,Villa,2025-12-06,3200000,3498000,manual
P04,Villa,2025-12-07,3200000,3421000,manual
P04,Villa,2025-12-08,3200000,3837000,manual
P04,Villa,2025-12-09,3200000,3419000,manual
P04,Villa,2025-12-10,3200000,3632000,manual
P04,Villa,2025-12-11,3200000,3563000,manual
P04,Villa,2025-12-12,3200000,3654000,manual
P04,Villa,2025-12-13,3200000,3661000,manual
P04,Villa,2025-12-14,3200000,3597000,manual
P04,Villa,2025-12-15,3200000,3570000,manual
P04,Villa,2025-12-16,3200000,3607000,manual
P04,Villa,2025-12-17,3200000,3462000,manual
P04,Villa,2025-12-18,3200000,3712000,manual
P04,Villa,2025-12-19,3200000,3542000,manual
P04,Villa,2025-12-20,3200000,3706000,manual
P04,Villa,2025-12-21,3200000,3413000,manual
P04,Villa,2025-12-22,3200000,3564000,manual
P04,Villa,2025-12-23,3200000,3582000,manual
P04,Villa,2025-12-24,3200000,3437000,manual
P04,Villa,2025-12-25,3200000,3666000,manual
P04,Villa,2025-12-26,3200000,3563000,manual
P04,Villa,2025-12-27,3200000,3543000,manual
P04,Villa,2025-12-28,3200000,3542000,manual
P04,Villa,2025-12-29,3200000,3435000,manual
P04,Villa,2025-12-30,3200000,3635000,manual
P04,Villa,2025-12-31,3200000,3559000,manual
P04,Villa,2026-01-01,3200000,3338000,manual
P04,Villa,2026-01-02,3200000,3505000,manual
P04,Villa,2026-01-03,3200000,3405000,manual
P04,Villa,2026-01-04,3200000,3435000,manual
P04,Villa,2026-01-05,3200000,3632000,manual
P04,Villa,2026-01-06,3200000,3534000,manual
P04,Villa,2026-01-07,3200000,3463000,manual
P04,Villa,2026-01-08,3200000,3485000,manual
P04,Villa,2026-01-09,3200000,3592000,manual
P04,Villa,2026-01-10,3200000,3561000,manual
P04,Villa,2026-01-11,3200000,3577000,manual
P04,Villa,2026-01-12,3200000,3502000,manual
P04,Villa,2026-01-13,3200000,3398000,manual
P04,Villa,2026-01-14,3200000,3648000,manual
P04,Villa,2026-01-15,3200000,3530000,manual
P04,Villa,2026-01-16,3200000,3547000,manual
P04,Villa,2026-01-17,3200000,3473000,manual
P04,Villa,2026-01-18,3200000,3379000,manual
P04,Villa,2026-01-19,3200000,3509000,manual
P04,Villa,2026-01-20,3200000,3621000,manual
P04,Villa,2026-01-21,3200000,3567000,manual
P04,Villa,2026-01-22,3200000,3607000,manual
P04,Villa,2026-01-23,3200000,3420000,manual
P04,Villa,2026-01-24,3200000,3413000,manual
P04,Villa,2026-01-25,3200000,3358000,manual
P04,Villa,2026-01-26,3200000,3468000,manual
P04,Villa,2026-01-27,3200000,3431000,manual
P04,Villa,2026-01-28,3200000,3581000,manual
P04,Villa,2026-01-29,3200000,3514000,manual
P04,Villa,2026-01-30,3200000,3571000,manual
P04,Villa,2026-01-31,3200000,3805000,manual
P04,Villa,2026-02-01,3200000,2791000,promo
P04,Villa,2026-02-02,3200000,3055000,promo
P04,Villa,2026-02-03,3200000,2853000,promo
P04,Villa,2026-02-04,3200000,3033000,promo
P04,Villa,2026-02-05,3200000,3026000,promo
P04,Villa,2026-02-06,3200000,3161000,promo
P04,Villa,2026-02-07,3200000,2988000,promo
P04,Villa,2026-02-08,3200000,3055000,promo
P04,Villa,2026-02-09,3200000,2985000,promo
P04,Villa,2026-02-10,3200000,2892000,promo
P04,Villa,2026-02-11,3200000,3021000,promo
P04,Villa,2026-02-12,3200000,2972000,promo
P04,Villa,2026-02-13,3200000,3102000,promo
P04,Villa,2026-02-14,3200000,3079000,promo
P04,Villa,2026-02-15,3200000,2967000,promo
P04,Villa,2026-02-16,3200000,3044000,promo
P04,Villa,2026-02-17,3200000,2971000,promo
P04,Villa,2026-02-18,3200000,3090000,promo
P04,Villa,2026-02-19,3200000,2946000,promo
P04,Villa,2026-02-20,3200000,3081000,promo
P04,Villa,2026-02-21,3200000,3035000,promo
P04,Villa,2026-02-22,3200000,3067000,promo
P04,Villa,2026-02-23,3200000,3070000,promo
P04,Villa,2026-02-24,3200000,3067000,promo
P04,Villa,2026-02-25,3200000,3010000,promo
P04,Villa,2026-02-26,3200000,3192000,promo
P04,Villa,2026-02-27,3200000,2974000,promo
P04,Villa,2026-02-28,3200000,2925000,promo
P04,Villa,2026-03-01,3200000,2966000,promo
P04,Villa,2026-03-02,3200000,2999000,promo
P04,Villa,2026-03-03,3200000,3060000,promo
P04,Villa,2026-03-04,3200000,3082000,promo
P04,Villa,2026-03-05,3200000,3002000,promo
P04,Villa,2026-03-06,3200000,2954000,promo
P04,Villa,2026-03-07,3200000,3010000,promo
P04,Villa,2026-03-08,3200000,3135000,promo
P04,Villa,2026-03-09,3200000,3060000,promo
P04,Villa,2026-03-10,3200000,2987000,promo
P04,Villa,2026-03-11,3200000,2974000,promo
P04,Villa,2026-03-12,3200000,3038000,promo
P04,Villa,2026-03-13,3200000,2999000,promo
P04,Villa,2026-03-14,3200000,3068000,promo
P04,Villa,2026-03-15,3200000,3115000,promo
P04,Villa,2026-03-16,3200000,3166000,promo
P04,Villa,2026-03-17,3200000,3075000,promo
P04,Villa,2026-03-18,3200000,2937000,promo
P04,Villa,2026-03-19,3200000,2970000,promo
P04,Villa,2026-03-20,3200000,2928000,promo
P04,Villa,2026-03-21,3200000,2984000,promo
P04,Villa,2026-03-22,3200000,2939000,promo
P04,Villa,2026-03-23,3200000,2918000,promo
P04,Villa,2026-03-24,3200000,2989000,promo
P04,Villa,2026-03-25,3200000,2862000,promo
P04,Villa,2026-03-26,3200000,3035000,promo
P04,Villa,2026-03-27,3200000,3164000,promo
P04,Villa,2026-03-28,3200000,3079000,promo
P04,Villa,2026-03-29,3200000,3184000,promo
P04,Villa,2026-03-30,3200000,2994000,promo
P04,Villa,2026-03-31,3200000,3004000,promo
P04,Villa,2026-04-01,3200000,3330000,manual
P04,Villa,2026-04-02,3200000,3181000,manual
P04,Villa,2026-04-03,3200000,3275000,manual
P04,Villa,2026-04-04,3200000,3281000,manual
P04,Villa,2026-04-05,3200000,3203000,manual
P04,Villa,2026-04-06,3200000,3097000,manual
P04,Villa,2026-04-07,3200000,3126000,manual
P04,Villa,2026-04-08,3200000,3209000,manual
P04,Villa,2026-04-09,3200000,3078000,manual
P04,Villa,2026-04-10,3200000,3497000,manual
P04,Villa,2026-04-11,3200000,3300000,manual
P04,Villa,2026-04-12,3200000,3191000,manual
P04,Villa,2026-04-13,3200000,3171000,manual
P04,Villa,2026-04-14,3200000,3190000,manual
P04,Villa,2026-04-15,3200000,3209000,manual
P04,Villa,2026-04-16,3200000,3078000,manual
P04,Villa,2026-04-17,3200000,3203000,manual
P04,Villa,2026-04-18,3200000,3157000,manual
P04,Villa,2026-04-19,3200000,3240000,manual
P04,Villa,2026-04-20,3200000,3245000,manual
P04,Villa,2026-04-21,3200000,3221000,manual
P04,Villa,2026-04-22,3200000,3206000,manual
P04,Villa,2026-04-23,3200000,3149000,manual
P04,Villa,2026-04-24,3200000,3341000,manual
P04,Villa,2026-04-25,3200000,3280000,manual
P04,Villa,2026-04-26,3200000,3146000,manual
P04,Villa,2026-04-27,3200000,3183000,manual
P04,Villa,2026-04-28,3200000,3206000,manual
P04,Villa,2026-04-29,3200000,3300000,manual
P04,Villa,2026-04-30,3200000,3291000,manual
P04,Villa,2026-05-01,3200000,3280000,manual
P04,Villa,2026-05-02,3200000,3229000,manual
P04,Villa,2026-05-03,3200000,3343000,manual
P04,Villa,2026-05-04,3200000,3137000,manual
P04,Villa,2026-05-05,3200000,3224000,manual
P04,Villa,2026-05-06,3200000,3031000,manual
P04,Villa,2026-05-07,3200000,3253000,manual
P04,Villa,2026-05-08,3200000,3189000,manual
P04,Villa,2026-05-09,3200000,3153000,manual
P04,Villa,2026-05-10,3200000,3219000,manual
P04,Villa,2026-05-11,3200000,3153000,manual
P04,Villa,2026-05-12,3200000,3298000,manual
P04,Villa,2026-05-13,3200000,3159000,manual
P04,Villa,2026-05-14,3200000,3249000,manual
P04,Villa,2026-05-15,3200000,3307000,manual
P04,Villa,2026-05-16,3200000,3298000,manual
P04,Villa,2026-05-17,3200000,3262000,manual
P04,Villa,2026-05-18,3200000,3290000,manual
P04,Villa,2026-05-19,3200000,3162000,manual
P04,Villa,2026-05-20,3200000,3310000,manual
P04,Villa,2026-05-21,3200000,3307000,manual
P04,Villa,2026-05-22,3200000,3266000,manual
P04,Villa,2026-05-23,3200000,3048000,manual
P04,Villa,2026-05-24,3200000,3160000,manual
P04,Villa,2026-05-25,3200000,3110000,manual
P04,Villa,2026-05-26,3200000,3219000,manual
P04,Villa,2026-05-27,3200000,3339000,manual
P04,Villa,2026-05-28,3200000,3228000,manual
P04,Villa,2026-05-29,3200000,3109000,manual
P04,Villa,2026-05-30,3200000,3265000,manual
P04,Villa,2026-05-31,3200000,3229000,manual
P04,Villa,2026-06-01,3200000,3418000,manual
P04,Villa,2026-06-02,3200000,3460000,manual
P04,Villa,2026-06-03,3200000,3412000,manual
P04,Villa,2026-06-04,3200000,3467000,manual
P04,Villa,2026-06-05,3200000,3373000,manual
P04,Villa,2026-06-06,3200000,3340000,manual
P04,Villa,2026-06-07,3200000,3283000,manual
P04,Villa,2026-06-08,3200000,3342000,manual
P04,Villa,2026-06-09,3200000,3403000,manual
P04,Villa,2026-06-10,3200000,3512000,manual
P04,Villa,2026-06-11,3200000,3528000,manual
P04,Villa,2026-06-12,3200000,3360000,manual
P04,Villa,2026-06-13,3200000,3580000,manual
P04,Villa,2026-06-14,3200000,3703000,manual
P04,Villa,2026-06-15,3200000,3344000,manual
P04,Villa,2026-06-16,3200000,3387000,manual
P04,Villa,2026-06-17,3200000,3367000,manual
P04,Villa,2026-06-18,3200000,3532000,manual
P04,Villa,2026-06-19,3200000,3261000,manual
P04,Villa,2026-06-20,3200000,3275000,manual
P04,Villa,2026-06-21,3200000,3422000,manual
P04,Villa,2026-06-22,3200000,3589000,manual
P04,Villa,2026-06-23,3200000,3289000,manual
P04,Villa,2026-06-24,3200000,3480000,manual
P04,Villa,2026-06-25,3200000,3268000,manual
P04,Villa,2026-06-26,3200000,3389000,manual
P04,Villa,2026-06-27,3200000,3441000,manual
P04,Villa,2026-06-28,3200000,3360000,manual
P04,Villa,2026-06-29,3200000,3371000,manual
P04,Villa,2026-06-30,3200000,3370000,manual
P05,Standard,2023-07-01,800000,899000,manual
P05,Standard,2023-07-02,800000,914000,manual
P05,Standard,2023-07-03,800000,922000,manual
P05,Standard,2023-07-04,800000,912000,manual
P05,Standard,2023-07-05,800000,866000,manual
P05,Standard,2023-07-06,800000,919000,manual
P05,Standard,2023-07-07,800000,875000,manual
P05,Standard,2023-07-08,800000,870000,manual
P05,Standard,2023-07-09,800000,901000,manual
P05,Standard,2023-07-10,800000,908000,manual
P05,Standard,2023-07-11,800000,923000,manual
P05,Standard,2023-07-12,800000,929000,manual
P05,Standard,2023-07-13,800000,866000,manual
P05,Standard,2023-07-14,800000,946000,manual
P05,Standard,2023-07-15,800000,897000,manual
P05,Standard,2023-07-16,800000,881000,manual
P05,Standard,2023-07-17,800000,869000,manual
P05,Standard,2023-07-18,800000,851000,manual
P05,Standard,2023-07-19,800000,834000,manual
P05,Standard,2023-07-20,800000,846000,manual
P05,Standard,2023-07-21,800000,892000,manual
P05,Standard,2023-07-22,800000,910000,manual
P05,Standard,2023-07-23,800000,879000,manual
P05,Standard,2023-07-24,800000,924000,manual
P05,Standard,2023-07-25,800000,878000,manual
P05,Standard,2023-07-26,800000,887000,manual
P05,Standard,2023-07-27,800000,904000,manual
P05,Standard,2023-07-28,800000,862000,manual
P05,Standard,2023-07-29,800000,876000,manual
P05,Standard,2023-07-30,800000,933000,manual
P05,Standard,2023-07-31,800000,918000,manual
P05,Standard,2023-08-01,800000,846000,manual
P05,Standard,2023-08-02,800000,827000,manual
P05,Standard,2023-08-03,800000,801000,manual
P05,Standard,2023-08-04,800000,848000,manual
P05,Standard,2023-08-05,800000,830000,manual
P05,Standard,2023-08-06,800000,824000,manual
P05,Standard,2023-08-07,800000,855000,manual
P05,Standard,2023-08-08,800000,825000,manual
P05,Standard,2023-08-09,800000,843000,manual
P05,Standard,2023-08-10,800000,815000,manual
P05,Standard,2023-08-11,800000,814000,manual
P05,Standard,2023-08-12,800000,791000,manual
P05,Standard,2023-08-13,800000,854000,manual
P05,Standard,2023-08-14,800000,816000,manual
P05,Standard,2023-08-15,800000,783000,manual
P05,Standard,2023-08-16,800000,795000,manual
P05,Standard,2023-08-17,800000,820000,manual
P05,Standard,2023-08-18,800000,841000,manual
P05,Standard,2023-08-19,800000,830000,manual
P05,Standard,2023-08-20,800000,791000,manual
P05,Standard,2023-08-21,800000,832000,manual
P05,Standard,2023-08-22,800000,840000,manual
P05,Standard,2023-08-23,800000,834000,manual
P05,Standard,2023-08-24,800000,844000,manual
P05,Standard,2023-08-25,800000,785000,manual
P05,Standard,2023-08-26,800000,804000,manual
P05,Standard,2023-08-27,800000,800000,manual
P05,Standard,2023-08-28,800000,780000,manual
P05,Standard,2023-08-29,800000,822000,manual
P05,Standard,2023-08-30,800000,842000,manual
P05,Standard,2023-08-31,800000,838000,manual
P05,Standard,2023-09-01,800000,747000,promo
P05,Standard,2023-09-02,800000,716000,promo
P05,Standard,2023-09-03,800000,765000,promo
P05,Standard,2023-09-04,800000,706000,promo
P05,Standard,2023-09-05,800000,777000,promo
P05,Standard,2023-09-06,800000,731000,promo
P05,Standard,2023-09-07,800000,768000,promo
P05,Standard,2023-09-08,800000,747000,promo
P05,Standard,2023-09-09,800000,713000,promo
P05,Standard,2023-09-10,800000,743000,promo
P05,Standard,2023-09-11,800000,751000,promo
P05,Standard,2023-09-12,800000,774000,promo
P05,Standard,2023-09-13,800000,755000,promo
P05,Standard,2023-09-14,800000,763000,promo
P05,Standard,2023-09-15,800000,808000,promo
P05,Standard,2023-09-16,800000,752000,promo
P05,Standard,2023-09-17,800000,756000,promo
P05,Standard,2023-09-18,800000,777000,promo
P05,Standard,2023-09-19,800000,729000,promo
P05,Standard,2023-09-20,800000,752000,promo
P05,Standard,2023-09-21,800000,741000,promo
P05,Standard,2023-09-22,800000,734000,promo
P05,Standard,2023-09-23,800000,746000,promo
P05,Standard,2023-09-24,800000,756000,promo
P05,Standard,2023-09-25,800000,768000,promo
P05,Standard,2023-09-26,800000,776000,promo
P05,Standard,2023-09-27,800000,743000,promo
P05,Standard,2023-09-28,800000,743000,promo
P05,Standard,2023-09-29,800000,720000,promo
P05,Standard,2023-09-30,800000,763000,promo
P05,Standard,2023-10-01,800000,745000,promo
P05,Standard,2023-10-02,800000,726000,promo
P05,Standard,2023-10-03,800000,774000,promo
P05,Standard,2023-10-04,800000,788000,promo
P05,Standard,2023-10-05,800000,747000,promo
P05,Standard,2023-10-06,800000,721000,promo
P05,Standard,2023-10-07,800000,764000,promo
P05,Standard,2023-10-08,800000,723000,promo
P05,Standard,2023-10-09,800000,762000,promo
P05,Standard,2023-10-10,800000,770000,promo
P05,Standard,2023-10-11,800000,742000,promo
P05,Standard,2023-10-12,800000,732000,promo
P05,Standard,2023-10-13,800000,781000,promo
P05,Standard,2023-10-14,800000,741000,promo
P05,Standard,2023-10-15,800000,786000,promo
P05,Standard,2023-10-16,800000,731000,promo
P05,Standard,2023-10-17,800000,718000,promo
P05,Standard,2023-10-18,800000,707000,promo
P05,Standard,2023-10-19,800000,784000,promo
P05,Standard,2023-10-20,800000,756000,promo
P05,Standard,2023-10-21,800000,755000,promo
P05,Standard,2023-10-22,800000,768000,promo
P05,Standard,2023-10-23,800000,740000,promo
P05,Standard,2023-10-24,800000,762000,promo
P05,Standard,2023-10-25,800000,722000,promo
P05,Standard,2023-10-26,800000,759000,promo
P05,Standard,2023-10-27,800000,771000,promo
P05,Standard,2023-10-28,800000,786000,promo
P05,Standard,2023-10-29,800000,748000,promo
P05,Standard,2023-10-30,800000,744000,promo
P05,Standard,2023-10-31,800000,754000,promo
P05,Standard,2023-11-01,800000,823000,manual
P05,Standard,2023-11-02,800000,780000,manual
P05,Standard,2023-11-03,800000,797000,manual
P05,Standard,2023-11-04,800000,812000,manual
P05,Standard,2023-11-05,800000,766000,manual
P05,Standard,2023-11-06,800000,763000,manual
P05,Standard,2023-11-07,800000,772000,manual
P05,Standard,2023-11-08,800000,810000,manual
P05,Standard,2023-11-09,800000,773000,manual
P05,Standard,2023-11-10,800000,836000,manual
P05,Standard,2023-11-11,800000,782000,manual
P05,Standard,2023-11-12,800000,832000,manual
P05,Standard,2023-11-13,800000,837000,manual
P05,Standard,2023-11-14,800000,784000,manual
P05,Standard,2023-11-15,800000,802000,manual
P05,Standard,2023-11-16,800000,819000,manual
P05,Standard,2023-11-17,800000,803000,manual
P05,Standard,2023-11-18,800000,815000,manual
P05,Standard,2023-11-19,800000,809000,manual
P05,Standard,2023-11-20,800000,779000,manual
P05,Standard,2023-11-21,800000,788000,manual
P05,Standard,2023-11-22,800000,786000,manual
P05,Standard,2023-11-23,800000,788000,manual
P05,Standard,2023-11-24,800000,792000,manual
P05,Standard,2023-11-25,800000,817000,manual
P05,Standard,2023-11-26,800000,822000,manual
P05,Standard,2023-11-27,800000,771000,manual
P05,Standard,2023-11-28,800000,817000,manual
P05,Standard,2023-11-29,800000,783000,manual
P05,Standard,2023-11-30,800000,803000,manual
P05,Standard,2023-12-01,800000,902000,manual
P05,Standard,2023-12-02,800000,875000,manual
P05,Standard,2023-12-03,800000,917000,manual
P05,Standard,2023-12-04,800000,868000,manual
P05,Standard,2023-12-05,800000,916000,manual
P05,Standard,2023-12-06,800000,898000,manual
P05,Standard,2023-12-07,800000,918000,manual
P05,Standard,2023-12-08,800000,925000,manual
P05,Standard,2023-12-09,800000,897000,manual
P05,Standard,2023-12-10,800000,904000,manual
P05,Standard,2023-12-11,800000,900000,manual
P05,Standard,2023-12-12,800000,905000,manual
P05,Standard,2023-12-13,800000,879000,manual
P05,Standard,2023-12-14,800000,882000,manual
P05,Standard,2023-12-15,800000,854000,manual
P05,Standard,2023-12-16,800000,937000,manual
P05,Standard,2023-12-17,800000,905000,manual
P05,Standard,2023-12-18,800000,885000,manual
P05,Standard,2023-12-19,800000,845000,manual
P05,Standard,2023-12-20,800000,898000,manual
P05,Standard,2023-12-21,800000,904000,manual
P05,Standard,2023-12-22,800000,870000,manual
P05,Standard,2023-12-23,800000,896000,manual
P05,Standard,2023-12-24,800000,918000,manual
P05,Standard,2023-12-25,800000,905000,manual
P05,Standard,2023-12-26,800000,943000,manual
P05,Standard,2023-12-27,800000,932000,manual
P05,Standard,2023-12-28,800000,926000,manual
P05,Standard,2023-12-29,800000,884000,manual
P05,Standard,2023-12-30,800000,879000,manual
P05,Standard,2023-12-31,800000,835000,manual
P05,Standard,2024-01-01,800000,901000,manual
P05,Standard,2024-01-02,800000,848000,manual
P05,Standard,2024-01-03,800000,888000,manual
P05,Standard,2024-01-04,800000,895000,manual
P05,Standard,2024-01-05,800000,859000,manual
P05,Standard,2024-01-06,800000,829000,manual
P05,Standard,2024-01-07,800000,891000,manual
P05,Standard,2024-01-08,800000,876000,manual
P05,Standard,2024-01-09,800000,878000,manual
P05,Standard,2024-01-10,800000,857000,manual
P05,Standard,2024-01-11,800000,839000,manual
P05,Standard,2024-01-12,800000,886000,manual
P05,Standard,2024-01-13,800000,906000,manual
P05,Standard,2024-01-14,800000,904000,manual
P05,Standard,2024-01-15,800000,887000,manual
P05,Standard,2024-01-16,800000,826000,manual
P05,Standard,2024-01-17,800000,912000,manual
P05,Standard,2024-01-18,800000,920000,manual
P05,Standard,2024-01-19,800000,860000,manual
P05,Standard,2024-01-20,800000,901000,manual
P05,Standard,2024-01-21,800000,896000,manual
P05,Standard,2024-01-22,800000,871000,manual
P05,Standard,2024-01-23,800000,853000,manual
P05,Standard,2024-01-24,800000,838000,manual
P05,Standard,2024-01-25,800000,845000,manual
P05,Standard,2024-01-26,800000,817000,manual
P05,Standard,2024-01-27,800000,931000,manual
P05,Standard,2024-01-28,800000,903000,manual
P05,Standard,2024-01-29,800000,887000,manual
P05,Standard,2024-01-30,800000,866000,manual
P05,Standard,2024-01-31,800000,895000,manual
P05,Standard,2024-02-01,800000,755000,promo
P05,Standard,2024-02-02,800000,776000,promo
P05,Standard,2024-02-03,800000,712000,promo
P05,Standard,2024-02-04,800000,756000,promo
P05,Standard,2024-02-05,800000,757000,promo
P05,Standard,2024-02-06,800000,737000,promo
P05,Standard,2024-02-07,800000,771000,promo
P05,Standard,2024-02-08,800000,782000,promo
P05,Standard,2024-02-09,800000,758000,promo
P05,Standard,2024-02-10,800000,755000,promo
P05,Standard,2024-02-11,800000,752000,promo
P05,Standard,2024-02-12,800000,801000,promo
P05,Standard,2024-02-13,800000,764000,promo
P05,Standard,2024-02-14,800000,760000,promo
P05,Standard,2024-02-15,800000,759000,promo
P05,Standard,2024-02-16,800000,769000,promo
P05,Standard,2024-02-17,800000,765000,promo
P05,Standard,2024-02-18,800000,778000,promo
P05,Standard,2024-02-19,800000,739000,promo
P05,Standard,2024-02-20,800000,752000,promo
P05,Standard,2024-02-21,800000,744000,promo
P05,Standard,2024-02-22,800000,761000,promo
P05,Standard,2024-02-23,800000,743000,promo
P05,Standard,2024-02-24,800000,768000,promo
P05,Standard,2024-02-25,800000,792000,promo
P05,Standard,2024-02-26,800000,758000,promo
P05,Standard,2024-02-27,800000,764000,promo
P05,Standard,2024-02-28,800000,749000,promo
P05,Standard,2024-02-29,800000,747000,promo
P05,Standard,2024-03-01,800000,767000,promo
P05,Standard,2024-03-02,800000,751000,promo
P05,Standard,2024-03-03,800000,759000,promo
P05,Standard,2024-03-04,800000,782000,promo
P05,Standard,2024-03-05,800000,736000,promo
P05,Standard,2024-03-06,800000,690000,promo
P05,Standard,2024-03-07,800000,737000,promo
P05,Standard,2024-03-08,800000,742000,promo
P05,Standard,2024-03-09,800000,738000,promo
P05,Standard,2024-03-10,800000,721000,promo
P05,Standard,2024-03-11,800000,732000,promo
P05,Standard,2024-03-12,800000,772000,promo
P05,Standard,2024-03-13,800000,708000,promo
P05,Standard,2024-03-14,800000,787000,promo
P05,Standard,2024-03-15,800000,765000,promo
P05,Standard,2024-03-16,800000,778000,promo
P05,Standard,2024-03-17,800000,776000,promo
P05,Standard,2024-03-18,800000,758000,promo
P05,Standard,2024-03-19,800000,772000,promo
P05,Standard,2024-03-20,800000,771000,promo
P05,Standard,2024-03-21,800000,737000,promo
P05,Standard,2024-03-22,800000,758000,promo
P05,Standard,2024-03-23,800000,757000,promo
P05,Standard,2024-03-24,800000,751000,promo
P05,Standard,2024-03-25,800000,767000,promo
P05,Standard,2024-03-26,800000,763000,promo
P05,Standard,2024-03-27,800000,770000,promo
P05,Standard,2024-03-28,800000,741000,promo
P05,Standard,2024-03-29,800000,726000,promo
P05,Standard,2024-03-30,800000,781000,promo
P05,Standard,2024-03-31,800000,745000,promo
P05,Standard,2024-04-01,800000,820000,manual
P05,Standard,2024-04-02,800000,827000,manual
P05,Standard,2024-04-03,800000,797000,manual
P05,Standard,2024-04-04,800000,826000,manual
P05,Standard,2024-04-05,800000,731000,manual
P05,Standard,2024-04-06,800000,795000,manual
P05,Standard,2024-04-07,800000,807000,manual
P05,Standard,2024-04-08,800000,771000,manual
P05,Standard,2024-04-09,800000,825000,manual
P05,Standard,2024-04-10,800000,868000,manual
P05,Standard,2024-04-11,800000,824000,manual
P05,Standard,2024-04-12,800000,803000,manual
P05,Standard,2024-04-13,800000,828000,manual
P05,Standard,2024-04-14,800000,788000,manual
P05,Standard,2024-04-15,800000,797000,manual
P05,Standard,2024-04-16,800000,804000,manual
P05,Standard,2024-04-17,800000,808000,manual
P05,Standard,2024-04-18,800000,793000,manual
P05,Standard,2024-04-19,800000,817000,manual
P05,Standard,2024-04-20,800000,822000,manual
P05,Standard,2024-04-21,800000,804000,manual
P05,Standard,2024-04-22,800000,816000,manual
P05,Standard,2024-04-23,800000,802000,manual
P05,Standard,2024-04-24,800000,787000,manual
P05,Standard,2024-04-25,800000,827000,manual
P05,Standard,2024-04-26,800000,769000,manual
P05,Standard,2024-04-27,800000,772000,manual
P05,Standard,2024-04-28,800000,796000,manual
P05,Standard,2024-04-29,800000,785000,manual
P05,Standard,2024-04-30,800000,788000,manual
P05,Standard,2024-05-01,800000,819000,manual
P05,Standard,2024-05-02,800000,783000,manual
P05,Standard,2024-05-03,800000,782000,manual
P05,Standard,2024-05-04,800000,803000,manual
P05,Standard,2024-05-05,800000,802000,manual
P05,Standard,2024-05-06,800000,827000,manual
P05,Standard,2024-05-07,800000,790000,manual
P05,Standard,2024-05-08,800000,792000,manual
P05,Standard,2024-05-09,800000,862000,manual
P05,Standard,2024-05-10,800000,786000,manual
P05,Standard,2024-05-11,800000,825000,manual
P05,Standard,2024-05-12,800000,815000,manual
P05,Standard,2024-05-13,800000,782000,manual
P05,Standard,2024-05-14,800000,873000,manual
P05,Standard,2024-05-15,800000,820000,manual
P05,Standard,2024-05-16,800000,811000,manual
P05,Standard,2024-05-17,800000,804000,manual
P05,Standard,2024-05-18,800000,799000,manual
P05,Standard,2024-05-19,800000,788000,manual
P05,Standard,2024-05-20,800000,832000,manual
P05,Standard,2024-05-21,800000,815000,manual
P05,Standard,2024-05-22,800000,816000,manual
P05,Standard,2024-05-23,800000,801000,manual
P05,Standard,2024-05-24,800000,764000,manual
P05,Standard,2024-05-25,800000,815000,manual
P05,Standard,2024-05-26,800000,765000,manual
P05,Standard,2024-05-27,800000,825000,manual
P05,Standard,2024-05-28,800000,863000,manual
P05,Standard,2024-05-29,800000,765000,manual
P05,Standard,2024-05-30,800000,796000,manual
P05,Standard,2024-05-31,800000,808000,manual
P05,Standard,2024-06-01,800000,853000,manual
P05,Standard,2024-06-02,800000,836000,manual
P05,Standard,2024-06-03,800000,844000,manual
P05,Standard,2024-06-04,800000,857000,manual
P05,Standard,2024-06-05,800000,916000,manual
P05,Standard,2024-06-06,800000,828000,manual
P05,Standard,2024-06-07,800000,874000,manual
P05,Standard,2024-06-08,800000,870000,manual
P05,Standard,2024-06-09,800000,881000,manual
P05,Standard,2024-06-10,800000,866000,manual
P05,Standard,2024-06-11,800000,841000,manual
P05,Standard,2024-06-12,800000,852000,manual
P05,Standard,2024-06-13,800000,850000,manual
P05,Standard,2024-06-14,800000,830000,manual
P05,Standard,2024-06-15,800000,825000,manual
P05,Standard,2024-06-16,800000,858000,manual
P05,Standard,2024-06-17,800000,846000,manual
P05,Standard,2024-06-18,800000,846000,manual
P05,Standard,2024-06-19,800000,888000,manual
P05,Standard,2024-06-20,800000,840000,manual
P05,Standard,2024-06-21,800000,883000,manual
P05,Standard,2024-06-22,800000,821000,manual
P05,Standard,2024-06-23,800000,862000,manual
P05,Standard,2024-06-24,800000,870000,manual
P05,Standard,2024-06-25,800000,916000,manual
P05,Standard,2024-06-26,800000,862000,manual
P05,Standard,2024-06-27,800000,894000,manual
P05,Standard,2024-06-28,800000,829000,manual
P05,Standard,2024-06-29,800000,821000,manual
P05,Standard,2024-06-30,800000,810000,manual
P05,Standard,2024-07-01,800000,895000,manual
P05,Standard,2024-07-02,800000,940000,manual
P05,Standard,2024-07-03,800000,859000,manual
P05,Standard,2024-07-04,800000,919000,manual
P05,Standard,2024-07-05,800000,910000,manual
P05,Standard,2024-07-06,800000,849000,manual
P05,Standard,2024-07-07,800000,892000,manual
P05,Standard,2024-07-08,800000,878000,manual
P05,Standard,2024-07-09,800000,890000,manual
P05,Standard,2024-07-10,800000,889000,manual
P05,Standard,2024-07-11,800000,920000,manual
P05,Standard,2024-07-12,800000,889000,manual
P05,Standard,2024-07-13,800000,886000,manual
P05,Standard,2024-07-14,800000,874000,manual
P05,Standard,2024-07-15,800000,906000,manual
P05,Standard,2024-07-16,800000,814000,manual
P05,Standard,2024-07-17,800000,861000,manual
P05,Standard,2024-07-18,800000,851000,manual
P05,Standard,2024-07-19,800000,860000,manual
P05,Standard,2024-07-20,800000,883000,manual
P05,Standard,2024-07-21,800000,882000,manual
P05,Standard,2024-07-22,800000,881000,manual
P05,Standard,2024-07-23,800000,905000,manual
P05,Standard,2024-07-24,800000,926000,manual
P05,Standard,2024-07-25,800000,881000,manual
P05,Standard,2024-07-26,800000,904000,manual
P05,Standard,2024-07-27,800000,971000,manual
P05,Standard,2024-07-28,800000,934000,manual
P05,Standard,2024-07-29,800000,888000,manual
P05,Standard,2024-07-30,800000,893000,manual
P05,Standard,2024-07-31,800000,936000,manual
P05,Standard,2024-08-01,800000,827000,manual
P05,Standard,2024-08-02,800000,840000,manual
P05,Standard,2024-08-03,800000,788000,manual
P05,Standard,2024-08-04,800000,801000,manual
P05,Standard,2024-08-05,800000,809000,manual
P05,Standard,2024-08-06,800000,789000,manual
P05,Standard,2024-08-07,800000,782000,manual
P05,Standard,2024-08-08,800000,843000,manual
P05,Standard,2024-08-09,800000,848000,manual
P05,Standard,2024-08-10,800000,819000,manual
P05,Standard,2024-08-11,800000,796000,manual
P05,Standard,2024-08-12,800000,864000,manual
P05,Standard,2024-08-13,800000,817000,manual
P05,Standard,2024-08-14,800000,827000,manual
P05,Standard,2024-08-15,800000,829000,manual
P05,Standard,2024-08-16,800000,789000,manual
P05,Standard,2024-08-17,800000,812000,manual
P05,Standard,2024-08-18,800000,855000,manual
P05,Standard,2024-08-19,800000,775000,manual
P05,Standard,2024-08-20,800000,779000,manual
P05,Standard,2024-08-21,800000,819000,manual
P05,Standard,2024-08-22,800000,842000,manual
P05,Standard,2024-08-23,800000,801000,manual
P05,Standard,2024-08-24,800000,899000,manual
P05,Standard,2024-08-25,800000,813000,manual
P05,Standard,2024-08-26,800000,820000,manual
P05,Standard,2024-08-27,800000,828000,manual
P05,Standard,2024-08-28,800000,888000,manual
P05,Standard,2024-08-29,800000,784000,manual
P05,Standard,2024-08-30,800000,850000,manual
P05,Standard,2024-08-31,800000,815000,manual
P05,Standard,2024-09-01,800000,729000,promo
P05,Standard,2024-09-02,800000,731000,promo
P05,Standard,2024-09-03,800000,744000,promo
P05,Standard,2024-09-04,800000,754000,promo
P05,Standard,2024-09-05,800000,746000,promo
P05,Standard,2024-09-06,800000,757000,promo
P05,Standard,2024-09-07,800000,741000,promo
P05,Standard,2024-09-08,800000,779000,promo
P05,Standard,2024-09-09,800000,757000,promo
P05,Standard,2024-09-10,800000,787000,promo
P05,Standard,2024-09-11,800000,698000,promo
P05,Standard,2024-09-12,800000,782000,promo
P05,Standard,2024-09-13,800000,748000,promo
P05,Standard,2024-09-14,800000,766000,promo
P05,Standard,2024-09-15,800000,747000,promo
P05,Standard,2024-09-16,800000,742000,promo
P05,Standard,2024-09-17,800000,764000,promo
P05,Standard,2024-09-18,800000,700000,promo
P05,Standard,2024-09-19,800000,708000,promo
P05,Standard,2024-09-20,800000,742000,promo
P05,Standard,2024-09-21,800000,780000,promo
P05,Standard,2024-09-22,800000,770000,promo
P05,Standard,2024-09-23,800000,750000,promo
P05,Standard,2024-09-24,800000,722000,promo
P05,Standard,2024-09-25,800000,745000,promo
P05,Standard,2024-09-26,800000,758000,promo
P05,Standard,2024-09-27,800000,756000,promo
P05,Standard,2024-09-28,800000,752000,promo
P05,Standard,2024-09-29,800000,786000,promo
P05,Standard,2024-09-30,800000,740000,promo
P05,Standard,2024-10-01,800000,729000,promo
P05,Standard,2024-10-02,800000,716000,promo
P05,Standard,2024-10-03,800000,756000,promo
P05,Standard,2024-10-04,800000,738000,promo
P05,Standard,2024-10-05,800000,740000,promo
P05,Standard,2024-10-06,800000,769000,promo
P05,Standard,2024-10-07,800000,729000,promo
P05,Standard,2024-10-08,800000,761000,promo
P05,Standard,2024-10-09,800000,743000,promo
P05,Standard,2024-10-10,800000,716000,promo
P05,Standard,2024-10-11,800000,733000,promo
P05,Standard,2024-10-12,800000,782000,promo
P05,Standard,2024-10-13,800000,751000,promo
P05,Standard,2024-10-14,800000,739000,promo
P05,Standard,2024-10-15,800000,731000,promo
P05,Standard,2024-10-16,800000,768000,promo
P05,Standard,2024-10-17,800000,717000,promo
P05,Standard,2024-10-18,800000,752000,promo
P05,Standard,2024-10-19,800000,753000,promo
P05,Standard,2024-10-20,800000,757000,promo
P05,Standard,2024-10-21,800000,728000,promo
P05,Standard,2024-10-22,800000,788000,promo
P05,Standard,2024-10-23,800000,761000,promo
P05,Standard,2024-10-24,800000,754000,promo
P05,Standard,2024-10-25,800000,726000,promo
P05,Standard,2024-10-26,800000,745000,promo
P05,Standard,2024-10-27,800000,788000,promo
P05,Standard,2024-10-28,800000,776000,promo
P05,Standard,2024-10-29,800000,703000,promo
P05,Standard,2024-10-30,800000,762000,promo
P05,Standard,2024-10-31,800000,773000,promo
P05,Standard,2024-11-01,800000,800000,manual
P05,Standard,2024-11-02,800000,778000,manual
P05,Standard,2024-11-03,800000,779000,manual
P05,Standard,2024-11-04,800000,794000,manual
P05,Standard,2024-11-05,800000,787000,manual
P05,Standard,2024-11-06,800000,787000,manual
P05,Standard,2024-11-07,800000,798000,manual
P05,Standard,2024-11-08,800000,734000,manual
P05,Standard,2024-11-09,800000,805000,manual
P05,Standard,2024-11-10,800000,791000,manual
P05,Standard,2024-11-11,800000,805000,manual
P05,Standard,2024-11-12,800000,784000,manual
P05,Standard,2024-11-13,800000,803000,manual
P05,Standard,2024-11-14,800000,776000,manual
P05,Standard,2024-11-15,800000,789000,manual
P05,Standard,2024-11-16,800000,773000,manual
P05,Standard,2024-11-17,800000,772000,manual
P05,Standard,2024-11-18,800000,812000,manual
P05,Standard,2024-11-19,800000,760000,manual
P05,Standard,2024-11-20,800000,814000,manual
P05,Standard,2024-11-21,800000,787000,manual
P05,Standard,2024-11-22,800000,821000,manual
P05,Standard,2024-11-23,800000,766000,manual
P05,Standard,2024-11-24,800000,814000,manual
P05,Standard,2024-11-25,800000,824000,manual
P05,Standard,2024-11-26,800000,770000,manual
P05,Standard,2024-11-27,800000,752000,manual
P05,Standard,2024-11-28,800000,786000,manual
P05,Standard,2024-11-29,800000,789000,manual
P05,Standard,2024-11-30,800000,771000,manual
P05,Standard,2024-12-01,800000,881000,manual
P05,Standard,2024-12-02,800000,869000,manual
P05,Standard,2024-12-03,800000,886000,manual
P05,Standard,2024-12-04,800000,890000,manual
P05,Standard,2024-12-05,800000,876000,manual
P05,Standard,2024-12-06,800000,876000,manual
P05,Standard,2024-12-07,800000,869000,manual
P05,Standard,2024-12-08,800000,909000,manual
P05,Standard,2024-12-09,800000,883000,manual
P05,Standard,2024-12-10,800000,901000,manual
P05,Standard,2024-12-11,800000,835000,manual
P05,Standard,2024-12-12,800000,885000,manual
P05,Standard,2024-12-13,800000,887000,manual
P05,Standard,2024-12-14,800000,912000,manual
P05,Standard,2024-12-15,800000,939000,manual
P05,Standard,2024-12-16,800000,917000,manual
P05,Standard,2024-12-17,800000,822000,manual
P05,Standard,2024-12-18,800000,890000,manual
P05,Standard,2024-12-19,800000,902000,manual
P05,Standard,2024-12-20,800000,866000,manual
P05,Standard,2024-12-21,800000,885000,manual
P05,Standard,2024-12-22,800000,854000,manual
P05,Standard,2024-12-23,800000,910000,manual
P05,Standard,2024-12-24,800000,891000,manual
P05,Standard,2024-12-25,800000,895000,manual
P05,Standard,2024-12-26,800000,877000,manual
P05,Standard,2024-12-27,800000,876000,manual
P05,Standard,2024-12-28,800000,964000,manual
P05,Standard,2024-12-29,800000,920000,manual
P05,Standard,2024-12-30,800000,910000,manual
P05,Standard,2024-12-31,800000,900000,manual
P05,Standard,2025-01-01,800000,863000,manual
P05,Standard,2025-01-02,800000,842000,manual
P05,Standard,2025-01-03,800000,890000,manual
P05,Standard,2025-01-04,800000,885000,manual
P05,Standard,2025-01-05,800000,953000,manual
P05,Standard,2025-01-06,800000,883000,manual
P05,Standard,2025-01-07,800000,869000,manual
P05,Standard,2025-01-08,800000,862000,manual
P05,Standard,2025-01-09,800000,843000,manual
P05,Standard,2025-01-10,800000,900000,manual
P05,Standard,2025-01-11,800000,904000,manual
P05,Standard,2025-01-12,800000,884000,manual
P05,Standard,2025-01-13,800000,916000,manual
P05,Standard,2025-01-14,800000,928000,manual
P05,Standard,2025-01-15,800000,877000,manual
P05,Standard,2025-01-16,800000,876000,manual
P05,Standard,2025-01-17,800000,910000,manual
P05,Standard,2025-01-18,800000,884000,manual
P05,Standard,2025-01-19,800000,857000,manual
P05,Standard,2025-01-20,800000,863000,manual
P05,Standard,2025-01-21,800000,851000,manual
P05,Standard,2025-01-22,800000,833000,manual
P05,Standard,2025-01-23,800000,864000,manual
P05,Standard,2025-01-24,800000,873000,manual
P05,Standard,2025-01-25,800000,835000,manual
P05,Standard,2025-01-26,800000,892000,manual
P05,Standard,2025-01-27,800000,873000,manual
P05,Standard,2025-01-28,800000,866000,manual
P05,Standard,2025-01-29,800000,890000,manual
P05,Standard,2025-01-30,800000,906000,manual
P05,Standard,2025-01-31,800000,868000,manual
P05,Standard,2025-02-01,800000,742000,promo
P05,Standard,2025-02-02,800000,699000,promo
P05,Standard,2025-02-03,800000,768000,promo
P05,Standard,2025-02-04,800000,770000,promo
P05,Standard,2025-02-05,800000,753000,promo
P05,Standard,2025-02-06,800000,729000,promo
P05,Standard,2025-02-07,800000,762000,promo
P05,Standard,2025-02-08,800000,730000,promo
P05,Standard,2025-02-09,800000,767000,promo
P05,Standard,2025-02-10,800000,781000,promo
P05,Standard,2025-02-11,800000,780000,promo
P05,Standard,2025-02-12,800000,759000,promo
P05,Standard,2025-02-13,800000,725000,promo
P05,Standard,2025-02-14,800000,722000,promo
P05,Standard,2025-02-15,800000,763000,promo
P05,Standard,2025-02-16,800000,751000,promo
P05,Standard,2025-02-17,800000,709000,promo
P05,Standard,2025-02-18,800000,768000,promo
P05,Standard,2025-02-19,800000,744000,promo
P05,Standard,2025-02-20,800000,731000,promo
P05,Standard,2025-02-21,800000,713000,promo
P05,Standard,2025-02-22,800000,727000,promo
P05,Standard,2025-02-23,800000,737000,promo
P05,Standard,2025-02-24,800000,730000,promo
P05,Standard,2025-02-25,800000,780000,promo
P05,Standard,2025-02-26,800000,768000,promo
P05,Standard,2025-02-27,800000,732000,promo
P05,Standard,2025-02-28,800000,723000,promo
P05,Standard,2025-03-01,800000,746000,promo
P05,Standard,2025-03-02,800000,760000,promo
P05,Standard,2025-03-03,800000,771000,promo
P05,Standard,2025-03-04,800000,740000,promo
P05,Standard,2025-03-05,800000,769000,promo
P05,Standard,2025-03-06,800000,782000,promo
P05,Standard,2025-03-07,800000,756000,promo
P05,Standard,2025-03-08,800000,790000,promo
P05,Standard,2025-03-09,800000,790000,promo
P05,Standard,2025-03-10,800000,724000,promo
P05,Standard,2025-03-11,800000,729000,promo
P05,Standard,2025-03-12,800000,714000,promo
P05,Standard,2025-03-13,800000,755000,promo
P05,Standard,2025-03-14,800000,775000,promo
P05,Standard,2025-03-15,800000,763000,promo
P05,Standard,2025-03-16,800000,716000,promo
P05,Standard,2025-03-17,800000,769000,promo
P05,Standard,2025-03-18,800000,757000,promo
P05,Standard,2025-03-19,800000,808000,promo
P05,Standard,2025-03-20,800000,765000,promo
P05,Standard,2025-03-21,800000,748000,promo
P05,Standard,2025-03-22,800000,742000,promo
P05,Standard,2025-03-23,800000,763000,promo
P05,Standard,2025-03-24,800000,760000,promo
P05,Standard,2025-03-25,800000,737000,promo
P05,Standard,2025-03-26,800000,782000,promo
P05,Standard,2025-03-27,800000,737000,promo
P05,Standard,2025-03-28,800000,777000,promo
P05,Standard,2025-03-29,800000,764000,promo
P05,Standard,2025-03-30,800000,719000,promo
P05,Standard,2025-03-31,800000,800000,promo
P05,Standard,2025-04-01,800000,813000,manual
P05,Standard,2025-04-02,800000,768000,manual
P05,Standard,2025-04-03,800000,797000,manual
P05,Standard,2025-04-04,800000,767000,manual
P05,Standard,2025-04-05,800000,760000,manual
P05,Standard,2025-04-06,800000,807000,manual
P05,Standard,2025-04-07,800000,820000,manual
P05,Standard,2025-04-08,800000,806000,manual
P05,Standard,2025-04-09,800000,803000,manual
P05,Standard,2025-04-10,800000,824000,manual
P05,Standard,2025-04-11,800000,800000,manual
P05,Standard,2025-04-12,800000,785000,manual
P05,Standard,2025-04-13,800000,791000,manual
P05,Standard,2025-04-14,800000,795000,manual
P05,Standard,2025-04-15,800000,780000,manual
P05,Standard,2025-04-16,800000,800000,manual
P05,Standard,2025-04-17,800000,868000,manual
P05,Standard,2025-04-18,800000,816000,manual
P05,Standard,2025-04-19,800000,816000,manual
P05,Standard,2025-04-20,800000,791000,manual
P05,Standard,2025-04-21,800000,824000,manual
P05,Standard,2025-04-22,800000,802000,manual
P05,Standard,2025-04-23,800000,817000,manual
P05,Standard,2025-04-24,800000,818000,manual
P05,Standard,2025-04-25,800000,800000,manual
P05,Standard,2025-04-26,800000,826000,manual
P05,Standard,2025-04-27,800000,814000,manual
P05,Standard,2025-04-28,800000,823000,manual
P05,Standard,2025-04-29,800000,778000,manual
P05,Standard,2025-04-30,800000,810000,manual
P05,Standard,2025-05-01,800000,821000,manual
P05,Standard,2025-05-02,800000,788000,manual
P05,Standard,2025-05-03,800000,800000,manual
P05,Standard,2025-05-04,800000,807000,manual
P05,Standard,2025-05-05,800000,798000,manual
P05,Standard,2025-05-06,800000,814000,manual
P05,Standard,2025-05-07,800000,788000,manual
P05,Standard,2025-05-08,800000,792000,manual
P05,Standard,2025-05-09,800000,807000,manual
P05,Standard,2025-05-10,800000,774000,manual
P05,Standard,2025-05-11,800000,819000,manual
P05,Standard,2025-05-12,800000,807000,manual
P05,Standard,2025-05-13,800000,797000,manual
P05,Standard,2025-05-14,800000,766000,manual
P05,Standard,2025-05-15,800000,797000,manual
P05,Standard,2025-05-16,800000,818000,manual
P05,Standard,2025-05-17,800000,820000,manual
P05,Standard,2025-05-18,800000,855000,manual
P05,Standard,2025-05-19,800000,805000,manual
P05,Standard,2025-05-20,800000,851000,manual
P05,Standard,2025-05-21,800000,794000,manual
P05,Standard,2025-05-22,800000,815000,manual
P05,Standard,2025-05-23,800000,846000,manual
P05,Standard,2025-05-24,800000,794000,manual
P05,Standard,2025-05-25,800000,788000,manual
P05,Standard,2025-05-26,800000,804000,manual
P05,Standard,2025-05-27,800000,816000,manual
P05,Standard,2025-05-28,800000,807000,manual
P05,Standard,2025-05-29,800000,779000,manual
P05,Standard,2025-05-30,800000,831000,manual
P05,Standard,2025-05-31,800000,794000,manual
P05,Standard,2025-06-01,800000,826000,manual
P05,Standard,2025-06-02,800000,910000,manual
P05,Standard,2025-06-03,800000,874000,manual
P05,Standard,2025-06-04,800000,900000,manual
P05,Standard,2025-06-05,800000,885000,manual
P05,Standard,2025-06-06,800000,850000,manual
P05,Standard,2025-06-07,800000,883000,manual
P05,Standard,2025-06-08,800000,829000,manual
P05,Standard,2025-06-09,800000,883000,manual
P05,Standard,2025-06-10,800000,891000,manual
P05,Standard,2025-06-11,800000,905000,manual
P05,Standard,2025-06-12,800000,822000,manual
P05,Standard,2025-06-13,800000,875000,manual
P05,Standard,2025-06-14,800000,853000,manual
P05,Standard,2025-06-15,800000,864000,manual
P05,Standard,2025-06-16,800000,842000,manual
P05,Standard,2025-06-17,800000,871000,manual
P05,Standard,2025-06-18,800000,896000,manual
P05,Standard,2025-06-19,800000,874000,manual
P05,Standard,2025-06-20,800000,795000,manual
P05,Standard,2025-06-21,800000,795000,manual
P05,Standard,2025-06-22,800000,874000,manual
P05,Standard,2025-06-23,800000,881000,manual
P05,Standard,2025-06-24,800000,854000,manual
P05,Standard,2025-06-25,800000,824000,manual
P05,Standard,2025-06-26,800000,910000,manual
P05,Standard,2025-06-27,800000,844000,manual
P05,Standard,2025-06-28,800000,795000,manual
P05,Standard,2025-06-29,800000,861000,manual
P05,Standard,2025-06-30,800000,859000,manual
P05,Standard,2025-07-01,800000,866000,manual
P05,Standard,2025-07-02,800000,903000,manual
P05,Standard,2025-07-03,800000,913000,manual
P05,Standard,2025-07-04,800000,883000,manual
P05,Standard,2025-07-05,800000,893000,manual
P05,Standard,2025-07-06,800000,868000,manual
P05,Standard,2025-07-07,800000,879000,manual
P05,Standard,2025-07-08,800000,872000,manual
P05,Standard,2025-07-09,800000,901000,manual
P05,Standard,2025-07-10,800000,883000,manual
P05,Standard,2025-07-11,800000,880000,manual
P05,Standard,2025-07-12,800000,923000,manual
P05,Standard,2025-07-13,800000,898000,manual
P05,Standard,2025-07-14,800000,885000,manual
P05,Standard,2025-07-15,800000,919000,manual
P05,Standard,2025-07-16,800000,895000,manual
P05,Standard,2025-07-17,800000,918000,manual
P05,Standard,2025-07-18,800000,908000,manual
P05,Standard,2025-07-19,800000,898000,manual
P05,Standard,2025-07-20,800000,878000,manual
P05,Standard,2025-07-21,800000,908000,manual
P05,Standard,2025-07-22,800000,879000,manual
P05,Standard,2025-07-23,800000,930000,manual
P05,Standard,2025-07-24,800000,921000,manual
P05,Standard,2025-07-25,800000,904000,manual
P05,Standard,2025-07-26,800000,898000,manual
P05,Standard,2025-07-27,800000,905000,manual
P05,Standard,2025-07-28,800000,863000,manual
P05,Standard,2025-07-29,800000,931000,manual
P05,Standard,2025-07-30,800000,904000,manual
P05,Standard,2025-07-31,800000,908000,manual
P05,Standard,2025-08-01,800000,813000,manual
P05,Standard,2025-08-02,800000,829000,manual
P05,Standard,2025-08-03,800000,819000,manual
P05,Standard,2025-08-04,800000,776000,manual
P05,Standard,2025-08-05,800000,820000,manual
P05,Standard,2025-08-06,800000,837000,manual
P05,Standard,2025-08-07,800000,834000,manual
P05,Standard,2025-08-08,800000,763000,manual
P05,Standard,2025-08-09,800000,827000,manual
P05,Standard,2025-08-10,800000,779000,manual
P05,Standard,2025-08-11,800000,801000,manual
P05,Standard,2025-08-12,800000,813000,manual
P05,Standard,2025-08-13,800000,792000,manual
P05,Standard,2025-08-14,800000,803000,manual
P05,Standard,2025-08-15,800000,800000,manual
P05,Standard,2025-08-16,800000,826000,manual
P05,Standard,2025-08-17,800000,815000,manual
P05,Standard,2025-08-18,800000,826000,manual
P05,Standard,2025-08-19,800000,796000,manual
P05,Standard,2025-08-20,800000,836000,manual
P05,Standard,2025-08-21,800000,859000,manual
P05,Standard,2025-08-22,800000,825000,manual
P05,Standard,2025-08-23,800000,847000,manual
P05,Standard,2025-08-24,800000,814000,manual
P05,Standard,2025-08-25,800000,823000,manual
P05,Standard,2025-08-26,800000,859000,manual
P05,Standard,2025-08-27,800000,827000,manual
P05,Standard,2025-08-28,800000,840000,manual
P05,Standard,2025-08-29,800000,816000,manual
P05,Standard,2025-08-30,800000,796000,manual
P05,Standard,2025-08-31,800000,833000,manual
P05,Standard,2025-09-01,800000,737000,promo
P05,Standard,2025-09-02,800000,773000,promo
P05,Standard,2025-09-03,800000,719000,promo
P05,Standard,2025-09-04,800000,759000,promo
P05,Standard,2025-09-05,800000,750000,promo
P05,Standard,2025-09-06,800000,730000,promo
P05,Standard,2025-09-07,800000,764000,promo
P05,Standard,2025-09-08,800000,745000,promo
P05,Standard,2025-09-09,800000,801000,promo
P05,Standard,2025-09-10,800000,750000,promo
P05,Standard,2025-09-11,800000,732000,promo
P05,Standard,2025-09-12,800000,751000,promo
P05,Standard,2025-09-13,800000,757000,promo
P05,Standard,2025-09-14,800000,764000,promo
P05,Standard,2025-09-15,800000,730000,promo
P05,Standard,2025-09-16,800000,765000,promo
P05,Standard,2025-09-17,800000,719000,promo
P05,Standard,2025-09-18,800000,749000,promo
P05,Standard,2025-09-19,800000,747000,promo
P05,Standard,2025-09-20,800000,749000,promo
P05,Standard,2025-09-21,800000,709000,promo
P05,Standard,2025-09-22,800000,770000,promo
P05,Standard,2025-09-23,800000,753000,promo
P05,Standard,2025-09-24,800000,786000,promo
P05,Standard,2025-09-25,800000,757000,promo
P05,Standard,2025-09-26,800000,752000,promo
P05,Standard,2025-09-27,800000,728000,promo
P05,Standard,2025-09-28,800000,744000,promo
P05,Standard,2025-09-29,800000,720000,promo
P05,Standard,2025-09-30,800000,757000,promo
P05,Standard,2025-10-01,800000,757000,promo
P05,Standard,2025-10-02,800000,741000,promo
P05,Standard,2025-10-03,800000,751000,promo
P05,Standard,2025-10-04,800000,743000,promo
P05,Standard,2025-10-05,800000,754000,promo
P05,Standard,2025-10-06,800000,730000,promo
P05,Standard,2025-10-07,800000,727000,promo
P05,Standard,2025-10-08,800000,782000,promo
P05,Standard,2025-10-09,800000,776000,promo
P05,Standard,2025-10-10,800000,775000,promo
P05,Standard,2025-10-11,800000,752000,promo
P05,Standard,2025-10-12,800000,744000,promo
P05,Standard,2025-10-13,800000,733000,promo
P05,Standard,2025-10-14,800000,703000,promo
P05,Standard,2025-10-15,800000,767000,promo
P05,Standard,2025-10-16,800000,748000,promo
P05,Standard,2025-10-17,800000,769000,promo
P05,Standard,2025-10-18,800000,741000,promo
P05,Standard,2025-10-19,800000,750000,promo
P05,Standard,2025-10-20,800000,728000,promo
P05,Standard,2025-10-21,800000,751000,promo
P05,Standard,2025-10-22,800000,766000,promo
P05,Standard,2025-10-23,800000,779000,promo
P05,Standard,2025-10-24,800000,726000,promo
P05,Standard,2025-10-25,800000,758000,promo
P05,Standard,2025-10-26,800000,753000,promo
P05,Standard,2025-10-27,800000,783000,promo
P05,Standard,2025-10-28,800000,748000,promo
P05,Standard,2025-10-29,800000,768000,promo
P05,Standard,2025-10-30,800000,741000,promo
P05,Standard,2025-10-31,800000,766000,promo
P05,Standard,2025-11-01,800000,775000,manual
P05,Standard,2025-11-02,800000,806000,manual
P05,Standard,2025-11-03,800000,835000,manual
P05,Standard,2025-11-04,800000,842000,manual
P05,Standard,2025-11-05,800000,789000,manual
P05,Standard,2025-11-06,800000,802000,manual
P05,Standard,2025-11-07,800000,810000,manual
P05,Standard,2025-11-08,800000,790000,manual
P05,Standard,2025-11-09,800000,757000,manual
P05,Standard,2025-11-10,800000,786000,manual
P05,Standard,2025-11-11,800000,799000,manual
P05,Standard,2025-11-12,800000,792000,manual
P05,Standard,2025-11-13,800000,775000,manual
P05,Standard,2025-11-14,800000,757000,manual
P05,Standard,2025-11-15,800000,824000,manual
P05,Standard,2025-11-16,800000,801000,manual
P05,Standard,2025-11-17,800000,799000,manual
P05,Standard,2025-11-18,800000,796000,manual
P05,Standard,2025-11-19,800000,754000,manual
P05,Standard,2025-11-20,800000,769000,manual
P05,Standard,2025-11-21,800000,809000,manual
P05,Standard,2025-11-22,800000,800000,manual
P05,Standard,2025-11-23,800000,745000,manual
P05,Standard,2025-11-24,800000,758000,manual
P05,Standard,2025-11-25,800000,789000,manual
P05,Standard,2025-11-26,800000,759000,manual
P05,Standard,2025-11-27,800000,777000,manual
P05,Standard,2025-11-28,800000,817000,manual
P05,Standard,2025-11-29,800000,804000,manual
P05,Standard,2025-11-30,800000,763000,manual
P05,Standard,2025-12-01,800000,879000,manual
P05,Standard,2025-12-02,800000,877000,manual
P05,Standard,2025-12-03,800000,831000,manual
P05,Standard,2025-12-04,800000,891000,manual
P05,Standard,2025-12-05,800000,888000,manual
P05,Standard,2025-12-06,800000,939000,manual
P05,Standard,2025-12-07,800000,879000,manual
P05,Standard,2025-12-08,800000,857000,manual
P05,Standard,2025-12-09,800000,861000,manual
P05,Standard,2025-12-10,800000,906000,manual
P05,Standard,2025-12-11,800000,916000,manual
P05,Standard,2025-12-12,800000,877000,manual
P05,Standard,2025-12-13,800000,888000,manual
P05,Standard,2025-12-14,800000,919000,manual
P05,Standard,2025-12-15,800000,896000,manual
P05,Standard,2025-12-16,800000,881000,manual
P05,Standard,2025-12-17,800000,889000,manual
P05,Standard,2025-12-18,800000,922000,manual
P05,Standard,2025-12-19,800000,912000,manual
P05,Standard,2025-12-20,800000,937000,manual
P05,Standard,2025-12-21,800000,908000,manual
P05,Standard,2025-12-22,800000,903000,manual
P05,Standard,2025-12-23,800000,877000,manual
P05,Standard,2025-12-24,800000,872000,manual
P05,Standard,2025-12-25,800000,896000,manual
P05,Standard,2025-12-26,800000,892000,manual
P05,Standard,2025-12-27,800000,909000,manual
P05,Standard,2025-12-28,800000,963000,manual
P05,Standard,2025-12-29,800000,832000,manual
P05,Standard,2025-12-30,800000,964000,manual
P05,Standard,2025-12-31,800000,952000,manual
P05,Standard,2026-01-01,800000,854000,manual
P05,Standard,2026-01-02,800000,881000,manual
P05,Standard,2026-01-03,800000,882000,manual
P05,Standard,2026-01-04,800000,862000,manual
P05,Standard,2026-01-05,800000,888000,manual
P05,Standard,2026-01-06,800000,896000,manual
P05,Standard,2026-01-07,800000,829000,manual
P05,Standard,2026-01-08,800000,897000,manual
P05,Standard,2026-01-09,800000,830000,manual
P05,Standard,2026-01-10,800000,869000,manual
P05,Standard,2026-01-11,800000,841000,manual
P05,Standard,2026-01-12,800000,871000,manual
P05,Standard,2026-01-13,800000,877000,manual
P05,Standard,2026-01-14,800000,854000,manual
P05,Standard,2026-01-15,800000,820000,manual
P05,Standard,2026-01-16,800000,906000,manual
P05,Standard,2026-01-17,800000,911000,manual
P05,Standard,2026-01-18,800000,893000,manual
P05,Standard,2026-01-19,800000,880000,manual
P05,Standard,2026-01-20,800000,863000,manual
P05,Standard,2026-01-21,800000,866000,manual
P05,Standard,2026-01-22,800000,894000,manual
P05,Standard,2026-01-23,800000,879000,manual
P05,Standard,2026-01-24,800000,863000,manual
P05,Standard,2026-01-25,800000,918000,manual
P05,Standard,2026-01-26,800000,848000,manual
P05,Standard,2026-01-27,800000,883000,manual
P05,Standard,2026-01-28,800000,853000,manual
P05,Standard,2026-01-29,800000,868000,manual
P05,Standard,2026-01-30,800000,867000,manual
P05,Standard,2026-01-31,800000,885000,manual
P05,Standard,2026-02-01,800000,789000,promo
P05,Standard,2026-02-02,800000,742000,promo
P05,Standard,2026-02-03,800000,760000,promo
P05,Standard,2026-02-04,800000,729000,promo
P05,Standard,2026-02-05,800000,773000,promo
P05,Standard,2026-02-06,800000,719000,promo
P05,Standard,2026-02-07,800000,755000,promo
P05,Standard,2026-02-08,800000,751000,promo
P05,Standard,2026-02-09,800000,753000,promo
P05,Standard,2026-02-10,800000,770000,promo
P05,Standard,2026-02-11,800000,726000,promo
P05,Standard,2026-02-12,800000,734000,promo
P05,Standard,2026-02-13,800000,739000,promo
P05,Standard,2026-02-14,800000,797000,promo
P05,Standard,2026-02-15,800000,781000,promo
P05,Standard,2026-02-16,800000,685000,promo
P05,Standard,2026-02-17,800000,755000,promo
P05,Standard,2026-02-18,800000,731000,promo
P05,Standard,2026-02-19,800000,786000,promo
P05,Standard,2026-02-20,800000,764000,promo
P05,Standard,2026-02-21,800000,762000,promo
P05,Standard,2026-02-22,800000,761000,promo
P05,Standard,2026-02-23,800000,774000,promo
P05,Standard,2026-02-24,800000,762000,promo
P05,Standard,2026-02-25,800000,801000,promo
P05,Standard,2026-02-26,800000,760000,promo
P05,Standard,2026-02-27,800000,745000,promo
P05,Standard,2026-02-28,800000,731000,promo
P05,Standard,2026-03-01,800000,770000,promo
P05,Standard,2026-03-02,800000,767000,promo
P05,Standard,2026-03-03,800000,729000,promo
P05,Standard,2026-03-04,800000,737000,promo
P05,Standard,2026-03-05,800000,796000,promo
P05,Standard,2026-03-06,800000,738000,promo
P05,Standard,2026-03-07,800000,728000,promo
P05,Standard,2026-03-08,800000,769000,promo
P05,Standard,2026-03-09,800000,732000,promo
P05,Standard,2026-03-10,800000,801000,promo
P05,Standard,2026-03-11,800000,774000,promo
P05,Standard,2026-03-12,800000,738000,promo
P05,Standard,2026-03-13,800000,742000,promo
P05,Standard,2026-03-14,800000,770000,promo
P05,Standard,2026-03-15,800000,750000,promo
P05,Standard,2026-03-16,800000,715000,promo
P05,Standard,2026-03-17,800000,725000,promo
P05,Standard,2026-03-18,800000,773000,promo
P05,Standard,2026-03-19,800000,743000,promo
P05,Standard,2026-03-20,800000,748000,promo
P05,Standard,2026-03-21,800000,767000,promo
P05,Standard,2026-03-22,800000,759000,promo
P05,Standard,2026-03-23,800000,763000,promo
P05,Standard,2026-03-24,800000,753000,promo
P05,Standard,2026-03-25,800000,773000,promo
P05,Standard,2026-03-26,800000,790000,promo
P05,Standard,2026-03-27,800000,794000,promo
P05,Standard,2026-03-28,800000,796000,promo
P05,Standard,2026-03-29,800000,758000,promo
P05,Standard,2026-03-30,800000,757000,promo
P05,Standard,2026-03-31,800000,744000,promo
P05,Standard,2026-04-01,800000,842000,manual
P05,Standard,2026-04-02,800000,806000,manual
P05,Standard,2026-04-03,800000,790000,manual
P05,Standard,2026-04-04,800000,782000,manual
P05,Standard,2026-04-05,800000,815000,manual
P05,Standard,2026-04-06,800000,818000,manual
P05,Standard,2026-04-07,800000,765000,manual
P05,Standard,2026-04-08,800000,802000,manual
P05,Standard,2026-04-09,800000,830000,manual
P05,Standard,2026-04-10,800000,788000,manual
P05,Standard,2026-04-11,800000,868000,manual
P05,Standard,2026-04-12,800000,799000,manual
P05,Standard,2026-04-13,800000,769000,manual
P05,Standard,2026-04-14,800000,826000,manual
P05,Standard,2026-04-15,800000,808000,manual
P05,Standard,2026-04-16,800000,814000,manual
P05,Standard,2026-04-17,800000,797000,manual
P05,Standard,2026-04-18,800000,833000,manual
P05,Standard,2026-04-19,800000,800000,manual
P05,Standard,2026-04-20,800000,772000,manual
P05,Standard,2026-04-21,800000,804000,manual
P05,Standard,2026-04-22,800000,793000,manual
P05,Standard,2026-04-23,800000,798000,manual
P05,Standard,2026-04-24,800000,741000,manual
P05,Standard,2026-04-25,800000,791000,manual
P05,Standard,2026-04-26,800000,814000,manual
P05,Standard,2026-04-27,800000,815000,manual
P05,Standard,2026-04-28,800000,771000,manual
P05,Standard,2026-04-29,800000,815000,manual
P05,Standard,2026-04-30,800000,834000,manual
P05,Standard,2026-05-01,800000,845000,manual
P05,Standard,2026-05-02,800000,774000,manual
P05,Standard,2026-05-03,800000,764000,manual
P05,Standard,2026-05-04,800000,813000,manual
P05,Standard,2026-05-05,800000,840000,manual
P05,Standard,2026-05-06,800000,833000,manual
P05,Standard,2026-05-07,800000,837000,manual
P05,Standard,2026-05-08,800000,795000,manual
P05,Standard,2026-05-09,800000,816000,manual
P05,Standard,2026-05-10,800000,822000,manual
P05,Standard,2026-05-11,800000,799000,manual
P05,Standard,2026-05-12,800000,796000,manual
P05,Standard,2026-05-13,800000,752000,manual
P05,Standard,2026-05-14,800000,825000,manual
P05,Standard,2026-05-15,800000,806000,manual
P05,Standard,2026-05-16,800000,833000,manual
P05,Standard,2026-05-17,800000,807000,manual
P05,Standard,2026-05-18,800000,798000,manual
P05,Standard,2026-05-19,800000,760000,manual
P05,Standard,2026-05-20,800000,832000,manual
P05,Standard,2026-05-21,800000,806000,manual
P05,Standard,2026-05-22,800000,792000,manual
P05,Standard,2026-05-23,800000,785000,manual
P05,Standard,2026-05-24,800000,806000,manual
P05,Standard,2026-05-25,800000,798000,manual
P05,Standard,2026-05-26,800000,796000,manual
P05,Standard,2026-05-27,800000,789000,manual
P05,Standard,2026-05-28,800000,802000,manual
P05,Standard,2026-05-29,800000,778000,manual
P05,Standard,2026-05-30,800000,810000,manual
P05,Standard,2026-05-31,800000,816000,manual
P05,Standard,2026-06-01,800000,824000,manual
P05,Standard,2026-06-02,800000,936000,manual
P05,Standard,2026-06-03,800000,903000,manual
P05,Standard,2026-06-04,800000,813000,manual
P05,Standard,2026-06-05,800000,878000,manual
P05,Standard,2026-06-06,800000,847000,manual
P05,Standard,2026-06-07,800000,853000,manual
P05,Standard,2026-06-08,800000,835000,manual
P05,Standard,2026-06-09,800000,849000,manual
P05,Standard,2026-06-10,800000,893000,manual
P05,Standard,2026-06-11,800000,861000,manual
P05,Standard,2026-06-12,800000,854000,manual
P05,Standard,2026-06-13,800000,848000,manual
P05,Standard,2026-06-14,800000,887000,manual
P05,Standard,2026-06-15,800000,846000,manual
P05,Standard,2026-06-16,800000,837000,manual
P05,Standard,2026-06-17,800000,853000,manual
P05,Standard,2026-06-18,800000,822000,manual
P05,Standard,2026-06-19,800000,881000,manual
P05,Standard,2026-06-20,800000,816000,manual
P05,Standard,2026-06-21,800000,806000,manual
P05,Standard,2026-06-22,800000,897000,manual
P05,Standard,2026-06-23,800000,905000,manual
P05,Standard,2026-06-24,800000,886000,manual
P05,Standard,2026-06-25,800000,832000,manual
P05,Standard,2026-06-26,800000,850000,manual
P05,Standard,2026-06-27,800000,876000,manual
P05,Standard,2026-06-28,800000,822000,manual
P05,Standard,2026-06-29,800000,841000,manual
P05,Standard,2026-06-30,800000,815000,manual
P05,Deluxe,2023-07-01,1250000,1371000,manual
P05,Deluxe,2023-07-02,1250000,1384000,manual
P05,Deluxe,2023-07-03,1250000,1334000,manual
P05,Deluxe,2023-07-04,1250000,1333000,manual
P05,Deluxe,2023-07-05,1250000,1381000,manual
P05,Deluxe,2023-07-06,1250000,1401000,manual
P05,Deluxe,2023-07-07,1250000,1378000,manual
P05,Deluxe,2023-07-08,1250000,1394000,manual
P05,Deluxe,2023-07-09,1250000,1402000,manual
P05,Deluxe,2023-07-10,1250000,1292000,manual
P05,Deluxe,2023-07-11,1250000,1428000,manual
P05,Deluxe,2023-07-12,1250000,1409000,manual
P05,Deluxe,2023-07-13,1250000,1394000,manual
P05,Deluxe,2023-07-14,1250000,1347000,manual
P05,Deluxe,2023-07-15,1250000,1366000,manual
P05,Deluxe,2023-07-16,1250000,1421000,manual
P05,Deluxe,2023-07-17,1250000,1338000,manual
P05,Deluxe,2023-07-18,1250000,1375000,manual
P05,Deluxe,2023-07-19,1250000,1351000,manual
P05,Deluxe,2023-07-20,1250000,1333000,manual
P05,Deluxe,2023-07-21,1250000,1425000,manual
P05,Deluxe,2023-07-22,1250000,1324000,manual
P05,Deluxe,2023-07-23,1250000,1339000,manual
P05,Deluxe,2023-07-24,1250000,1437000,manual
P05,Deluxe,2023-07-25,1250000,1353000,manual
P05,Deluxe,2023-07-26,1250000,1374000,manual
P05,Deluxe,2023-07-27,1250000,1463000,manual
P05,Deluxe,2023-07-28,1250000,1360000,manual
P05,Deluxe,2023-07-29,1250000,1474000,manual
P05,Deluxe,2023-07-30,1250000,1398000,manual
P05,Deluxe,2023-07-31,1250000,1420000,manual
P05,Deluxe,2023-08-01,1250000,1233000,manual
P05,Deluxe,2023-08-02,1250000,1247000,manual
P05,Deluxe,2023-08-03,1250000,1200000,manual
P05,Deluxe,2023-08-04,1250000,1298000,manual
P05,Deluxe,2023-08-05,1250000,1307000,manual
P05,Deluxe,2023-08-06,1250000,1264000,manual
P05,Deluxe,2023-08-07,1250000,1327000,manual
P05,Deluxe,2023-08-08,1250000,1296000,manual
P05,Deluxe,2023-08-09,1250000,1275000,manual
P05,Deluxe,2023-08-10,1250000,1317000,manual
P05,Deluxe,2023-08-11,1250000,1304000,manual
P05,Deluxe,2023-08-12,1250000,1355000,manual
P05,Deluxe,2023-08-13,1250000,1246000,manual
P05,Deluxe,2023-08-14,1250000,1298000,manual
P05,Deluxe,2023-08-15,1250000,1308000,manual
P05,Deluxe,2023-08-16,1250000,1318000,manual
P05,Deluxe,2023-08-17,1250000,1290000,manual
P05,Deluxe,2023-08-18,1250000,1355000,manual
P05,Deluxe,2023-08-19,1250000,1257000,manual
P05,Deluxe,2023-08-20,1250000,1272000,manual
P05,Deluxe,2023-08-21,1250000,1338000,manual
P05,Deluxe,2023-08-22,1250000,1293000,manual
P05,Deluxe,2023-08-23,1250000,1256000,manual
P05,Deluxe,2023-08-24,1250000,1290000,manual
P05,Deluxe,2023-08-25,1250000,1363000,manual
P05,Deluxe,2023-08-26,1250000,1304000,manual
P05,Deluxe,2023-08-27,1250000,1289000,manual
P05,Deluxe,2023-08-28,1250000,1247000,manual
P05,Deluxe,2023-08-29,1250000,1241000,manual
P05,Deluxe,2023-08-30,1250000,1319000,manual
P05,Deluxe,2023-08-31,1250000,1249000,manual
P05,Deluxe,2023-09-01,1250000,1134000,promo
P05,Deluxe,2023-09-02,1250000,1192000,promo
P05,Deluxe,2023-09-03,1250000,1200000,promo
P05,Deluxe,2023-09-04,1250000,1196000,promo
P05,Deluxe,2023-09-05,1250000,1156000,promo
P05,Deluxe,2023-09-06,1250000,1205000,promo
P05,Deluxe,2023-09-07,1250000,1199000,promo
P05,Deluxe,2023-09-08,1250000,1167000,promo
P05,Deluxe,2023-09-09,1250000,1147000,promo
P05,Deluxe,2023-09-10,1250000,1190000,promo
P05,Deluxe,2023-09-11,1250000,1147000,promo
P05,Deluxe,2023-09-12,1250000,1198000,promo
P05,Deluxe,2023-09-13,1250000,1163000,promo
P05,Deluxe,2023-09-14,1250000,1233000,promo
P05,Deluxe,2023-09-15,1250000,1166000,promo
P05,Deluxe,2023-09-16,1250000,1188000,promo
P05,Deluxe,2023-09-17,1250000,1176000,promo
P05,Deluxe,2023-09-18,1250000,1166000,promo
P05,Deluxe,2023-09-19,1250000,1117000,promo
P05,Deluxe,2023-09-20,1250000,1190000,promo
P05,Deluxe,2023-09-21,1250000,1149000,promo
P05,Deluxe,2023-09-22,1250000,1142000,promo
P05,Deluxe,2023-09-23,1250000,1134000,promo
P05,Deluxe,2023-09-24,1250000,1127000,promo
P05,Deluxe,2023-09-25,1250000,1198000,promo
P05,Deluxe,2023-09-26,1250000,1173000,promo
P05,Deluxe,2023-09-27,1250000,1225000,promo
P05,Deluxe,2023-09-28,1250000,1225000,promo
P05,Deluxe,2023-09-29,1250000,1171000,promo
P05,Deluxe,2023-09-30,1250000,1194000,promo
P05,Deluxe,2023-10-01,1250000,1133000,promo
P05,Deluxe,2023-10-02,1250000,1255000,promo
P05,Deluxe,2023-10-03,1250000,1221000,promo
P05,Deluxe,2023-10-04,1250000,1216000,promo
P05,Deluxe,2023-10-05,1250000,1146000,promo
P05,Deluxe,2023-10-06,1250000,1206000,promo
P05,Deluxe,2023-10-07,1250000,1231000,promo
P05,Deluxe,2023-10-08,1250000,1200000,promo
P05,Deluxe,2023-10-09,1250000,1185000,promo
P05,Deluxe,2023-10-10,1250000,1121000,promo
P05,Deluxe,2023-10-11,1250000,1182000,promo
P05,Deluxe,2023-10-12,1250000,1152000,promo
P05,Deluxe,2023-10-13,1250000,1126000,promo
P05,Deluxe,2023-10-14,1250000,1215000,promo
P05,Deluxe,2023-10-15,1250000,1210000,promo
P05,Deluxe,2023-10-16,1250000,1138000,promo
P05,Deluxe,2023-10-17,1250000,1168000,promo
P05,Deluxe,2023-10-18,1250000,1196000,promo
P05,Deluxe,2023-10-19,1250000,1150000,promo
P05,Deluxe,2023-10-20,1250000,1198000,promo
P05,Deluxe,2023-10-21,1250000,1167000,promo
P05,Deluxe,2023-10-22,1250000,1186000,promo
P05,Deluxe,2023-10-23,1250000,1215000,promo
P05,Deluxe,2023-10-24,1250000,1141000,promo
P05,Deluxe,2023-10-25,1250000,1156000,promo
P05,Deluxe,2023-10-26,1250000,1169000,promo
P05,Deluxe,2023-10-27,1250000,1210000,promo
P05,Deluxe,2023-10-28,1250000,1133000,promo
P05,Deluxe,2023-10-29,1250000,1218000,promo
P05,Deluxe,2023-10-30,1250000,1173000,promo
P05,Deluxe,2023-10-31,1250000,1186000,promo
P05,Deluxe,2023-11-01,1250000,1182000,manual
P05,Deluxe,2023-11-02,1250000,1226000,manual
P05,Deluxe,2023-11-03,1250000,1245000,manual
P05,Deluxe,2023-11-04,1250000,1245000,manual
P05,Deluxe,2023-11-05,1250000,1275000,manual
P05,Deluxe,2023-11-06,1250000,1226000,manual
P05,Deluxe,2023-11-07,1250000,1260000,manual
P05,Deluxe,2023-11-08,1250000,1198000,manual
P05,Deluxe,2023-11-09,1250000,1277000,manual
P05,Deluxe,2023-11-10,1250000,1303000,manual
P05,Deluxe,2023-11-11,1250000,1201000,manual
P05,Deluxe,2023-11-12,1250000,1241000,manual
P05,Deluxe,2023-11-13,1250000,1266000,manual
P05,Deluxe,2023-11-14,1250000,1183000,manual
P05,Deluxe,2023-11-15,1250000,1133000,manual
P05,Deluxe,2023-11-16,1250000,1188000,manual
P05,Deluxe,2023-11-17,1250000,1207000,manual
P05,Deluxe,2023-11-18,1250000,1211000,manual
P05,Deluxe,2023-11-19,1250000,1236000,manual
P05,Deluxe,2023-11-20,1250000,1291000,manual
P05,Deluxe,2023-11-21,1250000,1269000,manual
P05,Deluxe,2023-11-22,1250000,1303000,manual
P05,Deluxe,2023-11-23,1250000,1216000,manual
P05,Deluxe,2023-11-24,1250000,1118000,manual
P05,Deluxe,2023-11-25,1250000,1238000,manual
P05,Deluxe,2023-11-26,1250000,1292000,manual
P05,Deluxe,2023-11-27,1250000,1275000,manual
P05,Deluxe,2023-11-28,1250000,1229000,manual
P05,Deluxe,2023-11-29,1250000,1187000,manual
P05,Deluxe,2023-11-30,1250000,1255000,manual
P05,Deluxe,2023-12-01,1250000,1442000,manual
P05,Deluxe,2023-12-02,1250000,1375000,manual
P05,Deluxe,2023-12-03,1250000,1376000,manual
P05,Deluxe,2023-12-04,1250000,1374000,manual
P05,Deluxe,2023-12-05,1250000,1384000,manual
P05,Deluxe,2023-12-06,1250000,1341000,manual
P05,Deluxe,2023-12-07,1250000,1380000,manual
P05,Deluxe,2023-12-08,1250000,1394000,manual
P05,Deluxe,2023-12-09,1250000,1393000,manual
P05,Deluxe,2023-12-10,1250000,1399000,manual
P05,Deluxe,2023-12-11,1250000,1413000,manual
P05,Deluxe,2023-12-12,1250000,1383000,manual
P05,Deluxe,2023-12-13,1250000,1425000,manual
P05,Deluxe,2023-12-14,1250000,1441000,manual
P05,Deluxe,2023-12-15,1250000,1404000,manual
P05,Deluxe,2023-12-16,1250000,1436000,manual
P05,Deluxe,2023-12-17,1250000,1379000,manual
P05,Deluxe,2023-12-18,1250000,1476000,manual
P05,Deluxe,2023-12-19,1250000,1422000,manual
P05,Deluxe,2023-12-20,1250000,1375000,manual
P05,Deluxe,2023-12-21,1250000,1393000,manual
P05,Deluxe,2023-12-22,1250000,1389000,manual
P05,Deluxe,2023-12-23,1250000,1419000,manual
P05,Deluxe,2023-12-24,1250000,1416000,manual
P05,Deluxe,2023-12-25,1250000,1438000,manual
P05,Deluxe,2023-12-26,1250000,1422000,manual
P05,Deluxe,2023-12-27,1250000,1477000,manual
P05,Deluxe,2023-12-28,1250000,1391000,manual
P05,Deluxe,2023-12-29,1250000,1354000,manual
P05,Deluxe,2023-12-30,1250000,1445000,manual
P05,Deluxe,2023-12-31,1250000,1417000,manual
P05,Deluxe,2024-01-01,1250000,1438000,manual
P05,Deluxe,2024-01-02,1250000,1328000,manual
P05,Deluxe,2024-01-03,1250000,1301000,manual
P05,Deluxe,2024-01-04,1250000,1309000,manual
P05,Deluxe,2024-01-05,1250000,1331000,manual
P05,Deluxe,2024-01-06,1250000,1384000,manual
P05,Deluxe,2024-01-07,1250000,1389000,manual
P05,Deluxe,2024-01-08,1250000,1366000,manual
P05,Deluxe,2024-01-09,1250000,1317000,manual
P05,Deluxe,2024-01-10,1250000,1335000,manual
P05,Deluxe,2024-01-11,1250000,1284000,manual
P05,Deluxe,2024-01-12,1250000,1401000,manual
P05,Deluxe,2024-01-13,1250000,1362000,manual
P05,Deluxe,2024-01-14,1250000,1410000,manual
P05,Deluxe,2024-01-15,1250000,1475000,manual
P05,Deluxe,2024-01-16,1250000,1366000,manual
P05,Deluxe,2024-01-17,1250000,1355000,manual
P05,Deluxe,2024-01-18,1250000,1405000,manual
P05,Deluxe,2024-01-19,1250000,1380000,manual
P05,Deluxe,2024-01-20,1250000,1345000,manual
P05,Deluxe,2024-01-21,1250000,1410000,manual
P05,Deluxe,2024-01-22,1250000,1361000,manual
P05,Deluxe,2024-01-23,1250000,1371000,manual
P05,Deluxe,2024-01-24,1250000,1353000,manual
P05,Deluxe,2024-01-25,1250000,1284000,manual
P05,Deluxe,2024-01-26,1250000,1386000,manual
P05,Deluxe,2024-01-27,1250000,1335000,manual
P05,Deluxe,2024-01-28,1250000,1352000,manual
P05,Deluxe,2024-01-29,1250000,1407000,manual
P05,Deluxe,2024-01-30,1250000,1390000,manual
P05,Deluxe,2024-01-31,1250000,1370000,manual
P05,Deluxe,2024-02-01,1250000,1093000,promo
P05,Deluxe,2024-02-02,1250000,1125000,promo
P05,Deluxe,2024-02-03,1250000,1226000,promo
P05,Deluxe,2024-02-04,1250000,1151000,promo
P05,Deluxe,2024-02-05,1250000,1162000,promo
P05,Deluxe,2024-02-06,1250000,1122000,promo
P05,Deluxe,2024-02-07,1250000,1104000,promo
P05,Deluxe,2024-02-08,1250000,1211000,promo
P05,Deluxe,2024-02-09,1250000,1204000,promo
P05,Deluxe,2024-02-10,1250000,1101000,promo
P05,Deluxe,2024-02-11,1250000,1135000,promo
P05,Deluxe,2024-02-12,1250000,1142000,promo
P05,Deluxe,2024-02-13,1250000,1176000,promo
P05,Deluxe,2024-02-14,1250000,1161000,promo
P05,Deluxe,2024-02-15,1250000,1160000,promo
P05,Deluxe,2024-02-16,1250000,1125000,promo
P05,Deluxe,2024-02-17,1250000,1164000,promo
P05,Deluxe,2024-02-18,1250000,1191000,promo
P05,Deluxe,2024-02-19,1250000,1190000,promo
P05,Deluxe,2024-02-20,1250000,1218000,promo
P05,Deluxe,2024-02-21,1250000,1194000,promo
P05,Deluxe,2024-02-22,1250000,1175000,promo
P05,Deluxe,2024-02-23,1250000,1200000,promo
P05,Deluxe,2024-02-24,1250000,1131000,promo
P05,Deluxe,2024-02-25,1250000,1173000,promo
P05,Deluxe,2024-02-26,1250000,1197000,promo
P05,Deluxe,2024-02-27,1250000,1193000,promo
P05,Deluxe,2024-02-28,1250000,1177000,promo
P05,Deluxe,2024-02-29,1250000,1124000,promo
P05,Deluxe,2024-03-01,1250000,1124000,promo
P05,Deluxe,2024-03-02,1250000,1200000,promo
P05,Deluxe,2024-03-03,1250000,1260000,promo
P05,Deluxe,2024-03-04,1250000,1189000,promo
P05,Deluxe,2024-03-05,1250000,1187000,promo
P05,Deluxe,2024-03-06,1250000,1088000,promo
P05,Deluxe,2024-03-07,1250000,1179000,promo
P05,Deluxe,2024-03-08,1250000,1194000,promo
P05,Deluxe,2024-03-09,1250000,1214000,promo
P05,Deluxe,2024-03-10,1250000,1195000,promo
P05,Deluxe,2024-03-11,1250000,1187000,promo
P05,Deluxe,2024-03-12,1250000,1216000,promo
P05,Deluxe,2024-03-13,1250000,1194000,promo
P05,Deluxe,2024-03-14,1250000,1164000,promo
P05,Deluxe,2024-03-15,1250000,1260000,promo
P05,Deluxe,2024-03-16,1250000,1144000,promo
P05,Deluxe,2024-03-17,1250000,1204000,promo
P05,Deluxe,2024-03-18,1250000,1148000,promo
P05,Deluxe,2024-03-19,1250000,1197000,promo
P05,Deluxe,2024-03-20,1250000,1164000,promo
P05,Deluxe,2024-03-21,1250000,1240000,promo
P05,Deluxe,2024-03-22,1250000,1181000,promo
P05,Deluxe,2024-03-23,1250000,1220000,promo
P05,Deluxe,2024-03-24,1250000,1210000,promo
P05,Deluxe,2024-03-25,1250000,1172000,promo
P05,Deluxe,2024-03-26,1250000,1193000,promo
P05,Deluxe,2024-03-27,1250000,1150000,promo
P05,Deluxe,2024-03-28,1250000,1128000,promo
P05,Deluxe,2024-03-29,1250000,1106000,promo
P05,Deluxe,2024-03-30,1250000,1205000,promo
P05,Deluxe,2024-03-31,1250000,1160000,promo
P05,Deluxe,2024-04-01,1250000,1310000,manual
P05,Deluxe,2024-04-02,1250000,1314000,manual
P05,Deluxe,2024-04-03,1250000,1197000,manual
P05,Deluxe,2024-04-04,1250000,1273000,manual
P05,Deluxe,2024-04-05,1250000,1301000,manual
P05,Deluxe,2024-04-06,1250000,1273000,manual
P05,Deluxe,2024-04-07,1250000,1297000,manual
P05,Deluxe,2024-04-08,1250000,1239000,manual
P05,Deluxe,2024-04-09,1250000,1190000,manual
P05,Deluxe,2024-04-10,1250000,1262000,manual
P05,Deluxe,2024-04-11,1250000,1218000,manual
P05,Deluxe,2024-04-12,1250000,1189000,manual
P05,Deluxe,2024-04-13,1250000,1229000,manual
P05,Deluxe,2024-04-14,1250000,1245000,manual
P05,Deluxe,2024-04-15,1250000,1183000,manual
P05,Deluxe,2024-04-16,1250000,1230000,manual
P05,Deluxe,2024-04-17,1250000,1280000,manual
P05,Deluxe,2024-04-18,1250000,1345000,manual
P05,Deluxe,2024-04-19,1250000,1237000,manual
P05,Deluxe,2024-04-20,1250000,1297000,manual
P05,Deluxe,2024-04-21,1250000,1220000,manual
P05,Deluxe,2024-04-22,1250000,1255000,manual
P05,Deluxe,2024-04-23,1250000,1283000,manual
P05,Deluxe,2024-04-24,1250000,1255000,manual
P05,Deluxe,2024-04-25,1250000,1205000,manual
P05,Deluxe,2024-04-26,1250000,1305000,manual
P05,Deluxe,2024-04-27,1250000,1228000,manual
P05,Deluxe,2024-04-28,1250000,1322000,manual
P05,Deluxe,2024-04-29,1250000,1288000,manual
P05,Deluxe,2024-04-30,1250000,1274000,manual
P05,Deluxe,2024-05-01,1250000,1235000,manual
P05,Deluxe,2024-05-02,1250000,1223000,manual
P05,Deluxe,2024-05-03,1250000,1227000,manual
P05,Deluxe,2024-05-04,1250000,1187000,manual
P05,Deluxe,2024-05-05,1250000,1279000,manual
P05,Deluxe,2024-05-06,1250000,1281000,manual
P05,Deluxe,2024-05-07,1250000,1239000,manual
P05,Deluxe,2024-05-08,1250000,1208000,manual
P05,Deluxe,2024-05-09,1250000,1249000,manual
P05,Deluxe,2024-05-10,1250000,1272000,manual
P05,Deluxe,2024-05-11,1250000,1226000,manual
P05,Deluxe,2024-05-12,1250000,1214000,manual
P05,Deluxe,2024-05-13,1250000,1276000,manual
P05,Deluxe,2024-05-14,1250000,1323000,manual
P05,Deluxe,2024-05-15,1250000,1238000,manual
P05,Deluxe,2024-05-16,1250000,1252000,manual
P05,Deluxe,2024-05-17,1250000,1240000,manual
P05,Deluxe,2024-05-18,1250000,1275000,manual
P05,Deluxe,2024-05-19,1250000,1286000,manual
P05,Deluxe,2024-05-20,1250000,1252000,manual
P05,Deluxe,2024-05-21,1250000,1248000,manual
P05,Deluxe,2024-05-22,1250000,1267000,manual
P05,Deluxe,2024-05-23,1250000,1261000,manual
P05,Deluxe,2024-05-24,1250000,1316000,manual
P05,Deluxe,2024-05-25,1250000,1310000,manual
P05,Deluxe,2024-05-26,1250000,1297000,manual
P05,Deluxe,2024-05-27,1250000,1256000,manual
P05,Deluxe,2024-05-28,1250000,1237000,manual
P05,Deluxe,2024-05-29,1250000,1310000,manual
P05,Deluxe,2024-05-30,1250000,1242000,manual
P05,Deluxe,2024-05-31,1250000,1215000,manual
P05,Deluxe,2024-06-01,1250000,1360000,manual
P05,Deluxe,2024-06-02,1250000,1342000,manual
P05,Deluxe,2024-06-03,1250000,1388000,manual
P05,Deluxe,2024-06-04,1250000,1310000,manual
P05,Deluxe,2024-06-05,1250000,1326000,manual
P05,Deluxe,2024-06-06,1250000,1395000,manual
P05,Deluxe,2024-06-07,1250000,1247000,manual
P05,Deluxe,2024-06-08,1250000,1325000,manual
P05,Deluxe,2024-06-09,1250000,1288000,manual
P05,Deluxe,2024-06-10,1250000,1348000,manual
P05,Deluxe,2024-06-11,1250000,1294000,manual
P05,Deluxe,2024-06-12,1250000,1320000,manual
P05,Deluxe,2024-06-13,1250000,1379000,manual
P05,Deluxe,2024-06-14,1250000,1294000,manual
P05,Deluxe,2024-06-15,1250000,1321000,manual
P05,Deluxe,2024-06-16,1250000,1421000,manual
P05,Deluxe,2024-06-17,1250000,1377000,manual
P05,Deluxe,2024-06-18,1250000,1291000,manual
P05,Deluxe,2024-06-19,1250000,1306000,manual
P05,Deluxe,2024-06-20,1250000,1403000,manual
P05,Deluxe,2024-06-21,1250000,1357000,manual
P05,Deluxe,2024-06-22,1250000,1333000,manual
P05,Deluxe,2024-06-23,1250000,1324000,manual
P05,Deluxe,2024-06-24,1250000,1341000,manual
P05,Deluxe,2024-06-25,1250000,1372000,manual
P05,Deluxe,2024-06-26,1250000,1357000,manual
P05,Deluxe,2024-06-27,1250000,1390000,manual
P05,Deluxe,2024-06-28,1250000,1302000,manual
P05,Deluxe,2024-06-29,1250000,1350000,manual
P05,Deluxe,2024-06-30,1250000,1353000,manual
P05,Deluxe,2024-07-01,1250000,1372000,manual
P05,Deluxe,2024-07-02,1250000,1343000,manual
P05,Deluxe,2024-07-03,1250000,1415000,manual
P05,Deluxe,2024-07-04,1250000,1400000,manual
P05,Deluxe,2024-07-05,1250000,1388000,manual
P05,Deluxe,2024-07-06,1250000,1449000,manual
P05,Deluxe,2024-07-07,1250000,1385000,manual
P05,Deluxe,2024-07-08,1250000,1340000,manual
P05,Deluxe,2024-07-09,1250000,1442000,manual
P05,Deluxe,2024-07-10,1250000,1421000,manual
P05,Deluxe,2024-07-11,1250000,1351000,manual
P05,Deluxe,2024-07-12,1250000,1364000,manual
P05,Deluxe,2024-07-13,1250000,1368000,manual
P05,Deluxe,2024-07-14,1250000,1341000,manual
P05,Deluxe,2024-07-15,1250000,1374000,manual
P05,Deluxe,2024-07-16,1250000,1394000,manual
P05,Deluxe,2024-07-17,1250000,1371000,manual
P05,Deluxe,2024-07-18,1250000,1345000,manual
P05,Deluxe,2024-07-19,1250000,1372000,manual
P05,Deluxe,2024-07-20,1250000,1340000,manual
P05,Deluxe,2024-07-21,1250000,1355000,manual
P05,Deluxe,2024-07-22,1250000,1362000,manual
P05,Deluxe,2024-07-23,1250000,1420000,manual
P05,Deluxe,2024-07-24,1250000,1394000,manual
P05,Deluxe,2024-07-25,1250000,1392000,manual
P05,Deluxe,2024-07-26,1250000,1404000,manual
P05,Deluxe,2024-07-27,1250000,1346000,manual
P05,Deluxe,2024-07-28,1250000,1411000,manual
P05,Deluxe,2024-07-29,1250000,1459000,manual
P05,Deluxe,2024-07-30,1250000,1415000,manual
P05,Deluxe,2024-07-31,1250000,1307000,manual
P05,Deluxe,2024-08-01,1250000,1354000,manual
P05,Deluxe,2024-08-02,1250000,1205000,manual
P05,Deluxe,2024-08-03,1250000,1226000,manual
P05,Deluxe,2024-08-04,1250000,1313000,manual
P05,Deluxe,2024-08-05,1250000,1267000,manual
P05,Deluxe,2024-08-06,1250000,1305000,manual
P05,Deluxe,2024-08-07,1250000,1313000,manual
P05,Deluxe,2024-08-08,1250000,1259000,manual
P05,Deluxe,2024-08-09,1250000,1221000,manual
P05,Deluxe,2024-08-10,1250000,1241000,manual
P05,Deluxe,2024-08-11,1250000,1238000,manual
P05,Deluxe,2024-08-12,1250000,1295000,manual
P05,Deluxe,2024-08-13,1250000,1354000,manual
P05,Deluxe,2024-08-14,1250000,1263000,manual
P05,Deluxe,2024-08-15,1250000,1227000,manual
P05,Deluxe,2024-08-16,1250000,1320000,manual
P05,Deluxe,2024-08-17,1250000,1307000,manual
P05,Deluxe,2024-08-18,1250000,1311000,manual
P05,Deluxe,2024-08-19,1250000,1248000,manual
P05,Deluxe,2024-08-20,1250000,1256000,manual
P05,Deluxe,2024-08-21,1250000,1215000,manual
P05,Deluxe,2024-08-22,1250000,1351000,manual
P05,Deluxe,2024-08-23,1250000,1279000,manual
P05,Deluxe,2024-08-24,1250000,1286000,manual
P05,Deluxe,2024-08-25,1250000,1295000,manual
P05,Deluxe,2024-08-26,1250000,1283000,manual
P05,Deluxe,2024-08-27,1250000,1261000,manual
P05,Deluxe,2024-08-28,1250000,1257000,manual
P05,Deluxe,2024-08-29,1250000,1285000,manual
P05,Deluxe,2024-08-30,1250000,1305000,manual
P05,Deluxe,2024-08-31,1250000,1253000,manual
P05,Deluxe,2024-09-01,1250000,1268000,promo
P05,Deluxe,2024-09-02,1250000,1147000,promo
P05,Deluxe,2024-09-03,1250000,1200000,promo
P05,Deluxe,2024-09-04,1250000,1167000,promo
P05,Deluxe,2024-09-05,1250000,1177000,promo
P05,Deluxe,2024-09-06,1250000,1212000,promo
P05,Deluxe,2024-09-07,1250000,1197000,promo
P05,Deluxe,2024-09-08,1250000,1226000,promo
P05,Deluxe,2024-09-09,1250000,1148000,promo
P05,Deluxe,2024-09-10,1250000,1108000,promo
P05,Deluxe,2024-09-11,1250000,1132000,promo
P05,Deluxe,2024-09-12,1250000,1090000,promo
P05,Deluxe,2024-09-13,1250000,1158000,promo
P05,Deluxe,2024-09-14,1250000,1228000,promo
P05,Deluxe,2024-09-15,1250000,1190000,promo
P05,Deluxe,2024-09-16,1250000,1178000,promo
P05,Deluxe,2024-09-17,1250000,1181000,promo
P05,Deluxe,2024-09-18,1250000,1146000,promo
P05,Deluxe,2024-09-19,1250000,1149000,promo
P05,Deluxe,2024-09-20,1250000,1181000,promo
P05,Deluxe,2024-09-21,1250000,1106000,promo
P05,Deluxe,2024-09-22,1250000,1207000,promo
P05,Deluxe,2024-09-23,1250000,1195000,promo
P05,Deluxe,2024-09-24,1250000,1148000,promo
P05,Deluxe,2024-09-25,1250000,1170000,promo
P05,Deluxe,2024-09-26,1250000,1188000,promo
P05,Deluxe,2024-09-27,1250000,1166000,promo
P05,Deluxe,2024-09-28,1250000,1193000,promo
P05,Deluxe,2024-09-29,1250000,1156000,promo
P05,Deluxe,2024-09-30,1250000,1163000,promo
P05,Deluxe,2024-10-01,1250000,1218000,promo
P05,Deluxe,2024-10-02,1250000,1219000,promo
P05,Deluxe,2024-10-03,1250000,1175000,promo
P05,Deluxe,2024-10-04,1250000,1165000,promo
P05,Deluxe,2024-10-05,1250000,1180000,promo
P05,Deluxe,2024-10-06,1250000,1232000,promo
P05,Deluxe,2024-10-07,1250000,1231000,promo
P05,Deluxe,2024-10-08,1250000,1189000,promo
P05,Deluxe,2024-10-09,1250000,1151000,promo
P05,Deluxe,2024-10-10,1250000,1161000,promo
P05,Deluxe,2024-10-11,1250000,1190000,promo
P05,Deluxe,2024-10-12,1250000,1188000,promo
P05,Deluxe,2024-10-13,1250000,1142000,promo
P05,Deluxe,2024-10-14,1250000,1176000,promo
P05,Deluxe,2024-10-15,1250000,1229000,promo
P05,Deluxe,2024-10-16,1250000,1168000,promo
P05,Deluxe,2024-10-17,1250000,1200000,promo
P05,Deluxe,2024-10-18,1250000,1170000,promo
P05,Deluxe,2024-10-19,1250000,1254000,promo
P05,Deluxe,2024-10-20,1250000,1202000,promo
P05,Deluxe,2024-10-21,1250000,1177000,promo
P05,Deluxe,2024-10-22,1250000,1207000,promo
P05,Deluxe,2024-10-23,1250000,1171000,promo
P05,Deluxe,2024-10-24,1250000,1210000,promo
P05,Deluxe,2024-10-25,1250000,1263000,promo
P05,Deluxe,2024-10-26,1250000,1208000,promo
P05,Deluxe,2024-10-27,1250000,1224000,promo
P05,Deluxe,2024-10-28,1250000,1183000,promo
P05,Deluxe,2024-10-29,1250000,1162000,promo
P05,Deluxe,2024-10-30,1250000,1216000,promo
P05,Deluxe,2024-10-31,1250000,1144000,promo
P05,Deluxe,2024-11-01,1250000,1224000,manual
P05,Deluxe,2024-11-02,1250000,1248000,manual
P05,Deluxe,2024-11-03,1250000,1285000,manual
P05,Deluxe,2024-11-04,1250000,1228000,manual
P05,Deluxe,2024-11-05,1250000,1281000,manual
P05,Deluxe,2024-11-06,1250000,1248000,manual
P05,Deluxe,2024-11-07,1250000,1294000,manual
P05,Deluxe,2024-11-08,1250000,1240000,manual
P05,Deluxe,2024-11-09,1250000,1239000,manual
P05,Deluxe,2024-11-10,1250000,1203000,manual
P05,Deluxe,2024-11-11,1250000,1241000,manual
P05,Deluxe,2024-11-12,1250000,1195000,manual
P05,Deluxe,2024-11-13,1250000,1276000,manual
P05,Deluxe,2024-11-14,1250000,1199000,manual
P05,Deluxe,2024-11-15,1250000,1255000,manual
P05,Deluxe,2024-11-16,1250000,1198000,manual
P05,Deluxe,2024-11-17,1250000,1120000,manual
P05,Deluxe,2024-11-18,1250000,1244000,manual
P05,Deluxe,2024-11-19,1250000,1217000,manual
P05,Deluxe,2024-11-20,1250000,1219000,manual
P05,Deluxe,2024-11-21,1250000,1238000,manual
P05,Deluxe,2024-11-22,1250000,1177000,manual
P05,Deluxe,2024-11-23,1250000,1274000,manual
P05,Deluxe,2024-11-24,1250000,1227000,manual
P05,Deluxe,2024-11-25,1250000,1267000,manual
P05,Deluxe,2024-11-26,1250000,1209000,manual
P05,Deluxe,2024-11-27,1250000,1198000,manual
P05,Deluxe,2024-11-28,1250000,1223000,manual
P05,Deluxe,2024-11-29,1250000,1268000,manual
P05,Deluxe,2024-11-30,1250000,1210000,manual
P05,Deluxe,2024-12-01,1250000,1394000,manual
P05,Deluxe,2024-12-02,1250000,1406000,manual
P05,Deluxe,2024-12-03,1250000,1385000,manual
P05,Deluxe,2024-12-04,1250000,1388000,manual
P05,Deluxe,2024-12-05,1250000,1449000,manual
P05,Deluxe,2024-12-06,1250000,1489000,manual
P05,Deluxe,2024-12-07,1250000,1499000,manual
P05,Deluxe,2024-12-08,1250000,1375000,manual
P05,Deluxe,2024-12-09,1250000,1472000,manual
P05,Deluxe,2024-12-10,1250000,1425000,manual
P05,Deluxe,2024-12-11,1250000,1429000,manual
P05,Deluxe,2024-12-12,1250000,1451000,manual
P05,Deluxe,2024-12-13,1250000,1349000,manual
P05,Deluxe,2024-12-14,1250000,1489000,manual
P05,Deluxe,2024-12-15,1250000,1466000,manual
P05,Deluxe,2024-12-16,1250000,1453000,manual
P05,Deluxe,2024-12-17,1250000,1411000,manual
P05,Deluxe,2024-12-18,1250000,1447000,manual
P05,Deluxe,2024-12-19,1250000,1353000,manual
P05,Deluxe,2024-12-20,1250000,1398000,manual
P05,Deluxe,2024-12-21,1250000,1394000,manual
P05,Deluxe,2024-12-22,1250000,1419000,manual
P05,Deluxe,2024-12-23,1250000,1382000,manual
P05,Deluxe,2024-12-24,1250000,1381000,manual
P05,Deluxe,2024-12-25,1250000,1454000,manual
P05,Deluxe,2024-12-26,1250000,1438000,manual
P05,Deluxe,2024-12-27,1250000,1449000,manual
P05,Deluxe,2024-12-28,1250000,1360000,manual
P05,Deluxe,2024-12-29,1250000,1380000,manual
P05,Deluxe,2024-12-30,1250000,1373000,manual
P05,Deluxe,2024-12-31,1250000,1389000,manual
P05,Deluxe,2025-01-01,1250000,1413000,manual
P05,Deluxe,2025-01-02,1250000,1308000,manual
P05,Deluxe,2025-01-03,1250000,1435000,manual
P05,Deluxe,2025-01-04,1250000,1434000,manual
P05,Deluxe,2025-01-05,1250000,1365000,manual
P05,Deluxe,2025-01-06,1250000,1415000,manual
P05,Deluxe,2025-01-07,1250000,1338000,manual
P05,Deluxe,2025-01-08,1250000,1375000,manual
P05,Deluxe,2025-01-09,1250000,1368000,manual
P05,Deluxe,2025-01-10,1250000,1424000,manual
P05,Deluxe,2025-01-11,1250000,1349000,manual
P05,Deluxe,2025-01-12,1250000,1323000,manual
P05,Deluxe,2025-01-13,1250000,1426000,manual
P05,Deluxe,2025-01-14,1250000,1374000,manual
P05,Deluxe,2025-01-15,1250000,1402000,manual
P05,Deluxe,2025-01-16,1250000,1404000,manual
P05,Deluxe,2025-01-17,1250000,1424000,manual
P05,Deluxe,2025-01-18,1250000,1398000,manual
P05,Deluxe,2025-01-19,1250000,1395000,manual
P05,Deluxe,2025-01-20,1250000,1357000,manual
P05,Deluxe,2025-01-21,1250000,1449000,manual
P05,Deluxe,2025-01-22,1250000,1381000,manual
P05,Deluxe,2025-01-23,1250000,1456000,manual
P05,Deluxe,2025-01-24,1250000,1394000,manual
P05,Deluxe,2025-01-25,1250000,1439000,manual
P05,Deluxe,2025-01-26,1250000,1404000,manual
P05,Deluxe,2025-01-27,1250000,1375000,manual
P05,Deluxe,2025-01-28,1250000,1361000,manual
P05,Deluxe,2025-01-29,1250000,1424000,manual
P05,Deluxe,2025-01-30,1250000,1450000,manual
P05,Deluxe,2025-01-31,1250000,1338000,manual
P05,Deluxe,2025-02-01,1250000,1201000,promo
P05,Deluxe,2025-02-02,1250000,1152000,promo
P05,Deluxe,2025-02-03,1250000,1171000,promo
P05,Deluxe,2025-02-04,1250000,1217000,promo
P05,Deluxe,2025-02-05,1250000,1168000,promo
P05,Deluxe,2025-02-06,1250000,1186000,promo
P05,Deluxe,2025-02-07,1250000,1177000,promo
P05,Deluxe,2025-02-08,1250000,1222000,promo
P05,Deluxe,2025-02-09,1250000,1174000,promo
P05,Deluxe,2025-02-10,1250000,1167000,promo
P05,Deluxe,2025-02-11,1250000,1146000,promo
P05,Deluxe,2025-02-12,1250000,1206000,promo
P05,Deluxe,2025-02-13,1250000,1223000,promo
P05,Deluxe,2025-02-14,1250000,1114000,promo
P05,Deluxe,2025-02-15,1250000,1217000,promo
P05,Deluxe,2025-02-16,1250000,1146000,promo
P05,Deluxe,2025-02-17,1250000,1234000,promo
P05,Deluxe,2025-02-18,1250000,1186000,promo
P05,Deluxe,2025-02-19,1250000,1190000,promo
P05,Deluxe,2025-02-20,1250000,1176000,promo
P05,Deluxe,2025-02-21,1250000,1151000,promo
P05,Deluxe,2025-02-22,1250000,1151000,promo
P05,Deluxe,2025-02-23,1250000,1196000,promo
P05,Deluxe,2025-02-24,1250000,1182000,promo
P05,Deluxe,2025-02-25,1250000,1146000,promo
P05,Deluxe,2025-02-26,1250000,1182000,promo
P05,Deluxe,2025-02-27,1250000,1178000,promo
P05,Deluxe,2025-02-28,1250000,1153000,promo
P05,Deluxe,2025-03-01,1250000,1151000,promo
P05,Deluxe,2025-03-02,1250000,1160000,promo
P05,Deluxe,2025-03-03,1250000,1247000,promo
P05,Deluxe,2025-03-04,1250000,1216000,promo
P05,Deluxe,2025-03-05,1250000,1223000,promo
P05,Deluxe,2025-03-06,1250000,1148000,promo
P05,Deluxe,2025-03-07,1250000,1175000,promo
P05,Deluxe,2025-03-08,1250000,1230000,promo
P05,Deluxe,2025-03-09,1250000,1217000,promo
P05,Deluxe,2025-03-10,1250000,1210000,promo
P05,Deluxe,2025-03-11,1250000,1196000,promo
P05,Deluxe,2025-03-12,1250000,1170000,promo
P05,Deluxe,2025-03-13,1250000,1214000,promo
P05,Deluxe,2025-03-14,1250000,1232000,promo
P05,Deluxe,2025-03-15,1250000,1244000,promo
P05,Deluxe,2025-03-16,1250000,1122000,promo
P05,Deluxe,2025-03-17,1250000,1196000,promo
P05,Deluxe,2025-03-18,1250000,1155000,promo
P05,Deluxe,2025-03-19,1250000,1201000,promo
P05,Deluxe,2025-03-20,1250000,1160000,promo
P05,Deluxe,2025-03-21,1250000,1137000,promo
P05,Deluxe,2025-03-22,1250000,1190000,promo
P05,Deluxe,2025-03-23,1250000,1123000,promo
P05,Deluxe,2025-03-24,1250000,1150000,promo
P05,Deluxe,2025-03-25,1250000,1207000,promo
P05,Deluxe,2025-03-26,1250000,1212000,promo
P05,Deluxe,2025-03-27,1250000,1182000,promo
P05,Deluxe,2025-03-28,1250000,1235000,promo
P05,Deluxe,2025-03-29,1250000,1238000,promo
P05,Deluxe,2025-03-30,1250000,1167000,promo
P05,Deluxe,2025-03-31,1250000,1112000,promo
P05,Deluxe,2025-04-01,1250000,1217000,manual
P05,Deluxe,2025-04-02,1250000,1254000,manual
P05,Deluxe,2025-04-03,1250000,1302000,manual
P05,Deluxe,2025-04-04,1250000,1313000,manual
P05,Deluxe,2025-04-05,1250000,1216000,manual
P05,Deluxe,2025-04-06,1250000,1243000,manual
P05,Deluxe,2025-04-07,1250000,1246000,manual
P05,Deluxe,2025-04-08,1250000,1267000,manual
P05,Deluxe,2025-04-09,1250000,1269000,manual
P05,Deluxe,2025-04-10,1250000,1239000,manual
P05,Deluxe,2025-04-11,1250000,1276000,manual
P05,Deluxe,2025-04-12,1250000,1266000,manual
P05,Deluxe,2025-04-13,1250000,1277000,manual
P05,Deluxe,2025-04-14,1250000,1244000,manual
P05,Deluxe,2025-04-15,1250000,1260000,manual
P05,Deluxe,2025-04-16,1250000,1221000,manual
P05,Deluxe,2025-04-17,1250000,1254000,manual
P05,Deluxe,2025-04-18,1250000,1183000,manual
P05,Deluxe,2025-04-19,1250000,1182000,manual
P05,Deluxe,2025-04-20,1250000,1238000,manual
P05,Deluxe,2025-04-21,1250000,1241000,manual
P05,Deluxe,2025-04-22,1250000,1233000,manual
P05,Deluxe,2025-04-23,1250000,1280000,manual
P05,Deluxe,2025-04-24,1250000,1167000,manual
P05,Deluxe,2025-04-25,1250000,1269000,manual
P05,Deluxe,2025-04-26,1250000,1216000,manual
P05,Deluxe,2025-04-27,1250000,1251000,manual
P05,Deluxe,2025-04-28,1250000,1284000,manual
P05,Deluxe,2025-04-29,1250000,1207000,manual
P05,Deluxe,2025-04-30,1250000,1247000,manual
P05,Deluxe,2025-05-01,1250000,1257000,manual
P05,Deluxe,2025-05-02,1250000,1169000,manual
P05,Deluxe,2025-05-03,1250000,1264000,manual
P05,Deluxe,2025-05-04,1250000,1305000,manual
P05,Deluxe,2025-05-05,1250000,1270000,manual
P05,Deluxe,2025-05-06,1250000,1276000,manual
P05,Deluxe,2025-05-07,1250000,1280000,manual
P05,Deluxe,2025-05-08,1250000,1241000,manual
P05,Deluxe,2025-05-09,1250000,1189000,manual
P05,Deluxe,2025-05-10,1250000,1220000,manual
P05,Deluxe,2025-05-11,1250000,1216000,manual
P05,Deluxe,2025-05-12,1250000,1239000,manual
P05,Deluxe,2025-05-13,1250000,1306000,manual
P05,Deluxe,2025-05-14,1250000,1212000,manual
P05,Deluxe,2025-05-15,1250000,1339000,manual
P05,Deluxe,2025-05-16,1250000,1232000,manual
P05,Deluxe,2025-05-17,1250000,1375000,manual
P05,Deluxe,2025-05-18,1250000,1256000,manual
P05,Deluxe,2025-05-19,1250000,1269000,manual
P05,Deluxe,2025-05-20,1250000,1232000,manual
P05,Deluxe,2025-05-21,1250000,1305000,manual
P05,Deluxe,2025-05-22,1250000,1282000,manual
P05,Deluxe,2025-05-23,1250000,1288000,manual
P05,Deluxe,2025-05-24,1250000,1266000,manual
P05,Deluxe,2025-05-25,1250000,1265000,manual
P05,Deluxe,2025-05-26,1250000,1259000,manual
P05,Deluxe,2025-05-27,1250000,1332000,manual
P05,Deluxe,2025-05-28,1250000,1243000,manual
P05,Deluxe,2025-05-29,1250000,1294000,manual
P05,Deluxe,2025-05-30,1250000,1243000,manual
P05,Deluxe,2025-05-31,1250000,1321000,manual
P05,Deluxe,2025-06-01,1250000,1287000,manual
P05,Deluxe,2025-06-02,1250000,1403000,manual
P05,Deluxe,2025-06-03,1250000,1346000,manual
P05,Deluxe,2025-06-04,1250000,1298000,manual
P05,Deluxe,2025-06-05,1250000,1353000,manual
P05,Deluxe,2025-06-06,1250000,1382000,manual
P05,Deluxe,2025-06-07,1250000,1358000,manual
P05,Deluxe,2025-06-08,1250000,1407000,manual
P05,Deluxe,2025-06-09,1250000,1269000,manual
P05,Deluxe,2025-06-10,1250000,1390000,manual
P05,Deluxe,2025-06-11,1250000,1434000,manual
P05,Deluxe,2025-06-12,1250000,1232000,manual
P05,Deluxe,2025-06-13,1250000,1351000,manual
P05,Deluxe,2025-06-14,1250000,1396000,manual
P05,Deluxe,2025-06-15,1250000,1329000,manual
P05,Deluxe,2025-06-16,1250000,1308000,manual
P05,Deluxe,2025-06-17,1250000,1324000,manual
P05,Deluxe,2025-06-18,1250000,1294000,manual
P05,Deluxe,2025-06-19,1250000,1405000,manual
P05,Deluxe,2025-06-20,1250000,1324000,manual
P05,Deluxe,2025-06-21,1250000,1323000,manual
P05,Deluxe,2025-06-22,1250000,1367000,manual
P05,Deluxe,2025-06-23,1250000,1339000,manual
P05,Deluxe,2025-06-24,1250000,1284000,manual
P05,Deluxe,2025-06-25,1250000,1364000,manual
P05,Deluxe,2025-06-26,1250000,1285000,manual
P05,Deluxe,2025-06-27,1250000,1350000,manual
P05,Deluxe,2025-06-28,1250000,1375000,manual
P05,Deluxe,2025-06-29,1250000,1305000,manual
P05,Deluxe,2025-06-30,1250000,1317000,manual
P05,Deluxe,2025-07-01,1250000,1320000,manual
P05,Deluxe,2025-07-02,1250000,1381000,manual
P05,Deluxe,2025-07-03,1250000,1311000,manual
P05,Deluxe,2025-07-04,1250000,1379000,manual
P05,Deluxe,2025-07-05,1250000,1447000,manual
P05,Deluxe,2025-07-06,1250000,1396000,manual
P05,Deluxe,2025-07-07,1250000,1361000,manual
P05,Deluxe,2025-07-08,1250000,1451000,manual
P05,Deluxe,2025-07-09,1250000,1404000,manual
P05,Deluxe,2025-07-10,1250000,1385000,manual
P05,Deluxe,2025-07-11,1250000,1350000,manual
P05,Deluxe,2025-07-12,1250000,1301000,manual
P05,Deluxe,2025-07-13,1250000,1356000,manual
P05,Deluxe,2025-07-14,1250000,1344000,manual
P05,Deluxe,2025-07-15,1250000,1415000,manual
P05,Deluxe,2025-07-16,1250000,1418000,manual
P05,Deluxe,2025-07-17,1250000,1240000,manual
P05,Deluxe,2025-07-18,1250000,1416000,manual
P05,Deluxe,2025-07-19,1250000,1409000,manual
P05,Deluxe,2025-07-20,1250000,1386000,manual
P05,Deluxe,2025-07-21,1250000,1426000,manual
P05,Deluxe,2025-07-22,1250000,1395000,manual
P05,Deluxe,2025-07-23,1250000,1396000,manual
P05,Deluxe,2025-07-24,1250000,1399000,manual
P05,Deluxe,2025-07-25,1250000,1359000,manual
P05,Deluxe,2025-07-26,1250000,1413000,manual
P05,Deluxe,2025-07-27,1250000,1393000,manual
P05,Deluxe,2025-07-28,1250000,1448000,manual
P05,Deluxe,2025-07-29,1250000,1325000,manual
P05,Deluxe,2025-07-30,1250000,1395000,manual
P05,Deluxe,2025-07-31,1250000,1393000,manual
P05,Deluxe,2025-08-01,1250000,1271000,manual
P05,Deluxe,2025-08-02,1250000,1245000,manual
P05,Deluxe,2025-08-03,1250000,1212000,manual
P05,Deluxe,2025-08-04,1250000,1283000,manual
P05,Deluxe,2025-08-05,1250000,1274000,manual
P05,Deluxe,2025-08-06,1250000,1276000,manual
P05,Deluxe,2025-08-07,1250000,1237000,manual
P05,Deluxe,2025-08-08,1250000,1263000,manual
P05,Deluxe,2025-08-09,1250000,1248000,manual
P05,Deluxe,2025-08-10,1250000,1203000,manual
P05,Deluxe,2025-08-11,1250000,1247000,manual
P05,Deluxe,2025-08-12,1250000,1234000,manual
P05,Deluxe,2025-08-13,1250000,1257000,manual
P05,Deluxe,2025-08-14,1250000,1308000,manual
P05,Deluxe,2025-08-15,1250000,1327000,manual
P05,Deluxe,2025-08-16,1250000,1350000,manual
P05,Deluxe,2025-08-17,1250000,1295000,manual
P05,Deluxe,2025-08-18,1250000,1279000,manual
P05,Deluxe,2025-08-19,1250000,1325000,manual
P05,Deluxe,2025-08-20,1250000,1270000,manual
P05,Deluxe,2025-08-21,1250000,1286000,manual
P05,Deluxe,2025-08-22,1250000,1349000,manual
P05,Deluxe,2025-08-23,1250000,1277000,manual
P05,Deluxe,2025-08-24,1250000,1234000,manual
P05,Deluxe,2025-08-25,1250000,1263000,manual
P05,Deluxe,2025-08-26,1250000,1276000,manual
P05,Deluxe,2025-08-27,1250000,1285000,manual
P05,Deluxe,2025-08-28,1250000,1286000,manual
P05,Deluxe,2025-08-29,1250000,1275000,manual
P05,Deluxe,2025-08-30,1250000,1351000,manual
P05,Deluxe,2025-08-31,1250000,1290000,manual
P05,Deluxe,2025-09-01,1250000,1204000,promo
P05,Deluxe,2025-09-02,1250000,1165000,promo
P05,Deluxe,2025-09-03,1250000,1196000,promo
P05,Deluxe,2025-09-04,1250000,1145000,promo
P05,Deluxe,2025-09-05,1250000,1169000,promo
P05,Deluxe,2025-09-06,1250000,1145000,promo
P05,Deluxe,2025-09-07,1250000,1147000,promo
P05,Deluxe,2025-09-08,1250000,1099000,promo
P05,Deluxe,2025-09-09,1250000,1181000,promo
P05,Deluxe,2025-09-10,1250000,1165000,promo
P05,Deluxe,2025-09-11,1250000,1158000,promo
P05,Deluxe,2025-09-12,1250000,1176000,promo
P05,Deluxe,2025-09-13,1250000,1130000,promo
P05,Deluxe,2025-09-14,1250000,1189000,promo
P05,Deluxe,2025-09-15,1250000,1181000,promo
P05,Deluxe,2025-09-16,1250000,1191000,promo
P05,Deluxe,2025-09-17,1250000,1223000,promo
P05,Deluxe,2025-09-18,1250000,1125000,promo
P05,Deluxe,2025-09-19,1250000,1222000,promo
P05,Deluxe,2025-09-20,1250000,1171000,promo
P05,Deluxe,2025-09-21,1250000,1190000,promo
P05,Deluxe,2025-09-22,1250000,1231000,promo
P05,Deluxe,2025-09-23,1250000,1226000,promo
P05,Deluxe,2025-09-24,1250000,1122000,promo
P05,Deluxe,2025-09-25,1250000,1153000,promo
P05,Deluxe,2025-09-26,1250000,1152000,promo
P05,Deluxe,2025-09-27,1250000,1168000,promo
P05,Deluxe,2025-09-28,1250000,1098000,promo
P05,Deluxe,2025-09-29,1250000,1144000,promo
P05,Deluxe,2025-09-30,1250000,1178000,promo
P05,Deluxe,2025-10-01,1250000,1174000,promo
P05,Deluxe,2025-10-02,1250000,1164000,promo
P05,Deluxe,2025-10-03,1250000,1101000,promo
P05,Deluxe,2025-10-04,1250000,1149000,promo
P05,Deluxe,2025-10-05,1250000,1152000,promo
P05,Deluxe,2025-10-06,1250000,1209000,promo
P05,Deluxe,2025-10-07,1250000,1098000,promo
P05,Deluxe,2025-10-08,1250000,1237000,promo
P05,Deluxe,2025-10-09,1250000,1181000,promo
P05,Deluxe,2025-10-10,1250000,1101000,promo
P05,Deluxe,2025-10-11,1250000,1211000,promo
P05,Deluxe,2025-10-12,1250000,1178000,promo
P05,Deluxe,2025-10-13,1250000,1141000,promo
P05,Deluxe,2025-10-14,1250000,1165000,promo
P05,Deluxe,2025-10-15,1250000,1168000,promo
P05,Deluxe,2025-10-16,1250000,1210000,promo
P05,Deluxe,2025-10-17,1250000,1250000,promo
P05,Deluxe,2025-10-18,1250000,1128000,promo
P05,Deluxe,2025-10-19,1250000,1179000,promo
P05,Deluxe,2025-10-20,1250000,1205000,promo
P05,Deluxe,2025-10-21,1250000,1155000,promo
P05,Deluxe,2025-10-22,1250000,1221000,promo
P05,Deluxe,2025-10-23,1250000,1214000,promo
P05,Deluxe,2025-10-24,1250000,1192000,promo
P05,Deluxe,2025-10-25,1250000,1161000,promo
P05,Deluxe,2025-10-26,1250000,1176000,promo
P05,Deluxe,2025-10-27,1250000,1167000,promo
P05,Deluxe,2025-10-28,1250000,1209000,promo
P05,Deluxe,2025-10-29,1250000,1177000,promo
P05,Deluxe,2025-10-30,1250000,1211000,promo
P05,Deluxe,2025-10-31,1250000,1210000,promo
P05,Deluxe,2025-11-01,1250000,1265000,manual
P05,Deluxe,2025-11-02,1250000,1235000,manual
P05,Deluxe,2025-11-03,1250000,1253000,manual
P05,Deluxe,2025-11-04,1250000,1152000,manual
P05,Deluxe,2025-11-05,1250000,1273000,manual
P05,Deluxe,2025-11-06,1250000,1184000,manual
P05,Deluxe,2025-11-07,1250000,1224000,manual
P05,Deluxe,2025-11-08,1250000,1202000,manual
P05,Deluxe,2025-11-09,1250000,1220000,manual
P05,Deluxe,2025-11-10,1250000,1274000,manual
P05,Deluxe,2025-11-11,1250000,1165000,manual
P05,Deluxe,2025-11-12,1250000,1203000,manual
P05,Deluxe,2025-11-13,1250000,1157000,manual
P05,Deluxe,2025-11-14,1250000,1275000,manual
P05,Deluxe,2025-11-15,1250000,1257000,manual
P05,Deluxe,2025-11-16,1250000,1233000,manual
P05,Deluxe,2025-11-17,1250000,1236000,manual
P05,Deluxe,2025-11-18,1250000,1218000,manual
P05,Deluxe,2025-11-19,1250000,1167000,manual
P05,Deluxe,2025-11-20,1250000,1216000,manual
P05,Deluxe,2025-11-21,1250000,1196000,manual
P05,Deluxe,2025-11-22,1250000,1188000,manual
P05,Deluxe,2025-11-23,1250000,1220000,manual
P05,Deluxe,2025-11-24,1250000,1210000,manual
P05,Deluxe,2025-11-25,1250000,1284000,manual
P05,Deluxe,2025-11-26,1250000,1259000,manual
P05,Deluxe,2025-11-27,1250000,1246000,manual
P05,Deluxe,2025-11-28,1250000,1241000,manual
P05,Deluxe,2025-11-29,1250000,1233000,manual
P05,Deluxe,2025-11-30,1250000,1207000,manual
P05,Deluxe,2025-12-01,1250000,1419000,manual
P05,Deluxe,2025-12-02,1250000,1431000,manual
P05,Deluxe,2025-12-03,1250000,1448000,manual
P05,Deluxe,2025-12-04,1250000,1437000,manual
P05,Deluxe,2025-12-05,1250000,1358000,manual
P05,Deluxe,2025-12-06,1250000,1427000,manual
P05,Deluxe,2025-12-07,1250000,1386000,manual
P05,Deluxe,2025-12-08,1250000,1343000,manual
P05,Deluxe,2025-12-09,1250000,1459000,manual
P05,Deluxe,2025-12-10,1250000,1345000,manual
P05,Deluxe,2025-12-11,1250000,1359000,manual
P05,Deluxe,2025-12-12,1250000,1480000,manual
P05,Deluxe,2025-12-13,1250000,1435000,manual
P05,Deluxe,2025-12-14,1250000,1459000,manual
P05,Deluxe,2025-12-15,1250000,1368000,manual
P05,Deluxe,2025-12-16,1250000,1502000,manual
P05,Deluxe,2025-12-17,1250000,1415000,manual
P05,Deluxe,2025-12-18,1250000,1419000,manual
P05,Deluxe,2025-12-19,1250000,1346000,manual
P05,Deluxe,2025-12-20,1250000,1391000,manual
P05,Deluxe,2025-12-21,1250000,1389000,manual
P05,Deluxe,2025-12-22,1250000,1405000,manual
P05,Deluxe,2025-12-23,1250000,1397000,manual
P05,Deluxe,2025-12-24,1250000,1397000,manual
P05,Deluxe,2025-12-25,1250000,1324000,manual
P05,Deluxe,2025-12-26,1250000,1418000,manual
P05,Deluxe,2025-12-27,1250000,1361000,manual
P05,Deluxe,2025-12-28,1250000,1374000,manual
P05,Deluxe,2025-12-29,1250000,1438000,manual
P05,Deluxe,2025-12-30,1250000,1485000,manual
P05,Deluxe,2025-12-31,1250000,1378000,manual
P05,Deluxe,2026-01-01,1250000,1361000,manual
P05,Deluxe,2026-01-02,1250000,1439000,manual
P05,Deluxe,2026-01-03,1250000,1363000,manual
P05,Deluxe,2026-01-04,1250000,1353000,manual
P05,Deluxe,2026-01-05,1250000,1342000,manual
P05,Deluxe,2026-01-06,1250000,1423000,manual
P05,Deluxe,2026-01-07,1250000,1352000,manual
P05,Deluxe,2026-01-08,1250000,1313000,manual
P05,Deluxe,2026-01-09,1250000,1444000,manual
P05,Deluxe,2026-01-10,1250000,1316000,manual
P05,Deluxe,2026-01-11,1250000,1424000,manual
P05,Deluxe,2026-01-12,1250000,1418000,manual
P05,Deluxe,2026-01-13,1250000,1328000,manual
P05,Deluxe,2026-01-14,1250000,1326000,manual
P05,Deluxe,2026-01-15,1250000,1491000,manual
P05,Deluxe,2026-01-16,1250000,1327000,manual
P05,Deluxe,2026-01-17,1250000,1361000,manual
P05,Deluxe,2026-01-18,1250000,1297000,manual
P05,Deluxe,2026-01-19,1250000,1418000,manual
P05,Deluxe,2026-01-20,1250000,1345000,manual
P05,Deluxe,2026-01-21,1250000,1373000,manual
P05,Deluxe,2026-01-22,1250000,1346000,manual
P05,Deluxe,2026-01-23,1250000,1339000,manual
P05,Deluxe,2026-01-24,1250000,1350000,manual
P05,Deluxe,2026-01-25,1250000,1368000,manual
P05,Deluxe,2026-01-26,1250000,1392000,manual
P05,Deluxe,2026-01-27,1250000,1323000,manual
P05,Deluxe,2026-01-28,1250000,1316000,manual
P05,Deluxe,2026-01-29,1250000,1282000,manual
P05,Deluxe,2026-01-30,1250000,1340000,manual
P05,Deluxe,2026-01-31,1250000,1362000,manual
P05,Deluxe,2026-02-01,1250000,1199000,promo
P05,Deluxe,2026-02-02,1250000,1204000,promo
P05,Deluxe,2026-02-03,1250000,1132000,promo
P05,Deluxe,2026-02-04,1250000,1149000,promo
P05,Deluxe,2026-02-05,1250000,1175000,promo
P05,Deluxe,2026-02-06,1250000,1140000,promo
P05,Deluxe,2026-02-07,1250000,1187000,promo
P05,Deluxe,2026-02-08,1250000,1189000,promo
P05,Deluxe,2026-02-09,1250000,1190000,promo
P05,Deluxe,2026-02-10,1250000,1175000,promo
P05,Deluxe,2026-02-11,1250000,1174000,promo
P05,Deluxe,2026-02-12,1250000,1197000,promo
P05,Deluxe,2026-02-13,1250000,1098000,promo
P05,Deluxe,2026-02-14,1250000,1173000,promo
P05,Deluxe,2026-02-15,1250000,1173000,promo
P05,Deluxe,2026-02-16,1250000,1179000,promo
P05,Deluxe,2026-02-17,1250000,1208000,promo
P05,Deluxe,2026-02-18,1250000,1149000,promo
P05,Deluxe,2026-02-19,1250000,1149000,promo
P05,Deluxe,2026-02-20,1250000,1195000,promo
P05,Deluxe,2026-02-21,1250000,1152000,promo
P05,Deluxe,2026-02-22,1250000,1202000,promo
P05,Deluxe,2026-02-23,1250000,1121000,promo
P05,Deluxe,2026-02-24,1250000,1109000,promo
P05,Deluxe,2026-02-25,1250000,1180000,promo
P05,Deluxe,2026-02-26,1250000,1160000,promo
P05,Deluxe,2026-02-27,1250000,1175000,promo
P05,Deluxe,2026-02-28,1250000,1181000,promo
P05,Deluxe,2026-03-01,1250000,1221000,promo
P05,Deluxe,2026-03-02,1250000,1187000,promo
P05,Deluxe,2026-03-03,1250000,1181000,promo
P05,Deluxe,2026-03-04,1250000,1167000,promo
P05,Deluxe,2026-03-05,1250000,1150000,promo
P05,Deluxe,2026-03-06,1250000,1256000,promo
P05,Deluxe,2026-03-07,1250000,1135000,promo
P05,Deluxe,2026-03-08,1250000,1233000,promo
P05,Deluxe,2026-03-09,1250000,1173000,promo
P05,Deluxe,2026-03-10,1250000,1239000,promo
P05,Deluxe,2026-03-11,1250000,1201000,promo
P05,Deluxe,2026-03-12,1250000,1159000,promo
P05,Deluxe,2026-03-13,1250000,1242000,promo
P05,Deluxe,2026-03-14,1250000,1182000,promo
P05,Deluxe,2026-03-15,1250000,1221000,promo
P05,Deluxe,2026-03-16,1250000,1155000,promo
P05,Deluxe,2026-03-17,1250000,1212000,promo
P05,Deluxe,2026-03-18,1250000,1118000,promo
P05,Deluxe,2026-03-19,1250000,1223000,promo
P05,Deluxe,2026-03-20,1250000,1215000,promo
P05,Deluxe,2026-03-21,1250000,1191000,promo
P05,Deluxe,2026-03-22,1250000,1152000,promo
P05,Deluxe,2026-03-23,1250000,1253000,promo
P05,Deluxe,2026-03-24,1250000,1180000,promo
P05,Deluxe,2026-03-25,1250000,1192000,promo
P05,Deluxe,2026-03-26,1250000,1183000,promo
P05,Deluxe,2026-03-27,1250000,1255000,promo
P05,Deluxe,2026-03-28,1250000,1165000,promo
P05,Deluxe,2026-03-29,1250000,1209000,promo
P05,Deluxe,2026-03-30,1250000,1171000,promo
P05,Deluxe,2026-03-31,1250000,1169000,promo
P05,Deluxe,2026-04-01,1250000,1253000,manual
P05,Deluxe,2026-04-02,1250000,1240000,manual
P05,Deluxe,2026-04-03,1250000,1288000,manual
P05,Deluxe,2026-04-04,1250000,1267000,manual
P05,Deluxe,2026-04-05,1250000,1253000,manual
P05,Deluxe,2026-04-06,1250000,1205000,manual
P05,Deluxe,2026-04-07,1250000,1221000,manual
P05,Deluxe,2026-04-08,1250000,1227000,manual
P05,Deluxe,2026-04-09,1250000,1270000,manual
P05,Deluxe,2026-04-10,1250000,1267000,manual
P05,Deluxe,2026-04-11,1250000,1243000,manual
P05,Deluxe,2026-04-12,1250000,1245000,manual
P05,Deluxe,2026-04-13,1250000,1256000,manual
P05,Deluxe,2026-04-14,1250000,1249000,manual
P05,Deluxe,2026-04-15,1250000,1218000,manual
P05,Deluxe,2026-04-16,1250000,1240000,manual
P05,Deluxe,2026-04-17,1250000,1225000,manual
P05,Deluxe,2026-04-18,1250000,1290000,manual
P05,Deluxe,2026-04-19,1250000,1284000,manual
P05,Deluxe,2026-04-20,1250000,1322000,manual
P05,Deluxe,2026-04-21,1250000,1271000,manual
P05,Deluxe,2026-04-22,1250000,1230000,manual
P05,Deluxe,2026-04-23,1250000,1267000,manual
P05,Deluxe,2026-04-24,1250000,1205000,manual
P05,Deluxe,2026-04-25,1250000,1229000,manual
P05,Deluxe,2026-04-26,1250000,1231000,manual
P05,Deluxe,2026-04-27,1250000,1222000,manual
P05,Deluxe,2026-04-28,1250000,1335000,manual
P05,Deluxe,2026-04-29,1250000,1206000,manual
P05,Deluxe,2026-04-30,1250000,1214000,manual
P05,Deluxe,2026-05-01,1250000,1252000,manual
P05,Deluxe,2026-05-02,1250000,1247000,manual
P05,Deluxe,2026-05-03,1250000,1225000,manual
P05,Deluxe,2026-05-04,1250000,1259000,manual
P05,Deluxe,2026-05-05,1250000,1164000,manual
P05,Deluxe,2026-05-06,1250000,1235000,manual
P05,Deluxe,2026-05-07,1250000,1263000,manual
P05,Deluxe,2026-05-08,1250000,1256000,manual
P05,Deluxe,2026-05-09,1250000,1242000,manual
P05,Deluxe,2026-05-10,1250000,1222000,manual
P05,Deluxe,2026-05-11,1250000,1302000,manual
P05,Deluxe,2026-05-12,1250000,1317000,manual
P05,Deluxe,2026-05-13,1250000,1282000,manual
P05,Deluxe,2026-05-14,1250000,1277000,manual
P05,Deluxe,2026-05-15,1250000,1194000,manual
P05,Deluxe,2026-05-16,1250000,1225000,manual
P05,Deluxe,2026-05-17,1250000,1257000,manual
P05,Deluxe,2026-05-18,1250000,1319000,manual
P05,Deluxe,2026-05-19,1250000,1317000,manual
P05,Deluxe,2026-05-20,1250000,1272000,manual
P05,Deluxe,2026-05-21,1250000,1270000,manual
P05,Deluxe,2026-05-22,1250000,1255000,manual
P05,Deluxe,2026-05-23,1250000,1238000,manual
P05,Deluxe,2026-05-24,1250000,1230000,manual
P05,Deluxe,2026-05-25,1250000,1275000,manual
P05,Deluxe,2026-05-26,1250000,1250000,manual
P05,Deluxe,2026-05-27,1250000,1233000,manual
P05,Deluxe,2026-05-28,1250000,1241000,manual
P05,Deluxe,2026-05-29,1250000,1242000,manual
P05,Deluxe,2026-05-30,1250000,1279000,manual
P05,Deluxe,2026-05-31,1250000,1278000,manual
P05,Deluxe,2026-06-01,1250000,1384000,manual
P05,Deluxe,2026-06-02,1250000,1344000,manual
P05,Deluxe,2026-06-03,1250000,1347000,manual
P05,Deluxe,2026-06-04,1250000,1375000,manual
P05,Deluxe,2026-06-05,1250000,1305000,manual
P05,Deluxe,2026-06-06,1250000,1330000,manual
P05,Deluxe,2026-06-07,1250000,1415000,manual
P05,Deluxe,2026-06-08,1250000,1310000,manual
P05,Deluxe,2026-06-09,1250000,1334000,manual
P05,Deluxe,2026-06-10,1250000,1292000,manual
P05,Deluxe,2026-06-11,1250000,1343000,manual
P05,Deluxe,2026-06-12,1250000,1351000,manual
P05,Deluxe,2026-06-13,1250000,1374000,manual
P05,Deluxe,2026-06-14,1250000,1342000,manual
P05,Deluxe,2026-06-15,1250000,1322000,manual
P05,Deluxe,2026-06-16,1250000,1322000,manual
P05,Deluxe,2026-06-17,1250000,1396000,manual
P05,Deluxe,2026-06-18,1250000,1390000,manual
P05,Deluxe,2026-06-19,1250000,1320000,manual
P05,Deluxe,2026-06-20,1250000,1346000,manual
P05,Deluxe,2026-06-21,1250000,1340000,manual
P05,Deluxe,2026-06-22,1250000,1325000,manual
P05,Deluxe,2026-06-23,1250000,1364000,manual
P05,Deluxe,2026-06-24,1250000,1321000,manual
P05,Deluxe,2026-06-25,1250000,1343000,manual
P05,Deluxe,2026-06-26,1250000,1345000,manual
P05,Deluxe,2026-06-27,1250000,1322000,manual
P05,Deluxe,2026-06-28,1250000,1346000,manual
P05,Deluxe,2026-06-29,1250000,1350000,manual
P05,Deluxe,2026-06-30,1250000,1322000,manual
P05,Suite,2023-07-01,2400000,2826000,manual
P05,Suite,2023-07-02,2400000,2710000,manual
P05,Suite,2023-07-03,2400000,2692000,manual
P05,Suite,2023-07-04,2400000,2544000,manual
P05,Suite,2023-07-05,2400000,2666000,manual
P05,Suite,2023-07-06,2400000,2681000,manual
P05,Suite,2023-07-07,2400000,2694000,manual
P05,Suite,2023-07-08,2400000,2713000,manual
P05,Suite,2023-07-09,2400000,2618000,manual
P05,Suite,2023-07-10,2400000,2529000,manual
P05,Suite,2023-07-11,2400000,2661000,manual
P05,Suite,2023-07-12,2400000,2640000,manual
P05,Suite,2023-07-13,2400000,2515000,manual
P05,Suite,2023-07-14,2400000,2774000,manual
P05,Suite,2023-07-15,2400000,2699000,manual
P05,Suite,2023-07-16,2400000,2606000,manual
P05,Suite,2023-07-17,2400000,2800000,manual
P05,Suite,2023-07-18,2400000,2650000,manual
P05,Suite,2023-07-19,2400000,2656000,manual
P05,Suite,2023-07-20,2400000,2734000,manual
P05,Suite,2023-07-21,2400000,2782000,manual
P05,Suite,2023-07-22,2400000,2755000,manual
P05,Suite,2023-07-23,2400000,2588000,manual
P05,Suite,2023-07-24,2400000,2649000,manual
P05,Suite,2023-07-25,2400000,2696000,manual
P05,Suite,2023-07-26,2400000,2560000,manual
P05,Suite,2023-07-27,2400000,2750000,manual
P05,Suite,2023-07-28,2400000,2711000,manual
P05,Suite,2023-07-29,2400000,2748000,manual
P05,Suite,2023-07-30,2400000,2619000,manual
P05,Suite,2023-07-31,2400000,2532000,manual
P05,Suite,2023-08-01,2400000,2370000,manual
P05,Suite,2023-08-02,2400000,2505000,manual
P05,Suite,2023-08-03,2400000,2469000,manual
P05,Suite,2023-08-04,2400000,2550000,manual
P05,Suite,2023-08-05,2400000,2451000,manual
P05,Suite,2023-08-06,2400000,2480000,manual
P05,Suite,2023-08-07,2400000,2542000,manual
P05,Suite,2023-08-08,2400000,2422000,manual
P05,Suite,2023-08-09,2400000,2469000,manual
P05,Suite,2023-08-10,2400000,2483000,manual
P05,Suite,2023-08-11,2400000,2418000,manual
P05,Suite,2023-08-12,2400000,2425000,manual
P05,Suite,2023-08-13,2400000,2501000,manual
P05,Suite,2023-08-14,2400000,2404000,manual
P05,Suite,2023-08-15,2400000,2384000,manual
P05,Suite,2023-08-16,2400000,2368000,manual
P05,Suite,2023-08-17,2400000,2568000,manual
P05,Suite,2023-08-18,2400000,2618000,manual
P05,Suite,2023-08-19,2400000,2409000,manual
P05,Suite,2023-08-20,2400000,2563000,manual
P05,Suite,2023-08-21,2400000,2416000,manual
P05,Suite,2023-08-22,2400000,2380000,manual
P05,Suite,2023-08-23,2400000,2382000,manual
P05,Suite,2023-08-24,2400000,2456000,manual
P05,Suite,2023-08-25,2400000,2539000,manual
P05,Suite,2023-08-26,2400000,2300000,manual
P05,Suite,2023-08-27,2400000,2536000,manual
P05,Suite,2023-08-28,2400000,2508000,manual
P05,Suite,2023-08-29,2400000,2493000,manual
P05,Suite,2023-08-30,2400000,2495000,manual
P05,Suite,2023-08-31,2400000,2362000,manual
P05,Suite,2023-09-01,2400000,2161000,promo
P05,Suite,2023-09-02,2400000,2192000,promo
P05,Suite,2023-09-03,2400000,2244000,promo
P05,Suite,2023-09-04,2400000,2185000,promo
P05,Suite,2023-09-05,2400000,2247000,promo
P05,Suite,2023-09-06,2400000,2231000,promo
P05,Suite,2023-09-07,2400000,2198000,promo
P05,Suite,2023-09-08,2400000,2221000,promo
P05,Suite,2023-09-09,2400000,2230000,promo
P05,Suite,2023-09-10,2400000,2117000,promo
P05,Suite,2023-09-11,2400000,2265000,promo
P05,Suite,2023-09-12,2400000,2315000,promo
P05,Suite,2023-09-13,2400000,2318000,promo
P05,Suite,2023-09-14,2400000,2359000,promo
P05,Suite,2023-09-15,2400000,2357000,promo
P05,Suite,2023-09-16,2400000,2311000,promo
P05,Suite,2023-09-17,2400000,2315000,promo
P05,Suite,2023-09-18,2400000,2160000,promo
P05,Suite,2023-09-19,2400000,2189000,promo
P05,Suite,2023-09-20,2400000,2319000,promo
P05,Suite,2023-09-21,2400000,2246000,promo
P05,Suite,2023-09-22,2400000,2292000,promo
P05,Suite,2023-09-23,2400000,2292000,promo
P05,Suite,2023-09-24,2400000,2282000,promo
P05,Suite,2023-09-25,2400000,2220000,promo
P05,Suite,2023-09-26,2400000,2223000,promo
P05,Suite,2023-09-27,2400000,2220000,promo
P05,Suite,2023-09-28,2400000,2056000,promo
P05,Suite,2023-09-29,2400000,2244000,promo
P05,Suite,2023-09-30,2400000,2245000,promo
P05,Suite,2023-10-01,2400000,2163000,promo
P05,Suite,2023-10-02,2400000,2357000,promo
P05,Suite,2023-10-03,2400000,2204000,promo
P05,Suite,2023-10-04,2400000,2291000,promo
P05,Suite,2023-10-05,2400000,2291000,promo
P05,Suite,2023-10-06,2400000,2240000,promo
P05,Suite,2023-10-07,2400000,2258000,promo
P05,Suite,2023-10-08,2400000,2249000,promo
P05,Suite,2023-10-09,2400000,2267000,promo
P05,Suite,2023-10-10,2400000,2300000,promo
P05,Suite,2023-10-11,2400000,2281000,promo
P05,Suite,2023-10-12,2400000,2184000,promo
P05,Suite,2023-10-13,2400000,2276000,promo
P05,Suite,2023-10-14,2400000,2396000,promo
P05,Suite,2023-10-15,2400000,2326000,promo
P05,Suite,2023-10-16,2400000,2220000,promo
P05,Suite,2023-10-17,2400000,2245000,promo
P05,Suite,2023-10-18,2400000,2291000,promo
P05,Suite,2023-10-19,2400000,2106000,promo
P05,Suite,2023-10-20,2400000,2225000,promo
P05,Suite,2023-10-21,2400000,2148000,promo
P05,Suite,2023-10-22,2400000,2331000,promo
P05,Suite,2023-10-23,2400000,2202000,promo
P05,Suite,2023-10-24,2400000,2330000,promo
P05,Suite,2023-10-25,2400000,2165000,promo
P05,Suite,2023-10-26,2400000,2297000,promo
P05,Suite,2023-10-27,2400000,2275000,promo
P05,Suite,2023-10-28,2400000,2225000,promo
P05,Suite,2023-10-29,2400000,2268000,promo
P05,Suite,2023-10-30,2400000,2270000,promo
P05,Suite,2023-10-31,2400000,2223000,promo
P05,Suite,2023-11-01,2400000,2512000,manual
P05,Suite,2023-11-02,2400000,2353000,manual
P05,Suite,2023-11-03,2400000,2324000,manual
P05,Suite,2023-11-04,2400000,2399000,manual
P05,Suite,2023-11-05,2400000,2376000,manual
P05,Suite,2023-11-06,2400000,2358000,manual
P05,Suite,2023-11-07,2400000,2339000,manual
P05,Suite,2023-11-08,2400000,2427000,manual
P05,Suite,2023-11-09,2400000,2394000,manual
P05,Suite,2023-11-10,2400000,2288000,manual
P05,Suite,2023-11-11,2400000,2364000,manual
P05,Suite,2023-11-12,2400000,2524000,manual
P05,Suite,2023-11-13,2400000,2417000,manual
P05,Suite,2023-11-14,2400000,2294000,manual
P05,Suite,2023-11-15,2400000,2383000,manual
P05,Suite,2023-11-16,2400000,2390000,manual
P05,Suite,2023-11-17,2400000,2283000,manual
P05,Suite,2023-11-18,2400000,2390000,manual
P05,Suite,2023-11-19,2400000,2414000,manual
P05,Suite,2023-11-20,2400000,2208000,manual
P05,Suite,2023-11-21,2400000,2291000,manual
P05,Suite,2023-11-22,2400000,2575000,manual
P05,Suite,2023-11-23,2400000,2382000,manual
P05,Suite,2023-11-24,2400000,2541000,manual
P05,Suite,2023-11-25,2400000,2349000,manual
P05,Suite,2023-11-26,2400000,2461000,manual
P05,Suite,2023-11-27,2400000,2362000,manual
P05,Suite,2023-11-28,2400000,2456000,manual
P05,Suite,2023-11-29,2400000,2323000,manual
P05,Suite,2023-11-30,2400000,2431000,manual
P05,Suite,2023-12-01,2400000,2571000,manual
P05,Suite,2023-12-02,2400000,2505000,manual
P05,Suite,2023-12-03,2400000,2703000,manual
P05,Suite,2023-12-04,2400000,2711000,manual
P05,Suite,2023-12-05,2400000,2885000,manual
P05,Suite,2023-12-06,2400000,2789000,manual
P05,Suite,2023-12-07,2400000,2825000,manual
P05,Suite,2023-12-08,2400000,2750000,manual
P05,Suite,2023-12-09,2400000,2656000,manual
P05,Suite,2023-12-10,2400000,2624000,manual
P05,Suite,2023-12-11,2400000,2648000,manual
P05,Suite,2023-12-12,2400000,2679000,manual
P05,Suite,2023-12-13,2400000,2589000,manual
P05,Suite,2023-12-14,2400000,2908000,manual
P05,Suite,2023-12-15,2400000,2752000,manual
P05,Suite,2023-12-16,2400000,2765000,manual
P05,Suite,2023-12-17,2400000,2744000,manual
P05,Suite,2023-12-18,2400000,2542000,manual
P05,Suite,2023-12-19,2400000,2742000,manual
P05,Suite,2023-12-20,2400000,2837000,manual
P05,Suite,2023-12-21,2400000,2689000,manual
P05,Suite,2023-12-22,2400000,2610000,manual
P05,Suite,2023-12-23,2400000,2892000,manual
P05,Suite,2023-12-24,2400000,2701000,manual
P05,Suite,2023-12-25,2400000,2785000,manual
P05,Suite,2023-12-26,2400000,2584000,manual
P05,Suite,2023-12-27,2400000,2602000,manual
P05,Suite,2023-12-28,2400000,2790000,manual
P05,Suite,2023-12-29,2400000,2672000,manual
P05,Suite,2023-12-30,2400000,2829000,manual
P05,Suite,2023-12-31,2400000,2666000,manual
P05,Suite,2024-01-01,2400000,2562000,manual
P05,Suite,2024-01-02,2400000,2598000,manual
P05,Suite,2024-01-03,2400000,2707000,manual
P05,Suite,2024-01-04,2400000,2598000,manual
P05,Suite,2024-01-05,2400000,2621000,manual
P05,Suite,2024-01-06,2400000,2616000,manual
P05,Suite,2024-01-07,2400000,2450000,manual
P05,Suite,2024-01-08,2400000,2658000,manual
P05,Suite,2024-01-09,2400000,2688000,manual
P05,Suite,2024-01-10,2400000,2739000,manual
P05,Suite,2024-01-11,2400000,2750000,manual
P05,Suite,2024-01-12,2400000,2668000,manual
P05,Suite,2024-01-13,2400000,2753000,manual
P05,Suite,2024-01-14,2400000,2560000,manual
P05,Suite,2024-01-15,2400000,2636000,manual
P05,Suite,2024-01-16,2400000,2657000,manual
P05,Suite,2024-01-17,2400000,2676000,manual
P05,Suite,2024-01-18,2400000,2632000,manual
P05,Suite,2024-01-19,2400000,2676000,manual
P05,Suite,2024-01-20,2400000,2565000,manual
P05,Suite,2024-01-21,2400000,2751000,manual
P05,Suite,2024-01-22,2400000,2590000,manual
P05,Suite,2024-01-23,2400000,2562000,manual
P05,Suite,2024-01-24,2400000,2763000,manual
P05,Suite,2024-01-25,2400000,2780000,manual
P05,Suite,2024-01-26,2400000,2657000,manual
P05,Suite,2024-01-27,2400000,2574000,manual
P05,Suite,2024-01-28,2400000,2695000,manual
P05,Suite,2024-01-29,2400000,2635000,manual
P05,Suite,2024-01-30,2400000,2531000,manual
P05,Suite,2024-01-31,2400000,2689000,manual
P05,Suite,2024-02-01,2400000,2160000,promo
P05,Suite,2024-02-02,2400000,2394000,promo
P05,Suite,2024-02-03,2400000,2225000,promo
P05,Suite,2024-02-04,2400000,2305000,promo
P05,Suite,2024-02-05,2400000,2347000,promo
P05,Suite,2024-02-06,2400000,2310000,promo
P05,Suite,2024-02-07,2400000,2297000,promo
P05,Suite,2024-02-08,2400000,2286000,promo
P05,Suite,2024-02-09,2400000,2248000,promo
P05,Suite,2024-02-10,2400000,2178000,promo
P05,Suite,2024-02-11,2400000,2219000,promo
P05,Suite,2024-02-12,2400000,2330000,promo
P05,Suite,2024-02-13,2400000,2287000,promo
P05,Suite,2024-02-14,2400000,2224000,promo
P05,Suite,2024-02-15,2400000,2264000,promo
P05,Suite,2024-02-16,2400000,2310000,promo
P05,Suite,2024-02-17,2400000,2334000,promo
P05,Suite,2024-02-18,2400000,2248000,promo
P05,Suite,2024-02-19,2400000,2367000,promo
P05,Suite,2024-02-20,2400000,2206000,promo
P05,Suite,2024-02-21,2400000,2306000,promo
P05,Suite,2024-02-22,2400000,2219000,promo
P05,Suite,2024-02-23,2400000,2220000,promo
P05,Suite,2024-02-24,2400000,2297000,promo
P05,Suite,2024-02-25,2400000,2285000,promo
P05,Suite,2024-02-26,2400000,2164000,promo
P05,Suite,2024-02-27,2400000,2234000,promo
P05,Suite,2024-02-28,2400000,2214000,promo
P05,Suite,2024-02-29,2400000,2290000,promo
P05,Suite,2024-03-01,2400000,2276000,promo
P05,Suite,2024-03-02,2400000,2363000,promo
P05,Suite,2024-03-03,2400000,2229000,promo
P05,Suite,2024-03-04,2400000,2245000,promo
P05,Suite,2024-03-05,2400000,2214000,promo
P05,Suite,2024-03-06,2400000,2247000,promo
P05,Suite,2024-03-07,2400000,2360000,promo
P05,Suite,2024-03-08,2400000,2366000,promo
P05,Suite,2024-03-09,2400000,2283000,promo
P05,Suite,2024-03-10,2400000,2298000,promo
P05,Suite,2024-03-11,2400000,2213000,promo
P05,Suite,2024-03-12,2400000,2127000,promo
P05,Suite,2024-03-13,2400000,2308000,promo
P05,Suite,2024-03-14,2400000,2277000,promo
P05,Suite,2024-03-15,2400000,2299000,promo
P05,Suite,2024-03-16,2400000,2320000,promo
P05,Suite,2024-03-17,2400000,2179000,promo
P05,Suite,2024-03-18,2400000,2216000,promo
P05,Suite,2024-03-19,2400000,2302000,promo
P05,Suite,2024-03-20,2400000,2195000,promo
P05,Suite,2024-03-21,2400000,2288000,promo
P05,Suite,2024-03-22,2400000,2242000,promo
P05,Suite,2024-03-23,2400000,2219000,promo
P05,Suite,2024-03-24,2400000,2161000,promo
P05,Suite,2024-03-25,2400000,2385000,promo
P05,Suite,2024-03-26,2400000,2224000,promo
P05,Suite,2024-03-27,2400000,2250000,promo
P05,Suite,2024-03-28,2400000,2279000,promo
P05,Suite,2024-03-29,2400000,2414000,promo
P05,Suite,2024-03-30,2400000,2350000,promo
P05,Suite,2024-03-31,2400000,2298000,promo
P05,Suite,2024-04-01,2400000,2405000,manual
P05,Suite,2024-04-02,2400000,2503000,manual
P05,Suite,2024-04-03,2400000,2576000,manual
P05,Suite,2024-04-04,2400000,2507000,manual
P05,Suite,2024-04-05,2400000,2374000,manual
P05,Suite,2024-04-06,2400000,2307000,manual
P05,Suite,2024-04-07,2400000,2485000,manual
P05,Suite,2024-04-08,2400000,2421000,manual
P05,Suite,2024-04-09,2400000,2497000,manual
P05,Suite,2024-04-10,2400000,2359000,manual
P05,Suite,2024-04-11,2400000,2452000,manual
P05,Suite,2024-04-12,2400000,2363000,manual
P05,Suite,2024-04-13,2400000,2353000,manual
P05,Suite,2024-04-14,2400000,2384000,manual
P05,Suite,2024-04-15,2400000,2425000,manual
P05,Suite,2024-04-16,2400000,2429000,manual
P05,Suite,2024-04-17,2400000,2584000,manual
P05,Suite,2024-04-18,2400000,2436000,manual
P05,Suite,2024-04-19,2400000,2467000,manual
P05,Suite,2024-04-20,2400000,2423000,manual
P05,Suite,2024-04-21,2400000,2477000,manual
P05,Suite,2024-04-22,2400000,2412000,manual
P05,Suite,2024-04-23,2400000,2343000,manual
P05,Suite,2024-04-24,2400000,2405000,manual
P05,Suite,2024-04-25,2400000,2421000,manual
P05,Suite,2024-04-26,2400000,2360000,manual
P05,Suite,2024-04-27,2400000,2343000,manual
P05,Suite,2024-04-28,2400000,2324000,manual
P05,Suite,2024-04-29,2400000,2262000,manual
P05,Suite,2024-04-30,2400000,2361000,manual
P05,Suite,2024-05-01,2400000,2418000,manual
P05,Suite,2024-05-02,2400000,2518000,manual
P05,Suite,2024-05-03,2400000,2355000,manual
P05,Suite,2024-05-04,2400000,2468000,manual
P05,Suite,2024-05-05,2400000,2384000,manual
P05,Suite,2024-05-06,2400000,2526000,manual
P05,Suite,2024-05-07,2400000,2489000,manual
P05,Suite,2024-05-08,2400000,2393000,manual
P05,Suite,2024-05-09,2400000,2416000,manual
P05,Suite,2024-05-10,2400000,2439000,manual
P05,Suite,2024-05-11,2400000,2379000,manual
P05,Suite,2024-05-12,2400000,2497000,manual
P05,Suite,2024-05-13,2400000,2389000,manual
P05,Suite,2024-05-14,2400000,2610000,manual
P05,Suite,2024-05-15,2400000,2458000,manual
P05,Suite,2024-05-16,2400000,2429000,manual
P05,Suite,2024-05-17,2400000,2485000,manual
P05,Suite,2024-05-18,2400000,2455000,manual
P05,Suite,2024-05-19,2400000,2231000,manual
P05,Suite,2024-05-20,2400000,2492000,manual
P05,Suite,2024-05-21,2400000,2373000,manual
P05,Suite,2024-05-22,2400000,2438000,manual
P05,Suite,2024-05-23,2400000,2403000,manual
P05,Suite,2024-05-24,2400000,2375000,manual
P05,Suite,2024-05-25,2400000,2345000,manual
P05,Suite,2024-05-26,2400000,2474000,manual
P05,Suite,2024-05-27,2400000,2398000,manual
P05,Suite,2024-05-28,2400000,2474000,manual
P05,Suite,2024-05-29,2400000,2442000,manual
P05,Suite,2024-05-30,2400000,2546000,manual
P05,Suite,2024-05-31,2400000,2493000,manual
P05,Suite,2024-06-01,2400000,2509000,manual
P05,Suite,2024-06-02,2400000,2490000,manual
P05,Suite,2024-06-03,2400000,2528000,manual
P05,Suite,2024-06-04,2400000,2643000,manual
P05,Suite,2024-06-05,2400000,2674000,manual
P05,Suite,2024-06-06,2400000,2726000,manual
P05,Suite,2024-06-07,2400000,2470000,manual
P05,Suite,2024-06-08,2400000,2514000,manual
P05,Suite,2024-06-09,2400000,2606000,manual
P05,Suite,2024-06-10,2400000,2701000,manual
P05,Suite,2024-06-11,2400000,2719000,manual
P05,Suite,2024-06-12,2400000,2656000,manual
P05,Suite,2024-06-13,2400000,2633000,manual
P05,Suite,2024-06-14,2400000,2507000,manual
P05,Suite,2024-06-15,2400000,2419000,manual
P05,Suite,2024-06-16,2400000,2667000,manual
P05,Suite,2024-06-17,2400000,2506000,manual
P05,Suite,2024-06-18,2400000,2493000,manual
P05,Suite,2024-06-19,2400000,2488000,manual
P05,Suite,2024-06-20,2400000,2451000,manual
P05,Suite,2024-06-21,2400000,2628000,manual
P05,Suite,2024-06-22,2400000,2480000,manual
P05,Suite,2024-06-23,2400000,2551000,manual
P05,Suite,2024-06-24,2400000,2579000,manual
P05,Suite,2024-06-25,2400000,2581000,manual
P05,Suite,2024-06-26,2400000,2464000,manual
P05,Suite,2024-06-27,2400000,2609000,manual
P05,Suite,2024-06-28,2400000,2696000,manual
P05,Suite,2024-06-29,2400000,2625000,manual
P05,Suite,2024-06-30,2400000,2622000,manual
P05,Suite,2024-07-01,2400000,2734000,manual
P05,Suite,2024-07-02,2400000,2794000,manual
P05,Suite,2024-07-03,2400000,2642000,manual
P05,Suite,2024-07-04,2400000,2833000,manual
P05,Suite,2024-07-05,2400000,2628000,manual
P05,Suite,2024-07-06,2400000,2681000,manual
P05,Suite,2024-07-07,2400000,2730000,manual
P05,Suite,2024-07-08,2400000,2539000,manual
P05,Suite,2024-07-09,2400000,2617000,manual
P05,Suite,2024-07-10,2400000,2666000,manual
P05,Suite,2024-07-11,2400000,2802000,manual
P05,Suite,2024-07-12,2400000,2747000,manual
P05,Suite,2024-07-13,2400000,2706000,manual
P05,Suite,2024-07-14,2400000,2578000,manual
P05,Suite,2024-07-15,2400000,2557000,manual
P05,Suite,2024-07-16,2400000,2662000,manual
P05,Suite,2024-07-17,2400000,2770000,manual
P05,Suite,2024-07-18,2400000,2586000,manual
P05,Suite,2024-07-19,2400000,2586000,manual
P05,Suite,2024-07-20,2400000,2674000,manual
P05,Suite,2024-07-21,2400000,2656000,manual
P05,Suite,2024-07-22,2400000,2572000,manual
P05,Suite,2024-07-23,2400000,2760000,manual
P05,Suite,2024-07-24,2400000,2701000,manual
P05,Suite,2024-07-25,2400000,2722000,manual
P05,Suite,2024-07-26,2400000,2689000,manual
P05,Suite,2024-07-27,2400000,2616000,manual
P05,Suite,2024-07-28,2400000,2651000,manual
P05,Suite,2024-07-29,2400000,2789000,manual
P05,Suite,2024-07-30,2400000,2664000,manual
P05,Suite,2024-07-31,2400000,2676000,manual
P05,Suite,2024-08-01,2400000,2434000,manual
P05,Suite,2024-08-02,2400000,2452000,manual
P05,Suite,2024-08-03,2400000,2507000,manual
P05,Suite,2024-08-04,2400000,2468000,manual
P05,Suite,2024-08-05,2400000,2430000,manual
P05,Suite,2024-08-06,2400000,2289000,manual
P05,Suite,2024-08-07,2400000,2445000,manual
P05,Suite,2024-08-08,2400000,2495000,manual
P05,Suite,2024-08-09,2400000,2500000,manual
P05,Suite,2024-08-10,2400000,2503000,manual
P05,Suite,2024-08-11,2400000,2463000,manual
P05,Suite,2024-08-12,2400000,2407000,manual
P05,Suite,2024-08-13,2400000,2413000,manual
P05,Suite,2024-08-14,2400000,2386000,manual
P05,Suite,2024-08-15,2400000,2411000,manual
P05,Suite,2024-08-16,2400000,2408000,manual
P05,Suite,2024-08-17,2400000,2359000,manual
P05,Suite,2024-08-18,2400000,2593000,manual
P05,Suite,2024-08-19,2400000,2413000,manual
P05,Suite,2024-08-20,2400000,2446000,manual
P05,Suite,2024-08-21,2400000,2370000,manual
P05,Suite,2024-08-22,2400000,2439000,manual
P05,Suite,2024-08-23,2400000,2310000,manual
P05,Suite,2024-08-24,2400000,2590000,manual
P05,Suite,2024-08-25,2400000,2512000,manual
P05,Suite,2024-08-26,2400000,2459000,manual
P05,Suite,2024-08-27,2400000,2575000,manual
P05,Suite,2024-08-28,2400000,2256000,manual
P05,Suite,2024-08-29,2400000,2487000,manual
P05,Suite,2024-08-30,2400000,2602000,manual
P05,Suite,2024-08-31,2400000,2612000,manual
P05,Suite,2024-09-01,2400000,2295000,promo
P05,Suite,2024-09-02,2400000,2307000,promo
P05,Suite,2024-09-03,2400000,2211000,promo
P05,Suite,2024-09-04,2400000,2255000,promo
P05,Suite,2024-09-05,2400000,2113000,promo
P05,Suite,2024-09-06,2400000,2278000,promo
P05,Suite,2024-09-07,2400000,2188000,promo
P05,Suite,2024-09-08,2400000,2172000,promo
P05,Suite,2024-09-09,2400000,2267000,promo
P05,Suite,2024-09-10,2400000,2223000,promo
P05,Suite,2024-09-11,2400000,2269000,promo
P05,Suite,2024-09-12,2400000,2268000,promo
P05,Suite,2024-09-13,2400000,2229000,promo
P05,Suite,2024-09-14,2400000,2271000,promo
P05,Suite,2024-09-15,2400000,2161000,promo
P05,Suite,2024-09-16,2400000,2153000,promo
P05,Suite,2024-09-17,2400000,2338000,promo
P05,Suite,2024-09-18,2400000,2262000,promo
P05,Suite,2024-09-19,2400000,2298000,promo
P05,Suite,2024-09-20,2400000,2213000,promo
P05,Suite,2024-09-21,2400000,2288000,promo
P05,Suite,2024-09-22,2400000,2317000,promo
P05,Suite,2024-09-23,2400000,2170000,promo
P05,Suite,2024-09-24,2400000,2187000,promo
P05,Suite,2024-09-25,2400000,2268000,promo
P05,Suite,2024-09-26,2400000,2114000,promo
P05,Suite,2024-09-27,2400000,2227000,promo
P05,Suite,2024-09-28,2400000,2234000,promo
P05,Suite,2024-09-29,2400000,2168000,promo
P05,Suite,2024-09-30,2400000,2165000,promo
P05,Suite,2024-10-01,2400000,2282000,promo
P05,Suite,2024-10-02,2400000,2354000,promo
P05,Suite,2024-10-03,2400000,2261000,promo
P05,Suite,2024-10-04,2400000,2252000,promo
P05,Suite,2024-10-05,2400000,2213000,promo
P05,Suite,2024-10-06,2400000,2311000,promo
P05,Suite,2024-10-07,2400000,2380000,promo
P05,Suite,2024-10-08,2400000,2211000,promo
P05,Suite,2024-10-09,2400000,2221000,promo
P05,Suite,2024-10-10,2400000,2343000,promo
P05,Suite,2024-10-11,2400000,2196000,promo
P05,Suite,2024-10-12,2400000,2286000,promo
P05,Suite,2024-10-13,2400000,2278000,promo
P05,Suite,2024-10-14,2400000,2262000,promo
P05,Suite,2024-10-15,2400000,2238000,promo
P05,Suite,2024-10-16,2400000,2298000,promo
P05,Suite,2024-10-17,2400000,2324000,promo
P05,Suite,2024-10-18,2400000,2205000,promo
P05,Suite,2024-10-19,2400000,2306000,promo
P05,Suite,2024-10-20,2400000,2396000,promo
P05,Suite,2024-10-21,2400000,2380000,promo
P05,Suite,2024-10-22,2400000,2316000,promo
P05,Suite,2024-10-23,2400000,2235000,promo
P05,Suite,2024-10-24,2400000,2250000,promo
P05,Suite,2024-10-25,2400000,2243000,promo
P05,Suite,2024-10-26,2400000,2242000,promo
P05,Suite,2024-10-27,2400000,2268000,promo
P05,Suite,2024-10-28,2400000,2252000,promo
P05,Suite,2024-10-29,2400000,2395000,promo
P05,Suite,2024-10-30,2400000,2127000,promo
P05,Suite,2024-10-31,2400000,2207000,promo
P05,Suite,2024-11-01,2400000,2386000,manual
P05,Suite,2024-11-02,2400000,2588000,manual
P05,Suite,2024-11-03,2400000,2353000,manual
P05,Suite,2024-11-04,2400000,2365000,manual
P05,Suite,2024-11-05,2400000,2501000,manual
P05,Suite,2024-11-06,2400000,2419000,manual
P05,Suite,2024-11-07,2400000,2362000,manual
P05,Suite,2024-11-08,2400000,2528000,manual
P05,Suite,2024-11-09,2400000,2338000,manual
P05,Suite,2024-11-10,2400000,2380000,manual
P05,Suite,2024-11-11,2400000,2362000,manual
P05,Suite,2024-11-12,2400000,2339000,manual
P05,Suite,2024-11-13,2400000,2447000,manual
P05,Suite,2024-11-14,2400000,2428000,manual
P05,Suite,2024-11-15,2400000,2407000,manual
P05,Suite,2024-11-16,2400000,2328000,manual
P05,Suite,2024-11-17,2400000,2366000,manual
P05,Suite,2024-11-18,2400000,2348000,manual
P05,Suite,2024-11-19,2400000,2462000,manual
P05,Suite,2024-11-20,2400000,2383000,manual
P05,Suite,2024-11-21,2400000,2496000,manual
P05,Suite,2024-11-22,2400000,2313000,manual
P05,Suite,2024-11-23,2400000,2291000,manual
P05,Suite,2024-11-24,2400000,2362000,manual
P05,Suite,2024-11-25,2400000,2443000,manual
P05,Suite,2024-11-26,2400000,2253000,manual
P05,Suite,2024-11-27,2400000,2290000,manual
P05,Suite,2024-11-28,2400000,2412000,manual
P05,Suite,2024-11-29,2400000,2404000,manual
P05,Suite,2024-11-30,2400000,2552000,manual
P05,Suite,2024-12-01,2400000,2625000,manual
P05,Suite,2024-12-02,2400000,2687000,manual
P05,Suite,2024-12-03,2400000,2608000,manual
P05,Suite,2024-12-04,2400000,2652000,manual
P05,Suite,2024-12-05,2400000,2741000,manual
P05,Suite,2024-12-06,2400000,2631000,manual
P05,Suite,2024-12-07,2400000,2641000,manual
P05,Suite,2024-12-08,2400000,2753000,manual
P05,Suite,2024-12-09,2400000,2832000,manual
P05,Suite,2024-12-10,2400000,2574000,manual
P05,Suite,2024-12-11,2400000,2821000,manual
P05,Suite,2024-12-12,2400000,2692000,manual
P05,Suite,2024-12-13,2400000,2712000,manual
P05,Suite,2024-12-14,2400000,2697000,manual
P05,Suite,2024-12-15,2400000,2709000,manual
P05,Suite,2024-12-16,2400000,2668000,manual
P05,Suite,2024-12-17,2400000,2612000,manual
P05,Suite,2024-12-18,2400000,2888000,manual
P05,Suite,2024-12-19,2400000,2876000,manual
P05,Suite,2024-12-20,2400000,2721000,manual
P05,Suite,2024-12-21,2400000,2665000,manual
P05,Suite,2024-12-22,2400000,2582000,manual
P05,Suite,2024-12-23,2400000,2689000,manual
P05,Suite,2024-12-24,2400000,2608000,manual
P05,Suite,2024-12-25,2400000,2758000,manual
P05,Suite,2024-12-26,2400000,2763000,manual
P05,Suite,2024-12-27,2400000,2660000,manual
P05,Suite,2024-12-28,2400000,2734000,manual
P05,Suite,2024-12-29,2400000,2672000,manual
P05,Suite,2024-12-30,2400000,2606000,manual
P05,Suite,2024-12-31,2400000,2617000,manual
P05,Suite,2025-01-01,2400000,2734000,manual
P05,Suite,2025-01-02,2400000,2650000,manual
P05,Suite,2025-01-03,2400000,2651000,manual
P05,Suite,2025-01-04,2400000,2742000,manual
P05,Suite,2025-01-05,2400000,2685000,manual
P05,Suite,2025-01-06,2400000,2613000,manual
P05,Suite,2025-01-07,2400000,2577000,manual
P05,Suite,2025-01-08,2400000,2701000,manual
P05,Suite,2025-01-09,2400000,2610000,manual
P05,Suite,2025-01-10,2400000,2681000,manual
P05,Suite,2025-01-11,2400000,2685000,manual
P05,Suite,2025-01-12,2400000,2565000,manual
P05,Suite,2025-01-13,2400000,2643000,manual
P05,Suite,2025-01-14,2400000,2670000,manual
P05,Suite,2025-01-15,2400000,2704000,manual
P05,Suite,2025-01-16,2400000,2634000,manual
P05,Suite,2025-01-17,2400000,2703000,manual
P05,Suite,2025-01-18,2400000,2828000,manual
P05,Suite,2025-01-19,2400000,2658000,manual
P05,Suite,2025-01-20,2400000,2534000,manual
P05,Suite,2025-01-21,2400000,2776000,manual
P05,Suite,2025-01-22,2400000,2692000,manual
P05,Suite,2025-01-23,2400000,2582000,manual
P05,Suite,2025-01-24,2400000,2381000,manual
P05,Suite,2025-01-25,2400000,2670000,manual
P05,Suite,2025-01-26,2400000,2558000,manual
P05,Suite,2025-01-27,2400000,2746000,manual
P05,Suite,2025-01-28,2400000,2679000,manual
P05,Suite,2025-01-29,2400000,2680000,manual
P05,Suite,2025-01-30,2400000,2506000,manual
P05,Suite,2025-01-31,2400000,2492000,manual
P05,Suite,2025-02-01,2400000,2193000,promo
P05,Suite,2025-02-02,2400000,2330000,promo
P05,Suite,2025-02-03,2400000,2259000,promo
P05,Suite,2025-02-04,2400000,2213000,promo
P05,Suite,2025-02-05,2400000,2364000,promo
P05,Suite,2025-02-06,2400000,2175000,promo
P05,Suite,2025-02-07,2400000,2248000,promo
P05,Suite,2025-02-08,2400000,2274000,promo
P05,Suite,2025-02-09,2400000,2186000,promo
P05,Suite,2025-02-10,2400000,2124000,promo
P05,Suite,2025-02-11,2400000,2228000,promo
P05,Suite,2025-02-12,2400000,2299000,promo
P05,Suite,2025-02-13,2400000,2258000,promo
P05,Suite,2025-02-14,2400000,2215000,promo
P05,Suite,2025-02-15,2400000,2200000,promo
P05,Suite,2025-02-16,2400000,2232000,promo
P05,Suite,2025-02-17,2400000,2266000,promo
P05,Suite,2025-02-18,2400000,2225000,promo
P05,Suite,2025-02-19,2400000,2177000,promo
P05,Suite,2025-02-20,2400000,2345000,promo
P05,Suite,2025-02-21,2400000,2277000,promo
P05,Suite,2025-02-22,2400000,2232000,promo
P05,Suite,2025-02-23,2400000,2278000,promo
P05,Suite,2025-02-24,2400000,2254000,promo
P05,Suite,2025-02-25,2400000,2280000,promo
P05,Suite,2025-02-26,2400000,2265000,promo
P05,Suite,2025-02-27,2400000,2379000,promo
P05,Suite,2025-02-28,2400000,2269000,promo
P05,Suite,2025-03-01,2400000,2291000,promo
P05,Suite,2025-03-02,2400000,2243000,promo
P05,Suite,2025-03-03,2400000,2309000,promo
P05,Suite,2025-03-04,2400000,2301000,promo
P05,Suite,2025-03-05,2400000,2262000,promo
P05,Suite,2025-03-06,2400000,2347000,promo
P05,Suite,2025-03-07,2400000,2263000,promo
P05,Suite,2025-03-08,2400000,2360000,promo
P05,Suite,2025-03-09,2400000,2202000,promo
P05,Suite,2025-03-10,2400000,2258000,promo
P05,Suite,2025-03-11,2400000,2347000,promo
P05,Suite,2025-03-12,2400000,2309000,promo
P05,Suite,2025-03-13,2400000,2161000,promo
P05,Suite,2025-03-14,2400000,2215000,promo
P05,Suite,2025-03-15,2400000,2197000,promo
P05,Suite,2025-03-16,2400000,2246000,promo
P05,Suite,2025-03-17,2400000,2298000,promo
P05,Suite,2025-03-18,2400000,2426000,promo
P05,Suite,2025-03-19,2400000,2300000,promo
P05,Suite,2025-03-20,2400000,2364000,promo
P05,Suite,2025-03-21,2400000,2314000,promo
P05,Suite,2025-03-22,2400000,2289000,promo
P05,Suite,2025-03-23,2400000,2473000,promo
P05,Suite,2025-03-24,2400000,2338000,promo
P05,Suite,2025-03-25,2400000,2338000,promo
P05,Suite,2025-03-26,2400000,2250000,promo
P05,Suite,2025-03-27,2400000,2298000,promo
P05,Suite,2025-03-28,2400000,2266000,promo
P05,Suite,2025-03-29,2400000,2210000,promo
P05,Suite,2025-03-30,2400000,2376000,promo
P05,Suite,2025-03-31,2400000,2333000,promo
P05,Suite,2025-04-01,2400000,2351000,manual
P05,Suite,2025-04-02,2400000,2347000,manual
P05,Suite,2025-04-03,2400000,2319000,manual
P05,Suite,2025-04-04,2400000,2396000,manual
P05,Suite,2025-04-05,2400000,2330000,manual
P05,Suite,2025-04-06,2400000,2286000,manual
P05,Suite,2025-04-07,2400000,2539000,manual
P05,Suite,2025-04-08,2400000,2301000,manual
P05,Suite,2025-04-09,2400000,2367000,manual
P05,Suite,2025-04-10,2400000,2255000,manual
P05,Suite,2025-04-11,2400000,2362000,manual
P05,Suite,2025-04-12,2400000,2474000,manual
P05,Suite,2025-04-13,2400000,2460000,manual
P05,Suite,2025-04-14,2400000,2474000,manual
P05,Suite,2025-04-15,2400000,2367000,manual
P05,Suite,2025-04-16,2400000,2271000,manual
P05,Suite,2025-04-17,2400000,2445000,manual
P05,Suite,2025-04-18,2400000,2316000,manual
P05,Suite,2025-04-19,2400000,2418000,manual
P05,Suite,2025-04-20,2400000,2335000,manual
P05,Suite,2025-04-21,2400000,2390000,manual
P05,Suite,2025-04-22,2400000,2339000,manual
P05,Suite,2025-04-23,2400000,2451000,manual
P05,Suite,2025-04-24,2400000,2384000,manual
P05,Suite,2025-04-25,2400000,2451000,manual
P05,Suite,2025-04-26,2400000,2386000,manual
P05,Suite,2025-04-27,2400000,2367000,manual
P05,Suite,2025-04-28,2400000,2383000,manual
P05,Suite,2025-04-29,2400000,2392000,manual
P05,Suite,2025-04-30,2400000,2445000,manual
P05,Suite,2025-05-01,2400000,2341000,manual
P05,Suite,2025-05-02,2400000,2432000,manual
P05,Suite,2025-05-03,2400000,2326000,manual
P05,Suite,2025-05-04,2400000,2348000,manual
P05,Suite,2025-05-05,2400000,2465000,manual
P05,Suite,2025-05-06,2400000,2431000,manual
P05,Suite,2025-05-07,2400000,2532000,manual
P05,Suite,2025-05-08,2400000,2514000,manual
P05,Suite,2025-05-09,2400000,2441000,manual
P05,Suite,2025-05-10,2400000,2445000,manual
P05,Suite,2025-05-11,2400000,2410000,manual
P05,Suite,2025-05-12,2400000,2437000,manual
P05,Suite,2025-05-13,2400000,2508000,manual
P05,Suite,2025-05-14,2400000,2405000,manual
P05,Suite,2025-05-15,2400000,2448000,manual
P05,Suite,2025-05-16,2400000,2557000,manual
P05,Suite,2025-05-17,2400000,2463000,manual
P05,Suite,2025-05-18,2400000,2397000,manual
P05,Suite,2025-05-19,2400000,2331000,manual
P05,Suite,2025-05-20,2400000,2401000,manual
P05,Suite,2025-05-21,2400000,2489000,manual
P05,Suite,2025-05-22,2400000,2329000,manual
P05,Suite,2025-05-23,2400000,2412000,manual
P05,Suite,2025-05-24,2400000,2424000,manual
P05,Suite,2025-05-25,2400000,2405000,manual
P05,Suite,2025-05-26,2400000,2368000,manual
P05,Suite,2025-05-27,2400000,2540000,manual
P05,Suite,2025-05-28,2400000,2550000,manual
P05,Suite,2025-05-29,2400000,2358000,manual
P05,Suite,2025-05-30,2400000,2437000,manual
P05,Suite,2025-05-31,2400000,2474000,manual
P05,Suite,2025-06-01,2400000,2495000,manual
P05,Suite,2025-06-02,2400000,2639000,manual
P05,Suite,2025-06-03,2400000,2546000,manual
P05,Suite,2025-06-04,2400000,2728000,manual
P05,Suite,2025-06-05,2400000,2406000,manual
P05,Suite,2025-06-06,2400000,2486000,manual
P05,Suite,2025-06-07,2400000,2533000,manual
P05,Suite,2025-06-08,2400000,2635000,manual
P05,Suite,2025-06-09,2400000,2687000,manual
P05,Suite,2025-06-10,2400000,2544000,manual
P05,Suite,2025-06-11,2400000,2524000,manual
P05,Suite,2025-06-12,2400000,2556000,manual
P05,Suite,2025-06-13,2400000,2559000,manual
P05,Suite,2025-06-14,2400000,2589000,manual
P05,Suite,2025-06-15,2400000,2576000,manual
P05,Suite,2025-06-16,2400000,2547000,manual
P05,Suite,2025-06-17,2400000,2581000,manual
P05,Suite,2025-06-18,2400000,2482000,manual
P05,Suite,2025-06-19,2400000,2451000,manual
P05,Suite,2025-06-20,2400000,2572000,manual
P05,Suite,2025-06-21,2400000,2643000,manual
P05,Suite,2025-06-22,2400000,2642000,manual
P05,Suite,2025-06-23,2400000,2474000,manual
P05,Suite,2025-06-24,2400000,2617000,manual
P05,Suite,2025-06-25,2400000,2617000,manual
P05,Suite,2025-06-26,2400000,2546000,manual
P05,Suite,2025-06-27,2400000,2491000,manual
P05,Suite,2025-06-28,2400000,2486000,manual
P05,Suite,2025-06-29,2400000,2668000,manual
P05,Suite,2025-06-30,2400000,2704000,manual
P05,Suite,2025-07-01,2400000,2720000,manual
P05,Suite,2025-07-02,2400000,2691000,manual
P05,Suite,2025-07-03,2400000,2696000,manual
P05,Suite,2025-07-04,2400000,2711000,manual
P05,Suite,2025-07-05,2400000,2686000,manual
P05,Suite,2025-07-06,2400000,2524000,manual
P05,Suite,2025-07-07,2400000,2705000,manual
P05,Suite,2025-07-08,2400000,2601000,manual
P05,Suite,2025-07-09,2400000,2538000,manual
P05,Suite,2025-07-10,2400000,2676000,manual
P05,Suite,2025-07-11,2400000,2712000,manual
P05,Suite,2025-07-12,2400000,2690000,manual
P05,Suite,2025-07-13,2400000,2759000,manual
P05,Suite,2025-07-14,2400000,2643000,manual
P05,Suite,2025-07-15,2400000,2852000,manual
P05,Suite,2025-07-16,2400000,2592000,manual
P05,Suite,2025-07-17,2400000,2578000,manual
P05,Suite,2025-07-18,2400000,2679000,manual
P05,Suite,2025-07-19,2400000,2744000,manual
P05,Suite,2025-07-20,2400000,2622000,manual
P05,Suite,2025-07-21,2400000,2640000,manual
P05,Suite,2025-07-22,2400000,2673000,manual
P05,Suite,2025-07-23,2400000,2750000,manual
P05,Suite,2025-07-24,2400000,2578000,manual
P05,Suite,2025-07-25,2400000,2803000,manual
P05,Suite,2025-07-26,2400000,2657000,manual
P05,Suite,2025-07-27,2400000,2610000,manual
P05,Suite,2025-07-28,2400000,2610000,manual
P05,Suite,2025-07-29,2400000,2858000,manual
P05,Suite,2025-07-30,2400000,2724000,manual
P05,Suite,2025-07-31,2400000,2703000,manual
P05,Suite,2025-08-01,2400000,2298000,manual
P05,Suite,2025-08-02,2400000,2511000,manual
P05,Suite,2025-08-03,2400000,2457000,manual
P05,Suite,2025-08-04,2400000,2449000,manual
P05,Suite,2025-08-05,2400000,2477000,manual
P05,Suite,2025-08-06,2400000,2464000,manual
P05,Suite,2025-08-07,2400000,2476000,manual
P05,Suite,2025-08-08,2400000,2350000,manual
P05,Suite,2025-08-09,2400000,2421000,manual
P05,Suite,2025-08-10,2400000,2435000,manual
P05,Suite,2025-08-11,2400000,2436000,manual
P05,Suite,2025-08-12,2400000,2549000,manual
P05,Suite,2025-08-13,2400000,2465000,manual
P05,Suite,2025-08-14,2400000,2378000,manual
P05,Suite,2025-08-15,2400000,2539000,manual
P05,Suite,2025-08-16,2400000,2426000,manual
P05,Suite,2025-08-17,2400000,2610000,manual
P05,Suite,2025-08-18,2400000,2420000,manual
P05,Suite,2025-08-19,2400000,2430000,manual
P05,Suite,2025-08-20,2400000,2461000,manual
P05,Suite,2025-08-21,2400000,2562000,manual
P05,Suite,2025-08-22,2400000,2553000,manual
P05,Suite,2025-08-23,2400000,2346000,manual
P05,Suite,2025-08-24,2400000,2462000,manual
P05,Suite,2025-08-25,2400000,2363000,manual
P05,Suite,2025-08-26,2400000,2393000,manual
P05,Suite,2025-08-27,2400000,2506000,manual
P05,Suite,2025-08-28,2400000,2457000,manual
P05,Suite,2025-08-29,2400000,2518000,manual
P05,Suite,2025-08-30,2400000,2587000,manual
P05,Suite,2025-08-31,2400000,2572000,manual
P05,Suite,2025-09-01,2400000,2359000,promo
P05,Suite,2025-09-02,2400000,2324000,promo
P05,Suite,2025-09-03,2400000,2198000,promo
P05,Suite,2025-09-04,2400000,2299000,promo
P05,Suite,2025-09-05,2400000,2309000,promo
P05,Suite,2025-09-06,2400000,2336000,promo
P05,Suite,2025-09-07,2400000,2252000,promo
P05,Suite,2025-09-08,2400000,2301000,promo
P05,Suite,2025-09-09,2400000,2214000,promo
P05,Suite,2025-09-10,2400000,2185000,promo
P05,Suite,2025-09-11,2400000,2357000,promo
P05,Suite,2025-09-12,2400000,2205000,promo
P05,Suite,2025-09-13,2400000,2247000,promo
P05,Suite,2025-09-14,2400000,2258000,promo
P05,Suite,2025-09-15,2400000,2328000,promo
P05,Suite,2025-09-16,2400000,2214000,promo
P05,Suite,2025-09-17,2400000,2204000,promo
P05,Suite,2025-09-18,2400000,2157000,promo
P05,Suite,2025-09-19,2400000,2305000,promo
P05,Suite,2025-09-20,2400000,2187000,promo
P05,Suite,2025-09-21,2400000,2191000,promo
P05,Suite,2025-09-22,2400000,2166000,promo
P05,Suite,2025-09-23,2400000,2287000,promo
P05,Suite,2025-09-24,2400000,2189000,promo
P05,Suite,2025-09-25,2400000,2216000,promo
P05,Suite,2025-09-26,2400000,2149000,promo
P05,Suite,2025-09-27,2400000,2221000,promo
P05,Suite,2025-09-28,2400000,2209000,promo
P05,Suite,2025-09-29,2400000,2261000,promo
P05,Suite,2025-09-30,2400000,2191000,promo
P05,Suite,2025-10-01,2400000,2055000,promo
P05,Suite,2025-10-02,2400000,2231000,promo
P05,Suite,2025-10-03,2400000,2256000,promo
P05,Suite,2025-10-04,2400000,2284000,promo
P05,Suite,2025-10-05,2400000,2242000,promo
P05,Suite,2025-10-06,2400000,2383000,promo
P05,Suite,2025-10-07,2400000,2219000,promo
P05,Suite,2025-10-08,2400000,2245000,promo
P05,Suite,2025-10-09,2400000,2263000,promo
P05,Suite,2025-10-10,2400000,2272000,promo
P05,Suite,2025-10-11,2400000,2317000,promo
P05,Suite,2025-10-12,2400000,2266000,promo
P05,Suite,2025-10-13,2400000,2232000,promo
P05,Suite,2025-10-14,2400000,2349000,promo
P05,Suite,2025-10-15,2400000,2394000,promo
P05,Suite,2025-10-16,2400000,2283000,promo
P05,Suite,2025-10-17,2400000,2304000,promo
P05,Suite,2025-10-18,2400000,2374000,promo
P05,Suite,2025-10-19,2400000,2232000,promo
P05,Suite,2025-10-20,2400000,2303000,promo
P05,Suite,2025-10-21,2400000,2359000,promo
P05,Suite,2025-10-22,2400000,2143000,promo
P05,Suite,2025-10-23,2400000,2229000,promo
P05,Suite,2025-10-24,2400000,2237000,promo
P05,Suite,2025-10-25,2400000,2259000,promo
P05,Suite,2025-10-26,2400000,2203000,promo
P05,Suite,2025-10-27,2400000,2281000,promo
P05,Suite,2025-10-28,2400000,2264000,promo
P05,Suite,2025-10-29,2400000,2210000,promo
P05,Suite,2025-10-30,2400000,2277000,promo
P05,Suite,2025-10-31,2400000,2354000,promo
P05,Suite,2025-11-01,2400000,2287000,manual
P05,Suite,2025-11-02,2400000,2384000,manual
P05,Suite,2025-11-03,2400000,2291000,manual
P05,Suite,2025-11-04,2400000,2369000,manual
P05,Suite,2025-11-05,2400000,2365000,manual
P05,Suite,2025-11-06,2400000,2235000,manual
P05,Suite,2025-11-07,2400000,2344000,manual
P05,Suite,2025-11-08,2400000,2370000,manual
P05,Suite,2025-11-09,2400000,2410000,manual
P05,Suite,2025-11-10,2400000,2324000,manual
P05,Suite,2025-11-11,2400000,2424000,manual
P05,Suite,2025-11-12,2400000,2392000,manual
P05,Suite,2025-11-13,2400000,2412000,manual
P05,Suite,2025-11-14,2400000,2493000,manual
P05,Suite,2025-11-15,2400000,2476000,manual
P05,Suite,2025-11-16,2400000,2330000,manual
P05,Suite,2025-11-17,2400000,2316000,manual
P05,Suite,2025-11-18,2400000,2548000,manual
P05,Suite,2025-11-19,2400000,2379000,manual
P05,Suite,2025-11-20,2400000,2236000,manual
P05,Suite,2025-11-21,2400000,2445000,manual
P05,Suite,2025-11-22,2400000,2352000,manual
P05,Suite,2025-11-23,2400000,2307000,manual
P05,Suite,2025-11-24,2400000,2418000,manual
P05,Suite,2025-11-25,2400000,2408000,manual
P05,Suite,2025-11-26,2400000,2320000,manual
P05,Suite,2025-11-27,2400000,2272000,manual
P05,Suite,2025-11-28,2400000,2286000,manual
P05,Suite,2025-11-29,2400000,2403000,manual
P05,Suite,2025-11-30,2400000,2371000,manual
P05,Suite,2025-12-01,2400000,2750000,manual
P05,Suite,2025-12-02,2400000,2886000,manual
P05,Suite,2025-12-03,2400000,2734000,manual
P05,Suite,2025-12-04,2400000,2733000,manual
P05,Suite,2025-12-05,2400000,2750000,manual
P05,Suite,2025-12-06,2400000,2706000,manual
P05,Suite,2025-12-07,2400000,2849000,manual
P05,Suite,2025-12-08,2400000,2778000,manual
P05,Suite,2025-12-09,2400000,2718000,manual
P05,Suite,2025-12-10,2400000,2696000,manual
P05,Suite,2025-12-11,2400000,2677000,manual
P05,Suite,2025-12-12,2400000,2717000,manual
P05,Suite,2025-12-13,2400000,2815000,manual
P05,Suite,2025-12-14,2400000,2684000,manual
P05,Suite,2025-12-15,2400000,2790000,manual
P05,Suite,2025-12-16,2400000,2735000,manual
P05,Suite,2025-12-17,2400000,2671000,manual
P05,Suite,2025-12-18,2400000,2632000,manual
P05,Suite,2025-12-19,2400000,2717000,manual
P05,Suite,2025-12-20,2400000,2761000,manual
P05,Suite,2025-12-21,2400000,2760000,manual
P05,Suite,2025-12-22,2400000,2595000,manual
P05,Suite,2025-12-23,2400000,2715000,manual
P05,Suite,2025-12-24,2400000,2689000,manual
P05,Suite,2025-12-25,2400000,2625000,manual
P05,Suite,2025-12-26,2400000,2634000,manual
P05,Suite,2025-12-27,2400000,2645000,manual
P05,Suite,2025-12-28,2400000,2725000,manual
P05,Suite,2025-12-29,2400000,2755000,manual
P05,Suite,2025-12-30,2400000,2659000,manual
P05,Suite,2025-12-31,2400000,2634000,manual
P05,Suite,2026-01-01,2400000,2686000,manual
P05,Suite,2026-01-02,2400000,2590000,manual
P05,Suite,2026-01-03,2400000,2627000,manual
P05,Suite,2026-01-04,2400000,2640000,manual
P05,Suite,2026-01-05,2400000,2550000,manual
P05,Suite,2026-01-06,2400000,2700000,manual
P05,Suite,2026-01-07,2400000,2727000,manual
P05,Suite,2026-01-08,2400000,2633000,manual
P05,Suite,2026-01-09,2400000,2682000,manual
P05,Suite,2026-01-10,2400000,2621000,manual
P05,Suite,2026-01-11,2400000,2610000,manual
P05,Suite,2026-01-12,2400000,2678000,manual
P05,Suite,2026-01-13,2400000,2837000,manual
P05,Suite,2026-01-14,2400000,2660000,manual
P05,Suite,2026-01-15,2400000,2642000,manual
P05,Suite,2026-01-16,2400000,2787000,manual
P05,Suite,2026-01-17,2400000,2683000,manual
P05,Suite,2026-01-18,2400000,2667000,manual
P05,Suite,2026-01-19,2400000,2608000,manual
P05,Suite,2026-01-20,2400000,2642000,manual
P05,Suite,2026-01-21,2400000,2614000,manual
P05,Suite,2026-01-22,2400000,2598000,manual
P05,Suite,2026-01-23,2400000,2610000,manual
P05,Suite,2026-01-24,2400000,2628000,manual
P05,Suite,2026-01-25,2400000,2571000,manual
P05,Suite,2026-01-26,2400000,2628000,manual
P05,Suite,2026-01-27,2400000,2594000,manual
P05,Suite,2026-01-28,2400000,2526000,manual
P05,Suite,2026-01-29,2400000,2671000,manual
P05,Suite,2026-01-30,2400000,2613000,manual
P05,Suite,2026-01-31,2400000,2519000,manual
P05,Suite,2026-02-01,2400000,2303000,promo
P05,Suite,2026-02-02,2400000,2223000,promo
P05,Suite,2026-02-03,2400000,2274000,promo
P05,Suite,2026-02-04,2400000,2250000,promo
P05,Suite,2026-02-05,2400000,2175000,promo
P05,Suite,2026-02-06,2400000,2332000,promo
P05,Suite,2026-02-07,2400000,2473000,promo
P05,Suite,2026-02-08,2400000,2323000,promo
P05,Suite,2026-02-09,2400000,2141000,promo
P05,Suite,2026-02-10,2400000,2247000,promo
P05,Suite,2026-02-11,2400000,2202000,promo
P05,Suite,2026-02-12,2400000,2257000,promo
P05,Suite,2026-02-13,2400000,2263000,promo
P05,Suite,2026-02-14,2400000,2292000,promo
P05,Suite,2026-02-15,2400000,2300000,promo
P05,Suite,2026-02-16,2400000,2177000,promo
P05,Suite,2026-02-17,2400000,2347000,promo
P05,Suite,2026-02-18,2400000,2303000,promo
P05,Suite,2026-02-19,2400000,2272000,promo
P05,Suite,2026-02-20,2400000,2324000,promo
P05,Suite,2026-02-21,2400000,2270000,promo
P05,Suite,2026-02-22,2400000,2248000,promo
P05,Suite,2026-02-23,2400000,2363000,promo
P05,Suite,2026-02-24,2400000,2274000,promo
P05,Suite,2026-02-25,2400000,2211000,promo
P05,Suite,2026-02-26,2400000,2285000,promo
P05,Suite,2026-02-27,2400000,2322000,promo
P05,Suite,2026-02-28,2400000,2279000,promo
P05,Suite,2026-03-01,2400000,2276000,promo
P05,Suite,2026-03-02,2400000,2234000,promo
P05,Suite,2026-03-03,2400000,2298000,promo
P05,Suite,2026-03-04,2400000,2333000,promo
P05,Suite,2026-03-05,2400000,2319000,promo
P05,Suite,2026-03-06,2400000,2267000,promo
P05,Suite,2026-03-07,2400000,2290000,promo
P05,Suite,2026-03-08,2400000,2222000,promo
P05,Suite,2026-03-09,2400000,2318000,promo
P05,Suite,2026-03-10,2400000,2290000,promo
P05,Suite,2026-03-11,2400000,2345000,promo
P05,Suite,2026-03-12,2400000,2349000,promo
P05,Suite,2026-03-13,2400000,2325000,promo
P05,Suite,2026-03-14,2400000,2242000,promo
P05,Suite,2026-03-15,2400000,2253000,promo
P05,Suite,2026-03-16,2400000,2324000,promo
P05,Suite,2026-03-17,2400000,2263000,promo
P05,Suite,2026-03-18,2400000,2268000,promo
P05,Suite,2026-03-19,2400000,2292000,promo
P05,Suite,2026-03-20,2400000,2246000,promo
P05,Suite,2026-03-21,2400000,2304000,promo
P05,Suite,2026-03-22,2400000,2317000,promo
P05,Suite,2026-03-23,2400000,2203000,promo
P05,Suite,2026-03-24,2400000,2222000,promo
P05,Suite,2026-03-25,2400000,2229000,promo
P05,Suite,2026-03-26,2400000,2246000,promo
P05,Suite,2026-03-27,2400000,2196000,promo
P05,Suite,2026-03-28,2400000,2194000,promo
P05,Suite,2026-03-29,2400000,2303000,promo
P05,Suite,2026-03-30,2400000,2262000,promo
P05,Suite,2026-03-31,2400000,2293000,promo
P05,Suite,2026-04-01,2400000,2364000,manual
P05,Suite,2026-04-02,2400000,2321000,manual
P05,Suite,2026-04-03,2400000,2479000,manual
P05,Suite,2026-04-04,2400000,2501000,manual
P05,Suite,2026-04-05,2400000,2394000,manual
P05,Suite,2026-04-06,2400000,2476000,manual
P05,Suite,2026-04-07,2400000,2326000,manual
P05,Suite,2026-04-08,2400000,2464000,manual
P05,Suite,2026-04-09,2400000,2383000,manual
P05,Suite,2026-04-10,2400000,2333000,manual
P05,Suite,2026-04-11,2400000,2415000,manual
P05,Suite,2026-04-12,2400000,2425000,manual
P05,Suite,2026-04-13,2400000,2490000,manual
P05,Suite,2026-04-14,2400000,2281000,manual
P05,Suite,2026-04-15,2400000,2359000,manual
P05,Suite,2026-04-16,2400000,2511000,manual
P05,Suite,2026-04-17,2400000,2468000,manual
P05,Suite,2026-04-18,2400000,2437000,manual
P05,Suite,2026-04-19,2400000,2537000,manual
P05,Suite,2026-04-20,2400000,2317000,manual
P05,Suite,2026-04-21,2400000,2268000,manual
P05,Suite,2026-04-22,2400000,2451000,manual
P05,Suite,2026-04-23,2400000,2389000,manual
P05,Suite,2026-04-24,2400000,2416000,manual
P05,Suite,2026-04-25,2400000,2361000,manual
P05,Suite,2026-04-26,2400000,2441000,manual
P05,Suite,2026-04-27,2400000,2303000,manual
P05,Suite,2026-04-28,2400000,2381000,manual
P05,Suite,2026-04-29,2400000,2252000,manual
P05,Suite,2026-04-30,2400000,2349000,manual
P05,Suite,2026-05-01,2400000,2445000,manual
P05,Suite,2026-05-02,2400000,2355000,manual
P05,Suite,2026-05-03,2400000,2437000,manual
P05,Suite,2026-05-04,2400000,2253000,manual
P05,Suite,2026-05-05,2400000,2491000,manual
P05,Suite,2026-05-06,2400000,2370000,manual
P05,Suite,2026-05-07,2400000,2430000,manual
P05,Suite,2026-05-08,2400000,2512000,manual
P05,Suite,2026-05-09,2400000,2347000,manual
P05,Suite,2026-05-10,2400000,2524000,manual
P05,Suite,2026-05-11,2400000,2450000,manual
P05,Suite,2026-05-12,2400000,2405000,manual
P05,Suite,2026-05-13,2400000,2439000,manual
P05,Suite,2026-05-14,2400000,2400000,manual
P05,Suite,2026-05-15,2400000,2443000,manual
P05,Suite,2026-05-16,2400000,2349000,manual
P05,Suite,2026-05-17,2400000,2490000,manual
P05,Suite,2026-05-18,2400000,2423000,manual
P05,Suite,2026-05-19,2400000,2432000,manual
P05,Suite,2026-05-20,2400000,2400000,manual
P05,Suite,2026-05-21,2400000,2415000,manual
P05,Suite,2026-05-22,2400000,2398000,manual
P05,Suite,2026-05-23,2400000,2321000,manual
P05,Suite,2026-05-24,2400000,2342000,manual
P05,Suite,2026-05-25,2400000,2415000,manual
P05,Suite,2026-05-26,2400000,2379000,manual
P05,Suite,2026-05-27,2400000,2452000,manual
P05,Suite,2026-05-28,2400000,2506000,manual
P05,Suite,2026-05-29,2400000,2433000,manual
P05,Suite,2026-05-30,2400000,2422000,manual
P05,Suite,2026-05-31,2400000,2603000,manual
P05,Suite,2026-06-01,2400000,2573000,manual
P05,Suite,2026-06-02,2400000,2662000,manual
P05,Suite,2026-06-03,2400000,2592000,manual
P05,Suite,2026-06-04,2400000,2503000,manual
P05,Suite,2026-06-05,2400000,2561000,manual
P05,Suite,2026-06-06,2400000,2584000,manual
P05,Suite,2026-06-07,2400000,2674000,manual
P05,Suite,2026-06-08,2400000,2469000,manual
P05,Suite,2026-06-09,2400000,2685000,manual
P05,Suite,2026-06-10,2400000,2680000,manual
P05,Suite,2026-06-11,2400000,2532000,manual
P05,Suite,2026-06-12,2400000,2667000,manual
P05,Suite,2026-06-13,2400000,2556000,manual
P05,Suite,2026-06-14,2400000,2648000,manual
P05,Suite,2026-06-15,2400000,2552000,manual
P05,Suite,2026-06-16,2400000,2684000,manual
P05,Suite,2026-06-17,2400000,2611000,manual
P05,Suite,2026-06-18,2400000,2512000,manual
P05,Suite,2026-06-19,2400000,2504000,manual
P05,Suite,2026-06-20,2400000,2685000,manual
P05,Suite,2026-06-21,2400000,2564000,manual
P05,Suite,2026-06-22,2400000,2562000,manual
P05,Suite,2026-06-23,2400000,2577000,manual
P05,Suite,2026-06-24,2400000,2630000,manual
P05,Suite,2026-06-25,2400000,2497000,manual
P05,Suite,2026-06-26,2400000,2592000,manual
P05,Suite,2026-06-27,2400000,2495000,manual
P05,Suite,2026-06-28,2400000,2569000,manual
P05,Suite,2026-06-29,2400000,2579000,manual
P05,Suite,2026-06-30,2400000,2543000,manual
P05,Villa,2023-07-01,4800000,5407000,manual
P05,Villa,2023-07-02,4800000,5372000,manual
P05,Villa,2023-07-03,4800000,5373000,manual
P05,Villa,2023-07-04,4800000,5280000,manual
P05,Villa,2023-07-05,4800000,5249000,manual
P05,Villa,2023-07-06,4800000,5655000,manual
P05,Villa,2023-07-07,4800000,5227000,manual
P05,Villa,2023-07-08,4800000,5239000,manual
P05,Villa,2023-07-09,4800000,5438000,manual
P05,Villa,2023-07-10,4800000,5555000,manual
P05,Villa,2023-07-11,4800000,5265000,manual
P05,Villa,2023-07-12,4800000,5285000,manual
P05,Villa,2023-07-13,4800000,5333000,manual
P05,Villa,2023-07-14,4800000,5377000,manual
P05,Villa,2023-07-15,4800000,5244000,manual
P05,Villa,2023-07-16,4800000,5251000,manual
P05,Villa,2023-07-17,4800000,5469000,manual
P05,Villa,2023-07-18,4800000,5637000,manual
P05,Villa,2023-07-19,4800000,5446000,manual
P05,Villa,2023-07-20,4800000,5193000,manual
P05,Villa,2023-07-21,4800000,5041000,manual
P05,Villa,2023-07-22,4800000,5272000,manual
P05,Villa,2023-07-23,4800000,5455000,manual
P05,Villa,2023-07-24,4800000,5237000,manual
P05,Villa,2023-07-25,4800000,5540000,manual
P05,Villa,2023-07-26,4800000,5429000,manual
P05,Villa,2023-07-27,4800000,5136000,manual
P05,Villa,2023-07-28,4800000,5256000,manual
P05,Villa,2023-07-29,4800000,5391000,manual
P05,Villa,2023-07-30,4800000,5501000,manual
P05,Villa,2023-07-31,4800000,5148000,manual
P05,Villa,2023-08-01,4800000,4944000,manual
P05,Villa,2023-08-02,4800000,4925000,manual
P05,Villa,2023-08-03,4800000,5042000,manual
P05,Villa,2023-08-04,4800000,4949000,manual
P05,Villa,2023-08-05,4800000,4761000,manual
P05,Villa,2023-08-06,4800000,4886000,manual
P05,Villa,2023-08-07,4800000,5140000,manual
P05,Villa,2023-08-08,4800000,4685000,manual
P05,Villa,2023-08-09,4800000,4761000,manual
P05,Villa,2023-08-10,4800000,4559000,manual
P05,Villa,2023-08-11,4800000,4872000,manual
P05,Villa,2023-08-12,4800000,5093000,manual
P05,Villa,2023-08-13,4800000,5005000,manual
P05,Villa,2023-08-14,4800000,4918000,manual
P05,Villa,2023-08-15,4800000,4915000,manual
P05,Villa,2023-08-16,4800000,4878000,manual
P05,Villa,2023-08-17,4800000,5118000,manual
P05,Villa,2023-08-18,4800000,5045000,manual
P05,Villa,2023-08-19,4800000,4952000,manual
P05,Villa,2023-08-20,4800000,4917000,manual
P05,Villa,2023-08-21,4800000,5002000,manual
P05,Villa,2023-08-22,4800000,5099000,manual
P05,Villa,2023-08-23,4800000,4962000,manual
P05,Villa,2023-08-24,4800000,4994000,manual
P05,Villa,2023-08-25,4800000,4713000,manual
P05,Villa,2023-08-26,4800000,5054000,manual
P05,Villa,2023-08-27,4800000,4809000,manual
P05,Villa,2023-08-28,4800000,4723000,manual
P05,Villa,2023-08-29,4800000,4802000,manual
P05,Villa,2023-08-30,4800000,4960000,manual
P05,Villa,2023-08-31,4800000,4904000,manual
P05,Villa,2023-09-01,4800000,4475000,promo
P05,Villa,2023-09-02,4800000,4732000,promo
P05,Villa,2023-09-03,4800000,4356000,promo
P05,Villa,2023-09-04,4800000,4339000,promo
P05,Villa,2023-09-05,4800000,4387000,promo
P05,Villa,2023-09-06,4800000,4343000,promo
P05,Villa,2023-09-07,4800000,4454000,promo
P05,Villa,2023-09-08,4800000,4549000,promo
P05,Villa,2023-09-09,4800000,4307000,promo
P05,Villa,2023-09-10,4800000,4438000,promo
P05,Villa,2023-09-11,4800000,4393000,promo
P05,Villa,2023-09-12,4800000,4590000,promo
P05,Villa,2023-09-13,4800000,4437000,promo
P05,Villa,2023-09-14,4800000,4474000,promo
P05,Villa,2023-09-15,4800000,4714000,promo
P05,Villa,2023-09-16,4800000,4656000,promo
P05,Villa,2023-09-17,4800000,4398000,promo
P05,Villa,2023-09-18,4800000,4449000,promo
P05,Villa,2023-09-19,4800000,4375000,promo
P05,Villa,2023-09-20,4800000,4588000,promo
P05,Villa,2023-09-21,4800000,4274000,promo
P05,Villa,2023-09-22,4800000,4541000,promo
P05,Villa,2023-09-23,4800000,4583000,promo
P05,Villa,2023-09-24,4800000,4559000,promo
P05,Villa,2023-09-25,4800000,4419000,promo
P05,Villa,2023-09-26,4800000,4235000,promo
P05,Villa,2023-09-27,4800000,4761000,promo
P05,Villa,2023-09-28,4800000,4590000,promo
P05,Villa,2023-09-29,4800000,4384000,promo
P05,Villa,2023-09-30,4800000,4421000,promo
P05,Villa,2023-10-01,4800000,4357000,promo
P05,Villa,2023-10-02,4800000,4694000,promo
P05,Villa,2023-10-03,4800000,4466000,promo
P05,Villa,2023-10-04,4800000,4318000,promo
P05,Villa,2023-10-05,4800000,4590000,promo
P05,Villa,2023-10-06,4800000,4502000,promo
P05,Villa,2023-10-07,4800000,4323000,promo
P05,Villa,2023-10-08,4800000,4566000,promo
P05,Villa,2023-10-09,4800000,4619000,promo
P05,Villa,2023-10-10,4800000,4585000,promo
P05,Villa,2023-10-11,4800000,4415000,promo
P05,Villa,2023-10-12,4800000,4732000,promo
P05,Villa,2023-10-13,4800000,4327000,promo
P05,Villa,2023-10-14,4800000,4642000,promo
P05,Villa,2023-10-15,4800000,4530000,promo
P05,Villa,2023-10-16,4800000,4458000,promo
P05,Villa,2023-10-17,4800000,4398000,promo
P05,Villa,2023-10-18,4800000,4706000,promo
P05,Villa,2023-10-19,4800000,4570000,promo
P05,Villa,2023-10-20,4800000,4573000,promo
P05,Villa,2023-10-21,4800000,4822000,promo
P05,Villa,2023-10-22,4800000,4494000,promo
P05,Villa,2023-10-23,4800000,4650000,promo
P05,Villa,2023-10-24,4800000,4479000,promo
P05,Villa,2023-10-25,4800000,4592000,promo
P05,Villa,2023-10-26,4800000,4328000,promo
P05,Villa,2023-10-27,4800000,4537000,promo
P05,Villa,2023-10-28,4800000,4371000,promo
P05,Villa,2023-10-29,4800000,4374000,promo
P05,Villa,2023-10-30,4800000,4557000,promo
P05,Villa,2023-10-31,4800000,4569000,promo
P05,Villa,2023-11-01,4800000,4590000,manual
P05,Villa,2023-11-02,4800000,4718000,manual
P05,Villa,2023-11-03,4800000,4794000,manual
P05,Villa,2023-11-04,4800000,4502000,manual
P05,Villa,2023-11-05,4800000,4545000,manual
P05,Villa,2023-11-06,4800000,4818000,manual
P05,Villa,2023-11-07,4800000,4814000,manual
P05,Villa,2023-11-08,4800000,4744000,manual
P05,Villa,2023-11-09,4800000,4843000,manual
P05,Villa,2023-11-10,4800000,4546000,manual
P05,Villa,2023-11-11,4800000,4481000,manual
P05,Villa,2023-11-12,4800000,4737000,manual
P05,Villa,2023-11-13,4800000,4900000,manual
P05,Villa,2023-11-14,4800000,4766000,manual
P05,Villa,2023-11-15,4800000,4514000,manual
P05,Villa,2023-11-16,4800000,5143000,manual
P05,Villa,2023-11-17,4800000,4491000,manual
P05,Villa,2023-11-18,4800000,4883000,manual
P05,Villa,2023-11-19,4800000,4768000,manual
P05,Villa,2023-11-20,4800000,4865000,manual
P05,Villa,2023-11-21,4800000,4916000,manual
P05,Villa,2023-11-22,4800000,4924000,manual
P05,Villa,2023-11-23,4800000,4712000,manual
P05,Villa,2023-11-24,4800000,4595000,manual
P05,Villa,2023-11-25,4800000,4677000,manual
P05,Villa,2023-11-26,4800000,4731000,manual
P05,Villa,2023-11-27,4800000,4817000,manual
P05,Villa,2023-11-28,4800000,5058000,manual
P05,Villa,2023-11-29,4800000,4838000,manual
P05,Villa,2023-11-30,4800000,4670000,manual
P05,Villa,2023-12-01,4800000,5444000,manual
P05,Villa,2023-12-02,4800000,5295000,manual
P05,Villa,2023-12-03,4800000,5512000,manual
P05,Villa,2023-12-04,4800000,5317000,manual
P05,Villa,2023-12-05,4800000,5218000,manual
P05,Villa,2023-12-06,4800000,5437000,manual
P05,Villa,2023-12-07,4800000,5571000,manual
P05,Villa,2023-12-08,4800000,5603000,manual
P05,Villa,2023-12-09,4800000,5592000,manual
P05,Villa,2023-12-10,4800000,5663000,manual
P05,Villa,2023-12-11,4800000,5364000,manual
P05,Villa,2023-12-12,4800000,5559000,manual
P05,Villa,2023-12-13,4800000,5562000,manual
P05,Villa,2023-12-14,4800000,5335000,manual
P05,Villa,2023-12-15,4800000,5233000,manual
P05,Villa,2023-12-16,4800000,5520000,manual
P05,Villa,2023-12-17,4800000,5458000,manual
P05,Villa,2023-12-18,4800000,5464000,manual
P05,Villa,2023-12-19,4800000,5286000,manual
P05,Villa,2023-12-20,4800000,5600000,manual
P05,Villa,2023-12-21,4800000,5573000,manual
P05,Villa,2023-12-22,4800000,5492000,manual
P05,Villa,2023-12-23,4800000,5233000,manual
P05,Villa,2023-12-24,4800000,5370000,manual
P05,Villa,2023-12-25,4800000,5297000,manual
P05,Villa,2023-12-26,4800000,5460000,manual
P05,Villa,2023-12-27,4800000,5457000,manual
P05,Villa,2023-12-28,4800000,5703000,manual
P05,Villa,2023-12-29,4800000,5410000,manual
P05,Villa,2023-12-30,4800000,5171000,manual
P05,Villa,2023-12-31,4800000,5296000,manual
P05,Villa,2024-01-01,4800000,5241000,manual
P05,Villa,2024-01-02,4800000,5043000,manual
P05,Villa,2024-01-03,4800000,5131000,manual
P05,Villa,2024-01-04,4800000,5404000,manual
P05,Villa,2024-01-05,4800000,5296000,manual
P05,Villa,2024-01-06,4800000,5358000,manual
P05,Villa,2024-01-07,4800000,5202000,manual
P05,Villa,2024-01-08,4800000,5280000,manual
P05,Villa,2024-01-09,4800000,5174000,manual
P05,Villa,2024-01-10,4800000,5412000,manual
P05,Villa,2024-01-11,4800000,5232000,manual
P05,Villa,2024-01-12,4800000,4983000,manual
P05,Villa,2024-01-13,4800000,5279000,manual
P05,Villa,2024-01-14,4800000,5259000,manual
P05,Villa,2024-01-15,4800000,5276000,manual
P05,Villa,2024-01-16,4800000,5208000,manual
P05,Villa,2024-01-17,4800000,5186000,manual
P05,Villa,2024-01-18,4800000,5337000,manual
P05,Villa,2024-01-19,4800000,5438000,manual
P05,Villa,2024-01-20,4800000,5163000,manual
P05,Villa,2024-01-21,4800000,5472000,manual
P05,Villa,2024-01-22,4800000,5304000,manual
P05,Villa,2024-01-23,4800000,5346000,manual
P05,Villa,2024-01-24,4800000,5388000,manual
P05,Villa,2024-01-25,4800000,5261000,manual
P05,Villa,2024-01-26,4800000,5215000,manual
P05,Villa,2024-01-27,4800000,5273000,manual
P05,Villa,2024-01-28,4800000,5189000,manual
P05,Villa,2024-01-29,4800000,5230000,manual
P05,Villa,2024-01-30,4800000,5079000,manual
P05,Villa,2024-01-31,4800000,5355000,manual
P05,Villa,2024-02-01,4800000,4338000,promo
P05,Villa,2024-02-02,4800000,4440000,promo
P05,Villa,2024-02-03,4800000,4667000,promo
P05,Villa,2024-02-04,4800000,4455000,promo
P05,Villa,2024-02-05,4800000,4739000,promo
P05,Villa,2024-02-06,4800000,4483000,promo
P05,Villa,2024-02-07,4800000,4549000,promo
P05,Villa,2024-02-08,4800000,4424000,promo
P05,Villa,2024-02-09,4800000,4570000,promo
P05,Villa,2024-02-10,4800000,4323000,promo
P05,Villa,2024-02-11,4800000,4281000,promo
P05,Villa,2024-02-12,4800000,4385000,promo
P05,Villa,2024-02-13,4800000,4552000,promo
P05,Villa,2024-02-14,4800000,4640000,promo
P05,Villa,2024-02-15,4800000,4666000,promo
P05,Villa,2024-02-16,4800000,4444000,promo
P05,Villa,2024-02-17,4800000,4444000,promo
P05,Villa,2024-02-18,4800000,4577000,promo
P05,Villa,2024-02-19,4800000,4461000,promo
P05,Villa,2024-02-20,4800000,4735000,promo
P05,Villa,2024-02-21,4800000,4458000,promo
P05,Villa,2024-02-22,4800000,4547000,promo
P05,Villa,2024-02-23,4800000,4629000,promo
P05,Villa,2024-02-24,4800000,4183000,promo
P05,Villa,2024-02-25,4800000,4271000,promo
P05,Villa,2024-02-26,4800000,4427000,promo
P05,Villa,2024-02-27,4800000,4746000,promo
P05,Villa,2024-02-28,4800000,4405000,promo
P05,Villa,2024-02-29,4800000,4646000,promo
P05,Villa,2024-03-01,4800000,4576000,promo
P05,Villa,2024-03-02,4800000,4440000,promo
P05,Villa,2024-03-03,4800000,4511000,promo
P05,Villa,2024-03-04,4800000,4705000,promo
P05,Villa,2024-03-05,4800000,4595000,promo
P05,Villa,2024-03-06,4800000,4340000,promo
P05,Villa,2024-03-07,4800000,4705000,promo
P05,Villa,2024-03-08,4800000,4555000,promo
P05,Villa,2024-03-09,4800000,4663000,promo
P05,Villa,2024-03-10,4800000,4609000,promo
P05,Villa,2024-03-11,4800000,4642000,promo
P05,Villa,2024-03-12,4800000,4345000,promo
P05,Villa,2024-03-13,4800000,4678000,promo
P05,Villa,2024-03-14,4800000,4734000,promo
P05,Villa,2024-03-15,4800000,4501000,promo
P05,Villa,2024-03-16,4800000,4842000,promo
P05,Villa,2024-03-17,4800000,4466000,promo
P05,Villa,2024-03-18,4800000,4407000,promo
P05,Villa,2024-03-19,4800000,4633000,promo
P05,Villa,2024-03-20,4800000,4639000,promo
P05,Villa,2024-03-21,4800000,4588000,promo
P05,Villa,2024-03-22,4800000,4589000,promo
P05,Villa,2024-03-23,4800000,4455000,promo
P05,Villa,2024-03-24,4800000,4683000,promo
P05,Villa,2024-03-25,4800000,4456000,promo
P05,Villa,2024-03-26,4800000,4641000,promo
P05,Villa,2024-03-27,4800000,4681000,promo
P05,Villa,2024-03-28,4800000,4376000,promo
P05,Villa,2024-03-29,4800000,4289000,promo
P05,Villa,2024-03-30,4800000,4758000,promo
P05,Villa,2024-03-31,4800000,4619000,promo
P05,Villa,2024-04-01,4800000,4931000,manual
P05,Villa,2024-04-02,4800000,4706000,manual
P05,Villa,2024-04-03,4800000,4822000,manual
P05,Villa,2024-04-04,4800000,4816000,manual
P05,Villa,2024-04-05,4800000,4885000,manual
P05,Villa,2024-04-06,4800000,4715000,manual
P05,Villa,2024-04-07,4800000,4707000,manual
P05,Villa,2024-04-08,4800000,4925000,manual
P05,Villa,2024-04-09,4800000,4692000,manual
P05,Villa,2024-04-10,4800000,5022000,manual
P05,Villa,2024-04-11,4800000,4991000,manual
P05,Villa,2024-04-12,4800000,4736000,manual
P05,Villa,2024-04-13,4800000,4765000,manual
P05,Villa,2024-04-14,4800000,4877000,manual
P05,Villa,2024-04-15,4800000,5010000,manual
P05,Villa,2024-04-16,4800000,4676000,manual
P05,Villa,2024-04-17,4800000,4901000,manual
P05,Villa,2024-04-18,4800000,4985000,manual
P05,Villa,2024-04-19,4800000,4837000,manual
P05,Villa,2024-04-20,4800000,5086000,manual
P05,Villa,2024-04-21,4800000,4796000,manual
P05,Villa,2024-04-22,4800000,4878000,manual
P05,Villa,2024-04-23,4800000,4961000,manual
P05,Villa,2024-04-24,4800000,4529000,manual
P05,Villa,2024-04-25,4800000,4555000,manual
P05,Villa,2024-04-26,4800000,4643000,manual
P05,Villa,2024-04-27,4800000,4832000,manual
P05,Villa,2024-04-28,4800000,4579000,manual
P05,Villa,2024-04-29,4800000,4519000,manual
P05,Villa,2024-04-30,4800000,4874000,manual
P05,Villa,2024-05-01,4800000,5118000,manual
P05,Villa,2024-05-02,4800000,5002000,manual
P05,Villa,2024-05-03,4800000,4975000,manual
P05,Villa,2024-05-04,4800000,4645000,manual
P05,Villa,2024-05-05,4800000,5001000,manual
P05,Villa,2024-05-06,4800000,4800000,manual
P05,Villa,2024-05-07,4800000,4709000,manual
P05,Villa,2024-05-08,4800000,4851000,manual
P05,Villa,2024-05-09,4800000,4855000,manual
P05,Villa,2024-05-10,4800000,5014000,manual
P05,Villa,2024-05-11,4800000,4817000,manual
P05,Villa,2024-05-12,4800000,4987000,manual
P05,Villa,2024-05-13,4800000,4770000,manual
P05,Villa,2024-05-14,4800000,5078000,manual
P05,Villa,2024-05-15,4800000,5025000,manual
P05,Villa,2024-05-16,4800000,4687000,manual
P05,Villa,2024-05-17,4800000,4895000,manual
P05,Villa,2024-05-18,4800000,4967000,manual
P05,Villa,2024-05-19,4800000,4696000,manual
P05,Villa,2024-05-20,4800000,4700000,manual
P05,Villa,2024-05-21,4800000,4644000,manual
P05,Villa,2024-05-22,4800000,4994000,manual
P05,Villa,2024-05-23,4800000,4982000,manual
P05,Villa,2024-05-24,4800000,5058000,manual
P05,Villa,2024-05-25,4800000,4769000,manual
P05,Villa,2024-05-26,4800000,4796000,manual
P05,Villa,2024-05-27,4800000,5118000,manual
P05,Villa,2024-05-28,4800000,5038000,manual
P05,Villa,2024-05-29,4800000,4936000,manual
P05,Villa,2024-05-30,4800000,5144000,manual
P05,Villa,2024-05-31,4800000,4799000,manual
P05,Villa,2024-06-01,4800000,5312000,manual
P05,Villa,2024-06-02,4800000,5253000,manual
P05,Villa,2024-06-03,4800000,5079000,manual
P05,Villa,2024-06-04,4800000,5058000,manual
P05,Villa,2024-06-05,4800000,5051000,manual
P05,Villa,2024-06-06,4800000,5180000,manual
P05,Villa,2024-06-07,4800000,5173000,manual
P05,Villa,2024-06-08,4800000,4777000,manual
P05,Villa,2024-06-09,4800000,5206000,manual
P05,Villa,2024-06-10,4800000,5392000,manual
P05,Villa,2024-06-11,4800000,5165000,manual
P05,Villa,2024-06-12,4800000,5190000,manual
P05,Villa,2024-06-13,4800000,5072000,manual
P05,Villa,2024-06-14,4800000,5069000,manual
P05,Villa,2024-06-15,4800000,5006000,manual
P05,Villa,2024-06-16,4800000,5258000,manual
P05,Villa,2024-06-17,4800000,5376000,manual
P05,Villa,2024-06-18,4800000,5154000,manual
P05,Villa,2024-06-19,4800000,5244000,manual
P05,Villa,2024-06-20,4800000,5305000,manual
P05,Villa,2024-06-21,4800000,5256000,manual
P05,Villa,2024-06-22,4800000,5217000,manual
P05,Villa,2024-06-23,4800000,5195000,manual
P05,Villa,2024-06-24,4800000,5037000,manual
P05,Villa,2024-06-25,4800000,5332000,manual
P05,Villa,2024-06-26,4800000,5079000,manual
P05,Villa,2024-06-27,4800000,5274000,manual
P05,Villa,2024-06-28,4800000,5105000,manual
P05,Villa,2024-06-29,4800000,5143000,manual
P05,Villa,2024-06-30,4800000,5423000,manual
P05,Villa,2024-07-01,4800000,5318000,manual
P05,Villa,2024-07-02,4800000,5374000,manual
P05,Villa,2024-07-03,4800000,5240000,manual
P05,Villa,2024-07-04,4800000,5424000,manual
P05,Villa,2024-07-05,4800000,5392000,manual
P05,Villa,2024-07-06,4800000,5297000,manual
P05,Villa,2024-07-07,4800000,5477000,manual
P05,Villa,2024-07-08,4800000,5363000,manual
P05,Villa,2024-07-09,4800000,4879000,manual
P05,Villa,2024-07-10,4800000,5231000,manual
P05,Villa,2024-07-11,4800000,5557000,manual
P05,Villa,2024-07-12,4800000,4928000,manual
P05,Villa,2024-07-13,4800000,5433000,manual
P05,Villa,2024-07-14,4800000,5303000,manual
P05,Villa,2024-07-15,4800000,5560000,manual
P05,Villa,2024-07-16,4800000,5461000,manual
P05,Villa,2024-07-17,4800000,5498000,manual
P05,Villa,2024-07-18,4800000,5330000,manual
P05,Villa,2024-07-19,4800000,5563000,manual
P05,Villa,2024-07-20,4800000,5260000,manual
P05,Villa,2024-07-21,4800000,5446000,manual
P05,Villa,2024-07-22,4800000,5225000,manual
P05,Villa,2024-07-23,4800000,5396000,manual
P05,Villa,2024-07-24,4800000,5049000,manual
P05,Villa,2024-07-25,4800000,5248000,manual
P05,Villa,2024-07-26,4800000,5317000,manual
P05,Villa,2024-07-27,4800000,5301000,manual
P05,Villa,2024-07-28,4800000,5480000,manual
P05,Villa,2024-07-29,4800000,5174000,manual
P05,Villa,2024-07-30,4800000,5340000,manual
P05,Villa,2024-07-31,4800000,5362000,manual
P05,Villa,2024-08-01,4800000,5187000,manual
P05,Villa,2024-08-02,4800000,4904000,manual
P05,Villa,2024-08-03,4800000,5050000,manual
P05,Villa,2024-08-04,4800000,4861000,manual
P05,Villa,2024-08-05,4800000,5107000,manual
P05,Villa,2024-08-06,4800000,5127000,manual
P05,Villa,2024-08-07,4800000,4810000,manual
P05,Villa,2024-08-08,4800000,4859000,manual
P05,Villa,2024-08-09,4800000,4772000,manual
P05,Villa,2024-08-10,4800000,4779000,manual
P05,Villa,2024-08-11,4800000,4858000,manual
P05,Villa,2024-08-12,4800000,4880000,manual
P05,Villa,2024-08-13,4800000,4940000,manual
P05,Villa,2024-08-14,4800000,4839000,manual
P05,Villa,2024-08-15,4800000,4861000,manual
P05,Villa,2024-08-16,4800000,5036000,manual
P05,Villa,2024-08-17,4800000,5092000,manual
P05,Villa,2024-08-18,4800000,4817000,manual
P05,Villa,2024-08-19,4800000,4903000,manual
P05,Villa,2024-08-20,4800000,5170000,manual
P05,Villa,2024-08-21,4800000,4969000,manual
P05,Villa,2024-08-22,4800000,5029000,manual
P05,Villa,2024-08-23,4800000,5064000,manual
P05,Villa,2024-08-24,4800000,4944000,manual
P05,Villa,2024-08-25,4800000,4999000,manual
P05,Villa,2024-08-26,4800000,4750000,manual
P05,Villa,2024-08-27,4800000,4978000,manual
P05,Villa,2024-08-28,4800000,4870000,manual
P05,Villa,2024-08-29,4800000,4910000,manual
P05,Villa,2024-08-30,4800000,4759000,manual
P05,Villa,2024-08-31,4800000,4626000,manual
P05,Villa,2024-09-01,4800000,4574000,promo
P05,Villa,2024-09-02,4800000,4365000,promo
P05,Villa,2024-09-03,4800000,4596000,promo
P05,Villa,2024-09-04,4800000,4373000,promo
P05,Villa,2024-09-05,4800000,4589000,promo
P05,Villa,2024-09-06,4800000,4427000,promo
P05,Villa,2024-09-07,4800000,4454000,promo
P05,Villa,2024-09-08,4800000,4605000,promo
P05,Villa,2024-09-09,4800000,4510000,promo
P05,Villa,2024-09-10,4800000,4366000,promo
P05,Villa,2024-09-11,4800000,4593000,promo
P05,Villa,2024-09-12,4800000,4239000,promo
P05,Villa,2024-09-13,4800000,4591000,promo
P05,Villa,2024-09-14,4800000,4408000,promo
P05,Villa,2024-09-15,4800000,4614000,promo
P05,Villa,2024-09-16,4800000,4278000,promo
P05,Villa,2024-09-17,4800000,4342000,promo
P05,Villa,2024-09-18,4800000,4648000,promo
P05,Villa,2024-09-19,4800000,4706000,promo
P05,Villa,2024-09-20,4800000,4341000,promo
P05,Villa,2024-09-21,4800000,4601000,promo
P05,Villa,2024-09-22,4800000,4481000,promo
P05,Villa,2024-09-23,4800000,4530000,promo
P05,Villa,2024-09-24,4800000,4433000,promo
P05,Villa,2024-09-25,4800000,4609000,promo
P05,Villa,2024-09-26,4800000,4503000,promo
P05,Villa,2024-09-27,4800000,4644000,promo
P05,Villa,2024-09-28,4800000,4598000,promo
P05,Villa,2024-09-29,4800000,4454000,promo
P05,Villa,2024-09-30,4800000,4430000,promo
P05,Villa,2024-10-01,4800000,4389000,promo
P05,Villa,2024-10-02,4800000,4580000,promo
P05,Villa,2024-10-03,4800000,4558000,promo
P05,Villa,2024-10-04,4800000,4503000,promo
P05,Villa,2024-10-05,4800000,4468000,promo
P05,Villa,2024-10-06,4800000,4504000,promo
P05,Villa,2024-10-07,4800000,4694000,promo
P05,Villa,2024-10-08,4800000,4303000,promo
P05,Villa,2024-10-09,4800000,4424000,promo
P05,Villa,2024-10-10,4800000,4565000,promo
P05,Villa,2024-10-11,4800000,4592000,promo
P05,Villa,2024-10-12,4800000,4386000,promo
P05,Villa,2024-10-13,4800000,4748000,promo
P05,Villa,2024-10-14,4800000,4521000,promo
P05,Villa,2024-10-15,4800000,4515000,promo
P05,Villa,2024-10-16,4800000,4655000,promo
P05,Villa,2024-10-17,4800000,4670000,promo
P05,Villa,2024-10-18,4800000,4528000,promo
P05,Villa,2024-10-19,4800000,4552000,promo
P05,Villa,2024-10-20,4800000,4759000,promo
P05,Villa,2024-10-21,4800000,4387000,promo
P05,Villa,2024-10-22,4800000,4556000,promo
P05,Villa,2024-10-23,4800000,4629000,promo
P05,Villa,2024-10-24,4800000,4343000,promo
P05,Villa,2024-10-25,4800000,4438000,promo
P05,Villa,2024-10-26,4800000,4571000,promo
P05,Villa,2024-10-27,4800000,4679000,promo
P05,Villa,2024-10-28,4800000,4479000,promo
P05,Villa,2024-10-29,4800000,4707000,promo
P05,Villa,2024-10-30,4800000,4381000,promo
P05,Villa,2024-10-31,4800000,4585000,promo
P05,Villa,2024-11-01,4800000,4831000,manual
P05,Villa,2024-11-02,4800000,4959000,manual
P05,Villa,2024-11-03,4800000,4898000,manual
P05,Villa,2024-11-04,4800000,4891000,manual
P05,Villa,2024-11-05,4800000,4626000,manual
P05,Villa,2024-11-06,4800000,4606000,manual
P05,Villa,2024-11-07,4800000,4890000,manual
P05,Villa,2024-11-08,4800000,4472000,manual
P05,Villa,2024-11-09,4800000,4509000,manual
P05,Villa,2024-11-10,4800000,4715000,manual
P05,Villa,2024-11-11,4800000,4501000,manual
P05,Villa,2024-11-12,4800000,5042000,manual
P05,Villa,2024-11-13,4800000,4488000,manual
P05,Villa,2024-11-14,4800000,4789000,manual
P05,Villa,2024-11-15,4800000,4704000,manual
P05,Villa,2024-11-16,4800000,4700000,manual
P05,Villa,2024-11-17,4800000,4716000,manual
P05,Villa,2024-11-18,4800000,4864000,manual
P05,Villa,2024-11-19,4800000,4724000,manual
P05,Villa,2024-11-20,4800000,5015000,manual
P05,Villa,2024-11-21,4800000,4951000,manual
P05,Villa,2024-11-22,4800000,4761000,manual
P05,Villa,2024-11-23,4800000,4725000,manual
P05,Villa,2024-11-24,4800000,4757000,manual
P05,Villa,2024-11-25,4800000,4777000,manual
P05,Villa,2024-11-26,4800000,4519000,manual
P05,Villa,2024-11-27,4800000,4770000,manual
P05,Villa,2024-11-28,4800000,4822000,manual
P05,Villa,2024-11-29,4800000,4687000,manual
P05,Villa,2024-11-30,4800000,4986000,manual
P05,Villa,2024-12-01,4800000,5514000,manual
P05,Villa,2024-12-02,4800000,5340000,manual
P05,Villa,2024-12-03,4800000,5360000,manual
P05,Villa,2024-12-04,4800000,5213000,manual
P05,Villa,2024-12-05,4800000,5450000,manual
P05,Villa,2024-12-06,4800000,5427000,manual
P05,Villa,2024-12-07,4800000,5438000,manual
P05,Villa,2024-12-08,4800000,5342000,manual
P05,Villa,2024-12-09,4800000,5544000,manual
P05,Villa,2024-12-10,4800000,5483000,manual
P05,Villa,2024-12-11,4800000,5640000,manual
P05,Villa,2024-12-12,4800000,5639000,manual
P05,Villa,2024-12-13,4800000,5572000,manual
P05,Villa,2024-12-14,4800000,5448000,manual
P05,Villa,2024-12-15,4800000,5316000,manual
P05,Villa,2024-12-16,4800000,5605000,manual
P05,Villa,2024-12-17,4800000,5339000,manual
P05,Villa,2024-12-18,4800000,5505000,manual
P05,Villa,2024-12-19,4800000,5268000,manual
P05,Villa,2024-12-20,4800000,5558000,manual
P05,Villa,2024-12-21,4800000,5522000,manual
P05,Villa,2024-12-22,4800000,5291000,manual
P05,Villa,2024-12-23,4800000,5606000,manual
P05,Villa,2024-12-24,4800000,5519000,manual
P05,Villa,2024-12-25,4800000,5423000,manual
P05,Villa,2024-12-26,4800000,5316000,manual
P05,Villa,2024-12-27,4800000,5227000,manual
P05,Villa,2024-12-28,4800000,5495000,manual
P05,Villa,2024-12-29,4800000,5306000,manual
P05,Villa,2024-12-30,4800000,5391000,manual
P05,Villa,2024-12-31,4800000,5675000,manual
P05,Villa,2025-01-01,4800000,5276000,manual
P05,Villa,2025-01-02,4800000,5312000,manual
P05,Villa,2025-01-03,4800000,4981000,manual
P05,Villa,2025-01-04,4800000,5236000,manual
P05,Villa,2025-01-05,4800000,5100000,manual
P05,Villa,2025-01-06,4800000,5613000,manual
P05,Villa,2025-01-07,4800000,4981000,manual
P05,Villa,2025-01-08,4800000,5347000,manual
P05,Villa,2025-01-09,4800000,5523000,manual
P05,Villa,2025-01-10,4800000,5364000,manual
P05,Villa,2025-01-11,4800000,5080000,manual
P05,Villa,2025-01-12,4800000,5189000,manual
P05,Villa,2025-01-13,4800000,5096000,manual
P05,Villa,2025-01-14,4800000,5205000,manual
P05,Villa,2025-01-15,4800000,5674000,manual
P05,Villa,2025-01-16,4800000,5234000,manual
P05,Villa,2025-01-17,4800000,5011000,manual
P05,Villa,2025-01-18,4800000,5558000,manual
P05,Villa,2025-01-19,4800000,5557000,manual
P05,Villa,2025-01-20,4800000,5260000,manual
P05,Villa,2025-01-21,4800000,5231000,manual
P05,Villa,2025-01-22,4800000,5380000,manual
P05,Villa,2025-01-23,4800000,5242000,manual
P05,Villa,2025-01-24,4800000,5224000,manual
P05,Villa,2025-01-25,4800000,5283000,manual
P05,Villa,2025-01-26,4800000,5189000,manual
P05,Villa,2025-01-27,4800000,5215000,manual
P05,Villa,2025-01-28,4800000,5247000,manual
P05,Villa,2025-01-29,4800000,5549000,manual
P05,Villa,2025-01-30,4800000,5212000,manual
P05,Villa,2025-01-31,4800000,5496000,manual
P05,Villa,2025-02-01,4800000,4593000,promo
P05,Villa,2025-02-02,4800000,4366000,promo
P05,Villa,2025-02-03,4800000,4444000,promo
P05,Villa,2025-02-04,4800000,4538000,promo
P05,Villa,2025-02-05,4800000,4724000,promo
P05,Villa,2025-02-06,4800000,4460000,promo
P05,Villa,2025-02-07,4800000,4553000,promo
P05,Villa,2025-02-08,4800000,4546000,promo
P05,Villa,2025-02-09,4800000,4545000,promo
P05,Villa,2025-02-10,4800000,4594000,promo
P05,Villa,2025-02-11,4800000,4377000,promo
P05,Villa,2025-02-12,4800000,4498000,promo
P05,Villa,2025-02-13,4800000,4564000,promo
P05,Villa,2025-02-14,4800000,4385000,promo
P05,Villa,2025-02-15,4800000,4482000,promo
P05,Villa,2025-02-16,4800000,4631000,promo
P05,Villa,2025-02-17,4800000,4715000,promo
P05,Villa,2025-02-18,4800000,4634000,promo
P05,Villa,2025-02-19,4800000,4529000,promo
P05,Villa,2025-02-20,4800000,4505000,promo
P05,Villa,2025-02-21,4800000,4195000,promo
P05,Villa,2025-02-22,4800000,4464000,promo
P05,Villa,2025-02-23,4800000,4666000,promo
P05,Villa,2025-02-24,4800000,4574000,promo
P05,Villa,2025-02-25,4800000,4603000,promo
P05,Villa,2025-02-26,4800000,4776000,promo
P05,Villa,2025-02-27,4800000,4616000,promo
P05,Villa,2025-02-28,4800000,4504000,promo
P05,Villa,2025-03-01,4800000,4412000,promo
P05,Villa,2025-03-02,4800000,4507000,promo
P05,Villa,2025-03-03,4800000,4360000,promo
P05,Villa,2025-03-04,4800000,4708000,promo
P05,Villa,2025-03-05,4800000,4408000,promo
P05,Villa,2025-03-06,4800000,4438000,promo
P05,Villa,2025-03-07,4800000,4589000,promo
P05,Villa,2025-03-08,4800000,4597000,promo
P05,Villa,2025-03-09,4800000,4688000,promo
P05,Villa,2025-03-10,4800000,4732000,promo
P05,Villa,2025-03-11,4800000,4626000,promo
P05,Villa,2025-03-12,4800000,4507000,promo
P05,Villa,2025-03-13,4800000,4435000,promo
P05,Villa,2025-03-14,4800000,4846000,promo
P05,Villa,2025-03-15,4800000,4629000,promo
P05,Villa,2025-03-16,4800000,4506000,promo
P05,Villa,2025-03-17,4800000,4516000,promo
P05,Villa,2025-03-18,4800000,4804000,promo
P05,Villa,2025-03-19,4800000,4359000,promo
P05,Villa,2025-03-20,4800000,4634000,promo
P05,Villa,2025-03-21,4800000,4376000,promo
P05,Villa,2025-03-22,4800000,4375000,promo
P05,Villa,2025-03-23,4800000,4589000,promo
P05,Villa,2025-03-24,4800000,4855000,promo
P05,Villa,2025-03-25,4800000,4368000,promo
P05,Villa,2025-03-26,4800000,4686000,promo
P05,Villa,2025-03-27,4800000,4532000,promo
P05,Villa,2025-03-28,4800000,4651000,promo
P05,Villa,2025-03-29,4800000,4554000,promo
P05,Villa,2025-03-30,4800000,4663000,promo
P05,Villa,2025-03-31,4800000,4564000,promo
P05,Villa,2025-04-01,4800000,4700000,manual
P05,Villa,2025-04-02,4800000,4831000,manual
P05,Villa,2025-04-03,4800000,4694000,manual
P05,Villa,2025-04-04,4800000,4677000,manual
P05,Villa,2025-04-05,4800000,4864000,manual
P05,Villa,2025-04-06,4800000,4874000,manual
P05,Villa,2025-04-07,4800000,4895000,manual
P05,Villa,2025-04-08,4800000,4892000,manual
P05,Villa,2025-04-09,4800000,4705000,manual
P05,Villa,2025-04-10,4800000,4955000,manual
P05,Villa,2025-04-11,4800000,4560000,manual
P05,Villa,2025-04-12,4800000,4590000,manual
P05,Villa,2025-04-13,4800000,4859000,manual
P05,Villa,2025-04-14,4800000,4904000,manual
P05,Villa,2025-04-15,4800000,4744000,manual
P05,Villa,2025-04-16,4800000,4840000,manual
P05,Villa,2025-04-17,4800000,4799000,manual
P05,Villa,2025-04-18,4800000,4573000,manual
P05,Villa,2025-04-19,4800000,4867000,manual
P05,Villa,2025-04-20,4800000,4957000,manual
P05,Villa,2025-04-21,4800000,4775000,manual
P05,Villa,2025-04-22,4800000,4738000,manual
P05,Villa,2025-04-23,4800000,4892000,manual
P05,Villa,2025-04-24,4800000,4910000,manual
P05,Villa,2025-04-25,4800000,4619000,manual
P05,Villa,2025-04-26,4800000,4717000,manual
P05,Villa,2025-04-27,4800000,4683000,manual
P05,Villa,2025-04-28,4800000,4631000,manual
P05,Villa,2025-04-29,4800000,4671000,manual
P05,Villa,2025-04-30,4800000,4970000,manual
P05,Villa,2025-05-01,4800000,4957000,manual
P05,Villa,2025-05-02,4800000,4815000,manual
P05,Villa,2025-05-03,4800000,4862000,manual
P05,Villa,2025-05-04,4800000,4866000,manual
P05,Villa,2025-05-05,4800000,4937000,manual
P05,Villa,2025-05-06,4800000,4898000,manual
P05,Villa,2025-05-07,4800000,4548000,manual
P05,Villa,2025-05-08,4800000,4687000,manual
P05,Villa,2025-05-09,4800000,4862000,manual
P05,Villa,2025-05-10,4800000,5032000,manual
P05,Villa,2025-05-11,4800000,4788000,manual
P05,Villa,2025-05-12,4800000,4735000,manual
P05,Villa,2025-05-13,4800000,4977000,manual
P05,Villa,2025-05-14,4800000,4880000,manual
P05,Villa,2025-05-15,4800000,4877000,manual
P05,Villa,2025-05-16,4800000,4920000,manual
P05,Villa,2025-05-17,4800000,4814000,manual
P05,Villa,2025-05-18,4800000,4965000,manual
P05,Villa,2025-05-19,4800000,4806000,manual
P05,Villa,2025-05-20,4800000,4886000,manual
P05,Villa,2025-05-21,4800000,4902000,manual
P05,Villa,2025-05-22,4800000,5045000,manual
P05,Villa,2025-05-23,4800000,4849000,manual
P05,Villa,2025-05-24,4800000,4816000,manual
P05,Villa,2025-05-25,4800000,4892000,manual
P05,Villa,2025-05-26,4800000,4773000,manual
P05,Villa,2025-05-27,4800000,4690000,manual
P05,Villa,2025-05-28,4800000,5015000,manual
P05,Villa,2025-05-29,4800000,4935000,manual
P05,Villa,2025-05-30,4800000,4829000,manual
P05,Villa,2025-05-31,4800000,4887000,manual
P05,Villa,2025-06-01,4800000,5321000,manual
P05,Villa,2025-06-02,4800000,5027000,manual
P05,Villa,2025-06-03,4800000,5547000,manual
P05,Villa,2025-06-04,4800000,5175000,manual
P05,Villa,2025-06-05,4800000,4778000,manual
P05,Villa,2025-06-06,4800000,5240000,manual
P05,Villa,2025-06-07,4800000,5073000,manual
P05,Villa,2025-06-08,4800000,5161000,manual
P05,Villa,2025-06-09,4800000,5194000,manual
P05,Villa,2025-06-10,4800000,5066000,manual
P05,Villa,2025-06-11,4800000,5044000,manual
P05,Villa,2025-06-12,4800000,4672000,manual
P05,Villa,2025-06-13,4800000,5052000,manual
P05,Villa,2025-06-14,4800000,5240000,manual
P05,Villa,2025-06-15,4800000,5272000,manual
P05,Villa,2025-06-16,4800000,4925000,manual
P05,Villa,2025-06-17,4800000,5152000,manual
P05,Villa,2025-06-18,4800000,5030000,manual
P05,Villa,2025-06-19,4800000,5190000,manual
P05,Villa,2025-06-20,4800000,5153000,manual
P05,Villa,2025-06-21,4800000,5172000,manual
P05,Villa,2025-06-22,4800000,5073000,manual
P05,Villa,2025-06-23,4800000,5034000,manual
P05,Villa,2025-06-24,4800000,5202000,manual
P05,Villa,2025-06-25,4800000,5048000,manual
P05,Villa,2025-06-26,4800000,5265000,manual
P05,Villa,2025-06-27,4800000,5170000,manual
P05,Villa,2025-06-28,4800000,5270000,manual
P05,Villa,2025-06-29,4800000,5277000,manual
P05,Villa,2025-06-30,4800000,5367000,manual
P05,Villa,2025-07-01,4800000,5221000,manual
P05,Villa,2025-07-02,4800000,5556000,manual
P05,Villa,2025-07-03,4800000,5140000,manual
P05,Villa,2025-07-04,4800000,5348000,manual
P05,Villa,2025-07-05,4800000,5875000,manual
P05,Villa,2025-07-06,4800000,5168000,manual
P05,Villa,2025-07-07,4800000,5202000,manual
P05,Villa,2025-07-08,4800000,5210000,manual
P05,Villa,2025-07-09,4800000,5209000,manual
P05,Villa,2025-07-10,4800000,5265000,manual
P05,Villa,2025-07-11,4800000,5528000,manual
P05,Villa,2025-07-12,4800000,5493000,manual
P05,Villa,2025-07-13,4800000,5132000,manual
P05,Villa,2025-07-14,4800000,5174000,manual
P05,Villa,2025-07-15,4800000,5414000,manual
P05,Villa,2025-07-16,4800000,5613000,manual
P05,Villa,2025-07-17,4800000,5269000,manual
P05,Villa,2025-07-18,4800000,5231000,manual
P05,Villa,2025-07-19,4800000,5554000,manual
P05,Villa,2025-07-20,4800000,5650000,manual
P05,Villa,2025-07-21,4800000,5334000,manual
P05,Villa,2025-07-22,4800000,5183000,manual
P05,Villa,2025-07-23,4800000,5332000,manual
P05,Villa,2025-07-24,4800000,5520000,manual
P05,Villa,2025-07-25,4800000,5148000,manual
P05,Villa,2025-07-26,4800000,5498000,manual
P05,Villa,2025-07-27,4800000,5147000,manual
P05,Villa,2025-07-28,4800000,5640000,manual
P05,Villa,2025-07-29,4800000,5485000,manual
P05,Villa,2025-07-30,4800000,5537000,manual
P05,Villa,2025-07-31,4800000,5348000,manual
P05,Villa,2025-08-01,4800000,4783000,manual
P05,Villa,2025-08-02,4800000,4831000,manual
P05,Villa,2025-08-03,4800000,4957000,manual
P05,Villa,2025-08-04,4800000,4687000,manual
P05,Villa,2025-08-05,4800000,5140000,manual
P05,Villa,2025-08-06,4800000,4991000,manual
P05,Villa,2025-08-07,4800000,4761000,manual
P05,Villa,2025-08-08,4800000,4773000,manual
P05,Villa,2025-08-09,4800000,4852000,manual
P05,Villa,2025-08-10,4800000,5061000,manual
P05,Villa,2025-08-11,4800000,4870000,manual
P05,Villa,2025-08-12,4800000,4848000,manual
P05,Villa,2025-08-13,4800000,4744000,manual
P05,Villa,2025-08-14,4800000,4837000,manual
P05,Villa,2025-08-15,4800000,5033000,manual
P05,Villa,2025-08-16,4800000,4812000,manual
P05,Villa,2025-08-17,4800000,5188000,manual
P05,Villa,2025-08-18,4800000,5028000,manual
P05,Villa,2025-08-19,4800000,5155000,manual
P05,Villa,2025-08-20,4800000,5130000,manual
P05,Villa,2025-08-21,4800000,4705000,manual
P05,Villa,2025-08-22,4800000,4773000,manual
P05,Villa,2025-08-23,4800000,5170000,manual
P05,Villa,2025-08-24,4800000,5000000,manual
P05,Villa,2025-08-25,4800000,4826000,manual
P05,Villa,2025-08-26,4800000,4907000,manual
P05,Villa,2025-08-27,4800000,4789000,manual
P05,Villa,2025-08-28,4800000,4949000,manual
P05,Villa,2025-08-29,4800000,4606000,manual
P05,Villa,2025-08-30,4800000,4914000,manual
P05,Villa,2025-08-31,4800000,4717000,manual
P05,Villa,2025-09-01,4800000,4308000,promo
P05,Villa,2025-09-02,4800000,4647000,promo
P05,Villa,2025-09-03,4800000,4287000,promo
P05,Villa,2025-09-04,4800000,4486000,promo
P05,Villa,2025-09-05,4800000,4383000,promo
P05,Villa,2025-09-06,4800000,4531000,promo
P05,Villa,2025-09-07,4800000,4662000,promo
P05,Villa,2025-09-08,4800000,4481000,promo
P05,Villa,2025-09-09,4800000,4806000,promo
P05,Villa,2025-09-10,4800000,4486000,promo
P05,Villa,2025-09-11,4800000,4720000,promo
P05,Villa,2025-09-12,4800000,4348000,promo
P05,Villa,2025-09-13,4800000,4562000,promo
P05,Villa,2025-09-14,4800000,4442000,promo
P05,Villa,2025-09-15,4800000,4537000,promo
P05,Villa,2025-09-16,4800000,4685000,promo
P05,Villa,2025-09-17,4800000,4417000,promo
P05,Villa,2025-09-18,4800000,4786000,promo
P05,Villa,2025-09-19,4800000,4563000,promo
P05,Villa,2025-09-20,4800000,4451000,promo
P05,Villa,2025-09-21,4800000,4296000,promo
P05,Villa,2025-09-22,4800000,4634000,promo
P05,Villa,2025-09-23,4800000,4379000,promo
P05,Villa,2025-09-24,4800000,4579000,promo
P05,Villa,2025-09-25,4800000,4504000,promo
P05,Villa,2025-09-26,4800000,4499000,promo
P05,Villa,2025-09-27,4800000,4518000,promo
P05,Villa,2025-09-28,4800000,4404000,promo
P05,Villa,2025-09-29,4800000,4324000,promo
P05,Villa,2025-09-30,4800000,4592000,promo
P05,Villa,2025-10-01,4800000,4296000,promo
P05,Villa,2025-10-02,4800000,4772000,promo
P05,Villa,2025-10-03,4800000,4412000,promo
P05,Villa,2025-10-04,4800000,4577000,promo
P05,Villa,2025-10-05,4800000,4597000,promo
P05,Villa,2025-10-06,4800000,4771000,promo
P05,Villa,2025-10-07,4800000,4734000,promo
P05,Villa,2025-10-08,4800000,4564000,promo
P05,Villa,2025-10-09,4800000,4678000,promo
P05,Villa,2025-10-10,4800000,4640000,promo
P05,Villa,2025-10-11,4800000,4489000,promo
P05,Villa,2025-10-12,4800000,4493000,promo
P05,Villa,2025-10-13,4800000,4503000,promo
P05,Villa,2025-10-14,4800000,4623000,promo
P05,Villa,2025-10-15,4800000,4472000,promo
P05,Villa,2025-10-16,4800000,4653000,promo
P05,Villa,2025-10-17,4800000,4371000,promo
P05,Villa,2025-10-18,4800000,4535000,promo
P05,Villa,2025-10-19,4800000,4429000,promo
P05,Villa,2025-10-20,4800000,4370000,promo
P05,Villa,2025-10-21,4800000,4553000,promo
P05,Villa,2025-10-22,4800000,4612000,promo
P05,Villa,2025-10-23,4800000,4567000,promo
P05,Villa,2025-10-24,4800000,4493000,promo
P05,Villa,2025-10-25,4800000,4487000,promo
P05,Villa,2025-10-26,4800000,4494000,promo
P05,Villa,2025-10-27,4800000,4533000,promo
P05,Villa,2025-10-28,4800000,4492000,promo
P05,Villa,2025-10-29,4800000,4569000,promo
P05,Villa,2025-10-30,4800000,4316000,promo
P05,Villa,2025-10-31,4800000,4525000,promo
P05,Villa,2025-11-01,4800000,4441000,manual
P05,Villa,2025-11-02,4800000,4986000,manual
P05,Villa,2025-11-03,4800000,4857000,manual
P05,Villa,2025-11-04,4800000,4433000,manual
P05,Villa,2025-11-05,4800000,4993000,manual
P05,Villa,2025-11-06,4800000,5102000,manual
P05,Villa,2025-11-07,4800000,4868000,manual
P05,Villa,2025-11-08,4800000,4514000,manual
P05,Villa,2025-11-09,4800000,4805000,manual
P05,Villa,2025-11-10,4800000,4789000,manual
P05,Villa,2025-11-11,4800000,4905000,manual
P05,Villa,2025-11-12,4800000,4762000,manual
P05,Villa,2025-11-13,4800000,4766000,manual
P05,Villa,2025-11-14,4800000,4596000,manual
P05,Villa,2025-11-15,4800000,4814000,manual
P05,Villa,2025-11-16,4800000,4756000,manual
P05,Villa,2025-11-17,4800000,4812000,manual
P05,Villa,2025-11-18,4800000,4717000,manual
P05,Villa,2025-11-19,4800000,4918000,manual
P05,Villa,2025-11-20,4800000,4803000,manual
P05,Villa,2025-11-21,4800000,4818000,manual
P05,Villa,2025-11-22,4800000,4926000,manual
P05,Villa,2025-11-23,4800000,4640000,manual
P05,Villa,2025-11-24,4800000,4875000,manual
P05,Villa,2025-11-25,4800000,4779000,manual
P05,Villa,2025-11-26,4800000,4832000,manual
P05,Villa,2025-11-27,4800000,4592000,manual
P05,Villa,2025-11-28,4800000,4779000,manual
P05,Villa,2025-11-29,4800000,4849000,manual
P05,Villa,2025-11-30,4800000,4899000,manual
P05,Villa,2025-12-01,4800000,5507000,manual
P05,Villa,2025-12-02,4800000,5418000,manual
P05,Villa,2025-12-03,4800000,5546000,manual
P05,Villa,2025-12-04,4800000,5353000,manual
P05,Villa,2025-12-05,4800000,5242000,manual
P05,Villa,2025-12-06,4800000,5153000,manual
P05,Villa,2025-12-07,4800000,5380000,manual
P05,Villa,2025-12-08,4800000,5308000,manual
P05,Villa,2025-12-09,4800000,5377000,manual
P05,Villa,2025-12-10,4800000,5274000,manual
P05,Villa,2025-12-11,4800000,5284000,manual
P05,Villa,2025-12-12,4800000,5482000,manual
P05,Villa,2025-12-13,4800000,5042000,manual
P05,Villa,2025-12-14,4800000,5209000,manual
P05,Villa,2025-12-15,4800000,5772000,manual
P05,Villa,2025-12-16,4800000,5347000,manual
P05,Villa,2025-12-17,4800000,5627000,manual
P05,Villa,2025-12-18,4800000,5407000,manual
P05,Villa,2025-12-19,4800000,5364000,manual
P05,Villa,2025-12-20,4800000,5568000,manual
P05,Villa,2025-12-21,4800000,5219000,manual
P05,Villa,2025-12-22,4800000,5434000,manual
P05,Villa,2025-12-23,4800000,5412000,manual
P05,Villa,2025-12-24,4800000,5253000,manual
P05,Villa,2025-12-25,4800000,5398000,manual
P05,Villa,2025-12-26,4800000,5325000,manual
P05,Villa,2025-12-27,4800000,5133000,manual
P05,Villa,2025-12-28,4800000,5389000,manual
P05,Villa,2025-12-29,4800000,5361000,manual
P05,Villa,2025-12-30,4800000,5428000,manual
P05,Villa,2025-12-31,4800000,5531000,manual
P05,Villa,2026-01-01,4800000,5392000,manual
P05,Villa,2026-01-02,4800000,5441000,manual
P05,Villa,2026-01-03,4800000,5255000,manual
P05,Villa,2026-01-04,4800000,5466000,manual
P05,Villa,2026-01-05,4800000,4891000,manual
P05,Villa,2026-01-06,4800000,5086000,manual
P05,Villa,2026-01-07,4800000,5428000,manual
P05,Villa,2026-01-08,4800000,5382000,manual
P05,Villa,2026-01-09,4800000,5421000,manual
P05,Villa,2026-01-10,4800000,5520000,manual
P05,Villa,2026-01-11,4800000,5301000,manual
P05,Villa,2026-01-12,4800000,5215000,manual
P05,Villa,2026-01-13,4800000,5365000,manual
P05,Villa,2026-01-14,4800000,5069000,manual
P05,Villa,2026-01-15,4800000,5655000,manual
P05,Villa,2026-01-16,4800000,5464000,manual
P05,Villa,2026-01-17,4800000,5445000,manual
P05,Villa,2026-01-18,4800000,5435000,manual
P05,Villa,2026-01-19,4800000,5558000,manual
P05,Villa,2026-01-20,4800000,5327000,manual
P05,Villa,2026-01-21,4800000,4985000,manual
P05,Villa,2026-01-22,4800000,5382000,manual
P05,Villa,2026-01-23,4800000,5057000,manual
P05,Villa,2026-01-24,4800000,5432000,manual
P05,Villa,2026-01-25,4800000,5263000,manual
P05,Villa,2026-01-26,4800000,5431000,manual
P05,Villa,2026-01-27,4800000,5852000,manual
P05,Villa,2026-01-28,4800000,5188000,manual
P05,Villa,2026-01-29,4800000,5383000,manual
P05,Villa,2026-01-30,4800000,4985000,manual
P05,Villa,2026-01-31,4800000,5414000,manual
P05,Villa,2026-02-01,4800000,4442000,promo
P05,Villa,2026-02-02,4800000,4478000,promo
P05,Villa,2026-02-03,4800000,4715000,promo
P05,Villa,2026-02-04,4800000,4595000,promo
P05,Villa,2026-02-05,4800000,4512000,promo
P05,Villa,2026-02-06,4800000,4410000,promo
P05,Villa,2026-02-07,4800000,4667000,promo
P05,Villa,2026-02-08,4800000,4511000,promo
P05,Villa,2026-02-09,4800000,4337000,promo
P05,Villa,2026-02-10,4800000,4576000,promo
P05,Villa,2026-02-11,4800000,4460000,promo
P05,Villa,2026-02-12,4800000,4477000,promo
P05,Villa,2026-02-13,4800000,4723000,promo
P05,Villa,2026-02-14,4800000,4532000,promo
P05,Villa,2026-02-15,4800000,4412000,promo
P05,Villa,2026-02-16,4800000,4531000,promo
P05,Villa,2026-02-17,4800000,4653000,promo
P05,Villa,2026-02-18,4800000,4519000,promo
P05,Villa,2026-02-19,4800000,4329000,promo
P05,Villa,2026-02-20,4800000,4550000,promo
P05,Villa,2026-02-21,4800000,4489000,promo
P05,Villa,2026-02-22,4800000,4575000,promo
P05,Villa,2026-02-23,4800000,4465000,promo
P05,Villa,2026-02-24,4800000,4485000,promo
P05,Villa,2026-02-25,4800000,4462000,promo
P05,Villa,2026-02-26,4800000,4484000,promo
P05,Villa,2026-02-27,4800000,4736000,promo
P05,Villa,2026-02-28,4800000,4591000,promo
P05,Villa,2026-03-01,4800000,4594000,promo
P05,Villa,2026-03-02,4800000,4389000,promo
P05,Villa,2026-03-03,4800000,4834000,promo
P05,Villa,2026-03-04,4800000,4541000,promo
P05,Villa,2026-03-05,4800000,4600000,promo
P05,Villa,2026-03-06,4800000,4400000,promo
P05,Villa,2026-03-07,4800000,4343000,promo
P05,Villa,2026-03-08,4800000,4472000,promo
P05,Villa,2026-03-09,4800000,4488000,promo
P05,Villa,2026-03-10,4800000,4680000,promo
P05,Villa,2026-03-11,4800000,4932000,promo
P05,Villa,2026-03-12,4800000,4357000,promo
P05,Villa,2026-03-13,4800000,4626000,promo
P05,Villa,2026-03-14,4800000,4572000,promo
P05,Villa,2026-03-15,4800000,4548000,promo
P05,Villa,2026-03-16,4800000,4521000,promo
P05,Villa,2026-03-17,4800000,4498000,promo
P05,Villa,2026-03-18,4800000,4729000,promo
P05,Villa,2026-03-19,4800000,4585000,promo
P05,Villa,2026-03-20,4800000,4711000,promo
P05,Villa,2026-03-21,4800000,4584000,promo
P05,Villa,2026-03-22,4800000,4373000,promo
P05,Villa,2026-03-23,4800000,4385000,promo
P05,Villa,2026-03-24,4800000,4508000,promo
P05,Villa,2026-03-25,4800000,4688000,promo
P05,Villa,2026-03-26,4800000,4483000,promo
P05,Villa,2026-03-27,4800000,4509000,promo
P05,Villa,2026-03-28,4800000,4711000,promo
P05,Villa,2026-03-29,4800000,4765000,promo
P05,Villa,2026-03-30,4800000,4549000,promo
P05,Villa,2026-03-31,4800000,4522000,promo
P05,Villa,2026-04-01,4800000,4818000,manual
P05,Villa,2026-04-02,4800000,5124000,manual
P05,Villa,2026-04-03,4800000,4882000,manual
P05,Villa,2026-04-04,4800000,4657000,manual
P05,Villa,2026-04-05,4800000,4877000,manual
P05,Villa,2026-04-06,4800000,5012000,manual
P05,Villa,2026-04-07,4800000,5012000,manual
P05,Villa,2026-04-08,4800000,4952000,manual
P05,Villa,2026-04-09,4800000,4945000,manual
P05,Villa,2026-04-10,4800000,4628000,manual
P05,Villa,2026-04-11,4800000,4784000,manual
P05,Villa,2026-04-12,4800000,4790000,manual
P05,Villa,2026-04-13,4800000,4650000,manual
P05,Villa,2026-04-14,4800000,4737000,manual
P05,Villa,2026-04-15,4800000,4817000,manual
P05,Villa,2026-04-16,4800000,4728000,manual
P05,Villa,2026-04-17,4800000,5095000,manual
P05,Villa,2026-04-18,4800000,4779000,manual
P05,Villa,2026-04-19,4800000,4920000,manual
P05,Villa,2026-04-20,4800000,4834000,manual
P05,Villa,2026-04-21,4800000,4822000,manual
P05,Villa,2026-04-22,4800000,4641000,manual
P05,Villa,2026-04-23,4800000,4809000,manual
P05,Villa,2026-04-24,4800000,4875000,manual
P05,Villa,2026-04-25,4800000,4706000,manual
P05,Villa,2026-04-26,4800000,4818000,manual
P05,Villa,2026-04-27,4800000,4682000,manual
P05,Villa,2026-04-28,4800000,4793000,manual
P05,Villa,2026-04-29,4800000,4768000,manual
P05,Villa,2026-04-30,4800000,5124000,manual
P05,Villa,2026-05-01,4800000,5114000,manual
P05,Villa,2026-05-02,4800000,4982000,manual
P05,Villa,2026-05-03,4800000,4894000,manual
P05,Villa,2026-05-04,4800000,4884000,manual
P05,Villa,2026-05-05,4800000,4951000,manual
P05,Villa,2026-05-06,4800000,4863000,manual
P05,Villa,2026-05-07,4800000,4606000,manual
P05,Villa,2026-05-08,4800000,4681000,manual
P05,Villa,2026-05-09,4800000,4877000,manual
P05,Villa,2026-05-10,4800000,4854000,manual
P05,Villa,2026-05-11,4800000,4644000,manual
P05,Villa,2026-05-12,4800000,4907000,manual
P05,Villa,2026-05-13,4800000,4962000,manual
P05,Villa,2026-05-14,4800000,4960000,manual
P05,Villa,2026-05-15,4800000,4646000,manual
P05,Villa,2026-05-16,4800000,4697000,manual
P05,Villa,2026-05-17,4800000,4892000,manual
P05,Villa,2026-05-18,4800000,4800000,manual
P05,Villa,2026-05-19,4800000,4769000,manual
P05,Villa,2026-05-20,4800000,4895000,manual
P05,Villa,2026-05-21,4800000,4600000,manual
P05,Villa,2026-05-22,4800000,5070000,manual
P05,Villa,2026-05-23,4800000,4792000,manual
P05,Villa,2026-05-24,4800000,4831000,manual
P05,Villa,2026-05-25,4800000,5091000,manual
P05,Villa,2026-05-26,4800000,4941000,manual
P05,Villa,2026-05-27,4800000,4855000,manual
P05,Villa,2026-05-28,4800000,4838000,manual
P05,Villa,2026-05-29,4800000,5044000,manual
P05,Villa,2026-05-30,4800000,4954000,manual
P05,Villa,2026-05-31,4800000,4864000,manual
P05,Villa,2026-06-01,4800000,5217000,manual
P05,Villa,2026-06-02,4800000,5171000,manual
P05,Villa,2026-06-03,4800000,5096000,manual
P05,Villa,2026-06-04,4800000,5188000,manual
P05,Villa,2026-06-05,4800000,5375000,manual
P05,Villa,2026-06-06,4800000,5171000,manual
P05,Villa,2026-06-07,4800000,5028000,manual
P05,Villa,2026-06-08,4800000,5182000,manual
P05,Villa,2026-06-09,4800000,5314000,manual
P05,Villa,2026-06-10,4800000,5098000,manual
P05,Villa,2026-06-11,4800000,5360000,manual
P05,Villa,2026-06-12,4800000,5188000,manual
P05,Villa,2026-06-13,4800000,5229000,manual
P05,Villa,2026-06-14,4800000,4802000,manual
P05,Villa,2026-06-15,4800000,4909000,manual
P05,Villa,2026-06-16,4800000,4980000,manual
P05,Villa,2026-06-17,4800000,5097000,manual
P05,Villa,2026-06-18,4800000,5361000,manual
P05,Villa,2026-06-19,4800000,5245000,manual
P05,Villa,2026-06-20,4800000,5407000,manual
P05,Villa,2026-06-21,4800000,5455000,manual
P05,Villa,2026-06-22,4800000,5201000,manual
P05,Villa,2026-06-23,4800000,5197000,manual
P05,Villa,2026-06-24,4800000,5046000,manual
P05,Villa,2026-06-25,4800000,5191000,manual
P05,Villa,2026-06-26,4800000,5417000,manual
P05,Villa,2026-06-27,4800000,5049000,manual
P05,Villa,2026-06-28,4800000,5219000,manual
P05,Villa,2026-06-29,4800000,5008000,manual
P05,Villa,2026-06-30,4800000,5141000,manual
